desc: I1 cache:         32768 B, 64 B, 8-way associative
desc: D1 cache:         32768 B, 64 B, 8-way associative
desc: LL cache:         20971520 B, 64 B, 20-way associative
cmd: ./target/release/deps/ecs-cb47d616cc8e860a --profile-time=10
events: Ir I1mr ILmr Dr D1mr DLmr Dw D1mw DLmw Bc Bcm Bi Bim
fl=./csu/../csu/libc-start.c
fn=__libc_start_main@@GLIBC_2.34
128 2 1 1 2 0 0 0 0 0 0 0 0 0
134 3 0 0 1 1 0 0 0 0 1 0 0 0
135 7 0 0 3 1 0 2 0 0 0 0 1 1
138 1 0 0 1 1 0 0 0 0 0 0 0 0
139 2 0 0 0 0 0 0 0 0 1 0 0 0
142 3 1 1 2 1 0 0 0 0 0 0 0 0
143 2 0 0 2 0 0 0 0 0 0 0 0 0
144 16 1 1 3 0 0 1 0 0 3 2 0 0
145 8 0 0 2 0 0 4 0 0 0 0 2 2
242 12 1 1 0 0 0 6 0 0 0 0 0 0
343 3 0 0 0 0 0 0 0 0 1 0 0 0
344 3 0 0 0 0 0 1 0 0 0 0 0 0
369 6 1 1 2 0 0 1 0 0 1 0 0 0
372 2 0 0 0 0 0 0 0 0 1 1 0 0
375 2 0 0 2 0 0 0 0 0 0 0 0 0
382 2 0 0 1 0 0 1 0 0 0 0 0 0
384 2 0 0 0 0 0 0 0 0 1 0 0 0
392 4 0 0 0 0 0 1 0 0 0 0 0 0
fl=./csu/../sysdeps/nptl/libc_start_call_main.h
fn=(below main)
29 9 1 1 1 0 0 5 0 0 0 0 0 0
44 3 1 1 0 0 0 1 0 0 0 0 0 0
46 2 0 0 0 0 0 0 0 0 1 0 0 0
51 2 0 0 1 1 0 1 0 0 0 0 0 0
52 2 0 0 1 1 0 1 0 0 0 0 0 0
55 2 0 0 0 0 0 1 0 0 0 0 0 0
58 6 1 1 5 0 0 1 0 0 0 0 1 1
fl=./csu/./csu/init-first.c
fn=_init_first
46 4 1 1 0 0 0 1 0 0 0 0 0 0
51 2 1 1 1 0 0 0 0 0 1 0 0 0
55 5 0 0 4 2 0 0 0 0 1 0 0 0
61 1 0 0 0 0 0 1 1 0 0 0 0 0
62 1 0 0 0 0 0 1 0 0 0 0 0 0
63 2 0 0 1 1 0 1 1 1 0 0 0 0
71 2 0 0 0 0 0 0 0 0 0 0 0 0
72 2 0 0 1 0 0 0 0 0 0 0 0 0
fl=./csu/./csu/version.c
fn=gnu_get_libc_version
59 1 1 1 0 0 0 0 0 0 0 0 0 0
60 1 0 0 0 0 0 0 0 0 0 0 0 0
61 1 0 0 1 0 0 0 0 0 0 0 0 0
fl=./ctype/./ctype/ctype-info.c
fn=__ctype_init
29 1 1 1 0 0 0 0 0 0 0 0 0 0
31 7 0 0 5 4 0 1 0 0 0 0 0 0
33 4 0 0 2 1 0 1 0 0 0 0 0 0
35 4 1 1 2 0 0 1 0 0 0 0 0 0
36 1 0 0 1 0 0 0 0 0 0 0 0 0
fl=./dlfcn/../sysdeps/generic/ldsodefs.h
fn=dlsym@@GLIBC_2.34
1388 2 0 0 2 1 0 0 0 0 0 0 0 0
fl=./dlfcn/./dlfcn/dlerror.c
fn=_dlerror_run
113 12 2 2 1 0 0 6 0 0 0 0 0 0
114 2 0 0 2 1 0 0 0 0 0 0 0 0
115 2 0 0 0 0 0 0 0 0 1 1 0 0
121 1 1 1 1 0 0 0 0 0 0 0 0 0
138 5 0 0 1 1 0 1 0 0 0 0 1 1
143 1 0 0 1 0 0 0 0 0 0 0 0 0
145 3 1 1 1 0 0 0 0 0 1 1 0 0
151 2 0 0 0 0 0 0 0 0 1 1 0 0
156 1 1 1 0 0 0 0 0 0 0 0 0 0
198 10 1 1 8 0 0 0 0 0 1 0 0 0
fl=./dlfcn/./dlfcn/dlsym.c
fn=dlsym@@GLIBC_2.34
47 1 0 0 0 0 0 1 0 0 0 0 0 0
48 1 1 1 0 0 0 1 0 0 0 0 0 0
52 4 0 0 1 0 0 1 0 0 0 0 0 0
54 6 0 0 1 0 0 1 0 0 0 0 0 0
56 2 1 1 0 0 0 1 0 0 0 0 0 0
64 9 1 1 1 0 0 4 0 0 0 0 0 0
65 2 0 0 1 1 0 0 0 0 1 0 0 0
68 1 0 0 1 0 0 0 0 0 0 0 0 0
69 8 0 0 5 0 0 0 0 0 1 0 0 0
fn=dlsym_doit
37 3 1 1 0 0 0 1 0 0 0 0 0 0
40 5 0 0 3 0 0 2 0 0 0 0 0 0
41 2 0 0 2 0 0 0 0 0 0 0 0 0
fl=./elf/../bits/stdlib-bsearch.h
fn=intel_check_word.constprop.0
27 102 0 0 0 0 0 0 0 0 0 0 0 0
28 51 0 0 0 0 0 0 0 0 0 0 0 0
29 959 0 0 0 0 0 0 0 0 345 44 0 0
31 690 1 1 0 0 0 0 0 0 0 0 0 0
32 345 0 0 0 0 0 0 0 0 0 0 0 0
37 51 1 1 0 0 0 0 0 0 0 0 0 0
fl=./elf/../elf/dl-sysdep.c
fn=_dl_sysdep_start
85 10 1 1 0 0 0 6 0 0 0 0 0 0
86 1 0 0 0 0 0 0 0 0 0 0 0 0
87 1 0 0 0 0 0 0 0 0 0 0 0 0
109 1 0 0 0 0 0 1 0 0 0 0 0 0
110 135 1 1 43 6 6 4 3 3 42 10 0 0
113 2 0 0 0 0 0 1 1 1 0 0 0 0
114 1 0 0 0 0 0 1 0 0 0 0 0 0
119 1 1 1 0 0 0 1 1 1 0 0 0 0
121 132 4 4 31 5 5 10 1 1 32 17 0 0
122 113 1 1 17 3 3 0 0 0 20 3 17 13
125 1 0 0 1 0 0 0 0 0 0 0 0 0
126 1 0 0 0 0 0 0 0 0 0 0 0 0
128 1 0 0 1 0 0 0 0 0 0 0 0 0
131 2 1 1 1 0 0 1 0 0 0 0 0 0
132 1 0 0 0 0 0 1 0 0 0 0 0 0
134 2 1 1 1 0 0 1 0 0 0 0 0 0
135 1 0 0 0 0 0 1 0 0 0 0 0 0
150 2 1 1 1 0 0 1 0 0 0 0 0 0
151 1 0 0 0 0 0 1 0 0 0 0 0 0
153 2 0 0 1 0 0 1 0 0 0 0 0 0
154 1 0 0 0 0 0 0 0 0 0 0 0 0
156 2 1 1 1 0 0 1 0 0 0 0 0 0
157 1 0 0 0 0 0 0 0 0 0 0 0 0
162 2 1 1 1 0 0 1 0 0 0 0 0 0
163 1 0 0 0 0 0 0 0 0 0 0 0 0
178 2 1 1 1 0 0 1 0 0 0 0 0 0
179 1 0 0 0 0 0 0 0 0 0 0 0 0
224 1 0 0 0 0 0 1 0 0 0 0 0 0
227 1 0 0 0 0 0 1 0 0 0 0 0 0
238 3 0 0 1 0 0 0 0 0 1 0 0 0
239 2 1 1 0 0 0 2 0 0 0 0 0 0
241 5 0 0 0 0 0 1 0 0 1 0 0 0
253 3 0 0 1 0 0 0 0 0 1 0 0 0
256 5 0 0 1 0 0 1 0 0 0 0 1 1
258 9 1 1 8 2 0 0 0 0 0 0 0 0
fn=_dl_sysdep_start_cleanup
262 1 1 1 0 0 0 0 0 0 0 0 0 0
263 1 0 0 1 0 0 0 0 0 0 0 0 0
fl=./elf/../elf/dl-tls.c
fn=_dl_add_to_slotinfo
1015 16 1 1 0 0 0 8 0 0 0 0 0 0
1021 2 0 0 2 0 0 0 0 0 0 0 0 0
1024 2 0 0 2 2 0 0 0 0 0 0 0 0
1025 2 0 0 0 0 0 0 0 0 0 0 0 0
1029 6 1 1 2 2 0 0 0 0 2 0 0 0
1063 4 0 0 0 0 0 0 0 0 2 2 0 0
1066 6 0 0 0 0 0 2 0 0 0 0 0 0
1067 6 0 0 2 0 0 2 0 0 0 0 0 0
1070 12 0 0 10 0 0 0 0 0 0 0 0 0
fn=_dl_allocate_tls_init
528 10 2 2 0 0 0 8 0 0 0 0 0 0
529 2 0 0 0 0 0 0 0 0 1 0 0 0
533 2 0 0 1 1 0 1 0 0 0 0 0 0
535 1 0 0 0 0 0 1 0 0 0 0 0 0
536 1 0 0 0 0 0 0 0 0 0 0 0 0
539 2 0 0 1 1 0 1 0 0 0 0 1 1
542 3 0 0 2 1 0 0 0 0 1 0 0 0
554 1 1 1 1 0 0 0 0 0 0 0 0 0
559 23 1 1 4 0 0 0 0 0 3 0 0 0
565 6 1 1 0 0 0 0 0 0 3 1 0 0
568 6 0 0 2 0 0 0 0 0 0 0 0 0
569 4 0 0 0 0 0 0 0 0 2 1 0 0
575 6 0 0 4 0 0 0 0 0 2 0 0 0
576 4 0 0 0 0 0 0 0 0 0 0 0 0
578 15 1 1 6 2 0 2 1 1 0 0 0 0
581 4 0 0 0 0 0 0 0 0 2 0 0 0
582 4 0 0 2 1 0 0 0 0 0 0 0 0
585 4 0 0 0 0 0 0 0 0 2 0 0 0
586 8 1 1 4 0 0 0 0 0 2 0 0 0
588 4 0 0 0 0 0 0 0 0 2 0 0 0
589 4 0 0 2 0 0 0 0 0 0 0 0 0
598 2 0 0 0 0 0 2 0 0 0 0 0 0
606 4 0 0 2 0 0 0 0 0 2 2 0 0
608 16 0 0 2 0 0 4 0 0 0 0 0 0
614 2 0 0 2 0 0 0 0 0 0 0 0 0
620 2 0 0 1 1 0 1 0 0 0 0 1 1
623 2 1 1 1 0 0 1 0 0 0 0 0 0
626 9 0 0 8 0 0 0 0 0 0 0 0 0
fn=_dl_allocate_tls_storage
370 1 0 0 1 0 0 0 0 0 0 0 0 0
374 1 0 0 0 0 0 0 0 0 0 0 0 0
375 1 0 0 0 0 0 0 0 0 0 0 0 0
376 2 0 0 0 0 0 0 0 0 1 0 0 0
379 1 0 0 0 0 0 1 0 0 0 0 0 0
385 2 0 0 0 0 0 1 0 0 0 0 0 0
422 4 1 1 0 0 0 3 0 0 0 0 0 0
424 1 0 0 1 0 0 0 0 0 0 0 0 0
435 1 0 0 1 0 0 0 0 0 0 0 0 0
436 1 0 0 0 0 0 0 0 0 0 0 0 0
437 3 0 0 0 0 0 0 0 0 1 0 0 0
445 4 1 1 0 0 0 0 0 0 0 0 0 0
446 1 0 0 0 0 0 0 0 0 0 0 0 0
450 321 1 1 0 0 0 313 39 39 312 10 0 0
469 1 0 0 0 0 0 1 1 1 0 0 0 0
475 5 0 0 4 0 0 0 0 0 0 0 0 0
fn=_dl_assign_tls_modid
131 2 1 1 0 0 0 0 0 0 0 0 0 0
134 2 0 0 1 0 0 0 0 0 1 0 0 0
147 1 1 1 1 0 0 0 0 0 0 0 0 0
186 1 0 0 0 0 0 0 0 0 0 0 0 0
188 1 0 0 0 0 0 1 0 0 0 0 0 0
191 1 0 0 0 0 0 1 0 0 0 0 0 0
192 2 0 0 1 0 0 0 0 0 0 0 0 0
fn=_dl_count_modids
197 1 1 1 0 0 0 0 0 0 0 0 0 0
199 2 0 0 1 0 0 0 0 0 1 0 0 0
200 1 0 0 1 0 0 0 0 0 0 0 0 0
215 2 0 0 1 0 0 0 0 0 0 0 0 0
fn=_dl_determine_tlsoffset
221 8 2 2 0 0 0 6 0 0 0 0 0 0
222 1 0 0 0 0 0 0 0 0 0 0 0 0
223 1 0 0 0 0 0 0 0 0 0 0 0 0
224 1 0 0 0 0 0 0 0 0 0 0 0 0
227 3 0 0 1 0 0 0 0 0 1 0 0 0
230 2 0 0 1 0 0 0 0 0 1 0 0 0
264 1 0 0 0 0 0 0 0 0 0 0 0 0
266 16 0 0 3 0 0 0 0 0 3 1 0 0
268 7 2 2 3 0 0 1 0 0 2 0 0 0
270 6 0 0 2 0 0 0 0 0 0 0 0 0
271 4 0 0 2 0 0 0 0 0 0 0 0 0
273 4 1 1 0 0 0 0 0 0 0 0 0 0
275 10 0 0 2 0 0 0 0 0 2 2 0 0
286 2 0 0 0 0 0 2 0 0 0 0 0 0
291 16 0 0 0 0 0 0 0 0 0 0 0 0
293 4 0 0 0 0 0 0 0 0 2 1 0 0
294 2 0 0 0 0 0 0 0 0 0 0 0 0
297 3 0 0 0 0 0 0 0 0 0 0 0 0
306 1 0 0 0 0 0 1 0 0 0 0 0 0
307 9 1 1 1 0 0 1 0 0 0 0 0 0
309 2 0 0 0 0 0 0 0 0 0 0 0 0
360 8 1 1 7 0 0 0 0 0 0 0 0 0
fn=_dl_tls_static_surplus_init
83 3 0 0 0 0 0 0 0 0 0 0 0 0
97 6 1 1 0 0 0 3 0 0 0 0 0 0
101 6 1 1 1 0 0 1 0 0 0 0 0 0
102 6 0 0 1 0 0 1 0 0 0 0 0 0
108 2 0 0 0 0 0 0 0 0 0 0 0 0
110 4 0 0 0 0 0 0 0 0 1 0 0 0
113 1 0 0 0 0 0 0 0 0 0 0 0 0
115 1 0 0 0 0 0 1 0 0 0 0 0 0
117 3 0 0 0 0 0 1 0 0 0 0 0 0
118 5 0 0 4 0 0 0 0 0 0 0 0 0
fl=./elf/../include/list.h
fn=__tls_init_tp
43 2 1 1 1 1 0 1 0 0 0 0 0 0
44 2 0 0 0 0 0 1 0 0 0 0 0 0
45 1 0 0 0 0 0 1 0 0 0 0 0 0
47 1 0 0 0 0 0 1 0 0 0 0 0 0
fl=./elf/../include/rtld-malloc.h
fn=__minimal_calloc
56 12 0 0 12 0 0 0 0 0 0 0 12 1
fn=_dl_allocate_tls_storage
44 2 0 0 1 0 0 1 0 0 0 0 1 1
56 1 0 0 1 0 0 1 0 0 0 0 1 1
fn=_dl_check_map_versions
44 15 0 0 5 0 0 5 0 0 0 0 5 1
fn=_dl_find_object_init
56 2 0 0 1 0 0 1 0 0 0 0 1 1
fn=_dl_important_hwcaps
56 3 1 1 2 0 0 3 0 0 0 0 2 2
fn=_dl_init_paths
56 5 0 0 3 0 0 3 0 0 0 0 3 3
fn=_dl_map_object_deps
56 10 0 0 5 0 0 5 0 0 0 0 5 5
fn=_dl_new_object
44 20 1 1 5 0 0 10 0 0 0 0 5 1
56 12 0 0 4 0 0 4 0 0 0 0 4 1
fn=fillin_rpath.isra.0
50 2 0 0 2 0 0 1 0 0 0 0 1 1
51 1 0 0 0 0 0 0 0 0 0 0 0 0
56 2 0 0 1 0 0 1 0 0 0 0 1 1
fn=init_tls
44 2 0 0 1 0 0 1 0 0 0 0 1 1
fn=open_verify.constprop.0
50 6 0 0 3 0 0 3 0 0 0 0 3 1
fn=open_verify.constprop.1
50 2 1 1 1 0 0 1 0 0 0 0 1 1
fl=./elf/../include/scratch_buffer.h
fn=_dl_map_object_deps
77 3 0 0 0 0 0 2 1 1 0 0 0 0
78 1 0 0 0 0 0 1 0 0 0 0 0 0
85 3 1 1 2 0 0 0 0 0 1 1 0 0
131 12 0 0 0 0 0 4 0 0 0 0 0 0
fl=./elf/../misc/sbrk.c
fn=sbrk
37 5 0 0 0 0 0 2 0 0 0 0 0 0
40 1 1 1 1 0 0 0 0 0 0 0 0 0
58 2 0 0 0 0 0 0 0 0 1 0 0 0
62 2 0 0 0 0 0 0 0 0 1 1 0 0
78 5 0 0 3 0 0 0 0 0 0 0 0 0
fl=./elf/../nptl/nptl-stack.h
fn=__libc_early_init
58 8 1 1 2 1 0 0 0 0 0 0 0 0
fl=./elf/../sysdeps/generic/dl-cache.h
fn=_dl_load_cache_lookup
125 15 1 1 3 0 0 0 0 0 0 0 0 0
194 1 0 0 1 0 0 0 0 0 0 0 0 0
195 5 0 0 0 0 0 0 0 0 1 1 0 0
fl=./elf/../sysdeps/generic/dl-debug.h
fn=dl_main
29 3 0 0 1 0 0 0 0 0 1 0 0 0
30 2 0 0 1 0 0 1 0 0 0 0 0 0
fl=./elf/../sysdeps/generic/dl-hash.h
fn=__rtld_malloc_init_real
43 1 0 0 0 0 0 0 0 0 0 0 0 0
44 1 0 0 0 0 0 0 0 0 0 0 0 0
45 19 2 2 6 1 1 0 0 0 6 5 0 0
48 18 0 0 0 0 0 0 0 0 0 0 0 0
62 24 0 0 0 0 0 0 0 0 0 0 0 0
67 1 0 0 0 0 0 0 0 0 0 0 0 0
72 1 0 0 0 0 0 1 0 0 0 0 0 0
fl=./elf/../sysdeps/generic/dl-protected.h
fn=do_lookup_x
29 462 0 0 0 0 0 0 0 0 231 1 0 0
44 1722 0 0 0 0 0 492 0 0 0 0 0 0
fl=./elf/../sysdeps/generic/ldsodefs.h
fn=_dl_relocate_object
138 717 0 0 239 0 0 0 0 0 0 0 0 0
fn=_dl_start
80 3 0 0 2 0 0 0 0 0 0 0 0 0
fn=do_lookup_x
137 462 2 1 231 0 0 0 0 0 0 0 0 0
138 693 0 0 0 0 0 0 0 0 0 0 0 0
fl=./elf/../sysdeps/nptl/dl-mutex.c
fn=__rtld_mutex_init
30 4 1 1 0 0 0 3 0 0 0 0 0 0
37 1 0 0 1 0 0 0 0 0 0 0 0 0
40 7 1 1 0 0 0 1 0 0 0 0 0 0
44 2 0 0 0 0 0 0 0 0 1 0 0 0
45 9 0 0 3 0 0 1 0 0 1 0 0 0
47 6 1 1 0 0 0 1 0 0 0 0 0 0
51 2 0 0 0 0 0 0 0 0 1 0 0 0
52 7 0 0 3 0 0 1 0 0 1 0 0 0
53 4 0 0 4 0 0 0 0 0 0 0 0 0
fl=./elf/../sysdeps/nptl/dl-tls_init_tp.c
fn=__tls_init_tp
68 3 0 0 0 0 0 1 0 0 0 0 0 0
69 1 0 0 1 0 0 0 0 0 0 0 0 0
72 1 0 0 0 0 0 0 0 0 0 0 0 0
75 4 1 1 0 0 0 1 0 0 0 0 0 0
76 2 0 0 0 0 0 1 0 0 0 0 0 0
77 1 0 0 0 0 0 1 0 0 0 0 0 0
82 2 0 0 1 0 0 1 0 0 0 0 0 0
87 4 0 0 0 0 0 1 0 0 0 0 0 0
90 1 1 1 0 0 0 1 0 0 0 0 0 0
93 3 0 0 0 0 0 0 0 0 0 0 0 0
106 4 0 0 0 0 0 1 0 0 0 0 0 0
123 3 0 0 2 1 0 1 1 0 0 0 0 0
130 2 1 1 1 0 0 1 0 0 0 0 0 0
132 1 0 0 0 0 0 1 0 0 0 0 0 0
133 1 0 0 0 0 0 1 0 0 0 0 0 0
134 3 0 0 2 0 0 0 0 0 0 0 0 0
fn=__tls_pre_init_tp
53 3 1 1 0 0 0 0 0 0 0 0 0 0
56 10 1 1 0 0 0 3 1 1 0 0 0 0
61 2 0 0 0 0 0 1 0 0 0 0 0 0
62 1 0 0 0 0 0 1 0 0 0 0 0 0
64 1 0 0 1 0 0 0 0 0 0 0 0 0
fn=rtld_mutex_dummy
42 12 0 0 0 0 0 0 0 0 0 0 0 0
44 24 0 0 12 0 0 0 0 0 0 0 0 0
fl=./elf/../sysdeps/nptl/pthread_early_init.h
fn=__libc_early_init
33 6 0 0 0 0 0 1 0 0 1 0 0 0
34 6 1 1 1 0 0 0 0 0 0 0 0 0
45 2 0 0 2 1 0 0 0 0 0 0 0 0
46 1 0 0 0 0 0 0 0 0 0 0 0 0
52 7 0 0 0 0 0 1 0 0 0 0 0 0
53 1 0 0 0 0 0 1 0 0 0 0 0 0
54 1 0 0 0 0 0 1 1 1 0 0 0 0
57 1 0 0 0 0 0 1 0 0 0 0 0 0
fl=./elf/../sysdeps/posix/dl-fileid.h
fn=_dl_map_object_from_fd
37 20 1 1 4 0 0 4 0 0 4 0 0 0
40 16 1 1 12 0 0 4 0 0 0 0 0 0
49 43 1 1 21 1 1 0 0 0 20 8 0 0
fl=./elf/../sysdeps/unix/sysv/linux/brk.c
fn=brk
35 1 1 1 0 0 0 0 0 0 0 0 0 0
36 3 0 0 0 0 0 1 1 1 0 0 0 0
37 2 0 0 0 0 0 0 0 0 1 0 0 0
43 1 0 0 0 0 0 0 0 0 0 0 0 0
44 1 0 0 1 0 0 0 0 0 0 0 0 0
fl=./elf/../sysdeps/unix/sysv/linux/dl-osinfo.h
fn=dl_main
64 2 0 0 1 1 0 0 0 0 0 0 0 0
fl=./elf/../sysdeps/unix/sysv/linux/dl-sysdep.c
fn=_dl_discover_osversion
46 5 1 1 0 0 0 3 0 0 0 0 0 0
48 3 0 0 1 0 0 0 0 0 1 1 0 0
88 4 1 1 0 0 0 1 1 1 1 0 0 0
103 1 0 0 0 0 0 0 0 0 0 0 0 0
107 1 0 0 0 0 0 0 0 0 0 0 0 0
108 1 0 0 0 0 0 0 0 0 0 0 0 0
110 12 1 1 3 1 1 0 0 0 3 0 0 0
112 6 0 0 0 0 0 0 0 0 0 0 0 0
114 17 0 0 4 0 0 0 0 0 4 2 0 0
116 1 0 0 0 0 0 0 0 0 0 0 0 0
117 4 0 0 0 0 0 0 0 0 0 0 0 0
120 3 1 1 0 0 0 0 0 0 0 0 0 0
121 3 0 0 0 0 0 0 0 0 0 0 0 0
122 3 0 0 0 0 0 0 0 0 0 0 0 0
124 13 0 0 0 0 0 0 0 0 5 3 0 0
129 2 0 0 0 0 0 0 0 0 1 1 0 0
133 5 0 0 4 0 0 0 0 0 0 0 0 0
fn=_dl_sysdep_start
36 2 0 0 0 0 0 1 0 0 0 0 0 0
fl=./elf/../sysdeps/unix/sysv/linux/dl-vdso-setup.h
fn=dl_main
30 3 1 1 0 0 0 2 0 0 0 0 0 0
33 1 1 1 0 0 0 1 0 0 0 0 0 0
36 1 0 0 0 0 0 1 0 0 0 0 0 0
39 1 0 0 0 0 0 1 0 0 0 0 0 0
45 1 1 1 0 0 0 1 0 0 0 0 0 0
fl=./elf/../sysdeps/unix/sysv/linux/dl-vdso.h
fn=dl_main
40 1 1 1 1 0 0 0 0 0 0 0 0 0
41 2 0 0 0 0 0 0 0 0 1 1 0 0
55 2 0 0 0 0 0 0 0 0 0 0 0 0
fl=./elf/../sysdeps/unix/sysv/linux/rseq-internal.h
fn=__tls_init_tp
32 3 0 0 1 0 0 0 0 0 1 0 0 0
34 7 1 1 0 0 0 0 0 0 0 0 0 0
37 2 0 0 0 0 0 0 0 0 1 0 0 0
40 1 0 0 0 0 0 1 0 0 0 0 0 0
fl=./elf/../sysdeps/unix/sysv/linux/x86/cpu-features.c
fn=init_cpu_features.constprop.0
27 6 0 0 0 0 0 0 0 0 1 0 0 0
fl=./elf/../sysdeps/unix/sysv/linux/x86/dl-minsigstacksize.h
fn=get_common_indices.constprop.0
24 2 1 1 1 0 0 0 0 0 1 0 0 0
27 2 0 0 1 0 0 0 0 0 1 0 0 0
28 2 0 0 1 0 0 0 0 0 1 0 0 0
65 3 0 0 0 0 0 0 0 0 0 0 0 0
72 1 0 0 0 0 0 0 0 0 0 0 0 0
74 1 1 1 0 0 0 1 0 0 0 0 0 0
fl=./elf/../sysdeps/x86/cpu-features.c
fn=get_common_indices.constprop.0
325 1 1 1 0 0 0 1 0 0 0 0 0 0
329 4 0 0 0 0 0 0 0 0 1 0 0 0
332 5 1 1 0 0 0 3 0 0 0 0 0 0
336 1 0 0 0 0 0 1 0 0 0 0 0 0
337 4 0 0 0 0 0 1 0 0 0 0 0 0
338 4 0 0 0 0 0 1 0 0 0 0 0 0
339 4 0 0 0 0 0 1 0 0 0 0 0 0
340 3 0 0 0 0 0 1 0 0 0 0 0 0
341 2 0 0 1 0 0 0 0 0 1 0 0 0
348 2 1 1 1 0 0 0 0 0 1 0 0 0
350 9 0 0 0 0 0 4 1 1 0 0 0 0
355 8 0 0 0 0 0 4 1 1 0 0 0 0
362 2 1 1 1 0 0 0 0 0 1 0 0 0
363 7 1 1 0 0 0 4 1 1 0 0 0 0
369 2 0 0 1 0 0 0 0 0 1 1 0 0
384 2 0 0 2 0 0 0 0 0 0 0 0 0
fn=init_cpu_features.constprop.0
303 3 0 0 0 0 0 0 0 0 0 0 0 0
304 2 0 0 0 0 0 0 0 0 1 0 0 0
305 6 1 1 0 0 0 4 0 0 0 0 0 0
310 2 0 0 0 0 0 0 0 0 1 0 0 0
311 6 0 0 0 0 0 4 0 0 0 0 0 0
316 2 0 0 0 0 0 0 0 0 1 0 0 0
317 6 1 1 0 0 0 4 0 0 0 0 0 0
399 7 2 2 0 0 0 6 0 0 0 0 0 0
402 1 0 0 0 0 0 1 1 1 0 0 0 0
403 1 0 0 0 0 0 1 0 0 0 0 0 0
404 1 0 0 0 0 0 1 0 0 0 0 0 0
415 3 0 0 0 0 0 1 0 0 0 0 0 0
418 6 1 1 0 0 0 0 0 0 3 1 0 0
419 1 0 0 0 0 0 0 0 0 0 0 0 0
422 2 0 0 0 0 0 0 0 0 0 0 0 0
424 6 2 2 0 0 0 1 1 1 0 0 0 0
429 1 0 0 0 0 0 1 0 0 0 0 0 0
431 3 0 0 1 0 0 0 0 0 1 1 0 0
433 4 1 1 2 0 0 1 0 0 0 0 0 0
434 15 2 2 0 0 0 0 0 0 5 1 0 0
489 3 1 1 1 0 0 0 0 0 1 0 0 0
503 1 0 0 1 0 0 0 0 0 0 0 0 0
513 7 1 1 0 0 0 0 0 0 2 1 0 0
516 1 0 0 1 0 0 0 0 0 0 0 0 0
564 2 1 1 1 0 0 0 0 0 1 0 0 0
571 2 0 0 1 0 0 0 0 0 1 0 0 0
573 1 0 0 1 0 0 0 0 0 0 0 0 0
577 2 0 0 1 0 0 0 0 0 1 1 0 0
579 2 1 1 1 0 0 0 0 0 0 0 0 0
583 2 0 0 1 0 0 0 0 0 1 1 0 0
593 1 1 1 0 0 0 0 0 0 0 0 0 0
687 5 1 1 1 0 0 0 0 0 1 0 0 0
688 1 0 0 1 0 0 0 0 0 0 0 0 0
691 2 0 0 0 0 0 0 0 0 1 0 0 0
692 1 0 0 1 0 0 0 0 0 0 0 0 0
698 1 0 0 0 0 0 1 0 0 0 0 0 0
699 1 0 0 0 0 0 1 0 0 0 0 0 0
701 1 0 0 0 0 0 1 0 0 0 0 0 0
706 4 0 0 0 0 0 1 0 0 0 0 0 0
710 3 1 1 1 0 0 0 0 0 1 0 0 0
723 2 0 0 0 0 0 0 0 0 0 0 0 0
724 4 0 0 1 0 0 0 0 0 1 1 0 0
770 1 0 0 0 0 0 1 0 0 0 0 0 0
771 2 1 1 1 0 0 0 0 0 1 1 0 0
775 3 1 1 1 0 0 0 0 0 1 1 0 0
792 2 1 1 0 0 0 0 0 0 0 0 0 0
793 2 0 0 0 0 0 0 0 0 1 1 0 0
817 4 1 1 0 0 0 1 0 0 0 0 0 0
819 4 0 0 0 0 0 1 0 0 0 0 0 0
829 2 1 1 1 0 0 0 0 0 0 0 0 0
874 8 0 0 7 0 0 0 0 0 0 0 0 0
fn=update_active.constprop.0
43 7 1 1 0 0 0 6 1 1 0 0 0 0
47 1 0 0 1 0 0 0 0 0 0 0 0 0
55 3 0 0 1 0 0 0 0 0 0 0 0 0
56 3 0 0 0 0 0 0 0 0 0 0 0 0
57 1 0 0 1 0 0 0 0 0 0 0 0 0
65 4 1 1 1 0 0 1 0 0 0 0 0 0
66 1 0 0 1 0 0 0 0 0 0 0 0 0
74 4 1 1 1 0 0 1 0 0 0 0 0 0
75 1 0 0 1 0 0 0 0 0 0 0 0 0
76 3 0 0 0 0 0 1 0 0 0 0 0 0
80 4 0 0 0 0 0 1 0 0 0 0 0 0
83 3 0 0 1 0 0 0 0 0 0 0 0 0
84 1 0 0 1 0 0 0 0 0 0 0 0 0
87 3 0 0 1 0 0 0 0 0 0 0 0 0
88 2 0 0 1 0 0 1 1 1 0 0 0 0
92 8 1 1 1 0 0 2 0 0 0 0 0 0
93 3 0 0 2 0 0 0 0 0 0 0 0 0
94 3 1 1 2 0 0 0 0 0 0 0 0 0
95 1 0 0 1 0 0 0 0 0 0 0 0 0
97 4 0 0 1 0 0 1 0 0 0 0 0 0
98 3 1 1 2 1 1 0 0 0 0 0 0 0
100 2 0 0 0 0 0 0 0 0 1 0 0 0
101 4 0 0 0 0 0 1 0 0 0 0 0 0
104 4 0 0 0 0 0 1 0 0 0 0 0 0
105 4 1 1 0 0 0 1 0 0 0 0 0 0
109 2 0 0 0 0 0 0 0 0 1 0 0 0
113 2 0 0 0 0 0 0 0 0 0 0 0 0
115 4 0 0 0 0 0 0 0 0 1 1 0 0
119 2 1 1 0 0 0 0 0 0 1 0 0 0
121 1 0 0 0 0 0 0 0 0 0 0 0 0
124 2 1 1 0 0 0 0 0 0 1 0 0 0
134 4 0 0 0 0 0 1 0 0 0 0 0 0
140 4 0 0 0 0 0 1 0 0 0 0 0 0
142 4 1 1 2 0 0 1 0 0 0 0 0 0
144 3 0 0 0 0 0 1 0 0 0 0 0 0
149 4 0 0 0 0 0 0 0 0 0 0 0 0
154 2 0 0 0 0 0 0 0 0 1 1 0 0
198 3 0 0 0 0 0 0 0 0 1 0 0 0
210 2 0 0 0 0 0 1 0 0 0 0 0 0
211 1 0 0 1 0 0 0 0 0 0 0 0 0
214 4 1 1 1 0 0 1 0 0 0 0 0 0
218 2 0 0 1 0 0 0 0 0 1 1 0 0
222 3 1 1 0 0 0 0 0 0 0 0 0 0
223 2 0 0 0 0 0 0 0 0 1 0 0 0
225 1 0 0 0 0 0 0 0 0 0 0 0 0
226 1 0 0 0 0 0 0 0 0 0 0 0 0
229 2 0 0 0 0 0 1 0 0 0 0 0 0
231 1 0 0 0 0 0 1 1 1 0 0 0 0
234 2 0 0 0 0 0 0 0 0 1 1 0 0
285 3 0 0 1 0 0 0 0 0 1 1 0 0
289 3 0 0 1 0 0 0 0 0 1 1 0 0
296 1 0 0 0 0 0 1 0 0 0 0 0 0
297 8 0 0 7 0 0 0 0 0 0 0 0 0
fl=./elf/../sysdeps/x86/dl-cacheinfo.h
fn=get_common_cache_info.constprop.0
481 9 1 1 0 0 0 6 0 0 0 0 0 0
496 1 0 0 1 0 0 0 0 0 0 0 0 0
497 1 0 0 1 0 0 0 0 0 0 0 0 0
498 2 0 0 1 0 0 1 0 0 0 0 0 0
499 1 0 0 1 0 0 0 0 0 0 0 0 0
505 1 0 0 0 0 0 1 0 0 0 0 0 0
507 8 1 1 3 0 0 2 0 0 0 0 0 0
510 4 1 1 0 0 0 2 0 0 1 0 0 0
521 1 0 0 0 0 0 0 0 0 0 0 0 0
526 3 0 0 1 0 0 0 0 0 1 0 0 0
530 2 0 0 0 0 0 0 0 0 1 1 0 0
535 6 1 1 1 0 0 1 0 0 1 1 0 0
538 23 2 2 0 0 0 0 0 0 1 0 0 0
545 8 0 0 0 0 0 0 0 0 4 0 0 0
548 26 0 0 0 0 0 0 0 0 4 1 0 0
553 2 1 1 0 0 0 0 0 0 1 0 0 0
557 3 0 0 0 0 0 0 0 0 0 0 0 0
558 1 0 0 0 0 0 0 0 0 0 0 0 0
562 6 0 0 0 0 0 0 0 0 3 2 0 0
566 3 0 0 0 0 0 0 0 0 0 0 0 0
569 4 0 0 0 0 0 1 0 0 0 0 0 0
570 1 0 0 0 0 0 0 0 0 0 0 0 0
575 4 0 0 0 0 0 0 0 0 2 2 0 0
581 4 0 0 0 0 0 0 0 0 1 0 0 0
589 7 0 0 1 0 0 0 0 0 0 0 0 0
591 2 0 0 0 0 0 0 0 0 1 0 0 0
593 5 0 0 0 0 0 0 0 0 2 1 0 0
595 12 1 1 0 0 0 0 0 0 1 1 0 0
597 1 0 0 0 0 0 0 0 0 0 0 0 0
598 1 0 0 0 0 0 0 0 0 0 0 0 0
599 9 0 0 1 0 0 0 0 0 2 0 0 0
601 4 1 1 0 0 0 0 0 0 2 1 0 0
604 2 0 0 0 0 0 0 0 0 1 0 0 0
609 1 0 0 0 0 0 0 0 0 0 0 0 0
611 5 0 0 0 0 0 0 0 0 0 0 0 0
612 3 0 0 0 0 0 0 0 0 0 0 0 0
613 1 1 1 0 0 0 0 0 0 0 0 0 0
616 2 0 0 0 0 0 0 0 0 0 0 0 0
619 2 1 1 0 0 0 0 0 0 1 0 0 0
626 1 0 0 0 0 0 0 0 0 0 0 0 0
628 4 0 0 0 0 0 0 0 0 0 0 0 0
629 1 0 0 0 0 0 0 0 0 0 0 0 0
634 2 1 1 0 0 0 0 0 0 0 0 0 0
639 2 0 0 0 0 0 0 0 0 1 1 0 0
641 2 0 0 0 0 0 0 0 0 1 0 0 0
642 3 0 0 0 0 0 0 0 0 0 0 0 0
643 2 0 0 1 0 0 0 0 0 1 1 0 0
681 4 1 1 0 0 0 0 0 0 2 0 0 0
682 5 0 0 0 0 0 0 0 0 0 0 0 0
686 2 0 0 1 0 0 0 0 0 1 1 0 0
693 1 0 0 0 0 0 1 0 0 0 0 0 0
694 1 0 0 0 0 0 1 0 0 0 0 0 0
695 7 0 0 7 0 0 0 0 0 0 0 0 0
fn=handle_intel.constprop.0
250 96 0 0 0 0 0 72 0 0 0 0 0 0
255 24 1 1 12 0 0 0 0 0 12 0 0 0
261 24 0 0 0 0 0 12 1 1 0 0 0 0
263 12 0 0 0 0 0 12 0 0 0 0 0 0
264 36 1 1 0 0 0 12 0 0 0 0 0 0
266 15 0 0 1 0 0 0 0 0 1 0 0 0
272 60 0 0 0 0 0 12 0 0 0 0 0 0
277 24 0 0 0 0 0 0 0 0 12 0 0 0
279 24 0 0 0 0 0 12 0 0 0 0 0 0
280 12 0 0 0 0 0 0 0 0 0 0 0 0
284 48 1 1 0 0 0 12 0 0 0 0 0 0
286 24 0 0 0 0 0 0 0 0 12 0 0 0
289 60 0 0 0 0 0 12 0 0 0 0 0 0
291 24 0 0 0 0 0 0 0 0 12 11 0 0
294 5 0 0 0 0 0 1 0 0 0 0 0 0
296 2 0 0 0 0 0 0 0 0 1 0 0 0
299 5 0 0 1 0 0 1 0 0 0 0 0 0
301 2 0 0 0 0 0 0 0 0 1 0 0 0
305 3 0 0 0 0 0 0 0 0 1 1 0 0
310 96 1 1 84 0 0 0 0 0 0 0 0 0
fn=init_cpu_features.constprop.0
706 1 0 0 0 0 0 1 0 0 0 0 0 0
708 1 1 1 0 0 0 1 0 0 0 0 0 0
722 2 0 0 0 0 0 0 0 0 1 1 0 0
724 5 1 1 0 0 0 3 1 1 0 0 0 0
725 3 0 0 0 0 0 1 0 0 0 0 0 0
726 4 1 1 0 0 0 2 0 0 0 0 0 0
729 3 0 0 0 0 0 2 0 0 0 0 0 0
731 3 0 0 0 0 0 2 0 0 0 0 0 0
732 1 0 0 0 0 0 1 0 0 0 0 0 0
734 3 0 0 0 0 0 2 0 0 0 0 0 0
736 3 0 0 0 0 0 2 0 0 0 0 0 0
737 1 0 0 0 0 0 1 0 0 0 0 0 0
739 3 1 1 0 0 0 2 0 0 0 0 0 0
741 3 0 0 0 0 0 2 0 0 0 0 0 0
744 3 0 0 0 0 0 2 0 0 0 0 0 0
746 3 0 0 0 0 0 1 0 0 0 0 0 0
748 3 1 1 0 0 0 2 0 0 0 0 0 0
750 4 0 0 0 0 0 1 0 0 0 0 0 0
840 18 3 3 10 0 0 6 2 2 0 0 0 0
863 15 1 1 2 0 0 1 0 0 0 0 0 0
885 2 0 0 1 0 0 0 0 0 1 1 0 0
886 1 0 0 1 0 0 0 0 0 0 0 0 0
893 11 2 2 0 0 0 0 0 0 0 0 0 0
910 4 1 1 1 0 0 0 0 0 0 0 0 0
923 4 0 0 1 0 0 1 0 0 0 0 0 0
931 5 0 0 1 0 0 1 0 0 0 0 0 0
933 2 1 1 0 0 0 0 0 0 1 1 0 0
936 5 0 0 1 0 0 1 0 0 0 0 0 0
938 4 0 0 1 0 0 1 0 0 0 0 0 0
941 5 1 1 1 0 0 1 0 0 0 0 0 0
942 5 0 0 0 0 0 1 0 0 1 0 0 0
946 6 1 1 1 0 0 2 0 0 0 0 0 0
947 3 0 0 1 0 0 0 0 0 1 1 0 0
953 8 0 0 3 0 0 2 0 0 0 0 0 0
956 15 2 2 1 0 0 6 0 0 0 0 0 0
957 9 1 1 1 0 0 4 0 0 0 0 0 0
958 12 1 1 1 0 0 5 0 0 0 0 0 0
961 8 0 0 0 0 0 4 0 0 0 0 0 0
963 8 1 1 0 0 0 4 0 0 0 0 0 0
967 7 1 1 4 0 0 3 0 0 0 0 0 0
970 1 0 0 0 0 0 0 0 0 0 0 0 0
fn=intel_check_word.constprop.0
110 690 0 0 345 8 8 0 0 0 345 8 0 0
113 345 0 0 0 0 0 0 0 0 345 32 0 0
119 104 0 0 0 0 0 78 0 0 0 0 0 0
123 78 1 1 0 0 0 0 0 0 26 0 0 0
125 15 0 0 0 0 0 0 0 0 0 0 0 0
129 156 0 0 0 0 0 0 0 0 0 0 0 0
131 154 1 1 0 0 0 0 0 0 77 4 0 0
133 63 1 1 0 0 0 0 0 0 0 0 0 0
135 126 0 0 0 0 0 0 0 0 63 0 0 0
143 126 0 0 0 0 0 0 0 0 63 2 0 0
152 54 1 1 0 0 0 0 0 0 21 7 0 0
155 120 2 2 0 0 0 0 0 0 0 0 0 0
158 99 0 0 0 0 0 0 0 0 33 1 0 0
162 64 0 0 0 0 0 0 0 0 0 0 0 0
164 186 0 0 0 0 0 0 0 0 39 14 0 0
166 84 0 0 0 0 0 0 0 0 24 6 0 0
168 44 0 0 0 0 0 0 0 0 11 5 0 0
169 32 0 0 0 0 0 0 0 0 8 3 0 0
170 10 0 0 0 0 0 0 0 0 5 3 0 0
172 11 1 1 0 0 0 0 0 0 0 0 0 0
174 22 0 0 0 0 0 0 0 0 11 4 0 0
176 12 1 1 0 0 0 0 0 0 0 0 0 0
177 16 0 0 0 0 0 0 0 0 0 0 0 0
178 12 1 1 0 0 0 0 0 0 0 0 0 0
179 20 0 0 0 0 0 0 0 0 0 0 0 0
180 14 0 0 0 0 0 0 0 0 7 3 0 0
181 12 1 1 0 0 0 0 0 0 0 0 0 0
183 8 0 0 0 0 0 0 0 0 4 0 0 0
184 12 0 0 0 0 0 0 0 0 0 0 0 0
187 21 0 0 0 0 0 0 0 0 0 0 0 0
194 204 0 0 0 0 0 0 0 0 51 5 0 0
202 200 0 0 50 0 0 0 0 0 0 0 0 0
216 51 0 0 0 0 0 0 0 0 0 0 0 0
246 104 0 0 104 0 0 0 0 0 0 0 0 0
fl=./elf/../sysdeps/x86/dl-cet.c
fn=_dl_cet_check
41 2 0 0 0 0 0 0 0 0 0 0 0 0
42 1 0 0 1 1 1 0 0 0 0 0 0 0
44 1 0 0 0 0 0 0 0 0 0 0 0 0
45 1 0 0 0 0 0 0 0 0 0 0 0 0
48 4 1 1 0 0 0 0 0 0 1 0 0 0
49 2 0 0 0 0 0 0 0 0 0 0 0 0
51 1 0 0 1 0 0 0 0 0 0 0 0 0
62 2 0 0 0 0 0 0 0 0 1 1 0 0
252 8 1 1 0 0 0 6 0 0 0 0 0 0
254 8 1 1 7 0 0 0 0 0 0 0 0 0
fl=./elf/../sysdeps/x86/dl-get-cpu-features.c
fn=__x86_cpu_features
39 3 0 0 1 0 0 0 0 0 1 0 0 0
71 3 1 0 1 0 0 0 0 0 0 0 0 0
fn=_dl_x86_init_cpu_features
37 1 1 1 0 0 0 0 0 0 0 0 0 0
39 3 0 0 1 0 0 0 0 0 1 1 0 0
41 1 1 1 0 0 0 0 0 0 0 0 0 0
fl=./elf/../sysdeps/x86/dl-hwcap.h
fn=_dl_important_hwcaps
57 3 0 0 0 0 0 0 0 0 0 0 0 0
fl=./elf/../sysdeps/x86/dl-procinfo.h
fn=_dl_load_cache_lookup
39 6 1 1 0 0 0 0 0 0 3 0 0 0
42 45 1 1 3 0 0 15 0 0 3 0 0 0
fl=./elf/../sysdeps/x86/dl-prop.h
fn=_dl_map_object_from_fd
95 28 0 0 14 0 0 0 0 0 14 3 0 0
100 3 0 0 0 0 0 0 0 0 0 0 0 0
101 6 0 0 0 0 0 3 0 0 0 0 0 0
102 3 1 1 0 0 0 3 0 0 0 0 0 0
103 3 0 0 0 0 0 0 0 0 0 0 0 0
105 21 0 0 0 0 0 0 0 0 6 2 0 0
108 9 1 1 3 0 0 0 0 0 3 0 0 0
109 6 0 0 3 0 0 0 0 0 3 0 0 0
110 6 0 0 3 0 0 0 0 0 3 0 0 0
114 9 0 0 3 0 0 0 0 0 3 0 0 0
118 9 0 0 0 0 0 3 0 0 0 0 0 0
121 9 1 1 3 0 0 0 0 0 0 0 0 0
122 6 0 0 0 0 0 0 0 0 3 0 0 0
126 3 0 0 0 0 0 0 0 0 0 0 0 0
127 12 0 0 0 0 0 3 0 0 0 0 0 0
131 14 1 1 5 0 0 0 0 0 0 0 0 0
132 5 0 0 5 0 0 0 0 0 0 0 0 0
135 10 0 0 0 0 0 0 0 0 5 0 0 0
138 5 0 0 0 0 0 0 0 0 0 0 0 0
139 20 0 0 0 0 0 0 0 0 5 2 0 0
144 10 1 1 0 0 0 0 0 0 0 0 0 0
146 20 0 0 0 0 0 0 0 0 5 3 0 0
151 10 0 0 0 0 0 0 0 0 5 0 0 0
164 10 0 0 0 0 0 0 0 0 5 2 0 0
165 11 0 0 5 2 2 3 0 0 0 0 0 0
166 4 0 0 0 0 0 0 0 0 2 2 0 0
170 6 0 0 2 0 0 2 0 0 0 0 0 0
185 9 0 0 0 0 0 0 0 0 0 0 0 0
187 12 0 0 0 0 0 0 0 0 3 1 0 0
192 3 0 0 0 0 0 0 0 0 0 0 0 0
193 12 0 0 0 0 0 0 0 0 0 0 0 0
198 12 0 0 3 0 0 0 0 0 3 0 0 0
200 12 0 0 3 0 0 3 0 0 0 0 0 0
201 3 0 0 0 0 0 3 0 0 0 0 0 0
203 3 0 0 0 0 0 3 0 0 0 0 0 0
212 9 0 0 6 0 0 0 0 0 0 0 0 0
213 3 0 0 3 0 0 0 0 0 0 0 0 0
fn=dl_main
36 1 1 1 1 0 0 0 0 0 0 0 0 0
37 21 1 1 0 0 0 0 0 0 7 5 0 0
40 7 0 0 7 0 0 0 0 0 0 0 0 0
49 40 0 0 11 0 0 0 0 0 12 1 0 0
53 33 0 0 6 1 0 0 0 0 5 0 0 0
71 3 0 0 0 0 0 1 0 0 0 0 0 0
95 8 0 0 4 0 0 0 0 0 4 1 0 0
100 1 1 1 0 0 0 0 0 0 0 0 0 0
101 2 0 0 0 0 0 1 0 0 0 0 0 0
102 1 0 0 0 0 0 1 0 0 0 0 0 0
103 1 0 0 0 0 0 0 0 0 0 0 0 0
105 9 0 0 0 0 0 1 0 0 2 1 0 0
108 3 1 1 1 0 0 0 0 0 1 0 0 0
109 2 0 0 1 0 0 0 0 0 1 0 0 0
110 2 0 0 1 0 0 0 0 0 1 0 0 0
114 3 0 0 1 0 0 0 0 0 1 0 0 0
118 3 0 0 0 0 0 1 0 0 0 0 0 0
121 3 1 1 1 0 0 0 0 0 0 0 0 0
122 2 0 0 0 0 0 0 0 0 1 0 0 0
126 1 0 0 0 0 0 0 0 0 0 0 0 0
127 4 0 0 0 0 0 1 0 0 0 0 0 0
131 4 1 1 1 1 1 0 0 0 0 0 0 0
132 1 0 0 1 0 0 0 0 0 0 0 0 0
135 2 0 0 0 0 0 0 0 0 1 0 0 0
138 1 0 0 0 0 0 0 0 0 0 0 0 0
139 4 0 0 0 0 0 0 0 0 1 0 0 0
144 2 0 0 0 0 0 0 0 0 0 0 0 0
146 4 0 0 0 0 0 0 0 0 1 1 0 0
151 2 0 0 0 0 0 0 0 0 1 0 0 0
164 2 0 0 0 0 0 0 0 0 1 0 0 0
165 1 0 0 1 0 0 0 0 0 0 0 0 0
166 2 0 0 0 0 0 0 0 0 1 1 0 0
170 3 1 1 1 0 0 1 0 0 0 0 0 0
192 1 0 0 0 0 0 0 0 0 0 0 0 0
193 4 0 0 0 0 0 0 0 0 0 0 0 0
198 4 1 1 1 0 0 0 0 0 1 0 0 0
200 4 0 0 1 0 0 1 0 0 0 0 0 0
201 1 0 0 0 0 0 1 0 0 0 0 0 0
203 2 0 0 0 0 0 1 0 0 0 0 0 0
212 5 0 0 4 0 0 0 0 0 0 0 0 0
213 2 0 0 2 0 0 0 0 0 0 0 0 0
fl=./elf/../sysdeps/x86/get-isa-level.h
fn=_dl_hwcaps_subdirs_active
30 2 0 0 0 0 0 0 0 0 1 1 0 0
31 3 1 1 1 0 0 0 0 0 0 0 0 0
32 3 0 0 1 0 0 0 0 0 1 0 0 0
36 3 0 0 0 0 0 0 0 0 1 0 0 0
39 4 0 0 1 0 0 0 0 0 1 0 0 0
40 4 1 1 1 0 0 0 0 0 1 0 0 0
45 4 0 0 0 0 0 0 0 0 1 0 0 0
48 2 0 0 0 0 0 0 0 0 1 0 0 0
49 3 0 0 1 0 0 0 0 0 1 1 0 0
fn=update_active.constprop.0
28 1 0 0 0 0 0 0 0 0 0 0 0 0
30 2 0 0 0 0 0 0 0 0 0 0 0 0
31 2 1 1 0 0 0 0 0 0 0 0 0 0
32 3 0 0 0 0 0 0 0 0 1 0 0 0
36 3 0 0 0 0 0 0 0 0 1 1 0 0
38 1 0 0 0 0 0 0 0 0 0 0 0 0
39 3 1 1 1 0 0 0 0 0 1 0 0 0
40 4 0 0 1 0 0 0 0 0 1 0 0 0
45 4 1 1 0 0 0 0 0 0 0 0 0 0
47 1 0 0 0 0 0 0 0 0 0 0 0 0
48 2 0 0 0 0 0 0 0 0 1 0 0 0
49 3 0 0 1 0 0 0 0 0 1 1 0 0
fl=./elf/../sysdeps/x86_64/dl-hwcaps-subdirs.c
fn=_dl_hwcaps_subdirs_active
29 1 1 1 0 0 0 0 0 0 0 0 0 0
38 3 0 0 0 0 0 0 0 0 0 0 0 0
43 1 0 0 0 0 0 0 0 0 0 0 0 0
52 1 0 0 1 0 0 0 0 0 0 0 0 0
fl=./elf/../sysdeps/x86_64/dl-machine.h
fn=_dl_fixup
229 5 0 0 0 0 0 5 0 0 0 0 0 0
fn=_dl_relocate_object
71 20 0 0 5 0 0 0 0 0 5 2 0 0
77 12 0 0 9 1 0 0 0 0 3 2 0 0
81 9 0 0 3 3 3 0 0 0 3 0 0 0
87 3 0 0 0 0 0 3 0 0 0 0 0 0
95 9 1 1 3 0 0 0 0 0 3 0 0 0
115 6 0 0 3 0 0 0 0 0 3 0 0 0
117 6 0 0 0 0 0 3 0 0 0 0 0 0
119 15 0 0 3 2 0 0 0 0 0 0 0 0
262 510 0 0 0 0 0 0 0 0 0 0 0 0
283 510 0 0 0 0 0 0 0 0 255 0 0 0
287 510 0 0 0 0 0 0 0 0 255 0 0 0
294 12411 10 10 2874 174 133 1657 5 0 1440 44 0 0
296 1933 4 4 726 3 0 0 0 0 481 13 0 0
299 948 1 1 224 0 0 0 0 0 240 14 0 0
300 4 0 0 0 0 0 0 0 0 2 2 0 0
301 40 0 0 8 0 0 0 0 0 8 0 0 0
304 16 0 0 0 0 0 0 0 0 8 0 0 0
305 24 1 1 8 0 0 0 0 0 8 2 0 0
316 18 1 1 0 0 0 16 0 0 0 0 0 0
323 32 0 0 16 0 0 8 0 0 0 0 8 8
326 1530 0 0 255 4 3 0 0 0 255 8 255 8
422 54 1 1 18 0 0 0 0 0 18 1 0 0
426 72 0 0 18 0 0 0 0 0 18 0 0 0
431 54 0 0 36 2 2 0 0 0 0 0 0 0
440 36 0 0 18 0 0 18 6 6 0 0 0 0
450 705 2 2 468 31 30 237 31 25 0 0 0 0
474 24 0 0 0 0 0 6 0 0 0 0 0 0
484 15 0 0 0 0 0 5 0 0 0 0 0 0
507 4 0 0 4 0 0 0 0 0 0 0 0 0
508 6 1 1 2 0 0 0 0 0 2 0 0 0
509 2 0 0 0 0 0 2 0 0 0 0 2 2
510 4 0 0 2 0 0 2 1 0 0 0 0 0
529 44988 0 0 14996 1876 1876 0 0 0 0 0 0 0
530 14996 1 1 0 0 0 14996 3946 3940 0 0 0 0
534 29992 0 0 0 0 0 0 0 0 14996 0 0 0
535 29992 0 0 14996 1873 1873 0 0 0 0 0 0 0
545 266 0 0 133 0 0 0 0 0 0 0 0 0
549 152 0 0 0 0 0 0 0 0 76 0 0 0
552 228 0 0 76 0 0 0 0 0 76 0 0 0
553 76 0 0 76 14 13 0 0 0 0 0 0 0
579 114 0 0 114 0 0 0 0 0 0 0 0 0
581 57 0 0 0 0 0 57 0 0 0 0 57 57
582 57 0 0 0 0 0 57 1 1 0 0 0 0
fn=_dl_start
45 1 0 0 0 0 0 0 0 0 0 0 0 0
71 1 0 0 1 0 0 0 0 0 0 0 0 0
287 21 0 0 0 0 0 0 0 0 7 0 0 0
296 70 1 1 28 7 7 0 0 0 14 0 0 0
299 14 0 0 0 0 0 0 0 0 7 0 0 0
326 47 2 2 0 0 0 0 0 0 27 7 0 0
346 12 1 1 6 1 1 6 2 2 0 0 0 0
347 6 0 0 0 0 0 0 0 0 0 0 0 0
414 1 1 1 0 0 0 0 0 0 0 0 0 0
534 284 0 0 142 18 18 0 0 0 142 0 0 0
535 426 0 0 142 18 18 142 20 20 0 0 0 0
fn=_dl_sysdep_start
215 1 0 0 0 0 0 1 0 0 0 0 0 0
fl=./elf/../sysdeps/x86_64/dl-runtime.h
fn=_dl_fixup
28 5 0 0 0 0 0 0 0 0 0 0 0 0
fl=./elf/../sysdeps/x86_64/dl-trampoline.h
fn=_dl_runtime_resolve_xsave
67 5 1 1 0 0 0 0 0 0 0 0 0 0
72 5 0 0 0 0 0 5 0 0 0 0 0 0
75 5 0 0 0 0 0 0 0 0 0 0 0 0
77 5 0 0 0 0 0 0 0 0 0 0 0 0
87 5 0 0 5 1 0 0 0 0 0 0 0 0
93 5 0 0 0 0 0 5 1 1 0 0 0 0
94 5 0 0 0 0 0 5 0 0 0 0 0 0
95 5 1 1 0 0 0 5 0 0 0 0 0 0
96 5 0 0 0 0 0 5 0 0 0 0 0 0
97 5 0 0 0 0 0 5 0 0 0 0 0 0
98 5 0 0 0 0 0 5 0 0 0 0 0 0
99 5 0 0 0 0 0 5 0 0 0 0 0 0
103 5 0 0 0 0 0 0 0 0 0 0 0 0
104 5 0 0 0 0 0 0 0 0 0 0 0 0
107 5 0 0 0 0 0 5 0 0 0 0 0 0
108 5 0 0 0 0 0 5 0 0 0 0 0 0
110 5 0 0 0 0 0 5 0 0 0 0 0 0
111 5 0 0 0 0 0 5 0 0 0 0 0 0
112 5 1 1 0 0 0 5 0 0 0 0 0 0
113 5 0 0 0 0 0 5 0 0 0 0 0 0
114 5 0 0 0 0 0 5 0 0 0 0 0 0
115 5 0 0 0 0 0 5 0 0 0 0 0 0
117 5 0 0 5 0 0 165 7 2 0 0 0 0
124 5 0 0 5 0 0 0 0 0 0 0 0 0
125 5 0 0 5 0 0 0 0 0 0 0 0 0
126 5 0 0 0 0 0 5 2 0 0 0 0 0
127 5 0 0 0 0 0 0 0 0 0 0 0 0
132 5 0 0 0 0 0 0 0 0 0 0 0 0
133 5 0 0 0 0 0 0 0 0 0 0 0 0
134 5 0 0 180 0 0 0 0 0 0 0 0 0
136 5 1 1 5 0 0 0 0 0 0 0 0 0
137 5 0 0 5 0 0 0 0 0 0 0 0 0
138 5 0 0 5 0 0 0 0 0 0 0 0 0
139 5 0 0 5 0 0 0 0 0 0 0 0 0
140 5 0 0 5 0 0 0 0 0 0 0 0 0
141 5 0 0 5 0 0 0 0 0 0 0 0 0
142 5 0 0 5 0 0 0 0 0 0 0 0 0
144 5 0 0 0 0 0 0 0 0 0 0 0 0
146 5 0 0 5 0 0 0 0 0 0 0 0 0
150 5 0 0 0 0 0 0 0 0 0 0 0 0
152 5 0 0 0 0 0 0 0 0 0 0 5 5
fl=./elf/./dl-find_object.h
fn=_dl_find_object_from_map
95 12 1 1 6 3 0 6 2 1 0 0 0 0
96 12 1 1 6 2 0 6 0 0 0 0 0 0
97 6 0 0 0 0 0 6 2 2 0 0 0 0
103 30 0 0 12 5 0 0 0 0 0 0 0 0
104 162 0 0 0 0 0 0 0 0 56 4 0 0
105 112 1 1 56 48 8 0 0 0 56 20 0 0
107 18 0 0 12 0 0 6 0 0 0 0 0 0
112 6 0 0 6 0 0 0 0 0 0 0 0 0
fl=./elf/./dl-hwcaps.h
fn=_dl_important_hwcaps
54 12 2 2 3 0 0 6 0 0 0 0 0 0
56 8 0 0 2 0 0 6 0 0 0 0 0 0
57 1 0 0 0 0 0 0 0 0 0 0 0 0
88 9 1 1 4 0 0 5 0 0 0 0 0 0
89 8 0 0 3 0 0 5 0 0 0 0 0 0
90 6 0 0 0 0 0 0 0 0 0 0 0 0
fl=./elf/./dl-load.h
fn=_dl_map_object_from_fd
91 28 0 0 0 0 0 0 0 0 14 7 0 0
92 12 0 0 8 0 0 4 0 0 0 0 0 0
94 28 1 1 14 1 1 0 0 0 14 3 0 0
95 15 1 1 9 0 0 0 0 0 3 0 0 0
96 18 0 0 6 0 0 0 0 0 3 0 0 0
97 12 1 1 3 0 0 0 0 0 0 0 0 0
99 12 0 0 0 0 0 3 0 0 0 0 0 0
fl=./elf/./dl-main.h
fn=dl_main
109 5 1 1 4 0 0 1 0 0 0 0 0 0
fl=./elf/./dl-map-segments.h
fn=_dl_map_object_from_fd
28 12 0 0 8 0 0 0 0 0 4 1 0 0
29 27 1 1 12 0 0 6 0 0 0 0 0 0
36 5 1 1 0 0 0 1 0 0 0 0 0 0
37 7 0 0 0 0 0 1 0 0 0 0 0 0
41 2 0 0 0 0 0 0 0 0 1 0 0 0
44 4 0 0 0 0 0 1 0 0 0 0 0 0
45 8 1 1 3 0 0 2 0 0 0 0 0 0
46 2 0 0 2 0 0 0 0 0 0 0 0 0
49 4 1 1 2 0 0 0 0 0 1 0 0 0
55 3 0 0 0 0 0 0 0 0 1 1 0 0
56 7 2 2 2 0 0 3 0 0 0 0 0 0
58 6 0 0 2 0 0 0 0 0 0 0 0 0
59 2 0 0 1 0 0 0 0 0 0 0 0 0
60 2 0 0 0 0 0 0 0 0 1 1 0 0
61 3 0 0 1 0 0 1 0 0 0 0 0 0
96 8 0 0 4 0 0 0 0 0 0 0 0 0
102 4 0 0 0 0 0 4 0 0 0 0 0 0
103 10 0 0 3 0 0 0 0 0 3 0 0 0
106 12 1 1 4 0 0 4 0 0 0 0 0 0
107 8 0 0 0 0 0 4 0 0 0 0 0 0
109 8 0 0 4 0 0 0 0 0 4 2 0 0
116 16 0 0 6 0 0 2 0 0 2 0 0 0
119 14 0 0 2 0 0 2 0 0 2 0 0 0
126 4 1 1 4 0 0 0 0 0 0 0 0 0
128 4 0 0 0 0 0 0 0 0 0 0 0 0
136 70 0 0 0 0 0 0 0 0 14 4 0 0
138 40 0 0 20 0 0 0 0 0 10 0 0 0
140 110 1 1 40 0 0 20 0 0 10 4 0 0
141 10 0 0 10 0 0 0 0 0 0 0 0 0
150 56 0 0 28 0 0 0 0 0 14 8 0 0
156 4 0 0 4 0 0 0 0 0 0 0 0 0
157 4 0 0 4 0 0 0 0 0 0 0 0 0
158 20 0 0 4 0 0 0 0 0 0 0 0 0
159 8 0 0 0 0 0 0 0 0 0 0 0 0
166 8 1 1 0 0 0 0 0 0 4 0 0 0
169 8 0 0 0 0 0 0 0 0 4 0 0 0
177 28 0 0 0 0 0 12 0 0 0 0 0 0
178 8 0 0 8 0 0 0 0 0 0 0 0 0
183 8 0 0 0 0 0 0 0 0 4 1 0 0
187 8 1 1 0 0 0 1 0 0 0 0 0 0
190 2 0 0 0 0 0 0 0 0 1 1 0 0
195 14 1 1 0 0 0 0 0 0 0 0 0 0
fl=./elf/./dl-sym-post.h
fn=_dl_sym
24 3 2 2 0 0 0 1 0 0 0 0 0 0
25 5 0 0 0 0 0 0 0 0 1 0 0 0
41 2 0 0 0 0 0 0 0 0 1 1 0 0
53 4 0 0 2 1 0 0 0 0 1 0 0 0
fn=lookup_malloc_symbol
41 8 0 0 0 0 0 0 0 0 4 0 0 0
53 12 0 0 4 0 0 0 0 0 4 0 0 0
fl=./elf/./dl-tunable-types.h
fn=__GI___tunable_set_val
90 10 0 0 0 0 0 0 0 0 0 0 0 0
fl=./elf/./elf/dl-audit.c
fn=_dl_audit_activity_map
28 6 1 1 0 0 0 4 0 0 0 0 0 0
29 1 0 0 1 0 0 0 0 0 0 0 0 0
30 3 1 1 1 0 0 0 0 0 1 1 0 0
36 6 1 1 5 0 0 0 0 0 0 0 0 0
fn=_dl_audit_activity_nsid
40 6 1 1 0 0 0 4 0 0 0 0 0 0
44 4 0 0 1 0 0 0 0 0 0 0 0 0
45 1 0 0 1 0 0 0 0 0 0 0 0 0
46 4 1 1 0 0 0 0 0 0 2 0 0 0
50 6 0 0 5 0 0 0 0 0 0 0 0 0
fn=_dl_audit_objopen
76 4 1 1 0 0 0 0 0 0 0 0 0 0
77 16 0 0 8 0 0 0 0 0 4 0 0 0
fn=_dl_audit_preinit
117 1 1 1 0 0 0 0 0 0 0 0 0 0
118 4 0 0 2 0 0 0 0 0 1 0 0 0
fl=./elf/./elf/dl-cache.c
fn=_dl_cache_libcmp
370 87 1 1 0 0 0 0 0 0 0 0 0 0
371 365 1 1 29 0 0 0 0 0 168 10 0 0
373 489 0 0 0 0 0 0 0 0 163 5 0 0
375 173 1 1 0 0 0 0 0 0 5 0 0 0
381 15 0 0 0 0 0 0 0 0 0 0 0 0
382 15 0 0 0 0 0 0 0 0 0 0 0 0
383 154 0 0 139 0 0 0 0 0 5 2 0 0
385 154 0 0 139 1 1 0 0 0 5 2 0 0
387 10 0 0 0 0 0 0 0 0 5 2 0 0
393 316 0 0 0 0 0 0 0 0 158 0 0 0
395 316 0 0 0 0 0 0 0 0 158 24 0 0
396 72 1 1 24 0 0 0 0 0 0 0 0 0
399 134 0 0 0 0 0 0 0 0 0 0 0 0
400 134 0 0 0 0 0 0 0 0 0 0 0 0
403 44 0 0 34 24 24 0 0 0 0 0 0 0
fn=_dl_load_cache_lookup
194 48 0 0 0 0 0 0 0 0 0 0 0 0
208 3 0 0 3 0 0 0 0 0 0 0 0 0
212 24 1 1 3 0 0 9 0 0 0 0 0 0
218 36 1 1 12 0 0 12 0 0 0 0 0 0
219 6 0 0 0 0 0 0 0 0 0 0 0 0
221 15 0 0 0 0 0 0 0 0 0 0 0 0
228 60 1 1 11 0 0 6 0 0 24 4 0 0
230 87 0 0 27 0 0 0 0 0 0 0 0 0
231 48 0 0 24 21 21 0 0 0 0 0 0 0
235 48 0 0 24 0 0 0 0 0 24 0 0 0
239 72 1 1 0 0 0 24 0 0 0 0 0 0
240 48 0 0 0 0 0 0 0 0 24 2 0 0
248 16 1 1 0 0 0 0 0 0 8 4 0 0
250 10 0 0 5 2 2 0 0 0 0 0 0 0
253 10 0 0 0 0 0 0 0 0 5 0 0 0
255 30 0 0 0 0 0 5 0 0 0 0 0 0
257 5 0 0 0 0 0 0 0 0 0 0 0 0
267 6 0 0 0 0 0 0 0 0 3 2 0 0
277 6 1 1 3 0 0 0 0 0 3 0 0 0
278 9 0 0 3 0 0 0 0 0 3 0 0 0
294 6 0 0 0 0 0 0 0 0 3 0 0 0
303 6 0 0 3 0 0 0 0 0 3 0 0 0
306 6 0 0 3 0 0 0 0 0 3 0 0 0
308 9 0 0 3 0 0 0 0 0 3 0 0 0
309 6 0 0 3 0 0 0 0 0 3 0 0 0
314 18 1 1 3 0 0 3 0 0 0 0 0 0
315 12 0 0 3 0 0 0 0 0 3 0 0 0
322 6 0 0 0 0 0 0 0 0 3 0 0 0
343 12 0 0 3 0 0 3 0 0 0 0 0 0
359 21 0 0 0 0 0 0 0 0 21 10 0 0
360 11 0 0 0 0 0 0 0 0 0 0 0 0
362 20 0 0 0 0 0 10 0 0 0 0 0 0
416 30 1 1 0 0 0 18 0 0 0 0 0 0
418 6 0 0 3 0 0 0 0 0 3 0 0 0
421 9 1 1 3 0 0 0 0 0 3 1 0 0
424 5 1 1 0 0 0 1 0 0 0 0 0 0
432 5 1 1 1 0 0 0 0 0 2 0 0 0
433 8 0 0 3 1 1 0 0 0 2 0 0 0
436 7 1 1 0 0 0 0 0 0 1 0 0 0
437 1 0 0 1 0 0 0 0 0 0 0 0 0
444 1 1 1 0 0 0 1 0 0 0 0 0 0
445 2 0 0 0 0 0 1 0 0 0 0 0 0
490 6 0 0 2 0 0 0 0 0 2 0 0 0
495 9 0 0 3 0 0 0 0 0 3 0 0 0
498 9 0 0 3 0 0 3 1 1 0 0 0 0
513 6 0 0 3 0 0 0 0 0 3 0 0 0
525 54 2 2 6 0 0 3 0 0 6 4 0 0
526 12 0 0 3 0 0 3 0 0 0 0 0 0
527 3 0 0 0 0 0 3 0 0 0 0 0 0
528 24 0 0 21 0 0 0 0 0 0 0 0 0
fn=_dl_unload_cache
537 2 1 1 0 0 0 0 0 0 0 0 0 0
538 4 0 0 1 1 0 0 0 0 1 1 0 0
540 2 0 0 1 1 0 1 0 0 0 0 0 0
541 1 1 1 0 0 0 1 0 0 0 0 0 0
545 1 0 0 0 0 0 1 0 0 0 0 0 0
547 2 0 0 1 0 0 0 0 0 0 0 0 0
fl=./elf/./elf/dl-call-libc-early-init.c
fn=_dl_call_libc_early_init
27 4 1 1 0 0 0 2 0 0 0 0 0 0
29 2 0 0 0 0 0 0 0 0 1 0 0 0
33 7 1 1 0 0 0 1 0 0 0 0 0 0
37 2 0 0 0 0 0 0 0 0 1 0 0 0
39 4 0 0 3 0 0 0 0 0 1 0 0 0
40 2 0 0 0 0 0 0 0 0 0 0 1 1
41 3 0 0 2 0 0 0 0 0 0 0 0 0
fl=./elf/./elf/dl-debug.c
fn=_dl_debug_initialize
56 1 1 1 0 0 0 0 0 0 0 0 0 0
57 1 0 0 0 0 0 0 0 0 0 0 0 0
59 2 0 0 0 0 0 0 0 0 1 0 0 0
61 1 0 0 0 0 0 0 0 0 0 0 0 0
63 3 0 0 1 1 1 0 0 0 1 1 0 0
64 2 1 1 0 0 0 1 0 0 0 0 0 0
85 2 1 1 1 0 0 0 0 0 1 0 0 0
90 3 0 0 1 0 0 1 0 0 0 0 0 0
91 2 0 0 0 0 0 1 0 0 0 0 0 0
92 1 0 0 0 0 0 1 0 0 0 0 0 0
95 2 0 0 1 0 0 0 0 0 1 1 0 0
96 6 1 1 1 0 0 1 0 0 0 0 0 0
99 2 0 0 0 0 0 0 0 0 1 1 0 0
107 2 1 1 1 0 0 0 0 0 0 0 0 0
fn=_dl_debug_state
116 2 1 1 0 0 0 0 0 0 0 0 0 0
117 2 0 0 2 0 0 0 0 0 0 0 0 0
fn=_dl_debug_update
38 5 1 0 0 0 0 0 0 0 0 0 0 0
40 10 0 0 0 0 0 0 0 0 5 4 0 0
41 5 0 0 0 0 0 0 0 0 0 0 0 0
44 10 0 0 5 1 0 0 0 0 5 0 0 0
48 5 0 0 5 0 0 0 0 0 0 0 0 0
fl=./elf/./elf/dl-deps.c
fn=_dl_map_object_deps
144 6 1 1 0 0 0 3 1 1 0 0 0 0
145 8 0 0 0 0 0 2 0 0 0 0 0 0
146 5 1 1 0 0 0 0 0 0 0 0 0 0
148 3 0 0 0 0 0 1 0 0 0 0 0 0
152 8 0 0 2 0 0 2 0 0 0 0 0 0
159 15 2 2 0 0 0 7 1 1 0 0 0 0
160 22 2 2 1 1 1 2 0 0 2 2 0 0
176 7 0 0 0 0 0 0 0 0 2 0 0 0
177 1 0 0 1 0 0 0 0 0 0 0 0 0
180 1 0 0 0 0 0 1 0 0 0 0 0 0
198 2 0 0 1 0 0 1 0 0 0 0 0 0
199 3 0 0 1 0 0 1 0 0 0 0 0 0
200 2 1 1 0 0 0 2 0 0 0 0 0 0
202 1 0 0 0 0 0 0 0 0 0 0 0 0
204 16 1 1 11 0 0 0 0 0 0 0 0 0
206 6 0 0 0 0 0 0 0 0 0 0 0 0
209 6 0 0 0 0 0 6 0 0 0 0 0 0
213 24 0 0 6 0 0 6 1 1 6 5 0 0
214 39 2 2 17 1 1 0 0 0 17 2 0 0
217 12 0 0 0 0 0 0 0 0 4 0 0 0
221 12 1 1 4 0 0 4 0 0 0 0 0 0
224 20 1 1 10 2 0 0 0 0 10 3 0 0
226 20 2 2 12 0 0 4 0 0 4 3 0 0
231 8 0 0 4 0 0 4 0 0 0 0 0 0
232 4 0 0 0 0 0 4 0 0 0 0 0 0
233 8 1 1 4 0 0 4 0 0 0 0 0 0
237 452 0 0 119 2 0 4 0 0 111 4 0 0
238 218 0 0 0 0 0 0 0 0 107 6 0 0
244 63 2 2 14 0 0 7 0 0 7 6 0 0
246 7 0 0 0 0 0 7 0 0 0 0 0 0
248 28 1 1 0 0 0 7 0 0 0 0 0 0
249 14 1 1 7 0 0 0 0 0 7 0 0 0
258 7 0 0 7 0 0 0 0 0 0 0 0 0
260 14 0 0 7 0 0 0 0 0 7 3 0 0
265 28 1 1 4 0 0 0 0 0 4 1 0 0
268 4 0 0 0 0 0 4 0 0 0 0 0 0
269 4 0 0 0 0 0 4 0 0 0 0 0 0
270 4 0 0 0 0 0 4 0 0 0 0 0 0
271 8 0 0 4 0 0 4 0 0 0 0 0 0
273 4 0 0 4 0 0 0 0 0 0 0 0 0
275 20 1 1 4 0 0 8 0 0 0 0 0 0
279 21 0 0 7 0 0 0 0 0 7 1 0 0
280 12 0 0 0 0 0 4 0 0 0 0 0 0
282 300 1 1 0 0 0 0 0 0 100 9 0 0
298 1 0 0 0 0 0 1 0 0 0 0 0 0
380 10 1 1 0 0 0 5 0 0 0 0 0 0
433 18 0 0 6 0 0 0 0 0 6 2 0 0
435 12 0 0 0 0 0 4 1 1 0 0 0 0
438 8 1 1 0 0 0 0 0 0 0 0 0 0
439 8 0 0 0 0 0 0 0 0 4 0 0 0
445 4 0 0 0 0 0 4 1 1 0 0 0 0
446 20 0 0 4 0 0 4 0 0 0 0 0 0
447 20 0 0 0 0 0 4 0 0 0 0 0 0
450 4 0 0 0 0 0 4 0 0 0 0 0 0
451 4 0 0 4 0 0 0 0 0 0 0 0 0
455 24 1 1 12 0 0 0 0 0 6 5 0 0
457 6 0 0 6 0 0 0 0 0 0 0 0 0
458 27 0 0 5 0 0 0 0 0 11 8 0 0
464 6 1 1 2 0 0 0 0 0 2 0 0 0
465 1 0 0 0 0 0 1 0 0 0 0 0 0
468 4 0 0 1 0 0 1 0 0 1 1 0 0
479 3 1 1 1 0 0 0 0 0 0 0 0 0
481 2 0 0 0 0 0 0 0 0 1 0 0 0
486 5 0 0 2 0 0 1 0 0 0 0 0 0
487 1 0 0 0 0 0 1 0 0 0 0 0 0
488 8 0 0 1 0 0 0 0 0 0 0 0 0
490 24 1 1 6 0 0 1 0 0 7 2 0 0
494 6 0 0 6 0 0 0 0 0 0 0 0 0
499 12 1 1 0 0 0 0 0 0 6 5 0 0
501 13 0 0 0 0 0 6 2 2 0 0 0 0
506 6 0 0 6 0 0 0 0 0 0 0 0 0
509 2 0 0 1 0 0 0 0 0 1 0 0 0
560 2 1 1 0 0 0 0 0 0 0 0 0 0
561 3 1 1 1 0 0 0 0 0 1 1 0 0
598 3 1 1 1 0 0 0 0 0 1 0 0 0
599 2 0 0 0 0 0 0 0 0 1 1 0 0
602 1 0 0 1 0 0 0 0 0 0 0 0 0
613 5 0 0 0 0 0 1 0 0 0 0 0 0
618 8 1 1 1 0 0 1 0 0 0 0 0 0
619 4 1 1 2 0 0 0 0 0 0 0 0 0
623 1 0 0 0 0 0 1 0 0 0 0 0 0
625 1 0 0 0 0 0 1 0 0 0 0 0 0
626 1 0 0 1 0 0 0 0 0 0 0 0 0
627 2 0 0 0 0 0 0 0 0 1 1 0 0
634 3 0 0 1 0 0 0 0 0 1 1 0 0
637 3 0 0 1 0 0 0 0 0 1 0 0 0
640 8 0 0 7 0 0 0 0 0 0 0 0 0
fn=openaux
61 21 0 0 0 0 0 7 0 0 0 0 0 0
64 77 1 1 28 0 0 14 0 0 0 0 0 0
65 7 0 0 7 0 0 0 0 0 0 0 0 0
68 7 0 0 7 0 0 0 0 0 0 0 0 0
69 14 0 0 14 0 0 0 0 0 0 0 0 0
fl=./elf/./elf/dl-environ.c
fn=_dl_next_ld_env_entry
28 3 1 1 0 0 0 0 0 0 0 0 0 0
29 3 0 0 3 0 0 0 0 0 0 0 0 0
32 127 0 0 42 0 0 0 0 0 42 2 0 0
34 82 0 0 41 0 0 0 0 0 41 22 0 0
35 28 1 1 14 0 0 0 0 0 14 9 0 0
37 2 0 0 0 0 0 0 0 0 0 0 0 0
40 4 0 0 0 0 0 2 0 0 0 0 0 0
42 2 0 0 2 0 0 0 0 0 0 0 0 0
45 39 0 0 0 0 0 0 0 0 0 0 0 0
49 1 0 0 1 0 0 0 0 0 0 0 0 0
fl=./elf/./elf/dl-error-skeleton.c
fn=_dl_catch_error
225 23 3 3 1 0 0 7 0 0 0 0 0 0
227 4 0 0 0 0 0 2 0 0 0 0 0 0
228 4 0 0 2 0 0 2 0 0 0 0 0 0
229 4 0 0 2 0 0 2 0 0 0 0 0 0
230 4 1 1 2 0 0 2 0 0 0 0 0 0
232 13 1 1 10 0 0 0 0 0 1 0 0 0
fn=_dl_catch_exception
175 57 4 4 1 0 0 37 2 2 0 0 0 0
178 18 0 0 0 0 0 0 0 0 9 1 0 0
180 19 0 0 10 2 0 9 0 0 0 0 0 0
199 9 0 0 0 0 0 9 0 0 0 0 0 0
200 18 0 0 0 0 0 9 0 0 0 0 0 0
203 18 0 0 0 0 0 9 0 0 0 0 0 0
206 63 1 1 0 0 0 9 1 1 9 0 0 0
208 27 1 1 18 0 0 9 0 0 0 0 9 3
209 19 0 0 10 0 0 9 0 0 0 0 0 0
210 36 0 0 9 0 0 18 0 0 0 0 0 0
219 39 1 1 20 0 0 0 0 0 1 0 0 0
fn=_dl_receive_error
238 6 0 0 0 0 0 2 0 0 0 0 0 0
239 1 0 0 1 0 0 0 0 0 0 0 0 0
240 1 0 0 1 0 0 0 0 0 0 0 0 0
243 1 1 1 0 0 0 1 0 0 0 0 0 0
244 1 0 0 0 0 0 1 0 0 0 0 0 0
246 1 0 0 0 0 0 1 0 0 0 0 1 1
248 1 0 0 0 0 0 1 0 0 0 0 0 0
249 1 0 0 0 0 0 1 0 0 0 0 0 0
250 4 0 0 3 0 0 0 0 0 0 0 0 0
fn=_rtld_catch_error
257 1 1 0 0 0 0 0 0 0 0 0 0 0
260 1 0 0 0 0 0 0 0 0 0 0 0 0
fl=./elf/./elf/dl-find_object.c
fn=_dl_find_object_init
561 4 1 1 0 0 0 2 0 0 0 0 0 0
564 1 1 1 1 1 0 0 0 0 0 0 0 0
566 2 0 0 1 0 0 0 0 0 1 1 0 0
567 3 1 1 0 0 0 1 0 0 0 0 0 0
579 2 0 0 0 0 0 1 0 0 0 0 0 0
580 3 0 0 1 0 0 1 0 0 0 0 0 0
582 2 1 1 0 0 0 0 0 0 1 0 0 0
585 2 1 1 0 0 0 0 0 0 1 0 0 0
590 1 0 0 0 0 0 1 0 0 0 0 0 0
591 1 0 0 0 0 0 1 0 0 0 0 0 0
594 3 0 0 1 0 0 0 0 0 1 1 0 0
596 2 1 1 0 0 0 1 0 0 0 0 0 0
599 6 0 0 3 0 0 1 0 0 0 0 0 0
601 1 0 0 0 0 0 0 0 0 0 0 0 0
604 4 0 0 3 0 0 0 0 0 0 0 0 0
fn=_dlfo_process_initial
474 4 0 0 0 0 0 2 0 0 0 0 0 0
475 2 0 0 2 0 0 0 0 0 0 0 0 0
477 2 0 0 0 0 0 0 0 0 0 0 0 0
478 4 0 0 2 0 0 0 0 0 2 0 0 0
504 24 2 2 4 1 0 0 0 0 4 0 0 0
505 30 0 0 2 0 0 0 0 0 14 4 0 0
506 12 0 0 12 0 0 0 0 0 0 0 0 0
508 44 1 1 10 0 0 0 0 0 22 4 0 0
511 40 0 0 10 0 0 0 0 0 10 3 0 0
513 30 1 1 10 1 0 0 0 0 10 3 0 0
515 10 0 0 0 0 0 5 0 0 0 0 0 0
516 10 0 0 0 0 0 0 0 0 0 0 0 0
517 20 0 0 0 0 0 0 0 0 0 0 0 0
529 2 0 0 0 0 0 2 0 0 0 0 0 0
531 8 0 0 4 0 0 0 0 0 0 0 0 0
fn=_dlfo_sort_mappings
536 1 1 1 0 0 0 0 0 0 0 0 0 0
537 2 0 0 0 0 0 0 0 0 1 0 0 0
540 20 0 0 4 0 0 0 0 0 4 3 0 0
544 8 0 0 4 0 0 0 0 0 0 0 0 0
545 50 0 0 0 0 0 0 0 0 14 6 0 0
546 58 1 1 10 0 0 0 0 0 10 6 0 0
553 16 0 0 8 0 0 0 0 0 0 0 0 0
554 20 0 0 8 0 0 8 0 0 0 0 0 0
555 8 0 0 0 0 0 8 0 0 0 0 0 0
557 1 0 0 1 0 0 0 0 0 0 0 0 0
fl=./elf/./elf/dl-hwcaps.c
fn=_dl_important_hwcaps
55 12 2 2 0 0 0 3 0 0 3 1 0 0
57 1 0 0 0 0 0 0 0 0 0 0 0 0
58 3 0 0 1 0 0 0 0 0 0 0 0 0
59 1 0 0 0 0 0 0 0 0 0 0 0 0
80 12 2 2 0 0 0 3 0 0 3 1 0 0
82 1 0 0 0 0 0 1 0 0 0 0 0 0
83 9 0 0 2 0 0 4 1 1 0 0 0 0
87 1 0 0 0 0 0 1 0 0 0 0 0 0
89 3 0 0 1 0 0 1 0 0 0 0 0 0
90 1 0 0 0 0 0 0 0 0 0 0 0 0
91 1 0 0 0 0 0 0 0 0 0 0 0 0
103 6 0 0 0 0 0 4 0 0 0 0 0 0
105 2 1 1 0 0 0 0 0 0 1 0 0 0
108 3 0 0 2 0 0 1 0 0 0 0 0 0
111 1 0 0 0 0 0 0 0 0 0 0 0 0
115 4 1 1 0 0 0 1 0 0 1 0 0 0
128 8 1 1 0 0 0 2 0 0 2 1 0 0
130 7 1 1 3 0 0 2 0 0 0 0 0 0
131 4 0 0 1 0 0 1 0 0 0 0 0 0
132 1 0 0 0 0 0 0 0 0 0 0 0 0
133 1 0 0 0 0 0 0 0 0 0 0 0 0
136 2 0 0 1 0 0 0 0 0 1 0 0 0
145 5 0 0 1 0 0 2 0 0 1 1 0 0
175 14 2 2 0 0 0 10 1 1 0 0 0 0
176 7 0 0 1 0 0 2 2 2 0 0 0 0
178 2 0 0 1 0 0 1 0 0 0 0 0 0
179 4 0 0 1 0 0 1 0 0 0 0 0 0
204 2 0 0 0 0 0 2 0 0 0 0 0 0
205 3 1 1 0 0 0 0 0 0 0 0 0 0
215 3 1 1 1 0 0 1 0 0 0 0 0 0
216 6 1 1 2 0 0 1 0 0 0 0 0 0
220 19 0 0 3 0 0 0 0 0 3 1 0 0
221 6 0 0 0 0 0 0 0 0 0 0 0 0
222 4 0 0 0 0 0 0 0 0 0 0 0 0
225 3 0 0 0 0 0 1 0 0 0 0 0 0
228 21 3 3 1 0 0 3 0 0 2 2 0 0
230 9 1 1 2 0 0 0 0 0 1 1 0 0
231 4 1 1 2 0 0 2 1 1 2 1 0 0
233 6 0 0 0 0 0 3 1 1 0 0 0 0
234 2 0 0 0 0 0 2 0 0 0 0 0 0
235 6 0 0 0 0 0 0 0 0 0 0 0 0
236 2 0 0 1 0 0 0 0 0 0 0 0 0
238 3 0 0 1 0 0 0 0 0 1 0 0 0
240 4 0 0 0 0 0 1 0 0 0 0 0 0
241 2 1 1 1 0 0 1 0 0 0 0 0 0
242 1 0 0 0 0 0 0 0 0 0 0 0 0
245 5 0 0 1 0 0 1 0 0 0 0 0 0
246 1 0 0 0 0 0 1 0 0 0 0 0 0
249 2 0 0 1 0 0 0 0 0 1 0 0 0
252 3 0 0 1 0 0 0 0 0 1 0 0 0
253 5 1 1 3 0 0 1 0 0 0 0 0 0
256 8 0 0 6 0 0 1 0 0 0 0 0 0
257 3 0 0 1 0 0 0 0 0 1 1 0 0
259 2 1 1 0 0 0 0 0 0 0 0 0 0
260 8 2 2 1 0 0 0 0 0 2 2 0 0
261 4 1 1 2 0 0 0 0 0 0 0 0 0
262 4 1 1 1 0 0 1 0 0 1 0 0 0
272 4 0 0 1 0 0 0 0 0 0 0 0 0
276 10 1 1 3 0 0 3 1 1 0 0 0 0
282 2 0 0 0 0 0 0 0 0 0 0 0 0
283 2 0 0 0 0 0 0 0 0 1 0 0 0
291 3 0 0 1 0 0 0 0 0 0 0 0 0
304 2 0 0 1 0 0 0 0 0 1 0 0 0
306 1 0 0 0 0 0 1 0 0 0 0 0 0
315 2 0 0 1 0 0 1 0 0 0 0 0 0
328 1 1 1 0 0 0 1 1 1 0 0 0 0
331 2 0 0 1 0 0 0 0 0 1 0 0 0
338 1 0 0 1 0 0 0 0 0 0 0 0 0
341 2 0 0 0 0 0 0 0 0 0 0 0 0
344 14 1 1 7 0 0 5 0 0 0 0 0 0
347 17 0 0 4 0 0 2 0 0 2 1 0 0
348 17 2 2 1 0 0 1 0 0 2 1 0 0
349 5 0 0 2 0 0 2 0 0 0 0 0 0
352 12 0 0 4 0 0 4 0 0 0 0 0 0
354 5 1 1 1 0 0 0 0 0 2 1 0 0
359 34 1 1 3 0 0 0 0 0 9 7 0 0
360 8 0 0 0 0 0 8 0 0 0 0 0 0
364 23 0 0 1 0 0 0 0 0 0 0 0 0
367 48 0 0 0 0 0 0 0 0 12 10 0 0
368 72 0 0 0 0 0 0 0 0 24 10 0 0
369 48 1 1 24 0 0 12 0 0 0 0 0 0
371 9 0 0 0 0 0 0 0 0 3 2 0 0
374 3 0 0 1 0 0 0 0 0 0 0 0 0
375 2 1 1 0 0 0 0 0 0 0 0 0 0
376 15 0 0 2 0 0 1 0 0 3 1 0 0
378 6 0 0 0 0 0 0 0 0 2 1 0 0
379 2 0 0 2 0 0 0 0 0 0 0 0 0
381 1 1 1 1 0 0 0 0 0 0 0 0 0
382 7 1 1 0 0 0 2 0 0 0 0 0 0
389 22 0 0 6 0 0 5 0 0 0 0 0 0
390 4 0 0 0 0 0 0 0 0 0 0 0 0
392 8 0 0 0 0 0 0 0 0 4 3 0 0
395 4 0 0 2 0 0 0 0 0 0 0 0 0
401 9 0 0 8 0 0 0 0 0 0 0 0 0
fl=./elf/./elf/dl-hwcaps_split.c
fn=_dl_hwcaps_contains
66 3 1 1 0 0 0 0 0 0 0 0 0 0
67 6 0 0 0 0 0 0 0 0 3 2 0 0
68 3 0 0 0 0 0 0 0 0 0 0 0 0
77 3 0 0 3 0 0 0 0 0 0 0 0 0
fn=_dl_hwcaps_split
25 4 1 1 0 0 0 2 0 0 0 0 0 0
26 3 0 0 1 0 0 0 0 0 1 1 0 0
27 1 0 0 0 0 0 0 0 0 0 0 0 0
47 4 1 1 3 0 0 0 0 0 0 0 0 0
fn=_dl_hwcaps_split_masked
26 42 0 0 14 0 0 0 0 0 14 2 0 0
30 24 0 0 12 0 0 12 0 0 0 0 0 0
34 72 1 1 18 1 1 0 0 0 18 6 0 0
35 12 0 0 0 0 0 6 0 0 0 0 0 0
36 24 0 0 0 0 0 0 0 0 12 3 0 0
41 27 0 0 0 0 0 9 0 0 0 0 0 0
42 18 0 0 0 0 0 0 0 0 9 3 0 0
43 9 0 0 0 0 0 3 0 0 0 0 0 0
45 6 0 0 0 0 0 0 0 0 0 0 0 0
51 40 1 1 0 0 0 16 0 0 0 0 0 0
55 5 1 1 0 0 0 0 0 0 0 0 0 0
56 18 0 0 9 0 0 9 0 0 0 0 0 0
57 27 0 0 0 0 0 9 0 0 0 0 0 0
58 36 0 0 3 0 0 3 0 0 12 6 0 0
62 32 0 0 24 0 0 0 0 0 0 0 0 0
fl=./elf/./elf/dl-init.c
fn=_dl_init
31 42 2 2 14 0 0 0 0 0 7 0 0 0
33 38 0 0 7 0 0 6 1 0 7 1 0 0
77 12 1 1 0 0 0 6 0 0 0 0 0 0
78 1 0 0 1 1 0 0 0 0 0 0 0 0
79 1 0 0 1 0 0 0 0 0 0 0 0 0
82 3 1 1 1 0 0 0 0 0 1 1 0 0
85 2 1 1 0 0 0 1 0 0 0 0 0 0
90 2 0 0 0 0 0 0 0 0 1 0 0 0
115 1 0 0 1 0 0 0 0 0 0 0 0 0
116 23 0 0 0 0 0 0 0 0 7 5 0 0
117 12 0 0 12 1 0 0 0 0 0 0 0 0
123 8 1 1 7 0 0 0 0 0 0 0 0 0
fn=call_init.part.0
26 54 1 1 0 0 0 30 0 0 0 0 0 0
39 18 1 1 6 0 0 6 0 0 0 0 0 0
42 18 0 0 12 4 0 0 0 0 6 2 0 0
43 2 0 0 0 0 0 0 0 0 1 1 0 0
47 10 0 0 5 0 0 0 0 0 5 0 0 0
55 15 0 0 5 4 0 0 0 0 5 2 0 0
56 18 0 0 6 3 0 3 0 0 0 0 3 3
59 5 1 1 5 3 0 0 0 0 0 0 0 0
60 10 0 0 0 0 0 0 0 0 5 2 0 0
66 9 0 0 6 1 0 0 0 0 0 0 0 0
68 6 0 0 6 0 0 0 0 0 0 0 0 0
69 35 0 0 0 0 0 0 0 0 8 2 0 0
70 20 0 0 5 3 0 5 0 0 0 0 5 5
72 36 1 1 36 0 0 0 0 0 0 0 0 0
fl=./elf/./elf/dl-load.c
fn=_dl_dst_count
238 42 1 1 0 0 0 35 1 1 0 0 0 0
241 14 0 0 0 0 0 7 0 0 0 0 0 0
244 14 0 0 0 0 0 0 0 0 7 0 0 0
245 7 1 1 0 0 0 0 0 0 0 0 0 0
264 49 0 0 42 0 0 0 0 0 0 0 0 0
fn=_dl_init_paths
706 13 1 1 0 0 0 8 0 0 0 0 0 0
720 4 1 1 0 0 0 2 1 1 0 0 0 0
725 1 0 0 0 0 0 1 0 0 0 0 0 0
727 2 0 0 0 0 0 0 0 0 1 0 0 0
734 5 0 0 0 0 0 0 0 0 0 0 0 0
735 2 1 1 1 0 0 0 0 0 0 0 0 0
739 4 0 0 0 0 0 1 1 1 0 0 0 0
741 4 0 0 2 0 0 0 0 0 1 0 0 0
747 1 0 0 0 0 0 1 0 0 0 0 0 0
748 1 1 1 0 0 0 1 0 0 0 0 0 0
756 8 0 0 0 0 0 4 0 0 0 0 0 0
758 8 0 0 0 0 0 4 1 1 0 0 0 0
759 4 0 0 0 0 0 4 0 0 0 0 0 0
761 5 0 0 0 0 0 4 1 1 0 0 0 0
762 7 0 0 3 1 1 4 1 1 0 0 0 0
763 7 1 1 0 0 0 0 0 0 0 0 0 0
766 9 0 0 3 1 1 0 0 0 3 0 0 0
767 10 0 0 5 0 0 1 0 0 4 3 0 0
768 18 0 0 0 0 0 4 0 0 0 0 0 0
770 26 3 3 6 0 0 6 0 0 4 1 0 0
776 1 0 0 0 0 0 1 0 0 0 0 0 0
777 1 0 0 0 0 0 1 0 0 0 0 0 0
782 1 0 0 1 0 0 0 0 0 0 0 0 0
785 3 0 0 0 0 0 0 0 0 0 0 0 0
787 4 0 0 1 0 0 0 0 0 1 0 0 0
789 3 1 1 1 0 0 0 0 0 1 1 0 0
806 1 0 0 0 0 0 1 0 0 0 0 0 0
808 3 2 2 1 0 0 0 0 0 1 1 0 0
822 2 1 1 0 0 0 1 0 0 0 0 0 0
825 5 1 1 2 0 0 0 0 0 2 1 0 0
827 23 1 1 2 0 0 2 0 0 2 2 0 0
831 2 0 0 0 0 0 0 0 0 0 0 0 0
832 60 1 1 15 0 0 0 0 0 15 10 0 0
833 14 0 0 0 0 0 0 0 0 0 0 0 0
834 28 0 0 0 0 0 0 0 0 0 0 0 0
836 1 0 0 0 0 0 1 0 0 0 0 0 0
837 1 0 0 0 0 0 0 0 0 0 0 0 0
838 2 1 1 0 0 0 0 0 0 1 0 0 0
844 6 0 0 1 0 0 1 0 0 0 0 0 0
847 3 0 0 2 0 0 0 0 0 1 0 0 0
853 1 0 0 0 0 0 1 0 0 0 0 0 0
857 8 0 0 7 0 0 0 0 0 0 0 0 0
fn=_dl_map_object
682 27 1 1 9 0 0 0 0 0 9 6 0 0
696 15 0 0 3 0 0 6 0 0 0 0 0 0
2022 80 1 1 0 0 0 64 5 5 0 0 0 0
2024 4 0 0 0 0 0 4 0 0 0 0 0 0
2030 16 0 0 0 0 0 0 0 0 8 0 0 0
2031 32 1 1 8 1 1 0 0 0 8 0 0 0
2034 142 0 0 34 0 0 0 0 0 34 9 0 0
2039 210 1 1 60 0 0 0 0 0 30 0 0 0
2041 150 0 0 0 0 0 30 0 0 30 4 0 0
2045 52 0 0 26 0 0 0 0 0 26 0 0 0
2046 78 0 0 26 0 0 0 0 0 26 7 0 0
2049 65 0 0 39 1 0 0 0 0 13 6 0 0
2050 39 1 1 13 0 0 0 0 0 0 0 0 0
2051 52 0 0 0 0 0 13 0 0 13 4 0 0
2068 28 2 2 8 0 0 4 0 0 4 0 0 0
2069 12 0 0 0 0 0 4 0 0 0 0 0 0
2077 12 0 0 4 0 0 0 0 0 4 0 0 0
2092 4 0 0 0 0 0 4 2 2 0 0 0 0
2094 20 0 0 0 0 0 4 0 0 4 3 0 0
2098 12 1 1 0 0 0 6 0 0 0 0 0 0
2100 6 0 0 3 0 0 0 0 0 3 0 0 0
2107 12 0 0 3 0 0 0 0 0 6 2 0 0
2111 6 1 1 3 0 0 3 0 0 0 0 0 0
2112 3 1 1 0 0 0 0 0 0 0 0 0 0
2116 9 0 0 3 0 0 0 0 0 3 2 0 0
2117 3 0 0 0 0 0 0 0 0 0 0 0 0
2131 15 1 1 6 0 0 0 0 0 3 0 0 0
2132 30 1 1 6 0 0 3 0 0 6 0 0 0
2133 3 0 0 0 0 0 0 0 0 0 0 0 0
2142 6 1 1 0 0 0 0 0 0 3 2 0 0
2157 9 1 1 3 0 0 0 0 0 3 0 0 0
2158 42 1 1 3 0 0 12 0 0 3 2 0 0
2164 15 1 1 3 0 0 0 0 0 6 0 0 0
2165 3 0 0 0 0 0 0 0 0 0 0 0 0
2173 3 1 1 0 0 0 3 0 0 0 0 0 0
2187 6 0 0 0 0 0 0 0 0 3 0 0 0
2189 9 0 0 3 0 0 0 0 0 3 0 0 0
2193 9 1 1 0 0 0 3 0 0 0 0 0 0
2195 6 0 0 0 0 0 0 0 0 3 0 0 0
2199 6 0 0 0 0 0 0 0 0 3 0 0 0
2207 9 0 0 3 0 0 0 0 0 3 0 0 0
2230 21 1 1 0 0 0 6 0 0 0 0 0 0
2234 9 0 0 3 0 0 0 0 0 3 0 0 0
2235 6 0 0 0 0 0 3 0 0 0 0 0 0
2252 6 1 1 3 0 0 0 0 0 3 0 0 0
2258 1 0 0 0 0 0 1 0 0 0 0 0 0
2259 4 1 1 0 0 0 1 0 0 0 0 0 0
2260 2 0 0 0 0 0 0 0 0 1 0 0 0
2261 3 0 0 0 0 0 0 0 0 1 0 0 0
2265 6 0 0 0 0 0 2 0 0 0 0 0 0
2268 3 1 1 1 0 0 0 0 0 1 0 0 0
2280 16 0 0 4 0 0 0 0 0 0 0 0 0
2282 12 1 1 0 0 0 0 0 0 3 0 0 0
2326 8 0 0 4 0 0 4 0 0 0 0 0 0
2327 60 1 1 12 0 0 20 0 0 0 0 0 0
2329 72 0 0 56 0 0 0 0 0 0 0 0 0
fn=_dl_map_object_from_fd
944 56 1 1 0 0 0 44 2 2 0 0 0 0
954 12 0 0 4 0 0 8 1 1 0 0 0 0
961 16 0 0 4 0 0 4 1 1 4 2 0 0
975 1 1 1 0 0 0 0 0 0 0 0 0 0
999 70 0 0 22 0 0 0 0 0 18 6 0 0
1000 28 0 0 14 0 0 0 0 0 14 0 0 0
1018 8 1 1 4 0 0 0 0 0 4 3 0 0
1046 16 1 1 4 0 0 4 0 0 4 0 0 0
1056 8 0 0 4 0 0 0 0 0 4 0 0 0
1063 32 1 1 20 0 0 4 0 0 0 0 0 0
1064 8 0 0 0 0 0 0 0 0 4 0 0 0
1075 12 0 0 8 0 0 4 1 1 0 0 0 0
1076 16 0 0 8 0 0 8 0 0 0 0 0 0
1077 8 1 1 4 0 0 4 0 0 0 0 0 0
1079 12 0 0 0 0 0 0 0 0 0 0 0 0
1080 16 0 0 8 0 0 0 0 0 4 1 0 0
1081 6 0 0 0 0 0 3 0 0 0 0 0 0
1084 17 3 3 1 0 0 1 0 0 2 2 0 0
1085 6 0 0 1 0 0 1 1 1 1 1 0 0
1096 8 0 0 0 0 0 4 0 0 0 0 0 0
1098 4 0 0 0 0 0 4 0 0 0 0 0 0
1100 88 2 2 8 0 0 4 0 0 8 3 0 0
1101 4 0 0 0 0 0 0 0 0 0 0 0 0
1102 4 0 0 0 0 0 4 0 0 0 0 0 0
1103 4 1 1 0 0 0 4 0 0 0 0 0 0
1104 4 0 0 0 0 0 0 0 0 0 0 0 0
1110 149 1 1 4 0 0 0 0 0 47 2 0 0
1111 367 2 2 43 4 4 0 0 0 183 50 0 0
1117 8 1 1 4 0 0 0 0 0 4 0 0 0
1124 9 0 0 5 0 0 4 0 0 0 0 0 0
1125 12 0 0 4 0 0 4 0 0 0 0 0 0
1126 40 1 1 8 0 0 4 0 0 0 0 0 0
1131 2 0 0 1 0 0 1 0 0 0 0 0 0
1132 1 0 0 0 0 0 0 0 0 0 0 0 0
1137 96 0 0 32 0 0 4 0 0 14 0 0 0
1145 28 0 0 0 0 0 0 0 0 0 0 0 0
1146 106 0 0 0 0 0 18 7 7 0 0 0 0
1147 42 1 1 14 0 0 0 0 0 0 0 0 0
1148 42 0 0 0 0 0 14 0 0 0 0 0 0
1149 28 1 1 14 0 0 14 1 1 0 0 0 0
1151 98 0 0 14 0 0 0 0 0 0 0 0 0
1153 28 0 0 14 0 0 14 0 0 0 0 0 0
1157 28 0 0 0 0 0 0 0 0 14 4 0 0
1158 50 0 0 20 0 0 10 0 0 0 0 0 0
1162 28 1 1 0 0 0 0 0 0 0 0 0 0
1163 112 0 0 14 0 0 14 3 3 0 0 0 0
1173 14 0 0 0 0 0 0 0 0 0 0 0 0
1176 3 0 0 1 0 0 0 0 0 1 0 0 0
1180 4 0 0 0 0 0 1 1 1 0 0 0 0
1181 1 0 0 1 0 0 0 0 0 0 0 0 0
1185 5 1 1 0 0 0 1 0 0 0 0 0 0
1186 2 0 0 1 0 0 1 0 0 0 0 0 0
1189 1 0 0 0 0 0 1 0 0 0 0 0 0
1194 4 0 0 1 0 0 0 0 0 1 1 0 0
1195 8 0 0 4 0 0 4 0 0 0 0 0 0
1201 20 1 1 4 0 0 4 0 0 0 0 0 0
1209 8 1 1 4 0 0 4 0 0 0 0 0 0
1210 4 0 0 0 0 0 0 0 0 0 0 0 0
1213 16 0 0 8 0 0 4 1 1 0 0 0 0
1218 12 0 0 0 0 0 0 0 0 4 0 0 0
1228 64 0 0 0 0 0 0 0 0 14 9 0 0
1229 28 0 0 0 0 0 14 0 0 0 0 0 0
1235 8 1 1 0 0 0 0 0 0 4 0 0 0
1245 16 0 0 8 0 0 0 0 0 8 0 0 0
1252 28 1 1 12 0 0 4 0 0 0 0 0 0
1268 16 2 2 8 0 0 0 0 0 4 0 0 0
1269 12 0 0 4 0 0 4 0 0 0 0 0 0
1275 14 1 1 3 0 0 0 0 0 0 0 0 0
1276 8 0 0 0 0 0 0 0 0 4 4 0 0
1278 8 1 1 0 0 0 0 0 0 4 4 0 0
1288 12 0 0 4 0 0 0 0 0 4 0 0 0
1307 12 0 0 4 0 0 4 0 0 0 0 0 0
1309 20 1 1 8 0 0 0 0 0 4 0 0 0
1361 12 0 0 4 3 3 0 0 0 4 3 0 0
1362 2 0 0 1 0 0 1 0 0 0 0 0 0
1368 133 1 1 53 0 0 10 0 0 47 4 0 0
1369 201 0 0 43 36 36 0 0 0 79 34 0 0
1375 55 1 1 3 0 0 3 0 0 0 0 0 0
1380 16 1 1 4 0 0 4 0 0 4 0 0 0
1393 8 0 0 4 0 0 0 0 0 4 0 0 0
1395 16 0 0 8 0 0 4 0 0 0 0 0 0
1397 8 1 1 4 0 0 0 0 0 4 0 0 0
1413 8 0 0 0 0 0 4 0 0 0 0 0 0
1417 8 0 0 4 0 0 0 0 0 4 0 0 0
1418 8 0 0 4 0 0 0 0 0 4 0 0 0
1435 8 0 0 4 0 0 0 0 0 4 2 0 0
1436 1 0 0 0 0 0 1 0 0 0 0 0 0
1439 8 1 1 4 0 0 4 0 0 0 0 0 0
1444 8 0 0 4 0 0 0 0 0 4 0 0 0
1454 8 0 0 4 0 0 0 0 0 4 0 0 0
1461 24 0 0 8 0 0 0 0 0 4 3 0 0
1462 12 1 1 4 0 0 0 0 0 4 1 0 0
1463 27 0 0 9 0 0 3 0 0 6 5 0 0
1464 9 0 0 3 0 0 0 0 0 0 0 0 0
1465 5 0 0 1 0 0 1 0 0 0 0 0 0
1471 8 1 1 4 0 0 0 0 0 4 3 0 0
1472 4 0 0 1 0 0 0 0 0 1 0 0 0
1477 2 0 0 0 0 0 1 0 0 0 0 0 0
1484 12 0 0 4 0 0 4 0 0 0 0 0 0
1487 16 0 0 8 0 0 0 0 0 4 4 0 0
1506 17 2 2 6 0 0 0 0 0 4 4 0 0
1510 28 1 1 12 0 0 0 0 0 4 0 0 0
1511 16 0 0 4 0 0 4 0 0 0 0 0 0
1515 36 1 1 28 0 0 0 0 0 0 0 0 0
fn=_dl_process_pt_gnu_property
868 8 1 1 0 0 0 0 0 0 0 0 0 0
869 8 1 1 8 0 0 0 0 0 0 0 0 0
870 4 0 0 4 0 0 0 0 0 0 0 0 0
876 8 0 0 4 0 0 0 0 0 4 0 0 0
882 20 0 0 0 0 0 0 0 0 4 0 0 0
885 12 0 0 4 3 3 0 0 0 4 0 0 0
886 8 0 0 4 0 0 0 0 0 4 0 0 0
887 8 1 1 4 0 0 0 0 0 4 0 0 0
930 4 0 0 4 0 0 0 0 0 0 0 0 0
fn=expand_dynamic_string_token
241 6 1 1 0 0 0 2 0 0 0 0 0 0
244 4 0 0 0 0 0 0 0 0 2 0 0 0
385 18 1 1 0 0 0 12 0 0 0 0 0 0
399 4 0 0 0 0 0 0 0 0 0 0 0 0
410 14 0 0 12 0 0 0 0 0 0 0 0 0
fn=fillin_rpath.isra.0
468 15 2 2 0 0 0 11 0 0 0 0 0 0
472 1 0 0 0 0 0 0 0 0 0 0 0 0
474 12 0 0 2 0 0 2 0 0 2 1 0 0
481 2 0 0 1 0 0 0 0 0 1 0 0 0
483 4 0 0 1 0 0 1 0 0 0 0 0 0
487 2 0 0 0 0 0 0 0 0 1 0 0 0
492 3 1 1 0 0 0 1 0 0 0 0 0 0
493 2 0 0 0 0 0 0 0 0 1 1 0 0
500 5 0 0 1 0 0 0 0 0 2 2 0 0
505 4 1 1 0 0 0 2 0 0 0 0 0 0
509 15 1 1 5 0 0 0 0 0 5 2 0 0
510 8 0 0 4 0 0 0 0 0 4 4 0 0
528 6 2 2 1 0 0 1 0 0 1 1 0 0
532 3 1 1 2 0 0 0 0 0 0 0 0 0
534 2 0 0 0 0 0 0 0 0 1 0 0 0
538 1 0 0 0 0 0 1 0 0 0 0 0 0
539 2 0 0 1 0 0 0 0 0 0 0 0 0
540 4 0 0 0 0 0 2 0 0 0 0 0 0
541 1 0 0 0 0 0 1 0 0 0 0 0 0
543 2 1 1 1 0 0 0 0 0 1 1 0 0
549 4 0 0 1 0 0 0 0 0 0 0 0 0
550 25 2 2 1 0 0 0 0 0 6 2 0 0
551 8 0 0 0 0 0 3 0 0 0 0 0 0
553 2 0 0 1 0 0 1 0 0 0 0 0 0
554 3 0 0 1 0 0 0 0 0 1 1 0 0
555 1 0 0 0 0 0 1 0 0 0 0 0 0
561 2 0 0 1 0 0 1 0 0 0 0 0 0
562 2 0 0 0 0 0 1 0 0 0 0 0 0
565 2 1 1 0 0 0 1 0 0 0 0 0 0
571 1 0 0 0 0 0 1 0 0 0 0 0 0
574 8 0 0 7 0 0 0 0 0 0 0 0 0
fn=open_path
1870 42 2 2 3 0 0 33 3 3 0 0 0 0
1871 6 0 0 3 0 0 3 0 0 0 0 0 0
1874 3 0 0 0 0 0 3 0 0 0 0 0 0
1875 6 1 1 0 0 0 6 0 0 0 0 0 0
1877 6 0 0 0 0 0 0 0 0 3 0 0 0
1882 63 2 2 9 0 0 0 0 0 6 4 0 0
1885 6 0 0 6 0 0 0 0 0 0 0 0 0
1889 3 0 0 0 0 0 3 0 0 0 0 0 0
1894 18 1 1 3 0 0 3 0 0 3 0 0 0
1901 15 0 0 6 0 0 3 1 1 0 0 0 0
1902 155 2 2 14 0 0 0 0 0 30 3 0 0
1905 54 0 0 27 0 0 0 0 0 27 10 0 0
1910 132 1 1 55 0 0 22 0 0 0 0 0 0
1913 22 0 0 0 0 0 11 0 0 0 0 0 0
1919 33 0 0 11 0 0 0 0 0 11 0 0 0
1922 77 1 1 33 0 0 11 0 0 0 0 0 0
1924 33 0 0 11 0 0 0 0 0 11 2 0 0
1926 18 0 0 0 0 0 0 0 0 9 2 0 0
1931 18 1 1 0 0 0 0 0 0 9 0 0 0
1932 63 0 0 27 0 0 0 0 0 9 0 0 0
1938 27 1 1 18 0 0 9 0 0 0 0 0 0
1940 54 0 0 9 0 0 9 0 0 9 2 0 0
1941 2 0 0 1 1 1 0 0 0 0 0 0 0
1943 35 1 1 1 0 0 10 0 0 0 0 0 0
1950 8 0 0 2 0 0 0 0 0 0 0 0 0
1952 4 0 0 0 0 0 0 0 0 2 0 0 0
1960 15 0 0 0 0 0 3 0 0 0 0 0 0
1988 3 0 0 0 0 0 0 0 0 0 0 0 0
1991 24 2 2 6 0 0 0 0 0 6 0 0 0
1996 6 0 0 6 0 0 0 0 0 0 0 0 0
1998 12 0 0 9 0 0 0 0 0 3 0 0 0
2001 9 0 0 3 0 0 0 0 0 3 0 0 0
2015 27 0 0 21 0 0 0 0 0 0 0 0 0
fn=open_verify.constprop.0
1568 154 1 1 0 0 0 84 0 0 0 0 0 0
1607 42 0 0 14 0 0 0 0 0 14 0 0 0
1612 22 1 1 0 0 0 0 0 0 0 0 0 0
1626 70 0 0 0 0 0 14 1 1 0 0 0 0
1628 28 1 1 0 0 0 0 0 0 14 4 0 0
1633 3 0 0 0 0 0 0 0 0 0 0 0 0
1639 3 0 0 0 0 0 3 0 0 0 0 0 0
1640 3 0 0 0 0 0 3 0 0 0 0 0 0
1645 30 0 0 3 0 0 6 0 0 0 0 0 0
1647 6 1 1 0 0 0 0 0 0 3 0 0 0
1649 6 0 0 3 0 0 3 0 0 0 0 0 0
1651 6 0 0 0 0 0 0 0 0 3 0 0 0
1657 6 0 0 0 0 0 0 0 0 3 0 0 0
1674 48 3 3 17 0 0 0 0 0 17 7 0 0
1748 6 1 1 3 0 0 0 0 0 3 0 0 0
1753 6 0 0 3 0 0 0 0 0 3 0 0 0
1755 12 0 0 3 0 0 0 0 0 3 0 0 0
1761 6 0 0 3 1 1 0 0 0 3 0 0 0
1767 15 1 1 3 0 0 0 0 0 0 0 0 0
1768 12 0 0 3 0 0 0 0 0 3 1 0 0
1769 4 0 0 2 0 0 0 0 0 0 0 0 0
1772 16 3 3 1 0 0 0 0 0 2 2 0 0
1773 9 1 1 1 0 0 2 0 0 1 0 0 0
1789 143 0 0 1 0 0 0 0 0 24 1 0 0
1790 61 0 0 28 4 4 0 0 0 28 16 0 0
1791 20 1 1 5 1 1 0 0 0 5 0 0 0
1795 20 0 0 10 0 0 0 0 0 5 4 0 0
1796 9 0 0 3 0 0 0 0 0 0 0 0 0
1801 4 0 0 0 0 0 0 0 0 2 0 0 0
1802 32 1 1 2 0 0 0 0 0 4 4 0 0
1812 28 1 1 6 0 0 8 1 1 2 0 0 0
1820 51 2 2 14 4 4 0 0 0 7 5 0 0
1822 5 0 0 0 0 0 0 0 0 0 0 0 0
1823 45 2 2 15 0 0 0 0 0 0 0 0 0
1826 15 0 0 0 0 0 0 0 0 5 5 0 0
1831 2 0 0 0 0 0 0 0 0 0 0 0 0
1832 10 0 0 3 0 0 0 0 0 0 0 0 0
1835 4 0 0 0 0 0 0 0 0 2 0 0 0
1838 6 0 0 2 0 0 0 0 0 0 0 0 0
1839 10 0 0 2 0 0 0 0 0 0 0 0 0
1840 4 0 0 2 0 0 0 0 0 0 0 0 0
1841 6 0 0 2 0 0 0 0 0 2 0 0 0
1842 6 0 0 2 0 0 0 0 0 2 2 0 0
1856 126 1 1 98 0 0 0 0 0 0 0 0 0
fn=open_verify.constprop.1
1568 11 1 1 0 0 0 6 0 0 0 0 0 0
1607 3 1 1 1 0 0 0 0 0 1 0 0 0
1626 5 0 0 0 0 0 1 1 1 0 0 0 0
1628 2 0 0 0 0 0 0 0 0 1 0 0 0
1633 1 0 0 0 0 0 0 0 0 0 0 0 0
1639 1 0 0 0 0 0 1 0 0 0 0 0 0
1640 1 0 0 0 0 0 1 1 1 0 0 0 0
1645 10 1 1 1 0 0 2 0 0 0 0 0 0
1647 2 0 0 0 0 0 0 0 0 1 0 0 0
1649 2 0 0 1 0 0 1 0 0 0 0 0 0
1651 2 0 0 0 0 0 0 0 0 1 0 0 0
1657 2 0 0 0 0 0 0 0 0 1 0 0 0
1674 14 2 2 5 0 0 0 0 0 5 1 0 0
1748 2 0 0 1 0 0 0 0 0 1 0 0 0
1753 2 0 0 1 0 0 0 0 0 1 0 0 0
1755 4 1 1 1 0 0 0 0 0 1 0 0 0
1761 2 0 0 1 0 0 0 0 0 1 0 0 0
1767 5 0 0 1 1 1 0 0 0 0 0 0 0
1768 4 0 0 1 0 0 0 0 0 1 0 0 0
1769 2 0 0 1 0 0 0 0 0 0 0 0 0
1789 70 1 1 0 0 0 0 0 0 12 1 0 0
1790 28 1 1 13 7 7 0 0 0 13 7 0 0
1791 8 0 0 2 1 1 0 0 0 2 0 0 0
1795 8 0 0 4 0 0 0 0 0 2 2 0 0
1796 6 1 1 2 0 0 0 0 0 0 0 0 0
1820 15 1 1 4 2 2 0 0 0 2 2 0 0
1822 2 0 0 0 0 0 0 0 0 0 0 0 0
1823 18 1 1 6 0 0 0 0 0 0 0 0 0
1826 6 0 0 0 0 0 0 0 0 2 2 0 0
1832 4 1 1 2 0 0 0 0 0 0 0 0 0
1856 9 0 0 7 0 0 0 0 0 0 0 0 0
fl=./elf/./elf/dl-lookup-direct.c
fn=_dl_lookup_direct
32 15 1 1 9 0 0 0 0 0 3 3 0 0
33 9 0 0 0 0 0 0 0 0 0 0 0 0
35 6 0 0 3 2 1 0 0 0 0 0 0 0
36 6 0 0 3 0 0 0 0 0 3 0 0 0
48 12 0 0 3 0 0 6 0 0 3 0 0 0
51 6 1 1 6 0 0 0 0 0 0 0 0 0
53 18 0 0 3 0 0 3 0 0 3 0 0 0
57 9 0 0 9 0 0 0 0 0 0 0 0 0
58 21 1 1 9 0 0 0 0 0 3 0 0 0
59 15 0 0 6 0 0 3 0 0 3 0 0 0
74 36 2 2 0 0 0 24 0 0 0 0 0 0
76 6 0 0 3 0 0 0 0 0 3 0 0 0
78 21 0 0 9 0 0 0 0 0 0 0 0 0
79 6 1 1 0 0 0 0 0 0 3 1 0 0
81 12 0 0 3 0 0 3 0 0 0 0 0 0
84 25 0 0 5 2 0 0 0 0 5 2 0 0
86 9 0 0 3 0 0 0 0 0 0 0 0 0
93 6 1 1 0 0 0 0 0 0 2 2 0 0
115 3 0 0 0 0 0 0 0 0 0 0 0 0
116 27 0 0 21 0 0 0 0 0 0 0 0 0
fl=./elf/./elf/dl-lookup.c
fn=_dl_lookup_symbol_x
204 1476 0 0 492 0 0 492 2 0 0 0 0 0
580 492 0 0 0 0 0 0 0 0 0 0 0 0
581 13484 0 0 3371 142 126 0 0 0 3371 321 0 0
582 12500 2 1 0 0 0 0 0 0 0 0 0 0
583 246 0 0 0 0 0 0 0 0 0 0 0 0
840 3444 4 2 0 0 0 2460 6 0 0 0 0 0
842 492 0 0 0 0 0 246 0 0 0 0 0 0
843 492 0 0 0 0 0 246 0 0 0 0 0 0
846 246 0 0 246 3 0 0 0 0 0 0 0 0
850 1911 1 1 719 0 0 246 1 0 473 16 0 0
852 1476 3 1 246 0 0 246 0 0 0 0 0 0
853 492 1 0 246 0 0 0 0 0 246 0 0 0
855 492 0 0 492 3 0 0 0 0 0 0 0 0
859 567 0 0 15 0 0 0 0 0 261 2 0 0
860 4182 3 1 1476 0 0 1722 4 1 246 2 0 0
865 738 0 0 246 0 0 0 0 0 246 2 0 0
867 90 1 1 15 0 0 0 0 0 30 2 0 0
884 246 2 1 0 0 0 246 0 0 0 0 0 0
885 45 1 1 0 0 0 0 0 0 0 0 0 0
888 492 0 0 246 0 0 0 0 0 0 0 0 0
889 1597 0 0 226 0 0 0 0 0 457 8 0 0
896 231 3 1 231 0 0 0 0 0 0 0 0 0
929 924 0 0 231 0 0 0 0 0 231 1 0 0
943 693 0 0 231 8 0 0 0 0 231 1 0 0
944 2 1 1 0 0 0 1 0 0 0 0 0 0
946 693 0 0 231 0 0 0 0 0 231 1 0 0
953 2214 0 0 1722 0 0 0 0 0 0 0 0 0
1008 462 0 0 231 0 0 0 0 0 0 0 0 0
fn=check_match
70 3146 3 1 484 0 0 1210 2 1 0 0 0 0
73 1694 2 1 484 176 159 0 0 0 246 9 0 0
78 230 1 1 0 0 0 0 0 0 0 0 0 0
86 1190 0 0 0 0 0 0 0 0 238 0 0 0
89 1484 0 0 336 0 0 168 1 0 406 25 0 0
93 238 0 0 238 7 0 0 0 0 0 0 0 0
94 476 0 0 0 0 0 0 0 0 238 6 0 0
96 468 1 1 0 0 0 0 0 0 234 0 0 0
115 468 0 0 468 105 41 0 0 0 0 0 0 0
116 1872 0 0 702 23 0 0 0 0 234 20 0 0
117 1135 2 2 454 3 0 227 0 0 227 17 0 0
118 14 0 0 7 0 0 0 0 0 0 0 0 0
119 14 0 0 0 0 0 0 0 0 7 6 0 0
144 8 1 0 0 0 0 0 0 0 4 0 0 0
146 24 0 0 8 3 2 0 0 0 4 3 0 0
147 16 0 0 0 0 0 0 0 0 0 0 0 0
150 2 0 0 0 0 0 0 0 0 1 0 0 0
151 7 1 0 3 0 0 1 0 0 1 0 0 0
153 3 0 0 1 0 0 1 0 0 0 0 0 0
155 16 0 0 0 0 0 0 0 0 0 0 0 0
162 1452 0 0 1452 0 0 0 0 0 0 0 0 0
fn=do_lookup_x
171 252 4 2 180 0 0 0 0 0 0 0 0 0
363 3198 4 2 492 0 0 2214 6 1 0 0 0 0
364 246 0 0 246 3 0 0 0 0 0 0 0 0
370 246 0 0 246 0 0 0 0 0 0 0 0 0
374 2436 2 1 2436 22 0 0 0 0 0 0 0 0
377 2436 0 0 0 0 0 0 0 0 1218 0 0 0
381 3912 2 1 246 0 0 738 3 1 1218 15 0 0
385 2436 0 0 1218 14 0 0 0 0 1218 0 0 0
389 2436 2 1 1218 3 0 0 0 0 1218 12 0 0
395 3654 2 1 1218 5 0 0 0 0 1218 0 0 0
399 1218 0 0 0 0 0 1218 0 0 0 0 0 0
400 1218 0 0 0 0 0 1218 0 0 0 0 0 0
403 6090 0 0 3654 33 0 0 0 0 1218 4 0 0
404 3654 2 1 2436 9 0 1218 0 0 0 0 0 0
407 1218 0 0 1218 0 0 0 0 0 0 0 0 0
408 2436 0 0 0 0 0 0 0 0 1218 0 0 0
410 1218 0 0 1218 151 51 0 0 0 0 0 0 0
411 738 0 0 0 0 0 246 0 0 0 0 0 0
412 2436 0 0 2436 0 0 0 0 0 0 0 0 0
415 6090 0 0 2436 0 0 0 0 0 0 0 0 0
418 8526 0 0 0 0 0 0 0 0 1218 298 0 0
421 550 0 0 550 167 89 0 0 0 0 0 0 0
422 1100 2 1 0 0 0 0 0 0 0 0 0 0
423 550 0 0 0 0 0 0 0 0 275 10 0 0
425 3192 2 1 798 0 0 1330 0 0 0 0 0 0
428 2965 2 1 593 227 156 0 0 0 593 257 0 0
430 726 0 0 242 0 0 0 0 0 0 0 0 0
431 3388 2 1 1210 0 0 1452 3 1 0 0 0 0
432 484 0 0 0 0 0 0 0 0 0 0 0 0
435 726 0 0 0 0 0 0 0 0 242 17 0 0
438 1113 0 0 12 0 0 0 0 0 363 34 0 0
452 1840 1 1 1150 0 0 0 0 0 0 0 0 0
469 73 2 1 37 0 0 0 0 0 36 4 0 0
471 2 0 0 0 0 0 0 0 0 1 1 0 0
477 462 2 1 231 0 0 0 0 0 231 0 0 0
528 462 0 0 0 0 0 0 0 0 231 1 0 0
535 1548 0 0 231 0 0 0 0 0 543 55 0 0
539 225 3 1 75 3 0 0 0 0 75 3 0 0
551 462 0 0 231 0 0 231 0 0 0 0 0 0
552 231 0 0 0 0 0 231 0 0 0 0 0 0
553 462 0 0 0 0 0 0 0 0 0 0 0 0
570 2961 0 0 0 0 0 0 0 0 987 15 0 0
573 15 0 0 0 0 0 0 0 0 0 0 0 0
574 1968 2 1 1722 0 0 0 0 0 0 0 0 0
fl=./elf/./elf/dl-minimal-malloc.c
fn=__minimal_calloc
78 60 2 2 0 0 0 0 0 0 0 0 0 0
82 12 0 0 0 0 0 0 0 0 0 0 0 0
85 12 0 0 0 0 0 0 0 0 0 0 0 0
86 36 0 0 0 0 0 0 0 0 12 9 0 0
fn=__minimal_free
95 5 0 0 0 0 0 0 0 0 0 0 0 0
97 20 1 1 10 0 0 0 0 0 5 0 0 0
fn=__minimal_malloc
35 170 1 1 0 0 0 68 1 1 0 0 0 0
36 102 0 0 34 2 1 0 0 0 34 1 0 0
41 3 0 0 0 0 0 1 0 0 0 0 0 0
42 2 1 1 1 0 0 0 0 0 0 0 0 0
43 2 0 0 0 0 0 0 0 0 0 0 0 0
47 136 1 1 34 0 0 34 0 0 0 0 0 0
50 230 0 0 0 0 0 0 0 0 66 2 0 0
55 8 2 1 2 0 0 0 0 0 0 0 0 0
56 8 0 0 0 0 0 0 0 0 2 0 0 0
58 2 0 0 0 0 0 0 0 0 0 0 0 0
59 16 0 0 0 0 0 2 0 0 0 0 0 0
61 4 0 0 0 0 0 0 0 0 2 0 0 0
63 4 0 0 2 0 0 0 0 0 2 0 0 0
65 6 0 0 0 0 0 2 0 0 0 0 0 0
68 34 0 0 0 0 0 34 2 1 0 0 0 0
69 36 0 0 0 0 0 34 0 0 0 0 0 0
71 136 0 0 102 0 0 0 0 0 0 0 0 0
fl=./elf/./elf/dl-minimal.c
fn=__rtld_malloc_init_real
76 8 1 1 0 0 0 5 0 0 0 0 0 0
86 2 0 0 0 0 0 1 0 0 0 0 0 0
87 1 0 0 0 0 0 1 0 0 0 0 0 0
89 1 0 0 0 0 0 1 0 0 0 0 0 0
91 6 0 0 0 0 0 1 0 0 0 0 0 0
92 5 1 1 0 0 0 1 0 0 0 0 0 0
93 5 0 0 0 0 0 1 0 0 0 0 0 0
94 4 0 0 0 0 0 1 0 0 0 0 0 0
99 1 0 0 0 0 0 1 0 0 0 0 0 0
100 1 0 0 0 0 0 1 0 0 0 0 0 0
101 1 1 1 0 0 0 1 0 0 0 0 0 0
102 1 0 0 0 0 0 1 0 0 0 0 0 0
103 7 0 0 6 0 0 0 0 0 0 0 0 0
fn=__rtld_malloc_init_stubs
42 1 1 1 0 0 0 0 0 0 0 0 0 0
43 2 0 0 0 0 0 1 1 1 0 0 0 0
44 2 0 0 0 0 0 1 0 0 0 0 0 0
45 2 1 1 0 0 0 1 0 0 0 0 0 0
46 2 0 0 0 0 0 1 0 0 0 0 0 0
47 1 0 0 1 0 0 0 0 0 0 0 0 0
fn=lookup_malloc_symbol
61 28 1 1 0 0 0 12 0 0 0 0 0 0
63 4 0 0 0 0 0 4 0 0 0 0 0 0
64 28 1 1 4 0 0 12 0 0 0 0 0 0
68 28 0 0 16 0 0 0 0 0 4 0 0 0
69 28 0 0 12 0 0 0 0 0 4 0 0 0
71 4 1 1 0 0 0 4 0 0 0 0 0 0
72 20 0 0 16 0 0 0 0 0 0 0 0 0
fn=strsep
239 2 1 1 0 0 0 0 0 0 0 0 0 0
242 4 0 0 2 1 1 0 0 0 2 0 0 0
244 2 0 0 2 0 0 0 0 0 0 0 0 0
245 4 0 0 0 0 0 0 0 0 2 1 0 0
249 77 1 1 15 0 0 0 0 0 15 4 0 0
254 56 0 0 28 0 0 0 0 0 28 7 0 0
256 84 0 0 28 1 1 0 0 0 28 3 0 0
264 14 0 0 0 0 0 0 0 0 0 0 0 0
267 1 0 0 0 0 0 1 0 0 0 0 0 0
271 4 0 0 2 0 0 0 0 0 0 0 0 0
fl=./elf/./elf/dl-misc.c
fn=_dl_name_match_p
68 384 1 1 0 0 0 128 2 1 0 0 0 0
69 256 0 0 64 0 0 64 0 0 64 0 0 0
70 11 0 0 0 0 0 0 0 0 0 0 0 0
72 64 0 0 64 0 0 0 0 0 0 0 0 0
74 254 0 0 0 0 0 0 0 0 127 42 0 0
75 370 1 1 74 0 0 74 0 0 74 18 0 0
80 63 0 0 63 0 0 0 0 0 0 0 0 0
82 53 0 0 0 0 0 0 0 0 0 0 0 0
83 256 0 0 192 0 0 0 0 0 0 0 0 0
fn=_dl_sysdep_read_whole_file
36 9 1 1 0 0 0 4 0 0 0 0 0 0
39 3 0 0 0 0 0 1 0 0 0 0 0 0
40 2 0 0 0 0 0 0 0 0 1 1 0 0
42 6 1 1 0 0 0 1 0 0 1 0 0 0
44 2 0 0 1 0 0 1 1 1 0 0 0 0
47 2 0 0 0 0 0 0 0 0 1 1 0 0
49 8 0 0 0 0 0 1 0 0 0 0 0 0
60 3 0 0 0 0 0 1 0 0 0 0 0 0
63 7 0 0 5 0 0 0 0 0 0 0 0 0
fl=./elf/./elf/dl-object.c
fn=_dl_add_to_namespace_list
31 30 2 2 0 0 0 15 0 0 0 0 0 0
33 15 0 0 5 0 0 5 0 0 0 0 5 1
35 39 0 0 5 0 0 0 0 0 5 1 0 0
38 56 0 0 14 0 0 0 0 0 14 10 0 0
40 4 0 0 0 0 0 4 0 0 0 0 0 0
42 4 0 0 0 0 0 4 0 0 0 0 0 0
45 2 0 0 0 0 0 1 0 0 0 0 0 0
46 15 1 1 5 0 0 0 0 0 0 0 0 0
47 10 0 0 5 0 0 5 0 0 0 0 0 0
48 10 0 0 0 0 0 5 0 0 0 0 0 0
50 10 0 0 5 0 0 0 0 0 0 0 5 1
51 15 0 0 15 0 0 0 0 0 0 0 0 0
fn=_dl_new_object
59 70 1 1 0 0 0 40 3 3 0 0 0 0
62 10 1 1 0 0 0 0 0 0 5 1 0 0
64 2 2 2 0 0 0 0 0 0 1 1 0 0
66 3 0 0 1 0 0 0 0 0 1 0 0 0
67 2 1 1 0 0 0 0 0 0 1 0 0 0
71 2 0 0 0 0 0 0 0 0 0 0 0 0
77 5 0 0 0 0 0 1 0 0 0 0 0 0
80 8 0 0 4 0 0 4 0 0 0 0 0 0
83 16 0 0 0 0 0 4 0 0 0 0 0 0
87 8 0 0 0 0 0 0 0 0 0 0 0 0
92 9 0 0 0 0 0 5 0 0 0 0 0 0
95 10 0 0 0 0 0 0 0 0 5 0 0 0
98 5 0 0 0 0 0 5 4 4 0 0 0 0
99 5 0 0 0 0 0 5 5 5 0 0 0 0
100 10 0 0 5 0 0 0 0 0 0 0 0 0
103 10 0 0 0 0 0 5 1 1 0 0 0 0
104 35 1 1 10 0 0 15 3 3 0 0 0 0
106 5 0 0 0 0 0 5 0 0 0 0 0 0
119 18 0 0 9 0 0 0 0 0 9 5 0 0
125 1 0 0 0 0 0 0 0 0 0 0 0 0
127 35 1 1 10 5 5 10 0 0 0 0 0 0
130 10 0 0 5 0 0 0 0 0 5 4 0 0
131 14 1 1 0 0 0 5 5 5 0 0 0 0
132 5 0 0 0 0 0 5 0 0 0 0 0 0
136 5 0 0 0 0 0 5 0 0 0 0 0 0
139 72 1 1 6 0 0 0 0 0 22 13 0 0
141 16 0 0 0 0 0 16 4 4 0 0 0 0
149 10 1 1 0 0 0 5 0 0 0 0 0 0
150 5 0 0 0 0 0 5 5 5 0 0 0 0
153 1 1 1 0 0 0 0 0 0 0 0 0 0
155 30 0 0 5 1 1 0 0 0 5 1 0 0
157 16 0 0 0 0 0 4 1 1 0 0 0 0
160 12 0 0 0 0 0 0 0 0 5 0 0 0
164 16 0 0 4 0 0 0 0 0 4 0 0 0
168 24 1 1 4 0 0 0 0 0 8 4 0 0
176 2 1 1 0 0 0 1 0 0 0 0 0 0
179 10 0 0 0 0 0 5 3 3 0 0 0 0
189 15 0 0 5 0 0 0 0 0 5 1 0 0
191 20 1 1 0 0 0 12 0 0 0 0 0 0
195 12 0 0 0 0 0 0 0 0 4 0 0 0
200 16 0 0 0 0 0 0 0 0 4 0 0 0
208 4 0 0 0 0 0 0 0 0 0 0 0 0
212 4 0 0 0 0 0 0 0 0 0 0 0 0
245 16 0 0 4 0 0 4 0 0 0 0 0 0
250 136 0 0 0 0 0 0 0 0 0 0 0 0
251 136 0 0 68 0 0 0 0 0 68 30 0 0
253 8 0 0 0 0 0 0 0 0 0 0 0 0
256 4 0 0 0 0 0 4 0 0 0 0 0 0
259 4 0 0 0 0 0 4 3 3 0 0 0 0
263 45 1 1 35 0 0 0 0 0 0 0 0 0
fl=./elf/./elf/dl-open.c
fn=_dl_find_dso_for_object
214 18 2 1 0 0 0 8 0 0 0 0 0 0
218 6 0 0 2 0 0 0 0 0 2 0 0 0
219 8 0 0 2 2 0 0 0 0 2 0 0 0
220 8 2 1 4 2 0 0 0 0 4 2 0 0
221 4 0 0 2 1 0 0 0 0 2 2 0 0
224 4 2 1 2 1 0 0 0 0 2 0 0 0
228 14 0 0 10 0 0 0 0 0 0 0 0 0
fl=./elf/./elf/dl-reloc.c
fn=_dl_relocate_object
194 78 1 1 0 0 0 48 0 0 0 0 0 0
204 10 0 0 0 0 0 0 0 0 0 0 0 0
205 18 0 0 0 0 0 12 0 0 0 0 0 0
208 12 0 0 0 0 0 6 0 0 0 0 0 0
210 18 1 1 0 0 0 0 0 0 6 0 0 0
212 6 0 0 6 0 0 0 0 0 0 0 0 0
213 18 0 0 6 1 0 0 0 0 6 5 0 0
232 12 1 1 6 0 0 0 0 0 6 0 0 0
238 30 0 0 12 0 0 0 0 0 6 3 0 0
239 12 1 1 6 5 0 0 0 0 6 4 0 0
240 2 0 0 0 0 0 0 0 0 0 0 0 0
242 12 0 0 0 0 0 0 0 0 6 0 0 0
249 24 2 2 6 1 0 6 0 0 6 0 0 0
288 349 7 7 151 24 0 44 0 0 40 17 0 0
291 36 0 0 12 0 0 0 0 0 12 0 0 0
308 14 1 1 0 0 0 0 0 0 7 0 0 0
315 6 0 0 6 0 0 0 0 0 0 0 0 0
318 12 0 0 6 0 0 0 0 0 6 0 0 0
335 18 0 0 6 4 0 0 0 0 6 6 0 0
337 48 0 0 42 2 0 0 0 0 0 0 0 0
343 36 2 2 18 0 0 0 0 0 0 0 0 0
346 12 0 0 0 0 0 0 0 0 0 0 0 0
350 12 0 0 0 0 0 0 0 0 6 0 0 0
351 36 0 0 0 0 0 6 0 0 6 2 0 0
fl=./elf/./elf/dl-runtime.c
fn=_dl_fixup
46 40 2 2 0 0 0 20 0 0 0 0 0 0
48 25 0 0 20 0 0 0 0 0 5 5 0 0
49 15 0 0 10 0 0 0 0 0 0 0 0 0
54 5 0 0 5 1 0 0 0 0 0 0 0 0
55 20 1 1 5 1 0 0 0 0 0 0 0 0
56 35 0 0 5 4 0 5 0 0 0 0 0 0
58 10 0 0 5 0 0 0 0 0 0 0 0 0
63 10 0 0 0 0 0 0 0 0 5 0 0 0
67 10 0 0 5 3 1 0 0 0 5 0 0 0
69 20 0 0 5 0 0 0 0 0 0 0 0 0
71 15 1 1 5 1 0 0 0 0 5 0 0 0
75 15 0 0 10 1 0 0 0 0 0 0 0 0
76 20 0 0 5 0 0 0 0 0 0 0 0 0
84 5 0 0 0 0 0 0 0 0 0 0 0 0
85 15 0 0 5 0 0 0 0 0 5 3 0 0
95 55 1 1 10 0 0 15 1 0 0 0 0 0
99 25 1 1 15 0 0 0 0 0 5 0 0 0
109 50 0 0 20 0 0 5 0 0 10 0 0 0
124 20 0 0 5 0 0 0 0 0 5 0 0 0
133 15 1 1 5 0 0 0 0 0 5 3 0 0
159 15 0 0 5 0 0 0 0 0 5 0 0 0
163 30 0 0 25 0 0 0 0 0 0 0 0 0
fl=./elf/./elf/dl-setup_hash.c
fn=_dl_setup_hash
25 12 1 1 0 0 0 0 0 0 0 0 0 0
28 18 1 1 6 0 0 0 0 0 6 0 0 0
31 18 0 0 12 0 0 0 0 0 6 0 0 0
32 12 0 0 6 5 5 6 1 1 0 0 0 0
33 6 0 0 6 0 0 0 0 0 0 0 0 0
34 6 0 0 6 0 0 0 0 0 0 0 0 0
36 18 0 0 0 0 0 0 0 0 6 0 0 0
37 6 0 0 0 0 0 6 0 0 0 0 0 0
38 18 0 0 6 0 0 6 0 0 0 0 0 0
40 24 1 1 0 0 0 6 0 0 0 0 0 0
41 12 0 0 0 0 0 0 0 0 0 0 0 0
45 18 0 0 0 0 0 6 0 0 0 0 0 0
50 6 0 0 6 0 0 0 0 0 0 0 0 0
fl=./elf/./elf/dl-sort-maps.c
fn=_dl_sort_maps
145 30 0 0 6 0 0 6 0 0 6 0 0 0
186 1 0 0 0 0 0 0 0 0 0 0 0 0
187 22 0 0 0 0 0 0 0 0 7 5 0 0
188 12 0 0 12 0 0 0 0 0 0 0 0 0
223 19 3 3 1 0 0 0 0 0 2 1 0 0
228 2 0 0 0 0 0 1 0 0 0 0 0 0
230 1 0 0 0 0 0 1 0 0 0 0 0 0
231 8 0 0 0 0 0 0 0 0 0 0 0 0
233 15 0 0 0 0 0 0 0 0 5 0 0 0
235 6 1 1 6 0 0 0 0 0 0 0 0 0
238 12 0 0 6 0 0 0 0 0 6 5 0 0
256 2 0 0 1 0 0 0 0 0 1 1 0 0
269 1 1 1 0 0 0 0 0 0 0 0 0 0
276 5 1 1 0 0 0 1 0 0 0 0 0 0
290 11 2 1 0 0 0 7 0 0 0 0 0 0
298 3 0 0 1 1 0 0 0 0 1 1 0 0
302 9 2 2 7 0 0 0 0 0 0 0 0 0
fn=_dl_sort_maps_init
281 2 1 1 0 0 0 0 0 0 0 0 0 0
282 4 0 0 0 0 0 1 0 0 0 0 0 0
283 1 0 0 0 0 0 1 0 0 0 0 0 0
284 3 0 0 1 0 0 0 0 0 0 0 0 0
285 2 0 0 1 0 0 0 0 0 0 0 0 0
fn=dfs_traversal.part.0
140 48 1 1 0 0 0 24 0 0 0 0 0 0
148 6 1 1 6 0 0 0 0 0 0 0 0 0
150 18 0 0 6 0 0 0 0 0 6 2 0 0
152 48 0 0 12 0 0 0 0 0 12 4 0 0
155 16 0 0 8 0 0 0 0 0 8 0 0 0
161 12 0 0 0 0 0 0 0 0 6 0 0 0
176 18 0 0 6 0 0 6 0 0 0 0 0 0
177 6 0 0 0 0 0 6 0 0 0 0 0 0
178 36 1 1 30 0 0 0 0 0 0 0 0 0
fl=./elf/./elf/dl-sym.c
fn=_dl_sym
51 2 0 0 1 0 0 0 0 0 0 0 0 0
88 1 0 0 0 0 0 1 0 0 0 0 0 0
95 2 0 0 0 0 0 0 0 0 1 1 0 0
104 3 0 0 1 0 0 0 0 0 1 0 0 0
105 4 0 0 1 0 0 2 0 0 0 0 0 0
146 10 1 1 4 0 0 1 0 0 0 0 1 1
157 3 1 1 1 0 0 0 0 0 1 1 0 0
162 3 0 0 1 0 0 0 0 0 1 1 0 0
168 6 1 1 2 1 0 0 0 0 1 1 0 0
170 1 0 0 0 0 0 1 0 0 0 0 0 0
173 1 0 0 0 0 0 0 0 0 0 0 0 0
194 11 2 2 1 0 0 5 0 0 0 0 0 0
196 9 0 0 7 0 0 0 0 0 1 1 0 0
fl=./elf/./elf/dl-tunables.c
fn=__GI___tunable_set_val
102 45 1 1 5 0 0 0 0 0 5 0 0 0
111 5 0 0 5 0 0 0 0 0 0 0 0 0
112 25 0 0 10 0 0 0 0 0 5 0 0 0
113 40 1 1 10 0 0 0 0 0 5 0 0 0
116 15 0 0 0 0 0 0 0 0 5 0 0 0
119 10 0 0 0 0 0 0 0 0 5 3 0 0
123 10 0 0 0 0 0 0 0 0 5 2 0 0
130 10 1 1 0 0 0 0 0 0 5 0 0 0
131 10 0 0 0 0 0 0 0 0 5 2 0 0
134 30 0 0 0 0 0 5 0 0 0 0 0 0
135 5 0 0 0 0 0 5 0 0 0 0 0 0
136 5 0 0 0 0 0 5 0 0 0 0 0 0
137 5 0 0 0 0 0 5 0 0 0 0 0 0
157 25 1 1 0 0 0 0 0 0 0 0 0 0
161 5 0 0 5 0 0 0 0 0 0 0 0 0
fn=__GI___tunables_init
71 210 0 0 42 0 0 0 0 0 84 4 0 0
74 82 0 0 0 0 0 0 0 0 0 0 0 0
77 3122 1 1 446 19 19 0 0 0 851 60 0 0
81 82 1 1 0 0 0 0 0 0 41 0 0 0
86 164 0 0 0 0 0 0 0 0 0 0 0 0
273 7 0 0 1 0 0 0 0 0 1 0 0 0
282 9 2 2 0 0 0 6 1 1 0 0 0 0
305 5740 0 0 0 0 0 0 0 0 1435 41 0 0
311 9020 1 1 2870 35 35 0 0 0 2870 416 0 0
323 164 0 0 41 0 0 0 0 0 0 0 0 0
357 8 0 0 7 0 0 0 0 0 0 0 0 0
fn=__tunable_get_val
405 35 1 1 0 0 0 0 0 0 0 0 0 0
408 379 1 1 35 28 17 0 0 0 45 24 0 0
417 45 0 0 35 3 0 10 0 0 0 0 0 0
427 25 0 0 0 0 0 25 0 0 0 0 0 0
428 25 0 0 0 0 0 0 0 0 0 0 0 0
434 175 0 0 35 7 0 0 0 0 35 30 0 0
436 35 1 1 35 0 0 0 0 0 0 0 0 0
fl=./elf/./elf/dl-tunables.h
fn=__GI___tunable_set_val
121 10 0 0 0 0 0 0 0 0 5 0 0 0
122 5 0 0 0 0 0 0 0 0 0 0 0 0
131 20 1 1 0 0 0 0 0 0 0 0 0 0
fn=__GI___tunables_init
140 706 0 0 478 1 1 0 0 0 34 8 0 0
141 1776 1 1 0 0 0 0 0 0 485 47 0 0
fl=./elf/./elf/dl-version.c
fn=_dl_check_all_versions
361 6 1 1 0 0 0 4 0 0 0 0 0 0
363 2 0 0 0 0 0 0 0 0 0 0 0 0
365 23 0 0 6 0 0 0 0 0 7 5 0 0
366 6 0 0 0 0 0 0 0 0 0 0 0 0
367 54 1 1 6 0 0 6 0 0 6 5 0 0
370 7 0 0 5 0 0 0 0 0 0 0 0 0
fn=_dl_check_map_versions
36 103 1 1 14 0 0 0 0 0 34 5 0 0
37 27 0 0 27 0 0 0 0 0 0 0 0 0
38 170 1 1 0 0 0 34 0 0 34 8 0 0
56 128 0 0 96 0 0 0 0 0 32 10 0 0
64 96 1 1 32 0 0 0 0 0 32 0 0 0
70 96 0 0 32 0 0 0 0 0 32 0 0 0
86 32 0 0 32 1 0 0 0 0 0 0 0 0
87 64 0 0 0 0 0 0 0 0 32 2 0 0
89 32 0 0 32 0 0 0 0 0 0 0 0 0
94 1154 1 1 465 24 24 64 0 0 465 8 0 0
108 930 0 0 465 7 7 0 0 0 465 34 0 0
110 32 1 1 32 0 0 0 0 0 0 0 0 0
113 263 0 0 39 2 1 32 0 0 32 0 0 0
120 1299 0 0 433 7 7 0 0 0 433 0 0 0
124 433 0 0 0 0 0 0 0 0 0 0 0 0
142 14 0 0 0 0 0 14 0 0 0 0 0 0
155 60 2 2 0 0 0 48 0 0 0 0 0 0
156 6 0 0 0 0 0 6 0 0 0 0 0 0
164 6 1 1 0 0 0 0 0 0 0 0 0 0
170 18 0 0 6 0 0 0 0 0 6 0 0 0
172 30 0 0 12 1 0 6 1 0 6 0 0 0
174 12 0 0 6 1 0 6 0 0 0 0 0 0
175 12 1 1 6 0 0 6 0 0 0 0 0 0
177 12 0 0 0 0 0 0 0 0 6 2 0 0
180 12 0 0 8 0 0 4 0 0 0 0 0 0
184 12 0 0 4 3 3 0 0 0 4 0 0 0
197 3 0 0 0 0 0 0 0 0 0 0 0 0
198 3 0 0 0 0 0 0 0 0 0 0 0 0
200 14 0 0 14 0 0 0 0 0 0 0 0 0
208 21 0 0 7 0 0 0 0 0 7 0 0 0
213 28 0 0 14 2 2 0 0 0 0 0 0 0
217 366 1 1 268 1 0 0 0 0 32 8 0 0
219 32 0 0 32 6 6 0 0 0 0 0 0 0
221 89 0 0 32 2 2 32 0 0 0 0 0 0
224 128 1 1 32 0 0 0 0 0 0 0 0 0
227 96 0 0 32 0 0 0 0 0 32 9 0 0
232 25 0 0 0 0 0 0 0 0 0 0 0 0
236 28 1 1 14 0 0 0 0 0 7 4 0 0
241 6 0 0 0 0 0 3 0 0 0 0 0 0
250 13 2 2 6 0 0 0 0 0 6 2 0 0
253 16 0 0 12 0 0 0 0 0 0 0 0 0
256 296 0 0 74 2 2 0 0 0 0 0 0 0
259 222 0 0 74 2 2 0 0 0 74 23 0 0
263 70 0 0 0 0 0 0 0 0 0 0 0 0
267 10 1 1 0 0 0 0 0 0 5 0 0 0
272 5 0 0 0 0 0 5 1 0 0 0 0 0
273 10 0 0 0 0 0 0 0 0 0 0 0 0
274 10 0 0 0 0 0 0 0 0 5 0 0 0
284 5 0 0 0 0 0 5 0 0 0 0 0 0
287 25 1 1 15 2 0 5 1 0 5 0 0 0
289 15 0 0 5 0 0 0 0 0 5 1 0 0
292 16 0 0 12 0 0 0 0 0 0 0 0 0
294 3 0 0 0 0 0 0 0 0 0 0 0 0
296 21 0 0 7 0 0 0 0 0 0 0 0 0
299 96 2 2 32 0 0 0 0 0 0 0 0 0
301 128 0 0 0 0 0 0 0 0 32 16 0 0
303 160 0 0 32 0 0 32 0 0 0 0 0 0
304 64 0 0 0 0 0 32 12 12 0 0 0 0
305 96 0 0 32 0 0 32 3 3 0 0 0 0
306 96 0 0 32 0 0 32 0 0 0 0 0 0
309 96 0 0 32 0 0 0 0 0 32 8 0 0
314 25 0 0 0 0 0 0 0 0 0 0 0 0
317 21 0 0 7 0 0 0 0 0 7 2 0 0
322 3 0 0 0 0 0 0 0 0 0 0 0 0
327 15 1 1 5 0 0 0 0 0 5 1 0 0
330 16 0 0 12 0 0 0 0 0 0 0 0 0
334 70 0 0 70 0 0 0 0 0 0 0 0 0
336 148 0 0 74 0 0 0 0 0 74 12 0 0
340 70 0 0 70 0 0 0 0 0 0 0 0 0
341 350 0 0 70 0 0 70 19 19 0 0 0 0
342 210 0 0 70 0 0 70 0 0 0 0 0 0
343 70 0 0 0 0 0 70 8 8 0 0 0 0
346 222 0 0 74 0 0 0 0 0 74 7 0 0
350 70 0 0 0 0 0 0 0 0 0 0 0 0
356 54 1 1 48 0 0 0 0 0 0 0 0 0
fl=./elf/./elf/do-rel.h
fn=_dl_relocate_object
49 36 0 0 12 0 0 12 0 0 0 0 0 0
50 12 1 1 6 1 0 0 0 0 0 0 0 0
52 8 0 0 0 0 0 5 0 0 0 0 0 0
53 10 1 1 0 0 0 7 2 0 0 0 0 0
60 36 0 0 12 0 0 0 0 0 12 7 0 0
63 423 1 1 3 0 0 0 0 0 136 10 0 0
65 532 1 1 133 49 49 0 0 0 133 9 0 0
67 171 0 0 0 0 0 0 0 0 0 0 0 0
76 18 0 0 0 0 0 0 0 0 0 0 0 0
77 191 0 0 2 0 0 0 0 0 62 40 0 0
78 114 0 0 57 0 0 0 0 0 57 1 0 0
86 54 1 1 27 0 0 9 0 0 0 0 0 0
88 18 0 0 0 0 0 0 0 0 0 0 0 0
100 27 1 1 0 0 0 0 0 0 9 3 0 0
110 14 0 0 0 0 0 0 0 0 7 0 0 0
113 45007 0 0 0 0 0 0 0 0 15003 16 0 0
114 29992 0 0 14996 1877 1874 0 0 0 0 0 0 0
120 36 0 0 9 7 0 9 2 0 9 2 0 0
124 28 0 0 14 5 0 7 0 0 7 0 0 0
126 767 1 1 258 0 0 0 0 0 258 24 0 0
128 1255 0 0 753 127 117 0 0 0 0 0 0 0
129 1004 0 0 251 0 0 251 0 0 0 0 0 0
130 753 1 1 502 0 0 251 0 0 0 0 0 0
131 1004 0 0 251 1 0 0 0 0 0 0 0 0
133 753 1 1 0 0 0 0 0 0 251 2 0 0
135 10 1 1 2 0 0 4 0 0 0 0 0 0
138 2 0 0 0 0 0 0 0 0 0 0 0 0
142 249 0 0 0 0 0 249 0 0 0 0 0 0
145 797 2 2 249 0 0 0 0 0 249 5 0 0
146 18 1 1 6 1 0 0 0 0 6 2 0 0
158 25 1 1 10 0 0 0 0 0 5 3 0 0
159 16 1 1 2 0 0 0 0 0 4 1 0 0
160 6 1 1 2 0 0 0 0 0 2 0 0 0
163 6 0 0 4 0 0 0 0 0 0 0 0 0
165 8 0 0 2 0 0 2 0 0 0 0 0 0
166 2 0 0 2 0 0 0 0 0 0 0 0 0
167 6 0 0 4 0 0 2 0 0 0 0 0 0
175 25 0 0 8 0 0 1 0 0 8 6 0 0
177 42 1 1 12 1 1 6 0 0 0 0 0 0
178 12 0 0 12 0 0 0 0 0 0 0 0 0
180 18 0 0 0 0 0 0 0 0 6 1 0 0
188 6 0 0 0 0 0 6 0 0 0 0 0 0
191 18 0 0 6 0 0 0 0 0 6 0 0 0
205 4 0 0 1 0 0 0 0 0 1 1 0 0
fn=_dl_start
49 4 0 0 2 0 0 0 0 0 0 0 0 0
50 1 0 0 1 0 0 0 0 0 0 0 0 0
86 10 0 0 4 0 0 0 0 0 0 0 0 0
88 4 0 0 0 0 0 0 0 0 0 0 0 0
113 431 0 0 0 0 0 0 0 0 144 7 0 0
114 284 1 1 142 18 18 0 0 0 0 0 0 0
118 4 0 0 2 0 0 0 0 0 2 0 0 0
126 28 0 0 0 0 0 0 0 0 9 2 0 0
128 21 1 1 7 2 2 0 0 0 0 0 0 0
129 14 0 0 0 0 0 0 0 0 0 0 0 0
130 14 0 0 7 0 0 0 0 0 0 0 0 0
fl=./elf/./elf/get-dynamic-info.h
fn=_dl_map_object_from_fd
39 8 0 0 0 0 0 0 0 0 4 0 0 0
43 4 0 0 0 0 0 0 0 0 0 0 0 0
45 380 0 0 96 28 28 0 0 0 96 5 0 0
49 184 0 0 0 0 0 0 0 0 92 28 0 0
54 100 1 1 0 0 0 0 0 0 24 8 0 0
55 68 0 0 0 0 0 0 0 0 0 0 0 0
56 20 0 0 0 0 0 0 0 0 4 2 0 0
58 4 0 0 0 0 0 0 0 0 0 0 0 0
59 20 1 1 0 0 0 0 0 0 4 2 0 0
61 4 0 0 0 0 0 0 0 0 0 0 0 0
62 20 2 2 0 0 0 0 0 0 4 0 0 0
64 20 0 0 0 0 0 0 0 0 0 0 0 0
68 92 0 0 0 0 0 92 22 22 0 0 0 0
72 16 0 0 4 0 0 0 0 0 8 0 0 0
82 14 1 1 6 0 0 0 0 0 4 3 0 0
83 16 0 0 8 0 0 0 0 0 4 0 0 0
84 16 0 0 8 0 0 0 0 0 4 0 0 0
85 16 0 0 8 0 0 0 0 0 4 0 0 0
87 16 0 0 8 0 0 0 0 0 4 0 0 0
92 15 1 1 7 1 1 0 0 0 4 1 0 0
93 15 0 0 7 1 1 0 0 0 4 1 0 0
94 16 0 0 8 0 0 0 0 0 4 0 0 0
97 12 0 0 4 0 0 0 0 0 4 1 0 0
102 6 0 0 3 0 0 0 0 0 3 0 0 0
109 8 1 1 4 0 0 0 0 0 4 0 0 0
110 12 0 0 8 0 0 0 0 0 4 0 0 0
132 12 0 0 4 1 1 0 0 0 4 2 0 0
137 4 0 0 2 0 0 2 0 0 0 0 0 0
139 4 0 0 0 0 0 0 0 0 2 2 0 0
141 4 0 0 0 0 0 0 0 0 2 2 0 0
143 4 0 0 0 0 0 0 0 0 2 0 0 0
147 12 1 1 4 0 0 0 0 0 4 3 0 0
149 3 0 0 1 0 0 1 0 0 0 0 0 0
150 2 0 0 0 0 0 0 0 0 1 1 0 0
159 2 1 1 1 0 0 0 0 0 0 0 0 0
160 3 1 1 0 0 0 0 0 0 1 1 0 0
165 3 0 0 0 0 0 1 0 0 1 0 0 0
169 8 0 0 4 0 0 0 0 0 4 4 0 0
fl=./elf/./elf/libc_early_init.c
fn=__libc_early_init
33 7 2 2 1 0 0 2 0 0 0 0 0 0
35 1 0 0 0 0 0 1 0 0 0 0 0 0
38 2 0 0 1 1 0 1 1 1 0 0 0 0
41 1 0 0 0 0 0 1 1 1 0 0 0 0
47 4 0 0 2 0 0 0 0 0 1 0 0 0
49 2 1 1 1 0 0 0 0 0 0 0 0 0
fl=./elf/./elf/rtld.c
fn=_dl_start
85 8 1 1 0 0 0 2 1 1 0 0 0 0
488 3 0 0 0 0 0 1 0 0 0 0 0 0
489 1 0 0 0 0 0 1 0 0 0 0 0 0
490 6 0 0 0 0 0 1 0 0 0 0 0 0
492 2 1 1 0 0 0 1 1 1 0 0 0 0
501 1 0 0 0 0 0 1 0 0 0 0 0 0
507 4 1 0 1 0 0 1 0 0 0 0 0 0
509 2 0 0 1 0 0 0 0 0 1 0 0 0
527 10 2 2 0 0 0 7 1 1 0 0 0 0
553 1 0 0 0 0 0 1 1 1 0 0 0 0
556 2 1 1 0 0 0 1 1 1 0 0 0 0
557 1 0 0 1 1 1 0 0 0 0 0 0 0
573 56 3 3 12 0 0 8 1 1 7 2 0 0
575 1 1 1 1 0 0 0 0 0 0 0 0 0
588 1 0 0 0 0 0 1 1 1 0 0 0 0
592 2 0 0 0 0 0 1 0 0 0 0 0 0
607 9 0 0 7 1 0 0 0 0 0 0 0 0
fn=dl_main
85 16 3 3 0 0 0 1 0 0 0 0 0 0
92 12 1 1 0 0 0 0 0 0 0 0 0 0
93 2 0 0 1 0 0 1 0 0 0 0 0 0
101 7 0 0 3 0 0 0 0 0 0 0 0 0
205 2 0 0 0 0 0 1 0 0 0 0 0 0
207 1 1 1 0 0 0 1 0 0 0 0 0 0
232 2 1 1 2 1 1 0 0 0 0 0 0 0
233 4 1 1 3 0 0 0 0 0 1 1 0 0
234 4 0 0 0 0 0 0 0 0 2 2 0 0
304 3 0 0 0 0 0 3 0 0 0 0 0 0
310 1 0 0 0 0 0 1 0 0 0 0 0 0
311 2 0 0 0 0 0 1 0 0 0 0 0 0
862 1 0 0 1 0 0 0 0 0 0 0 0 0
864 1 1 1 0 0 0 1 0 0 0 0 0 0
870 1 0 0 1 0 0 0 0 0 0 0 0 0
873 1 0 0 0 0 0 1 0 0 0 0 0 0
875 1 0 0 0 0 0 1 0 0 0 0 0 0
880 1 0 0 0 0 0 1 0 0 0 0 0 0
1140 2 0 0 1 0 0 1 0 0 0 0 0 0
1143 1 0 0 0 0 0 1 0 0 0 0 0 0
1146 1 0 0 0 0 0 1 0 0 0 0 0 0
1148 2 0 0 1 1 1 1 1 1 0 0 0 0
1150 1 0 0 1 0 0 0 0 0 0 0 0 0
1151 1 0 0 1 0 0 0 0 0 0 0 0 0
1166 1 0 0 0 0 0 0 0 0 0 0 0 0
1169 50 4 4 2 0 0 1 0 0 15 13 0 0
1170 127 1 1 24 7 7 0 0 0 31 7 10 6
1174 4 1 1 3 0 0 1 0 0 0 0 0 0
1179 3 1 1 2 0 0 1 0 0 0 0 0 0
1180 9 0 0 2 0 0 1 0 0 0 0 0 0
1189 2 0 0 0 0 0 1 0 0 0 0 0 0
1190 2 0 0 2 1 1 0 0 0 0 0 0 0
1192 1 0 0 0 0 0 1 0 0 0 0 0 0
1199 3 1 1 1 0 0 0 0 0 1 1 0 0
1211 1 0 0 0 0 0 0 0 0 0 0 0 0
1217 1 0 0 0 0 0 1 0 0 0 0 0 0
1225 8 0 0 4 0 0 0 0 0 0 0 0 0
1226 18 2 2 5 1 1 0 0 0 0 0 0 0
1227 8 0 0 4 0 0 0 0 0 4 3 0 0
1228 1 0 0 0 0 0 1 0 0 0 0 0 0
1230 12 0 0 4 0 0 0 0 0 0 0 0 0
1231 14 1 1 0 0 0 0 0 0 7 4 0 0
1235 8 0 0 4 3 3 0 0 0 0 0 0 0
1236 8 0 0 4 0 0 0 0 0 4 0 0 0
1237 4 0 0 0 0 0 4 0 0 0 0 0 0
1238 10 0 0 5 0 0 0 0 0 5 3 0 0
1239 1 0 0 0 0 0 1 0 0 0 0 0 0
1243 12 1 1 0 0 0 0 0 0 0 0 0 0
1249 3 2 2 1 1 1 0 0 0 1 0 0 0
1255 4 0 0 0 0 0 1 1 1 0 0 0 0
1256 1 0 0 1 0 0 0 0 0 0 0 0 0
1261 4 0 0 0 0 0 0 0 0 0 0 0 0
1262 2 0 0 1 0 0 1 0 0 0 0 0 0
1263 1 0 0 0 0 0 1 0 0 0 0 0 0
1266 2 0 0 0 0 0 2 1 1 0 0 0 0
1271 2 0 0 1 0 0 1 0 0 0 0 0 0
1275 4 0 0 2 1 1 1 0 0 0 0 0 0
1277 1 0 0 0 0 0 0 0 0 0 0 0 0
1281 28 0 0 14 0 0 0 0 0 14 1 0 0
1282 66 1 1 14 0 0 0 0 0 26 15 0 0
1288 18 0 0 0 0 0 1 0 0 0 0 0 0
1294 3 0 0 1 0 0 0 0 0 1 0 0 0
1296 2 0 0 1 0 0 1 0 0 0 0 0 0
1297 4 0 0 2 0 0 0 0 0 1 1 0 0
1299 3 1 1 1 0 0 0 0 0 1 1 0 0
1301 2 0 0 1 0 0 0 0 0 1 0 0 0
1320 14 2 2 0 0 0 10 1 1 0 0 0 0
1325 1 0 0 0 0 0 0 0 0 0 0 0 0
1326 1 0 0 0 0 0 1 0 0 0 0 0 0
1332 1 0 0 0 0 0 1 1 1 0 0 0 0
1348 3 0 0 2 0 0 1 0 0 0 0 0 0
1349 4 1 1 2 0 0 0 0 0 1 1 0 0
1627 10 2 2 0 0 0 2 0 0 0 0 0 0
1629 2 0 0 0 0 0 0 0 0 1 0 0 0
1630 2 0 0 1 0 0 1 0 0 0 0 0 0
1631 2 0 0 1 0 0 1 0 0 0 0 0 0
1632 3 1 1 2 0 0 1 0 0 0 0 0 0
1636 3 0 0 0 0 0 1 0 0 0 0 0 0
1637 2 0 0 1 0 0 0 0 0 1 0 0 0
1662 3 0 0 1 0 0 0 0 0 1 0 0 0
1663 6 0 0 2 0 0 1 0 0 1 0 0 0
1664 3 1 1 2 0 0 0 0 0 0 0 0 0
1665 3 0 0 3 0 0 0 0 0 0 0 0 0
1668 1 0 0 0 0 0 1 0 0 0 0 0 0
1670 1 0 0 0 0 0 1 1 1 0 0 0 0
1671 1 1 1 0 0 0 1 1 1 0 0 0 0
1673 2 0 0 1 0 0 0 0 0 1 0 0 0
1674 2 0 0 0 0 0 1 0 0 0 0 0 0
1678 2 0 0 1 0 0 0 0 0 1 0 0 0
1680 2 0 0 1 0 0 0 0 0 1 0 0 0
1688 3 0 0 1 0 0 0 0 0 1 1 0 0
1695 2 1 1 0 0 0 1 0 0 0 0 0 0
1698 2 0 0 1 0 0 0 0 0 1 0 0 0
1723 9 0 0 1 0 0 2 0 0 3 0 0 0
1731 4 0 0 1 0 0 2 0 0 0 0 0 0
1733 1 0 0 0 0 0 1 0 0 0 0 0 0
1738 2 0 0 1 0 0 0 0 0 1 1 0 0
1741 4 1 1 2 0 0 1 0 0 0 0 0 0
1742 4 0 0 1 0 0 1 0 0 0 0 0 0
1743 2 0 0 0 0 0 1 0 0 0 0 0 0
1744 1 0 0 0 0 0 1 0 0 0 0 0 0
1745 1 1 1 1 0 0 0 0 0 0 0 0 0
1746 1 0 0 1 0 0 0 0 0 0 0 0 0
1751 2 0 0 1 0 0 0 0 0 1 0 0 0
1752 3 1 1 1 0 0 1 0 0 0 0 0 0
1764 2 0 0 1 1 1 0 0 0 1 0 0 0
1765 2 0 0 1 0 0 0 0 0 1 0 0 0
1767 2 0 0 1 0 0 0 0 0 0 0 0 0
1769 1 0 0 0 0 0 1 0 0 0 0 0 0
1770 3 1 1 1 0 0 1 0 0 0 0 0 0
1775 5 0 0 0 0 0 0 0 0 1 1 0 0
1776 5 0 0 1 1 1 0 0 0 1 1 0 0
1778 4 1 1 2 1 1 1 1 1 0 0 0 0
1784 2 0 0 1 1 1 0 0 0 1 1 0 0
1786 3 1 1 2 0 0 0 0 0 0 0 0 0
1793 2 1 1 1 0 0 0 0 0 1 0 0 0
1797 1 1 1 0 0 0 1 0 0 0 0 0 0
1798 2 0 0 1 0 0 0 0 0 1 0 0 0
1822 2 0 0 0 0 0 2 0 0 0 0 0 0
1828 2 0 0 1 0 0 1 0 0 0 0 0 0
1829 1 0 0 0 0 0 1 0 0 0 0 0 0
1830 1 1 1 0 0 0 0 0 0 0 0 0 0
1834 3 0 0 0 0 0 1 0 0 0 0 0 0
1839 3 0 0 2 0 0 0 0 0 1 1 0 0
1841 1 0 0 0 0 0 0 0 0 0 0 0 0
1843 2 0 0 1 0 0 0 0 0 1 1 0 0
1847 5 0 0 1 0 0 1 0 0 0 0 0 0
1852 2 0 0 1 0 0 0 0 0 1 0 0 0
1868 6 1 1 0 0 0 1 0 0 1 0 0 0
1944 4 0 0 2 0 0 0 0 0 1 1 0 0
1948 19 3 3 1 0 0 0 0 0 2 1 0 0
1949 1 0 0 0 0 0 0 0 0 0 0 0 0
1952 3 0 0 0 0 0 1 0 0 0 0 0 0
1953 1 0 0 1 0 0 0 0 0 0 0 0 0
1954 2 0 0 0 0 0 0 0 0 1 0 0 0
1955 2 0 0 0 0 0 0 0 0 1 0 0 0
1960 3 0 0 1 0 0 0 0 0 1 1 0 0
1970 8 0 0 1 0 0 1 0 0 0 0 0 0
1976 27 1 1 1 0 0 0 0 0 7 5 0 0
1977 15 0 0 13 0 0 0 0 0 0 0 0 0
1980 4 0 0 3 0 0 1 0 0 0 0 0 0
1981 3 1 1 1 0 0 0 0 0 1 0 0 0
1982 1 0 0 0 0 0 1 0 0 0 0 0 0
1984 19 0 0 0 0 0 0 0 0 5 0 0 0
1985 19 1 1 6 0 0 0 0 0 5 4 0 0
1995 2 1 1 0 0 0 1 0 0 0 0 0 0
1997 3 0 0 1 0 0 1 0 0 0 0 0 0
1998 2 0 0 0 0 0 0 0 0 1 0 0 0
2000 2 0 0 0 0 0 1 0 0 0 0 0 0
2002 3 0 0 0 0 0 0 0 0 1 1 0 0
2004 3 0 0 1 0 0 0 0 0 0 0 0 0
2005 1 0 0 1 0 0 0 0 0 0 0 0 0
2006 2 1 1 0 0 0 0 0 0 1 1 0 0
2018 2 0 0 0 0 0 0 0 0 1 0 0 0
2019 2 0 0 0 0 0 1 0 0 0 0 0 0
2020 3 0 0 1 0 0 0 0 0 1 1 0 0
2031 4 1 1 0 0 0 1 0 0 0 0 0 0
2032 4 0 0 0 0 0 1 0 0 0 0 0 0
2033 5 1 1 0 0 0 1 0 0 0 0 0 0
2043 2 0 0 1 1 0 1 0 0 0 0 0 0
2044 2 0 0 0 0 0 0 0 0 1 1 0 0
2045 4 1 1 0 0 0 1 0 0 0 0 0 0
2047 2 0 0 1 0 0 0 0 0 1 0 0 0
2052 3 0 0 1 0 0 0 0 0 1 0 0 0
2282 3 0 0 1 0 0 0 0 0 1 1 0 0
2331 1 0 0 1 0 0 0 0 0 0 0 0 0
2338 2 0 0 0 0 0 1 0 0 0 0 0 0
2342 2 1 1 1 0 0 1 1 0 0 0 0 0
2348 2 0 0 1 0 0 1 0 0 0 0 0 0
2351 2 0 0 0 0 0 0 0 0 1 0 0 0
2359 2 0 0 2 0 0 0 0 0 0 0 0 0
2361 2 0 0 0 0 0 0 0 0 1 1 0 0
2415 3 1 1 1 0 0 0 0 0 0 0 0 0
2418 1 1 1 1 0 0 0 0 0 0 0 0 0
2422 1 0 0 1 0 0 0 0 0 0 0 0 0
2423 32 2 2 1 1 0 1 0 0 7 1 0 0
2425 12 0 0 12 1 0 0 0 0 0 0 0 0
2430 12 0 0 12 4 0 0 0 0 0 0 0 0
2432 14 0 0 0 0 0 0 0 0 7 2 0 0
2434 1 1 1 0 0 0 1 0 0 0 0 0 0
2435 1 0 0 1 0 0 0 0 0 0 0 0 0
2438 6 0 0 6 0 0 0 0 0 0 0 0 0
2440 18 1 1 0 0 0 0 0 0 6 1 0 0
2441 40 0 0 10 5 0 5 0 0 0 0 0 0
2445 16 0 0 8 3 0 0 0 0 8 4 0 0
2446 6 0 0 0 0 0 2 0 0 0 0 0 0
2454 2 1 1 1 0 0 0 0 0 1 0 0 0
2459 4 0 0 2 0 0 0 0 0 2 1 0 0
2461 1 0 0 1 0 0 0 0 0 0 0 0 0
2468 3 0 0 0 0 0 1 0 0 0 0 0 0
2471 2 1 1 1 0 0 0 0 0 1 1 0 0
2481 3 1 1 2 1 0 0 0 0 1 0 0 0
2483 4 0 0 1 0 0 0 0 0 2 0 0 0
2493 1 0 0 0 0 0 1 0 0 0 0 0 0
2498 2 0 0 0 0 0 1 0 0 0 0 0 0
2501 1 0 0 0 0 0 1 0 0 0 0 0 0
2507 1 0 0 1 0 0 0 0 0 0 0 0 0
2508 5 0 0 1 0 0 1 0 0 0 0 0 0
2516 3 0 0 1 0 0 1 0 0 0 0 0 0
2523 1 0 0 0 0 0 1 0 0 0 0 0 0
2527 3 1 1 0 0 0 1 0 0 0 0 0 0
2532 3 0 0 0 0 0 1 0 0 0 0 0 0
2533 1 0 0 0 0 0 1 0 0 0 0 0 0
2534 1 0 0 0 0 0 1 0 0 0 0 0 0
2535 1 0 0 0 0 0 0 0 0 0 0 0 0
2539 1 0 0 0 0 0 1 0 0 0 0 0 0
2544 8 0 0 7 2 0 0 0 0 0 0 0 0
2677 3 0 0 1 0 0 2 0 0 0 0 0 0
2679 1 0 0 0 0 0 0 0 0 0 0 0 0
2683 6 1 1 1 0 0 1 1 1 0 0 0 0
2685 16 0 0 0 0 0 3 0 0 3 1 0 0
2687 2 0 0 0 0 0 0 0 0 0 0 0 0
2689 107 0 0 21 0 0 0 0 0 40 10 0 0
2690 19 1 1 0 0 0 0 0 0 0 0 0 0
2698 13 0 0 2 1 1 0 0 0 2 0 2 2
2719 2 1 1 1 0 0 0 0 0 1 0 0 0
2726 6 1 1 3 0 0 0 0 0 3 1 0 0
2728 2 0 0 0 0 0 1 0 0 0 0 0 0
2729 1 0 0 0 0 0 0 0 0 0 0 0 0
2774 3 1 1 1 0 0 0 0 0 1 0 0 0
2775 5 1 1 2 0 0 0 0 0 2 1 0 0
2777 2 1 1 0 0 0 1 0 0 0 0 0 0
2778 2 0 0 0 0 0 1 0 0 0 0 0 0
2779 1 0 0 0 0 0 0 0 0 0 0 0 0
2818 1 0 0 0 0 0 0 0 0 0 0 0 0
2829 1 0 0 0 0 0 0 0 0 0 0 0 0
2845 4 1 1 1 0 0 0 0 0 1 0 0 0
2877 2 0 0 0 0 0 0 0 0 1 1 0 0
fn=handle_preload_list
191 3 1 1 1 0 0 0 0 0 1 0 0 0
831 1 1 1 0 0 0 1 0 0 0 0 0 0
835 1 0 0 0 0 0 1 0 0 0 0 0 0
836 2 0 0 1 0 0 1 0 0 0 0 0 0
837 1 0 0 0 0 0 1 0 0 0 0 0 0
839 1 0 0 1 0 0 0 0 0 0 0 0 0
841 7 0 0 0 0 0 1 0 0 0 0 0 0
842 3 0 0 1 0 0 0 0 0 1 0 0 0
850 3 0 0 1 0 0 0 0 0 0 0 0 0
894 12 1 1 1 1 1 8 1 1 0 0 0 0
895 3 1 1 0 0 0 0 0 0 0 0 0 0
899 5 0 0 2 0 0 0 0 0 2 0 0 0
902 4 0 0 0 0 0 1 1 1 0 0 0 0
903 3 0 0 0 0 0 0 0 0 1 1 0 0
905 5 1 1 0 0 0 1 0 0 0 0 0 0
906 2 0 0 0 0 0 1 0 0 0 0 0 0
912 1 0 0 0 0 0 0 0 0 0 0 0 0
914 2 0 0 1 0 0 0 0 0 0 0 0 0
916 2 0 0 1 0 0 0 0 0 1 0 0 0
917 1 0 0 0 0 0 0 0 0 0 0 0 0
920 9 0 0 7 0 0 0 0 0 0 0 0 0
fn=init_tls
756 3 1 1 0 0 0 2 0 0 0 0 0 0
758 2 0 0 1 0 0 1 0 0 0 0 0 0
762 3 0 0 1 0 0 0 0 0 1 0 0 0
768 2 1 1 0 0 0 1 1 1 0 0 0 0
771 1 0 0 0 0 0 1 0 0 0 0 0 0
772 1 0 0 0 0 0 0 0 0 0 0 0 0
773 1 0 0 0 0 0 0 0 0 0 0 0 0
777 1 0 0 0 0 0 0 0 0 0 0 0 0
779 1 0 0 0 0 0 1 0 0 0 0 0 0
783 2 0 0 1 1 1 0 0 0 1 0 0 0
784 2 0 0 0 0 0 0 0 0 0 0 0 0
785 16 1 1 1 0 0 0 0 0 7 6 0 0
786 6 1 1 6 0 0 0 0 0 0 0 0 0
787 12 0 0 6 2 0 0 0 0 6 4 0 0
791 6 0 0 0 0 0 2 0 0 0 0 0 0
793 2 0 0 0 0 0 0 0 0 0 0 0 0
795 3 0 0 1 0 0 0 0 0 1 0 0 0
798 2 1 1 0 0 0 1 0 0 0 0 0 0
801 1 0 0 0 0 0 1 0 0 0 0 0 0
808 2 0 0 0 0 0 1 0 0 0 0 0 0
809 2 0 0 0 0 0 0 0 0 1 0 0 0
815 2 0 0 1 0 0 1 0 0 0 0 0 0
818 8 0 0 0 0 0 2 0 0 1 0 0 0
821 1 0 0 0 0 0 1 0 0 0 0 0 0
822 1 0 0 0 0 0 1 0 0 0 0 0 0
825 5 0 0 3 0 0 0 0 0 0 0 0 0
fn=map_doit
663 3 1 1 0 0 0 1 0 0 0 0 0 0
665 4 0 0 1 0 0 0 0 0 0 0 0 0
666 6 1 1 2 0 0 2 0 0 0 0 0 0
668 2 0 0 2 0 0 0 0 0 0 0 0 0
fn=version_check_doit
696 3 1 1 0 0 0 1 0 0 0 0 0 0
698 6 1 1 2 0 0 1 0 0 1 1 0 0
702 2 0 0 2 0 0 0 0 0 0 0 0 0
fl=./elf/./get-dynamic-info.h
fn=_dl_start
45 75 0 0 19 5 5 0 0 0 19 1 0 0
49 36 1 1 0 0 0 0 0 0 18 8 0 0
54 21 0 0 0 0 0 0 0 0 5 3 0 0
55 14 0 0 0 0 0 0 0 0 0 0 0 0
56 5 0 0 0 0 0 0 0 0 1 1 0 0
58 1 0 0 0 0 0 0 0 0 0 0 0 0
59 5 1 1 0 0 0 0 0 0 1 1 0 0
61 1 0 0 0 0 0 0 0 0 0 0 0 0
62 5 1 1 0 0 0 0 0 0 1 0 0 0
64 5 0 0 0 0 0 0 0 0 0 0 0 0
68 19 0 0 0 0 0 18 6 6 0 0 0 0
72 3 0 0 0 0 0 0 0 0 1 0 0 0
82 4 1 1 2 0 0 0 0 0 1 0 0 0
83 4 0 0 2 0 0 0 0 0 1 0 0 0
84 4 0 0 2 0 0 0 0 0 1 0 0 0
85 4 0 0 2 0 0 0 0 0 1 0 0 0
87 4 1 1 2 0 0 0 0 0 1 0 0 0
92 4 0 0 2 0 0 0 0 0 1 0 0 0
93 4 0 0 2 0 0 0 0 0 1 0 0 0
94 4 0 0 2 0 0 0 0 0 1 0 0 0
97 3 1 1 1 0 0 0 0 0 1 0 0 0
102 2 0 0 1 0 0 0 0 0 1 0 0 0
109 3 0 0 1 0 0 0 0 0 1 0 0 0
110 3 0 0 2 0 0 0 0 0 1 0 0 0
118 2 0 0 1 1 1 0 0 0 1 0 0 0
119 2 1 1 1 0 0 0 0 0 1 0 0 0
124 3 0 0 1 0 0 0 0 0 1 1 0 0
127 3 0 0 1 0 0 0 0 0 1 1 0 0
fn=dl_main
39 3 1 1 1 0 0 0 0 0 1 0 0 0
43 1 0 0 0 0 0 0 0 0 0 0 0 0
45 115 0 0 29 8 8 0 0 0 29 2 0 0
49 56 1 1 0 0 0 0 0 0 28 10 0 0
54 25 0 0 0 0 0 0 0 0 6 3 0 0
55 17 0 0 0 0 0 0 0 0 0 0 0 0
56 5 0 0 0 0 0 0 0 0 1 1 0 0
58 1 0 0 0 0 0 0 0 0 0 0 0 0
59 5 1 1 0 0 0 0 0 0 1 0 0 0
61 1 0 0 0 0 0 0 0 0 0 0 0 0
62 5 0 0 0 0 0 0 0 0 1 0 0 0
64 5 0 0 0 0 0 0 0 0 0 0 0 0
68 28 0 0 0 0 0 28 6 6 0 0 0 0
72 5 2 2 2 0 0 0 0 0 2 1 0 0
82 3 0 0 1 0 0 0 0 0 1 1 0 0
83 4 0 0 2 0 0 0 0 0 1 0 0 0
84 4 1 1 2 0 0 0 0 0 1 0 0 0
85 4 0 0 2 0 0 0 0 0 1 0 0 0
87 4 0 0 2 0 0 0 0 0 1 0 0 0
92 4 0 0 2 0 0 0 0 0 1 0 0 0
93 4 1 1 2 0 0 0 0 0 1 0 0 0
94 5 0 0 2 0 0 0 0 0 1 0 0 0
97 3 0 0 1 0 0 0 0 0 1 0 0 0
102 2 0 0 1 0 0 0 0 0 1 0 0 0
109 2 0 0 1 0 0 0 0 0 1 0 0 0
110 3 0 0 2 0 0 0 0 0 1 0 0 0
132 3 1 1 1 0 0 0 0 0 1 0 0 0
137 2 0 0 1 0 0 1 0 0 0 0 0 0
139 2 0 0 0 0 0 0 0 0 1 1 0 0
141 2 0 0 0 0 0 0 0 0 1 1 0 0
143 2 0 0 0 0 0 0 0 0 1 0 0 0
144 1 0 0 0 0 0 1 0 0 0 0 0 0
147 3 1 1 1 0 0 0 0 0 1 0 0 0
149 3 0 0 1 0 0 1 0 0 0 0 0 0
150 2 0 0 0 0 0 0 0 0 1 1 0 0
159 2 0 0 1 0 0 0 0 0 0 0 0 0
160 3 1 1 0 0 0 0 0 0 1 1 0 0
165 2 0 0 0 0 0 0 0 0 1 0 0 0
166 2 0 0 1 0 0 1 0 0 0 0 0 0
169 2 1 1 1 0 0 0 0 0 1 1 0 0
fl=./elf/./setup-vdso.h
fn=dl_main
24 2 0 0 1 1 1 0 0 0 1 1 0 0
fl=./io/../sysdeps/posix/isatty.c
fn=isatty
24 5 2 2 1 0 0 1 0 0 0 0 0 0
27 4 0 0 0 0 0 1 0 0 0 0 0 0
28 6 0 0 3 0 0 0 0 0 1 1 0 0
fl=./io/../sysdeps/unix/syscall-template.S
fn=pipe2
120 10 2 2 0 0 0 0 0 0 2 0 0 0
122 2 0 0 2 0 0 0 0 0 0 0 0 0
fl=./io/../sysdeps/unix/sysv/linux/access.c
fn=access
25 1 1 1 0 0 0 0 0 0 0 0 0 0
27 7 0 0 0 0 0 1 0 0 1 1 0 0
31 1 0 0 1 0 0 0 0 0 0 0 0 0
fl=./io/../sysdeps/unix/sysv/linux/close.c
fn=close
26 5 1 1 0 0 0 0 0 0 0 0 0 0
27 35 0 0 5 0 0 0 0 0 10 1 0 0
28 5 0 0 5 0 0 0 0 0 0 0 0 0
fl=./io/../sysdeps/unix/sysv/linux/close_nocancel.c
fn=__GI___close_nocancel
25 5 1 1 0 0 0 0 0 0 0 0 0 0
26 20 0 0 0 0 0 0 0 0 5 0 0 0
27 5 0 0 5 0 0 0 0 0 0 0 0 0
fn=__close_nocancel
25 1 1 1 0 0 0 0 0 0 0 0 0 0
26 4 0 0 0 0 0 0 0 0 1 0 0 0
27 1 0 0 1 0 0 0 0 0 0 0 0 0
fl=./io/../sysdeps/unix/sysv/linux/fstat64.c
fn=fstat
29 12 2 2 0 0 0 0 0 0 0 0 0 0
30 12 0 0 0 0 0 0 0 0 6 0 0 0
35 18 0 0 0 0 0 0 0 0 0 0 0 0
fl=./io/../sysdeps/unix/sysv/linux/fstatat64.c
fn=fstatat
98 30 0 0 0 0 0 0 0 0 0 0 0 0
153 30 2 2 0 0 0 0 0 0 0 0 0 0
167 16 0 0 0 0 0 8 0 0 0 0 0 0
168 53 1 1 8 0 0 0 0 0 15 4 0 0
169 7 0 0 7 0 0 0 0 0 0 0 0 0
fl=./io/../sysdeps/unix/sysv/linux/open64.c
fn=open
30 10 2 2 1 0 0 4 1 1 0 0 0 0
33 7 0 0 0 0 0 0 0 0 2 0 0 0
41 10 1 1 1 0 0 0 0 0 2 0 0 0
43 7 0 0 5 0 0 0 0 0 1 0 0 0
fl=./io/../sysdeps/unix/sysv/linux/open64_nocancel.c
fn=__open_nocancel
28 72 2 2 1 0 0 18 2 2 0 0 0 0
31 119 2 2 0 0 0 0 0 0 34 0 0 0
39 152 0 0 0 0 0 11 0 0 17 4 0 0
41 21 0 0 19 0 0 0 0 0 1 0 0 0
fl=./io/../sysdeps/unix/sysv/linux/poll.c
fn=poll
27 2 2 1 0 0 0 0 0 0 0 0 0 0
29 14 0 0 2 0 0 0 0 0 4 0 0 0
43 2 0 0 2 0 0 0 0 0 0 0 0 0
fl=./io/../sysdeps/unix/sysv/linux/pread64_nocancel.c
fn=__pread64_nocancel
25 8 1 1 0 0 0 0 0 0 0 0 0 0
26 16 0 0 0 0 0 0 0 0 4 0 0 0
27 4 0 0 4 0 0 0 0 0 0 0 0 0
fl=./io/../sysdeps/unix/sysv/linux/read.c
fn=read
25 3 1 1 0 0 0 0 0 0 0 0 0 0
26 18 0 0 3 0 0 0 0 0 6 1 0 0
27 3 0 0 3 0 0 0 0 0 0 0 0 0
fl=./io/../sysdeps/unix/sysv/linux/read_nocancel.c
fn=__read_nocancel
25 10 2 2 0 0 0 0 0 0 0 0 0 0
26 40 0 0 0 0 0 0 0 0 10 0 0 0
27 10 0 0 10 0 0 0 0 0 0 0 0 0
fl=./io/../sysdeps/unix/sysv/linux/stat64.c
fn=stat
28 18 1 1 0 0 0 0 0 0 0 0 0 0
29 36 0 0 0 0 0 0 0 0 0 0 0 0
fl=./io/../sysdeps/unix/sysv/linux/write.c
fn=write
25 39 22 1 0 0 0 0 0 0 0 0 0 0
26 273 19 1 39 0 0 0 0 0 78 0 0 0
27 39 0 0 39 0 0 0 0 0 0 0 0 0
fl=./libio/./libio/filedoalloc.c
fn=_IO_file_doallocate
78 9 1 1 1 0 0 4 0 0 0 0 0 0
84 9 1 1 3 1 0 1 0 0 2 0 1 1
86 4 1 1 1 0 0 0 0 0 1 0 0 0
97 4 0 0 1 0 0 0 0 0 1 0 0 0
101 3 0 0 0 0 0 1 0 0 0 0 0 0
102 2 0 0 0 0 0 0 0 0 1 0 0 0
104 4 0 0 0 0 0 1 0 0 0 0 0 0
105 1 1 1 0 0 0 0 0 0 0 0 0 0
106 8 0 0 6 0 0 0 0 0 1 0 0 0
fl=./libio/./libio/fileops.c
fn=_IO_file_close
1164 1 1 1 0 0 0 0 0 0 0 0 0 0
1167 2 0 0 1 0 0 0 0 0 0 0 0 0
fn=_IO_file_close_it@@GLIBC_2.2.5
128 4 1 1 0 0 0 3 0 0 0 0 0 0
130 3 0 0 1 0 0 0 0 0 1 1 0 0
133 2 0 0 0 0 0 0 0 0 1 0 0 0
134 3 0 0 1 0 0 0 0 0 0 0 0 0
137 1 0 0 0 0 0 0 0 0 0 0 0 0
139 2 0 0 0 0 0 1 0 0 0 0 0 0
142 7 2 2 3 0 0 1 0 0 1 0 1 1
145 3 0 0 1 0 0 0 0 0 1 1 0 0
153 5 1 1 0 0 0 1 0 0 0 0 0 0
154 4 0 0 0 0 0 3 0 0 0 0 0 0
157 2 0 0 0 0 0 1 0 0 0 0 0 0
158 1 0 0 0 0 0 1 0 0 0 0 0 0
159 1 0 0 0 0 0 1 0 0 0 0 0 0
160 1 0 0 0 0 0 1 0 0 0 0 0 0
162 2 1 1 0 0 0 0 0 0 0 0 0 0
163 5 0 0 4 0 0 0 0 0 0 0 0 0
fn=_IO_file_finish@@GLIBC_2.2.5
168 5 1 1 0 0 0 2 0 0 0 0 0 0
169 2 1 1 1 0 0 0 0 0 1 1 0 0
175 3 0 0 0 0 0 0 0 0 0 0 0 0
176 3 1 1 2 0 0 0 0 0 0 0 0 0
fn=_IO_file_fopen@@GLIBC_2.2.5
213 11 1 1 1 0 0 7 0 0 0 0 0 0
214 2 0 0 0 0 0 0 0 0 0 0 0 0
222 2 0 0 1 0 0 0 0 0 1 0 0 0
224 6 0 0 1 1 1 0 0 0 1 1 0 0
227 1 0 0 0 0 0 0 0 0 0 0 0 0
228 1 1 1 0 0 0 0 0 0 0 0 0 0
247 37 5 5 5 2 2 0 0 0 9 3 2 2
267 3 1 1 1 0 0 0 0 0 0 0 0 0
270 1 0 0 0 0 0 0 0 0 0 0 0 0
271 1 0 0 1 0 0 0 0 0 0 0 0 0
272 1 0 0 0 0 0 0 0 0 0 0 0 0
280 5 0 0 0 0 0 1 0 0 0 0 0 0
283 2 0 0 0 0 0 0 0 0 1 0 0 0
286 4 0 0 0 0 0 1 0 0 0 0 0 0
287 2 0 0 0 0 0 0 0 0 1 1 0 0
356 12 1 1 9 0 0 0 0 0 1 0 0 0
fn=_IO_file_open
182 9 1 1 0 0 0 3 0 0 0 0 0 0
184 2 0 0 1 0 0 0 0 0 1 1 0 0
185 4 1 1 0 0 0 1 0 0 0 0 0 0
189 2 1 1 0 0 0 0 0 0 1 0 0 0
191 1 0 0 0 0 0 1 0 0 0 0 0 0
192 6 0 0 1 0 0 1 0 0 0 0 0 0
195 3 0 0 0 0 0 0 0 0 1 1 0 0
205 2 1 1 0 0 0 1 0 0 0 0 0 0
206 1 0 0 0 0 0 0 0 0 0 0 0 0
207 4 0 0 4 0 0 0 0 0 0 0 0 0
fn=_IO_file_read
1130 6 1 1 0 0 0 0 0 0 0 0 0 0
1131 6 0 0 6 0 0 0 0 0 0 0 0 0
1132 12 0 0 0 0 0 0 0 0 0 0 0 0
1133 12 1 1 6 0 0 0 0 0 6 2 0 0
fn=_IO_file_stat
1146 1 1 1 0 0 0 0 0 0 0 0 0 0
1147 2 0 0 1 0 0 0 0 0 0 0 0 0
fn=_IO_file_underflow@@GLIBC_2.2.5
461 54 2 2 0 0 0 36 0 0 0 0 0 0
465 18 0 0 6 0 0 0 0 0 6 0 0 0
468 12 0 0 0 0 0 0 0 0 6 0 0 0
474 18 0 0 12 0 0 0 0 0 6 0 0 0
477 12 0 0 6 0 0 0 0 0 6 1 0 0
480 3 1 1 1 0 0 0 0 0 1 1 0 0
485 2 0 0 0 0 0 1 0 0 0 0 0 0
489 14 0 0 1 0 0 0 0 0 6 2 0 0
498 12 1 1 0 0 0 0 0 0 0 0 0 0
505 12 0 0 0 0 0 6 0 0 0 0 0 0
511 36 0 0 6 0 0 18 0 0 0 0 0 0
516 30 1 1 18 0 0 6 0 0 0 0 6 1
518 12 0 0 0 0 0 0 0 0 6 0 0 0
525 6 0 0 6 0 0 0 0 0 0 0 0 0
534 18 1 1 6 0 0 0 0 0 6 1 0 0
536 12 0 0 12 1 1 0 0 0 0 0 0 0
537 48 0 0 42 0 0 0 0 0 0 0 0 0
fn=_IO_new_file_init_internal
106 3 1 1 0 0 0 1 0 0 0 0 0 0
110 1 0 0 0 0 0 1 0 0 0 0 0 0
111 1 0 0 1 0 0 0 0 0 0 0 0 0
113 1 0 0 0 0 0 1 0 0 0 0 0 0
114 1 0 0 0 0 0 1 0 0 0 0 0 0
115 2 0 0 2 0 0 0 0 0 0 0 0 0
fl=./libio/./libio/genops.c
fn=_IO_default_finish
54 2 0 0 1 0 0 0 0 0 1 0 0 0
601 3 1 1 0 0 0 1 0 0 0 0 0 0
603 3 1 1 1 0 0 0 0 0 1 1 0 0
609 3 0 0 1 0 0 0 0 0 1 0 0 0
612 3 0 0 1 0 0 0 0 0 1 1 0 0
624 2 0 0 2 0 0 0 0 0 0 0 0 0
fn=_IO_doallocbuf
343 4 1 1 0 0 0 3 0 0 0 0 0 0
344 2 0 0 1 0 0 0 0 0 1 1 0 0
346 4 0 0 1 0 0 0 0 0 1 1 0 0
347 5 0 0 2 1 0 1 0 0 1 1 1 1
350 4 1 1 4 0 0 0 0 0 0 0 0 0
fn=_IO_link_in
87 20 1 1 2 0 0 12 0 0 0 0 0 0
88 8 0 0 2 0 0 0 0 0 2 1 0 0
90 2 1 1 0 0 0 1 0 0 0 0 0 0
92 7 1 1 0 0 0 3 0 0 0 0 0 0
93 12 1 1 4 1 1 2 0 0 2 0 0 0
94 1 0 0 0 0 0 1 0 0 0 0 0 0
95 13 1 1 7 0 0 1 0 0 3 0 0 0
97 2 0 0 1 1 0 1 0 0 0 0 0 0
98 1 0 0 0 0 0 1 0 0 0 0 0 0
100 13 1 1 6 0 0 2 0 0 4 1 0 0
101 1 1 1 0 0 0 1 0 0 0 0 0 0
102 7 0 0 2 0 0 2 0 0 3 1 0 0
103 2 0 0 0 0 0 1 0 0 0 0 0 0
106 21 0 0 16 0 0 0 0 0 2 0 0 0
fn=_IO_no_init
563 550 1 1 0 0 0 220 0 0 0 0 0 0
564 55 0 0 0 0 0 55 0 0 0 0 0 0
565 55 0 0 0 0 0 55 1 1 0 0 0 0
566 110 0 0 0 0 0 0 0 0 55 6 0 0
568 1 1 1 0 0 0 1 0 0 0 0 0 0
572 6 0 0 0 0 0 5 0 0 0 0 0 0
579 1 0 0 0 0 0 1 1 1 0 0 0 0
581 1 0 0 0 0 0 1 0 0 0 0 0 0
586 108 1 1 0 0 0 54 0 0 0 0 0 0
587 55 0 0 0 0 0 55 0 0 0 0 0 0
588 330 0 0 275 0 0 0 0 0 0 0 0 0
fn=_IO_old_init
531 55 1 1 0 0 0 0 0 0 0 0 0 0
532 110 0 0 0 0 0 55 0 0 0 0 0 0
534 330 0 0 55 1 1 55 0 0 0 0 0 0
539 385 0 0 0 0 0 330 1 1 0 0 0 0
544 55 1 1 0 0 0 55 0 0 0 0 0 0
550 110 0 0 0 0 0 55 0 0 0 0 0 0
555 165 0 0 55 0 0 0 0 0 55 7 0 0
556 2 0 0 0 0 0 2 1 1 0 0 0 0
558 55 0 0 55 0 0 0 0 0 0 0 0 0
fn=_IO_setb
329 504 1 1 0 0 0 112 0 0 0 0 0 0
330 226 1 1 112 0 0 0 0 0 57 7 0 0
331 1 0 0 0 0 0 1 0 0 0 0 0 0
332 56 0 0 0 0 0 56 0 0 0 0 0 0
335 339 0 0 2 0 0 56 0 0 0 0 0 0
338 225 0 0 168 0 0 1 0 0 0 0 0 0
fn=_IO_sputbackc
635 1080 1 1 0 0 0 432 1 0 0 0 0 0
638 648 1 1 432 0 0 0 0 0 216 0 0 0
639 432 0 0 216 0 0 0 0 0 216 4 0 0
641 432 1 1 0 0 0 216 0 0 0 0 0 0
642 216 0 0 0 0 0 0 0 0 0 0 0 0
647 216 0 0 0 0 0 0 0 0 0 0 0 0
648 216 0 0 216 0 0 0 0 0 0 0 0 0
651 864 0 0 648 0 0 0 0 0 0 0 0 0
fn=_IO_switch_to_get_mode
164 30 1 1 0 0 0 12 0 0 0 0 0 0
165 18 0 0 12 0 0 0 0 0 6 1 0 0
168 18 1 1 6 0 0 0 0 0 6 1 0 0
172 12 0 0 6 0 0 6 0 0 0 0 0 0
173 12 1 1 6 0 0 0 0 0 6 3 0 0
176 6 0 0 0 0 0 6 0 0 0 0 0 0
178 12 0 0 0 0 0 12 0 0 0 0 0 0
180 12 0 0 0 0 0 6 0 0 0 0 0 0
181 6 0 0 0 0 0 0 0 0 0 0 0 0
182 24 0 0 18 0 0 0 0 0 0 0 0 0
fn=_IO_un_link
53 2 1 1 0 0 0 0 0 0 0 0 0 0
54 4 0 0 2 0 0 0 0 0 2 1 0 0
82 2 0 0 1 0 0 0 0 0 0 0 0 0
fn=_IO_unsave_markers
960 3 1 1 0 0 0 1 0 0 0 0 0 0
962 2 0 0 1 0 0 0 0 0 1 1 0 0
967 3 1 1 1 0 0 0 0 0 1 1 0 0
969 2 0 0 2 0 0 0 0 0 0 0 0 0
fn=__GI__IO_un_link.part.0
52 9 2 2 1 0 0 5 0 0 0 0 0 0
58 6 0 0 0 0 0 3 0 0 0 0 0 0
59 12 1 1 4 0 0 2 0 0 2 0 0 0
60 1 0 0 0 0 0 1 0 0 0 0 0 0
61 4 1 1 1 0 0 0 0 0 1 1 0 0
63 3 2 2 1 0 0 0 0 0 1 1 0 0
65 2 0 0 0 0 0 0 0 0 1 0 0 0
66 2 1 1 1 0 0 1 0 0 0 0 0 0
74 2 0 0 0 0 0 1 0 0 0 0 0 0
76 2 0 0 0 0 0 0 0 0 1 1 0 0
77 1 0 0 0 0 0 1 0 0 0 0 0 0
78 9 1 1 3 0 0 2 0 0 3 1 0 0
79 2 0 0 0 0 0 1 0 0 0 0 0 0
82 9 0 0 7 0 0 0 0 0 1 0 0 0
fn=__underflow
173 6 0 0 6 0 0 0 0 0 0 0 0 0
269 30 1 1 0 0 0 12 0 0 0 0 0 0
270 29 1 1 6 0 0 1 0 0 11 10 0 0
275 18 0 0 6 0 0 0 0 0 6 1 0 0
278 18 0 0 6 0 0 0 0 0 6 0 0 0
280 12 0 0 0 0 0 0 0 0 6 0 0 0
286 12 0 0 6 0 0 0 0 0 6 5 0 0
291 18 1 1 6 0 0 0 0 0 6 3 0 0
293 24 1 1 12 1 0 0 0 0 0 0 6 1
294 18 0 0 12 0 0 0 0 0 0 0 0 0
fl=./libio/./libio/iofclose.c
fn=fclose@@GLIBC_2.2.5
34 5 1 1 0 0 0 3 0 0 0 0 0 0
48 3 1 1 1 0 0 0 0 0 1 1 0 0
49 1 1 1 0 0 0 1 0 0 0 0 0 0
51 3 0 0 1 0 0 0 0 0 1 1 0 0
52 2 1 1 0 0 0 0 0 0 1 0 0 0
53 3 0 0 0 0 0 1 0 0 0 0 0 0
57 4 0 0 2 0 0 1 0 0 0 0 1 1
58 3 0 0 1 0 0 0 0 0 1 0 0 0
71 2 0 0 1 0 0 0 0 0 1 1 0 0
76 5 0 0 4 0 0 0 0 0 0 0 0 0
fl=./libio/./libio/iofopen.c
fn=fopen@@GLIBC_2.2.5
37 2 0 0 1 0 0 0 0 0 1 1 0 0
65 2 1 1 0 0 0 1 0 0 0 0 0 0
67 3 0 0 0 0 0 0 0 0 1 0 0 0
70 2 0 0 0 0 0 1 1 1 0 0 0 0
72 7 1 1 0 0 0 1 0 0 0 0 0 0
73 2 0 0 0 0 0 1 0 0 0 0 0 0
74 2 0 0 0 0 0 1 0 0 0 0 0 0
75 7 0 0 0 0 0 1 0 0 1 0 0 0
85 8 1 1 0 0 0 4 0 0 0 0 0 0
87 7 1 1 5 0 0 0 0 0 0 0 0 0
fl=./libio/./libio/iogetdelim.c
fn=getdelim
41 648 2 2 0 0 0 432 0 0 0 0 0 0
46 216 0 0 0 0 0 0 0 0 55 1 0 0
52 324 0 0 54 0 0 0 0 0 54 0 0 0
53 108 0 0 0 0 0 0 0 0 54 0 0 0
59 267 1 1 160 0 0 0 0 0 107 3 0 0
61 2 0 0 1 0 0 1 0 0 0 0 0 0
62 3 0 0 0 0 0 2 0 0 0 0 0 0
63 2 0 0 0 0 0 0 0 0 1 0 0 0
70 162 0 0 108 0 0 0 0 0 0 0 0 0
71 108 1 1 0 0 0 0 0 0 54 1 0 0
73 4 1 1 0 0 0 1 0 0 1 0 0 0
78 4 0 0 2 0 0 0 0 0 0 0 0 0
85 354 1 1 59 0 0 118 0 0 0 0 0 0
87 295 1 1 59 0 0 0 0 0 0 0 0 0
88 236 0 0 0 0 0 0 0 0 59 15 0 0
95 123 0 0 0 0 0 0 0 0 0 0 0 0
96 236 0 0 118 0 0 0 0 0 59 15 0 0
100 3 0 0 0 0 0 0 0 0 0 0 0 0
102 62 0 0 59 0 0 2 0 0 0 0 0 0
103 3 1 1 1 0 0 0 0 0 1 0 0 0
108 1 0 0 0 0 0 1 0 0 0 0 0 0
109 2 0 0 1 0 0 1 0 0 0 0 0 0
111 237 0 0 1 0 0 59 0 0 0 0 0 0
112 59 0 0 59 0 0 0 0 0 0 0 0 0
114 138 0 0 0 0 0 5 0 0 64 9 0 0
116 15 0 0 10 0 0 0 0 0 0 0 0 0
118 108 1 1 54 0 0 54 0 0 0 0 0 0
124 486 1 1 378 0 0 0 0 0 0 0 0 0
fl=./libio/./libio/libioP.h
fn=_IO_doallocbuf
940 3 1 1 0 0 0 0 0 0 0 0 0 0
942 2 0 0 0 0 0 0 0 0 0 0 0 0
943 2 0 0 0 0 0 0 0 0 1 0 0 0
fn=_IO_file_close_it@@GLIBC_2.2.5
940 3 0 0 0 0 0 0 0 0 0 0 0 0
942 2 0 0 0 0 0 0 0 0 0 0 0 0
943 2 0 0 0 0 0 0 0 0 1 0 0 0
fn=_IO_file_doallocate
940 3 0 0 0 0 0 0 0 0 0 0 0 0
942 2 0 0 0 0 0 0 0 0 0 0 0 0
943 2 0 0 0 0 0 0 0 0 1 0 0 0
fn=_IO_file_underflow@@GLIBC_2.2.5
940 12 0 0 0 0 0 0 0 0 0 0 0 0
942 24 0 0 0 0 0 0 0 0 0 0 0 0
943 12 0 0 0 0 0 0 0 0 6 0 0 0
fn=__underflow
940 18 0 0 0 0 0 0 0 0 0 0 0 0
942 12 0 0 0 0 0 0 0 0 0 0 0 0
943 12 0 0 0 0 0 0 0 0 6 0 0 0
fn=fclose@@GLIBC_2.2.5
855 4 0 0 2 0 0 0 0 0 0 0 0 0
856 4 0 0 1 0 0 0 0 0 2 0 0 0
862 2 0 0 0 0 0 1 0 0 0 0 0 0
883 7 1 1 1 0 0 0 0 0 1 0 0 0
884 3 0 0 2 0 0 0 0 0 1 0 0 0
940 3 1 1 0 0 0 0 0 0 0 0 0 0
942 2 0 0 0 0 0 0 0 0 0 0 0 0
943 2 0 0 0 0 0 0 0 0 1 0 0 0
fn=getdelim
883 216 0 0 54 0 0 0 0 0 54 8 0 0
fl=./libio/./libio/strops.c
fn=_IO_str_init_static_internal
36 756 2 2 0 0 0 324 0 0 0 0 0 0
40 108 0 0 0 0 0 0 0 0 54 0 0 0
41 216 0 0 0 0 0 54 0 0 0 0 0 0
46 270 0 0 0 0 0 54 0 0 0 0 0 0
50 540 1 1 54 0 0 162 0 0 0 0 0 0
51 270 1 1 0 0 0 0 0 0 54 4 0 0
64 54 0 0 0 0 0 54 0 0 0 0 0 0
65 378 0 0 324 0 0 0 0 0 0 0 0 0
fl=./libio/./libio/vtables.c
fn=check_stdfiles_vtables
83 1 1 1 0 0 0 0 0 0 0 0 0 0
84 4 0 0 2 1 0 0 0 0 1 1 0 0
85 3 1 1 2 1 0 0 0 0 1 0 0 0
86 3 0 0 2 2 0 0 0 0 1 0 0 0
88 1 0 0 1 0 0 0 0 0 0 0 0 0
fl=./malloc/./malloc/arena.c
fn=calloc
162 6 0 0 0 0 0 0 0 0 2 0 0 0
fn=free
162 338853 0 0 0 0 0 0 0 0 112951 72 0 0
fn=malloc
162 201040 8 1 0 0 0 0 0 0 100520 429 0 0
315 1 1 1 0 0 0 1 0 0 0 0 0 0
fn=posix_memalign
162 24 0 0 0 0 0 0 0 0 12 12 0 0
fn=ptmalloc_init.part.0
313 6 1 1 1 0 0 3 0 0 0 0 0 0
318 1 0 0 0 0 0 1 0 0 0 0 0 0
343 2 2 2 1 0 0 0 0 0 1 1 0 0
347 3 0 0 1 1 0 1 1 0 0 0 0 0
352 4 0 0 0 0 0 1 0 0 0 0 0 0
353 4 1 1 0 0 0 1 0 0 0 0 0 0
354 4 0 0 0 0 0 1 0 0 0 0 0 0
355 4 0 0 0 0 0 1 0 0 0 0 0 0
356 4 1 1 0 0 0 1 0 0 0 0 0 0
357 4 0 0 0 0 0 1 0 0 0 0 0 0
358 4 0 0 0 0 0 1 0 0 0 0 0 0
360 4 1 1 0 0 0 1 0 0 0 0 0 0
361 4 0 0 0 0 0 1 0 0 0 0 0 0
362 4 0 0 0 0 0 1 0 0 0 0 0 0
365 4 0 0 0 0 0 1 0 0 0 0 0 0
366 4 1 1 0 0 0 1 0 0 0 0 0 0
367 2 0 0 1 1 1 0 0 0 1 1 0 0
430 7 0 0 5 0 0 0 0 0 1 0 0 0
fn=realloc
162 167013 22 1 0 0 0 0 0 0 55671 39 0 0
fn=sysmalloc
565 50 6 1 0 0 0 50 0 0 0 0 0 0
fl=./malloc/./malloc/malloc.c
fn=_int_free
2012 374391 81 1 124797 417 0 0 0 0 124797 19 0 0
3181 25632 409 1 12816 0 0 12816 0 0 0 0 0 0
3183 51264 0 0 12816 746 0 12816 0 0 0 0 0 0
3184 12816 0 0 0 0 0 12816 0 0 0 0 0 0
3185 25632 0 0 0 0 0 12816 0 0 0 0 0 0
4421 1513743 15 2 137613 476 0 963291 492 0 0 0 0 0
4431 412839 0 0 137613 337 0 0 0 0 0 0 0 0
4437 688065 0 0 0 0 0 0 0 0 137613 298 0 0
4438 275226 0 0 0 0 0 0 0 0 137613 16 0 0
4442 550452 0 0 0 0 0 0 0 0 137613 1 0 0
4449 275226 0 0 0 0 0 0 0 0 0 0 0 0
4450 963291 16 1 412839 1215 0 0 0 0 275226 4596 0 0
4453 123236 0 0 0 0 0 0 0 0 0 0 0 0
4459 369708 0 0 246472 23915 0 0 0 0 123236 7 0 0
4479 616180 16 1 246472 319 0 0 0 0 123236 3530 0 0
4482 12816 0 0 0 0 0 0 0 0 0 0 0 0
4493 249594 2 0 124797 505 0 0 0 0 124797 7094 0 0
4504 404268 0 0 101067 37635 0 0 0 0 101067 2 0 0
4506 303201 0 0 101067 17 0 0 0 0 101067 1 0 0
4527 101067 0 0 0 0 0 101067 12 0 0 0 0 0
4528 101067 0 0 0 0 0 0 0 0 0 0 0 0
4532 303201 0 0 101067 0 0 0 0 0 0 0 0 0
4534 303201 0 0 101067 0 0 0 0 0 101067 0 0 0
4538 202134 0 0 0 0 0 0 0 0 101067 3 0 0
4540 404268 0 0 0 0 0 101067 0 0 0 0 0 0
4541 101067 0 0 0 0 0 101067 0 0 0 0 0 0
4560 404268 0 0 0 0 0 0 0 0 101067 223 0 0
4561 1412 0 0 353 38 0 0 0 0 353 4 0 0
4569 47460 0 0 23730 0 0 0 0 0 23730 5 0 0
4572 23730 0 0 23730 0 0 0 0 0 0 0 0 0
4575 118650 0 0 0 0 0 23730 182 0 23730 87 0 0
4578 23730 88 1 0 0 0 0 0 0 0 0 0 0
4582 71190 0 0 23730 450 0 0 0 0 23730 0 0 0
4585 49142 0 0 23730 472 0 0 0 0 24571 12 0 0
4587 2523 5 1 841 283 0 0 0 0 0 0 0 0
4590 71190 0 0 23730 5786 0 0 0 0 23730 0 0 0
4593 47460 0 0 0 0 0 0 0 0 0 0 0 0
4594 47460 0 0 0 0 0 0 0 0 23730 0 0 0
4595 47460 203 1 23730 456 0 0 0 0 23730 0 0 0
4601 47460 0 0 23730 0 0 0 0 0 23730 2430 0 0
4602 3932 0 0 3932 0 0 0 0 0 0 0 0 0
4603 3932 0 0 0 0 0 0 0 0 0 0 0 0
4604 3932 0 0 0 0 0 0 0 0 0 0 0 0
4605 15728 0 0 3932 646 0 0 0 0 3932 0 0 0
4607 7864 0 0 0 0 0 3932 117 0 0 0 0 0
4610 47460 193 1 23730 0 0 0 0 0 23730 37 0 0
4615 47440 0 0 23720 8347 2 0 0 0 23720 1820 0 0
4616 3954 26 1 0 0 0 1977 72 0 0 0 0 0
4617 3954 0 0 0 0 0 0 0 0 0 0 0 0
4619 21743 0 0 21743 0 0 0 0 0 0 0 0 0
4627 23720 0 0 0 0 0 0 0 0 0 0 0 0
4628 94880 0 0 23720 0 0 0 0 0 0 0 0 0
4629 47440 0 0 23720 278 0 0 0 0 23720 399 0 0
4631 23720 0 0 0 0 0 23720 2717 0 0 0 0 0
4633 47440 539 1 0 0 0 0 0 0 23720 2893 0 0
4635 48900 1932 1 0 0 0 16300 3227 1 0 0 0 0
4638 23720 0 0 0 0 0 23720 0 0 0 0 0 0
4639 23720 0 0 0 0 0 23720 0 0 0 0 0 0
4641 71160 0 0 0 0 0 23720 0 0 0 0 0 0
4642 23720 0 0 0 0 0 23720 0 0 0 0 0 0
4653 10 4 1 0 0 0 0 0 0 0 0 0 0
4654 30 0 0 0 0 0 10 0 0 0 0 0 0
4655 20 0 0 0 0 0 10 0 0 0 0 0 0
4672 47460 0 0 0 0 0 0 0 0 23730 886 0 0
4673 20706 1501 1 6902 0 0 0 0 0 6902 517 0 0
4674 1188 2 0 0 0 0 396 1 0 0 0 0 0
4676 20706 1763 1 0 0 0 0 0 0 6902 46 0 0
4678 34510 25 1 20706 734 0 0 0 0 6902 12 0 0
4680 18 4 1 6 0 0 6 0 0 0 0 0 0
4692 71190 0 0 23730 14 0 0 0 0 23730 50 0 0
4702 1513743 4 2 1238517 28 0 0 0 0 137613 0 0 0
fn=_int_malloc
1343 214592 20 1 0 0 0 0 0 0 107296 24 0 0
1362 532543 12 1 0 0 0 0 0 0 107296 14 0 0
2005 319549 109 2 106537 3 0 0 0 0 106475 154 0 0
3177 990 0 0 465 0 0 525 0 0 0 0 0 0
3181 315167 48 0 105920 7 0 105920 46 0 0 0 0 0
3183 214915 361 1 2395 30 0 105222 0 0 0 0 0 0
3184 905 0 0 0 0 0 905 0 0 0 0 0 0
3185 2920 0 0 60 0 0 1430 0 0 0 0 0 0
3186 930 0 0 0 0 0 0 0 0 0 0 0 0
3193 2463 122 1 1642 4 0 0 0 0 0 0 0 0
3194 1642 0 0 0 0 0 0 0 0 821 2 0 0
3196 3284 0 0 821 1 0 821 0 0 0 0 0 0
3197 821 0 0 821 2 0 0 0 0 0 0 0 0
3198 821 0 0 0 0 0 821 0 0 0 0 0 0
3771 965664 12 1 0 0 0 643776 312 5 0 0 0 0
3811 214592 24 1 0 0 0 0 0 0 107296 0 0 0
3838 222466 0 0 107296 152 0 0 0 0 107296 6910 0 0
3841 68 0 0 0 0 0 0 0 0 0 0 0 0
3843 99846 0 0 95909 161 0 0 0 0 0 0 0 0
3845 479341 300 2 0 0 0 0 0 0 95909 99 0 0
3847 136 14 0 0 0 0 0 0 0 68 0 0 0
3850 204 0 0 68 0 0 0 0 0 68 0 0 0
3851 408 0 0 68 14 0 68 0 0 0 0 0 0
3853 275916 17 1 0 0 0 0 0 0 0 0 0 0
3856 136 0 0 68 3 0 0 0 0 0 0 0 0
3857 136 20 1 0 0 0 0 0 0 68 1 0 0
3863 136 0 0 0 0 0 0 0 0 0 0 0 0
3864 408 0 0 204 0 0 0 0 0 136 0 0 0
3869 128 0 0 68 0 0 0 0 0 0 0 0 0
3870 512 43 2 200 0 0 0 0 0 200 61 0 0
3872 120 0 0 0 0 0 0 0 0 60 12 0 0
3874 180 15 1 60 0 0 0 0 0 60 6 0 0
3875 360 0 0 60 9 0 60 0 0 0 0 0 0
3901 22774 0 0 0 0 0 0 0 0 11387 1362 0 0
3903 101938 0 0 0 0 0 101938 278 5 0 0 0 0
3904 227982 63 2 0 0 0 0 0 0 0 0 0 0
3906 309303 0 0 103101 4037 0 0 0 0 103101 1103 0 0
3908 1163 0 0 1163 215 0 0 0 0 0 0 0 0
3909 2326 0 0 1163 347 0 0 0 0 1163 149 0 0
3911 1163 0 0 1163 438 0 0 0 0 0 0 0 0
3912 1163 0 0 0 0 0 1163 0 0 0 0 0 0
3913 1163 0 0 0 0 0 1163 0 0 0 0 0 0
3915 3489 300 1 0 0 0 0 0 0 1163 28 0 0
3921 2326 0 0 0 0 0 0 0 0 0 0 0 0
3922 6978 0 0 3489 0 0 0 0 0 2326 0 0 0
3927 7210 0 0 2326 12 0 0 0 0 465 100 0 0
3928 3080 0 0 0 0 0 0 0 0 1540 298 0 0
3932 465 0 0 465 0 0 0 0 0 0 0 0 0
3933 465 0 0 465 241 0 0 0 0 0 0 0 0
3934 930 0 0 0 0 0 0 0 0 465 7 0 0
3936 465 0 0 0 0 0 465 0 0 0 0 0 0
3937 465 0 0 0 0 0 465 246 0 0 0 0 0
3944 1163 0 0 0 0 0 0 0 0 0 0 0 0
3963 138593 1587 2 0 0 0 43250 583 8 5830 1071 0 0
3964 12381 13 1 4127 114 0 0 0 0 4127 634 0 0
3965 5566 85 0 0 0 0 543 25 0 0 0 0 0
3982 530322 0 0 106064 86 0 212129 1102 6 0 0 0 0
3983 318195 0 0 0 0 0 0 0 0 0 0 0 0
3984 318195 0 0 212130 12 0 0 0 0 106065 1 0 0
3988 106065 0 0 0 0 0 106065 0 0 0 0 0 0
3993 103327 0 0 0 0 0 0 0 0 0 0 0 0
3994 497426 34 1 129469 289 0 0 0 0 130374 6830 0 0
3996 110593 0 0 110593 51 0 0 0 0 0 0 0 0
3997 442372 0 0 110593 653 0 0 0 0 0 0 0 0
3998 110593 0 0 0 0 0 0 0 0 0 0 0 0
4000 221186 10 1 0 0 0 0 0 0 110593 8 0 0
4001 331779 0 0 110593 44 0 0 0 0 110593 3 0 0
4003 110593 0 0 110593 2382 0 0 0 0 0 0 0 0
4004 442372 0 0 0 0 0 0 0 0 110593 34 0 0
4006 442372 0 0 110593 0 0 0 0 0 110593 17 0 0
4008 221186 15 1 110593 1851 0 0 0 0 110593 29 0 0
4009 221186 0 0 110593 0 0 0 0 0 110593 61 0 0
4011 221186 0 0 0 0 0 0 0 0 110593 0 0 0
4022 442372 0 0 0 0 0 0 0 0 110593 6469 0 0
4023 198718 21 1 99359 0 0 0 0 0 99359 9374 0 0
4024 180046 0 0 90023 0 0 0 0 0 90023 3574 0 0
4025 206654 0 0 0 0 0 103327 0 0 0 0 0 0
4028 172444 0 0 86222 0 0 0 0 0 0 0 0 0
4029 86222 0 0 0 0 0 0 0 0 0 0 0 0
4030 86222 0 0 0 0 0 86222 0 0 0 0 0 0
4031 258666 0 0 0 0 0 86222 0 0 0 0 0 0
4032 86222 0 0 0 0 0 86222 29451 14 0 0 0 0
4033 172444 0 0 0 0 0 0 0 0 86222 4208 0 0
4035 130302 5 1 0 0 0 65151 15872 2 0 0 0 0
4039 689776 18 0 0 0 0 86222 0 0 0 0 0 0
4041 258666 0 0 0 0 0 86222 1499 4 0 0 0 0
4042 86222 0 0 0 0 0 86222 0 0 0 0 0 0
4045 87189 0 0 0 0 0 0 0 0 0 0 0 0
4053 24371 0 0 0 0 0 24371 0 0 0 0 0 0
4054 24371 0 0 0 0 0 24371 0 0 0 0 0 0
4058 48742 0 0 0 0 0 0 0 0 24371 1030 0 0
4060 1934 446 1 0 0 0 967 0 0 0 0 0 0
4061 427161 28 1 0 0 0 212130 6 0 967 6 0 0
4066 1934 0 0 967 0 0 0 0 0 967 25 0 0
4067 313737 8 1 208532 2 0 103327 0 0 939 124 0 0
4071 1810 72 1 0 0 0 0 0 0 0 0 0 0
4087 46808 12 1 0 0 0 0 0 0 23404 3262 0 0
4089 18678 0 0 0 0 0 0 0 0 0 0 0 0
4090 37356 0 0 0 0 0 0 0 0 0 0 0 0
4091 9339 0 0 9339 1434 0 0 0 0 0 0 0 0
4095 253440 159 2 0 0 0 0 0 0 42449 4808 0 0
4096 56260 67 1 0 0 0 0 0 0 0 0 0 0
4097 14065 0 0 14065 2290 0 0 0 0 0 0 0 0
4100 28130 0 0 0 0 0 0 0 0 14065 1395 0 0
4103 5020 121 1 0 0 0 2510 4 0 0 0 0 0
4105 10040 0 0 5020 356 0 0 0 0 2510 0 0 0
4106 5020 0 0 2510 0 0 0 0 0 2510 359 0 0
4112 7368 0 0 0 0 0 1842 52 0 0 0 0 0
4113 1842 0 0 1842 88 0 0 0 0 0 0 0 0
4114 5526 1 0 0 0 0 3684 26 0 0 0 0 0
4118 3340 59 1 1336 67 0 0 0 0 668 8 0 0
4119 1766 0 0 0 0 0 0 0 0 883 289 0 0
4121 215 0 0 215 23 0 0 0 0 0 0 0 0
4122 645 0 0 215 32 0 0 0 0 215 25 0 0
4125 668 0 0 0 0 0 0 0 0 668 240 0 0
4128 586 8 0 293 11 0 0 0 0 0 0 0 0
4131 1125 0 0 375 50 0 375 42 0 0 0 0 0
4133 1125 4 0 750 10 0 0 0 0 375 1 0 0
4135 375 0 0 0 0 0 375 0 0 0 0 0 0
4136 1125 0 0 375 0 0 375 0 0 0 0 0 0
4138 668 0 0 668 5 0 0 0 0 0 0 0 0
4139 1336 0 0 668 1 0 0 0 0 668 49 0 0
4144 34665 38 1 0 0 0 11555 181 0 0 0 0 0
4147 140424 11 1 23404 531 0 0 0 0 0 0 0 0
4149 93616 0 0 0 0 0 23404 0 0 0 0 0 0
4150 23404 0 0 0 0 0 23404 570 0 0 0 0 0
4151 23404 0 0 0 0 0 23404 0 0 0 0 0 0
4156 46808 0 0 46808 0 0 0 0 0 0 0 0 0
4157 46808 0 0 0 0 0 0 0 0 23404 1105 0 0
4158 309981 0 0 103327 0 0 103327 0 0 0 0 0 0
4159 1952 0 0 488 0 0 0 0 0 976 65 0 0
4166 70212 6 0 0 0 0 0 0 0 23404 12 0 0
4174 821 0 0 0 0 0 0 0 0 0 0 0 0
4183 37920 1 1 0 0 0 0 0 0 18960 2592 0 0
4185 16392 10 0 4098 0 0 0 0 0 0 0 0 0
4188 12294 0 0 4098 1082 0 0 0 0 4098 1036 0 0
4189 1088 0 0 544 264 0 0 0 0 544 227 0 0
4192 894 28 1 894 108 0 0 0 0 0 0 0 0
4193 3092 0 0 529 137 0 0 0 0 529 100 0 0
4195 82 0 0 82 28 0 0 0 0 0 0 0 0
4199 894 0 0 447 0 0 0 0 0 447 76 0 0
4200 172 0 0 86 27 0 0 0 0 0 0 0 0
4201 86 0 0 86 3 0 0 0 0 0 0 0 0
4204 894 0 0 0 0 0 0 0 0 0 0 0 0
4205 1341 45 1 0 0 0 894 36 0 0 0 0 0
4208 1341 0 0 447 0 0 0 0 0 447 178 0 0
4210 249 0 0 249 0 0 0 0 0 0 0 0 0
4211 747 46 1 0 0 0 0 0 0 249 0 0 0
4217 198 0 0 0 0 0 0 0 0 0 0 0 0
4221 792 0 0 198 0 0 0 0 0 0 0 0 0
4222 396 0 0 198 0 0 0 0 0 198 5 0 0
4225 198 0 0 0 0 0 198 145 1 0 0 0 0
4226 198 0 0 0 0 0 198 0 0 0 0 0 0
4227 198 0 0 0 0 0 198 0 0 0 0 0 0
4228 396 19 0 0 0 0 0 0 0 198 112 0 0
4230 156 0 0 0 0 0 78 27 0 0 0 0 0
4233 1584 0 0 0 0 0 198 0 0 0 0 0 0
4235 594 0 0 0 0 0 198 33 0 0 0 0 0
4236 198 0 0 0 0 0 198 0 0 0 0 0 0
4239 447 0 0 0 0 0 0 0 0 0 0 0 0
4256 37026 4 1 18513 0 0 0 0 0 0 0 0 0
4257 37026 0 0 0 0 0 0 0 0 0 0 0 0
4258 37026 0 0 0 0 0 0 0 0 0 0 0 0
4259 37026 0 0 18513 13 0 0 0 0 0 0 0 0
4260 55539 0 0 0 0 0 0 0 0 0 0 0 0
4265 90691 13 1 0 0 0 0 0 0 40995 5237 0 0
4269 73930 58 1 0 0 0 0 0 0 26174 109 0 0
4272 117222 29 3 26032 0 0 0 0 0 26032 4067 0 0
4274 52640 0 0 0 0 0 0 0 0 0 0 0 0
4275 26320 0 0 0 0 0 0 0 0 0 0 0 0
4279 686804 0 0 0 0 0 0 0 0 343402 27581 0 0
4281 316461 0 0 0 0 0 0 0 0 0 0 0 0
4283 632922 0 0 0 0 0 0 0 0 316461 29 0 0
4287 26941 0 0 26941 1360 0 0 0 0 0 0 0 0
4290 53882 0 0 0 0 0 0 0 0 26941 7184 0 0
4292 43180 298 1 0 0 0 8636 0 0 0 0 0 0
4293 8636 0 0 0 0 0 0 0 0 0 0 0 0
4294 8636 0 0 0 0 0 0 0 0 0 0 0 0
4299 54915 25 1 36610 1748 0 0 0 0 0 0 0 0
4302 36610 0 0 0 0 0 0 0 0 18305 0 0 0
4304 36610 0 0 0 0 0 0 0 0 0 0 0 0
4307 73220 0 0 0 0 0 54915 287 1 0 0 0 0
4310 73220 0 0 36610 0 0 0 0 0 18305 1343 0 0
4312 1223 0 0 1223 0 0 0 0 0 0 0 0 0
4313 3669 21 0 0 0 0 0 0 0 1223 4 0 0
4320 17082 0 0 0 0 0 0 0 0 0 0 0 0
4325 68328 18 1 17082 0 0 0 0 0 0 0 0 0
4326 34164 0 0 17082 0 0 0 0 0 17082 5 0 0
4329 17082 0 0 0 0 0 17082 10982 5 0 0 0 0
4330 17082 0 0 0 0 0 17082 0 0 0 0 0 0
4331 17082 0 0 0 0 0 17082 0 0 0 0 0 0
4334 34164 0 0 0 0 0 0 0 0 17082 3002 0 0
4335 13567 0 0 0 0 0 13567 0 0 0 0 0 0
4336 34164 0 0 0 0 0 0 0 0 17082 1605 0 0
4338 22916 5 1 0 0 0 11458 2744 1 0 0 0 0
4341 136656 6 0 0 0 0 17082 0 0 0 0 0 0
4343 51246 0 0 0 0 0 17082 2114 3 0 0 0 0
4344 17082 0 0 0 0 0 17082 0 0 0 0 0 0
4347 18305 0 0 0 0 0 0 0 0 0 0 0 0
4369 208 0 0 208 0 0 0 0 0 0 0 0 0
4370 416 0 0 208 8 0 0 0 0 0 0 0 0
4372 416 0 0 208 0 0 0 0 0 208 5 0 0
4375 758 6 1 0 0 0 134 0 0 208 60 0 0
4377 141 0 0 0 0 0 0 0 0 0 0 0 0
4378 282 9 1 141 0 0 0 0 0 0 0 0 0
4379 141 0 0 0 0 0 141 0 0 0 0 0 0
4380 1128 4 1 0 0 0 141 0 0 0 0 0 0
4382 282 0 0 0 0 0 141 137 109 0 0 0 0
4385 141 0 0 0 0 0 0 0 0 0 0 0 0
4392 201 0 0 67 0 0 0 0 0 67 6 0 0
4397 206718 0 0 0 0 0 0 0 0 0 0 0 0
4399 1529070 28 3 0 0 0 917442 303 3 0 0 0 0
4407 335 10 1 67 0 0 67 38 0 0 0 0 0
4408 134 0 0 0 0 0 0 0 0 67 4 0 0
4413 965664 19 2 751072 9 0 0 0 0 0 0 0 0
fn=_int_memalign
1343 24 0 0 0 0 0 0 0 0 12 0 0 0
1362 96 12 1 0 0 0 0 0 0 0 0 0 0
4941 84 12 1 0 0 0 72 4 0 0 0 0 0
4968 36 0 0 0 0 0 12 0 0 0 0 0 0
4970 24 0 0 0 0 0 0 0 0 12 0 0 0
4973 12 0 0 0 0 0 0 0 0 0 0 0 0
4975 48 0 0 0 0 0 0 0 0 12 7 0 0
4984 55 0 0 0 0 0 0 0 0 0 0 0 0
4986 44 11 1 0 0 0 0 0 0 11 4 0 0
4987 2 2 1 0 0 0 0 0 0 0 0 0 0
4990 6 0 0 0 0 0 0 0 0 0 0 0 0
4991 44 0 0 11 0 0 0 0 0 0 0 0 0
4994 22 0 0 0 0 0 0 0 0 11 2 0 0
5002 99 11 1 0 0 0 11 1 0 0 0 0 0
5004 11 0 0 11 0 0 0 0 0 0 0 0 0
5005 55 0 0 11 0 0 11 0 0 0 0 0 0
5006 33 0 0 0 0 0 11 0 0 0 0 0 0
5009 99 11 1 0 0 0 0 0 0 22 8 0 0
5014 36 1 0 12 0 0 0 0 0 12 0 0 0
5016 12 0 0 0 0 0 0 0 0 0 0 0 0
5017 36 0 0 0 0 0 0 0 0 12 3 0 0
5019 10 0 0 0 0 0 0 0 0 0 0 0 0
5020 10 0 0 0 0 0 0 0 0 0 0 0 0
5021 80 10 1 0 0 0 10 9 0 0 0 0 0
5023 40 0 0 10 0 0 10 0 0 0 0 0 0
5024 40 0 0 0 0 0 10 0 0 0 0 0 0
5030 108 2 0 84 2 0 0 0 0 0 0 0 0
fn=_int_realloc
4818 194908 274 1 0 0 0 167064 100 0 0 0 0 0
4829 111376 185 1 27844 0 0 0 0 0 27844 2 0 0
4830 139220 0 0 27844 128 0 0 0 0 27844 0 0 0
4836 55688 0 0 0 0 0 0 0 0 27844 157 0 0
4838 55688 0 0 0 0 0 0 0 0 0 0 0 0
4839 83532 0 0 27844 1654 0 0 0 0 0 0 0 0
4841 111376 278 1 0 0 0 0 0 0 27844 1 0 0
4844 55688 0 0 0 0 0 0 0 0 27844 12610 0 0
4854 36810 298 1 18390 128 0 0 0 0 18405 64 0 0
4855 15 5 1 0 0 0 0 0 0 0 0 0 0
4856 15 0 0 0 0 0 0 0 0 0 0 0 0
4858 126540 0 0 0 0 0 10 0 0 0 0 0 0
4859 20 4 1 0 0 0 10 0 0 0 0 0 0
4860 30 0 0 0 0 0 10 10 10 0 0 0 0
4862 20 0 0 0 0 0 0 0 0 0 0 0 0
4866 36750 0 0 18375 2503 0 0 0 0 0 0 0 0
4867 36750 0 0 0 0 0 0 0 0 18375 4440 0 0
4868 18375 18 1 0 0 0 0 0 0 0 0 0 0
4872 69714 0 0 11619 0 0 11619 2 0 0 0 0 0
4878 27044 131 1 0 0 0 6761 19 0 0 0 0 0
4879 13522 0 0 0 0 0 0 0 0 6761 5 0 0
4882 6761 0 0 0 0 0 0 0 0 0 0 0 0
4883 6763 1 1 6761 85 0 0 0 0 0 0 0 0
4888 13522 0 0 0 0 0 0 0 0 6761 22 0 0
4890 2 0 0 0 0 0 0 0 0 0 0 0 0
4895 6759 0 0 0 0 0 0 0 0 0 0 0 0
4896 47313 21 1 6759 0 0 0 0 0 0 0 0 0
4899 13518 0 0 0 0 0 6759 0 0 0 0 0 0
4900 27036 0 0 0 0 0 6759 0 0 0 0 0 0
4902 6759 0 0 0 0 0 0 0 0 0 0 0 0
4909 10 0 0 2 0 0 0 0 0 2 0 0 0
4911 42150 0 0 0 0 0 0 0 0 0 0 0 0
4913 42150 1 0 0 0 0 0 0 0 21075 3446 0 0
4915 27465 0 0 0 0 0 3195 0 0 0 0 0 0
4916 3195 0 0 3195 0 0 0 0 0 0 0 0 0
4920 17880 0 0 0 0 0 0 0 0 0 0 0 0
4923 35760 0 0 0 0 0 17880 0 0 0 0 0 0
4924 53640 3 0 0 0 0 17880 6136 3 0 0 0 0
4927 17880 1 0 17880 0 0 0 0 0 0 0 0 0
4928 71520 0 0 0 0 0 17880 1 0 0 0 0 0
4932 21075 0 0 0 0 0 0 0 0 0 0 0 0
4933 250596 0 0 194908 366 0 0 0 0 0 0 0 0
fn=calloc
3624 12 1 1 0 0 0 8 0 0 0 0 0 0
3634 18 1 1 0 0 0 0 0 0 2 0 0 0
3642 4 0 0 2 0 0 0 0 0 2 0 0 0
3645 6 0 0 4 0 0 0 0 0 2 1 0 0
3647 6 0 0 2 0 0 0 0 0 2 2 0 0
3657 2 1 1 2 0 0 0 0 0 0 0 0 0
3658 6 1 1 2 0 0 0 0 0 0 0 0 0
3665 2 0 0 0 0 0 0 0 0 0 0 0 0
3679 6 1 1 0 0 0 2 0 0 0 0 0 0
3681 14 1 1 2 0 0 0 0 0 6 0 0 0
3684 6 0 0 2 0 0 0 0 0 2 2 0 0
3698 4 1 1 0 0 0 0 0 0 2 0 0 0
3701 8 1 1 0 0 0 0 0 0 0 0 0 0
3709 4 0 0 2 0 0 0 0 0 0 0 0 0
3712 4 0 0 0 0 0 0 0 0 2 2 0 0
3714 2 0 0 2 0 0 0 0 0 0 0 0 0
3721 8 0 0 0 0 0 0 0 0 2 0 0 0
3732 2 0 0 0 0 0 0 0 0 0 0 0 0
3734 4 0 0 0 0 0 0 0 0 2 0 0 0
3736 4 0 0 0 0 0 0 0 0 2 1 0 0
3737 3 0 0 0 0 0 0 0 0 0 0 0 0
3741 2 0 0 0 0 0 1 0 0 0 0 0 0
3743 1 0 0 0 0 0 1 0 0 0 0 0 0
3744 2 0 0 0 0 0 0 0 0 1 0 0 0
3746 1 0 0 0 0 0 1 0 0 0 0 0 0
3748 2 1 1 0 0 0 0 0 0 1 1 0 0
3762 11 1 1 9 0 0 0 0 0 0 0 0 0
fn=free
3352 451872 9 1 0 0 0 225936 31 0 0 0 0 0
3356 225936 0 0 0 0 0 0 0 0 112968 184 0 0
3364 225936 0 0 225936 720 0 0 0 0 0 0 0 0
3366 112968 0 0 0 0 0 0 0 0 0 0 0 0
3368 338904 9 1 112968 35750 1 0 0 0 112968 28 0 0
3372 51 0 0 17 2 0 0 0 0 17 0 0 0
3374 68 0 0 17 1 0 0 0 0 17 5 0 0
3376 24 0 0 0 0 0 12 0 0 0 0 0 0
3377 24 2 1 0 0 0 12 0 0 0 0 0 0
3378 12 0 0 0 0 0 0 0 0 0 0 0 0
3381 34 0 0 0 0 0 17 0 0 0 0 0 0
3385 338853 0 0 225902 192 0 0 0 0 112951 186 0 0
3391 225902 127 1 0 0 0 112951 7 0 0 0 0 0
3394 112968 0 0 0 0 0 112968 14 0 0 0 0 0
3395 451872 0 0 338904 14 0 0 0 0 0 0 0 0
fn=malloc
1343 227082 0 0 0 0 0 0 0 0 113541 236 0 0
1362 563623 2 2 0 0 0 0 0 0 113541 4671 0 0
3193 26042 0 0 13021 784 0 0 0 0 0 0 0 0
3194 26042 0 0 0 0 0 0 0 0 13021 0 0 0
3196 52084 0 0 13021 3263 5 13021 0 0 0 0 0 0
3197 26042 0 0 0 0 0 13021 0 0 0 0 0 0
3198 13021 0 0 0 0 0 13021 0 0 0 0 0 0
3241 4 0 0 2 0 0 1 0 0 1 0 0 0
3287 681246 5 1 0 0 0 340623 100 0 0 0 0 0
3294 227082 0 0 113541 47 1 0 0 0 113541 199 0 0
3304 328377 1 1 0 0 0 0 0 0 0 0 0 0
3306 454164 0 0 227082 106 0 0 0 0 113541 34 0 0
3309 227082 0 0 113541 31 0 0 0 0 113541 1687 0 0
3310 4 0 0 1 0 0 0 0 0 1 0 0 0
3311 335988 2 1 111996 589 0 0 0 0 111996 12191 0 0
3319 301560 14 1 100520 137 0 0 0 0 100520 11 0 0
3321 402080 2 1 0 0 0 100520 88 6 0 0 0 0
3322 502600 0 0 100520 13 0 0 0 0 100520 262 0 0
3347 567705 0 0 454164 2 0 0 0 0 0 0 0 0
fn=malloc_consolidate
4715 7512 423 1 0 0 0 5634 142 1 0 0 0 0
4730 939 0 0 0 0 0 939 0 0 0 0 0 0
4732 1878 0 0 0 0 0 939 280 1 0 0 0 0
4743 939 387 1 0 0 0 0 0 0 0 0 0 0
4745 18780 0 0 18780 49 0 0 0 0 9390 102 0 0
4746 18780 0 0 0 0 0 0 0 0 9390 1062 0 0
4749 201878 512 1 0 0 0 0 0 0 100939 11 0 0
4753 302817 0 0 100939 65439 0 0 0 0 0 0 0 0
4754 403756 0 0 0 0 0 0 0 0 100939 4 0 0
4759 504695 486 1 100939 9782 0 0 0 0 0 0 0 0
4762 201878 0 0 0 0 0 0 0 0 0 0 0 0
4763 100939 0 0 0 0 0 0 0 0 0 0 0 0
4764 302817 0 0 100939 21825 0 0 0 0 0 0 0 0
4766 201878 0 0 0 0 0 0 0 0 100939 7180 0 0
4767 26597 0 0 26597 0 0 0 0 0 0 0 0 0
4768 26597 0 0 0 0 0 0 0 0 0 0 0 0
4769 26597 0 0 0 0 0 0 0 0 0 0 0 0
4770 106388 0 0 26597 14285 0 0 0 0 26597 0 0 0
4772 265970 3 0 106388 0 0 132985 4 0 0 0 0 0
4775 201878 571 1 100939 0 0 0 0 0 100939 121 0 0
4778 201878 462 1 100939 36691 1 0 0 0 100939 9260 0 0
4779 76186 364 1 0 0 0 0 0 0 0 0 0 0
4780 533302 0 0 152372 0 0 228558 5 0 0 0 0 0
4782 49506 0 0 0 0 0 24753 0 0 0 0 0 0
4784 100939 0 0 100939 0 0 0 0 0 0 0 0 0
4785 201878 0 0 0 0 0 100939 0 0 0 0 0 0
4786 201878 0 0 100939 0 0 100939 1 0 0 0 0 0
4788 201878 0 0 0 0 0 0 0 0 100939 3978 0 0
4789 63618 0 0 0 0 0 31809 1002 0 0 0 0 0
4793 302817 0 0 0 0 0 100939 0 0 0 0 0 0
4795 100939 0 0 0 0 0 100939 0 0 0 0 0 0
4796 177125 0 0 0 0 0 100939 0 0 0 0 0 0
4805 301728 0 0 0 0 0 0 0 0 100939 516 0 0
4808 28170 0 0 9390 0 0 0 0 0 9390 1403 0 0
4809 7512 0 0 6573 17 0 0 0 0 0 0 0 0
fn=munmap_chunk
3044 17 2 1 0 0 0 0 0 0 0 0 0 0
3045 34 0 0 34 2 0 0 0 0 0 0 0 0
3046 51 0 0 17 0 0 0 0 0 0 0 0 0
3048 34 0 0 0 0 0 0 0 0 17 0 0 0
3050 17 0 0 0 0 0 0 0 0 0 0 0 0
3051 34 0 0 17 0 0 0 0 0 0 0 0 0
3052 34 2 1 17 0 0 0 0 0 0 0 0 0
3058 68 0 0 0 0 0 0 0 0 0 0 0 0
3059 85 0 0 0 0 0 0 0 0 17 3 0 0
3062 17 0 0 34 0 0 0 0 0 17 0 0 0
3063 51 0 0 34 0 0 0 0 0 17 3 0 0
3068 34 2 1 0 0 0 0 0 0 0 0 0 0
3069 17 0 0 0 0 0 0 0 0 0 0 0 0
fn=posix_memalign
3535 24 0 0 0 0 0 0 0 0 12 0 0 0
3539 24 0 0 0 0 0 0 0 0 12 12 0 0
3544 36 12 1 0 0 0 0 0 0 12 0 0 0
3552 36 0 0 0 0 0 0 0 0 12 2 0 0
3560 36 12 1 12 0 0 0 0 0 12 2 0 0
3562 72 12 1 0 0 0 12 0 0 0 0 0 0
3563 60 0 0 12 0 0 0 0 0 12 2 0 0
3579 24 12 1 0 0 0 0 0 0 0 0 0 0
5675 108 12 1 0 0 0 60 0 0 0 0 0 0
5678 24 12 1 12 0 0 0 0 0 12 12 0 0
5683 24 0 0 0 0 0 0 0 0 0 0 0 0
5684 48 0 0 0 0 0 0 0 0 0 0 0 0
5685 48 0 0 0 0 0 0 0 0 12 0 0 0
5694 12 12 1 0 0 0 12 2 0 0 0 0 0
5695 12 0 0 0 0 0 0 0 0 0 0 0 0
5699 72 0 0 72 0 0 0 0 0 0 0 0 0
fn=ptmalloc_init.part.0
1966 385 1 1 0 0 0 0 0 0 127 8 0 0
1969 381 0 0 0 0 0 127 33 32 0 0 0 0
1977 1 0 0 0 0 0 1 1 1 0 0 0 0
1978 1 0 0 0 0 0 1 1 1 0 0 0 0
1980 1 0 0 0 0 0 1 0 0 0 0 0 0
3162 7 1 1 0 0 0 1 0 0 1 1 0 0
fn=realloc
1343 55708 0 0 0 0 0 0 0 0 27854 0 0 0
1362 167124 0 0 0 0 0 0 0 0 0 0 0 0
2028 60 3 1 30 10 0 0 0 0 10 0 0 0
3076 20 0 0 20 20 0 0 0 0 0 0 0 0
3077 10 0 0 10 0 0 0 0 0 0 0 0 0
3078 10 0 0 0 0 0 0 0 0 0 0 0 0
3083 20 0 0 0 0 0 0 0 0 0 0 0 0
3085 10 0 0 0 0 0 0 0 0 0 0 0 0
3086 40 3 1 0 0 0 0 0 0 0 0 0 0
3087 60 0 0 0 0 0 0 0 0 10 0 0 0
3091 80 0 0 0 0 0 30 0 0 0 0 0 0
3094 20 0 0 0 0 0 0 0 0 10 0 0 0
3097 70 3 1 0 0 0 20 1 0 0 0 0 0
3100 20 0 0 0 0 0 0 0 0 10 0 0 0
3105 10 0 0 0 0 0 0 0 0 0 0 0 0
3107 30 0 0 0 0 0 0 0 0 10 0 0 0
3109 20 0 0 10 10 9 0 0 0 10 0 0 0
3110 40 0 0 0 0 0 10 0 0 0 0 0 0
3113 40 0 0 20 0 0 0 0 0 10 0 0 0
3115 50 3 1 20 0 0 0 0 0 20 2 0 0
3400 278570 39 1 0 0 0 167142 85 1 0 0 0 0
3406 55714 0 0 27857 122 0 0 0 0 27857 65 0 0
3410 55714 0 0 0 0 0 0 0 0 27857 368 0 0
3417 55714 34 1 0 0 0 0 0 0 27857 6 0 0
3418 6 0 0 0 0 0 0 0 0 0 0 0 0
3426 27854 0 0 0 0 0 0 0 0 0 0 0 0
3428 83562 0 0 27854 1887 0 0 0 0 0 0 0 0
3430 55708 0 0 0 0 0 0 0 0 27854 10 0 0
3431 27854 0 0 0 0 0 0 0 0 0 0 0 0
3434 83532 0 0 55688 245 0 0 0 0 27844 0 0 0
3442 111416 0 0 0 0 0 0 0 0 0 0 0 0
3443 55708 34 1 0 0 0 0 0 0 27854 0 0 0
3452 55708 0 0 0 0 0 0 0 0 27854 2 0 0
3466 20 0 0 0 0 0 0 0 0 0 0 0 0
3483 83532 0 0 27844 125 0 0 0 0 27844 2 0 0
3485 167064 73 2 0 0 0 27844 66 1 0 0 0 0
3486 194874 26 1 27844 77 0 0 0 0 83515 734 0 0
3515 250707 45 1 194996 494 0 0 0 0 0 0 0 0
fn=sysmalloc
2028 196 0 0 49 0 0 0 0 0 49 6 0 0
2548 603 9 1 0 0 0 402 16 0 0 0 0 0
2568 268 0 0 201 128 0 67 37 0 0 0 0 0
2579 134 9 1 0 0 0 0 0 0 67 1 0 0
2580 184 0 0 67 52 1 50 9 0 67 15 0 0
2581 51 0 0 34 16 0 0 0 0 17 0 0 0
2585 85 0 0 17 0 0 0 0 0 17 0 0 0
2594 68 0 0 0 0 0 17 5 0 0 0 0 0
2595 34 0 0 0 0 0 0 0 0 17 0 0 0
2606 50 0 0 50 0 0 0 0 0 0 0 0 0
2607 150 0 0 50 0 0 0 0 0 0 0 0 0
2608 50 0 0 0 0 0 0 0 0 0 0 0 0
2610 96 5 1 0 0 0 0 0 0 0 0 0 0
2617 543 5 0 0 0 0 0 0 0 148 2 0 0
2623 150 1 1 0 0 0 0 0 0 50 0 0 0
2626 150 0 0 0 0 0 0 0 0 50 3 0 0
2687 100 5 1 50 0 0 0 0 0 0 0 0 0
2696 200 0 0 50 0 0 0 0 0 0 0 0 0
2709 150 0 0 50 49 0 0 0 0 50 0 0 0
2713 3 1 1 0 0 0 1 0 0 0 0 0 0
2717 250 0 0 0 0 0 50 0 0 0 0 0 0
2725 100 5 1 0 0 0 0 0 0 50 3 0 0
2727 100 6 1 0 0 0 50 4 0 0 0 0 0
2728 150 0 0 50 0 0 0 0 0 50 0 0 0
2729 100 2 0 50 0 0 0 0 0 0 0 0 0
2730 50 0 0 0 0 0 0 0 0 0 0 0 0
2733 100 0 0 0 0 0 0 0 0 50 1 0 0
2746 8 0 0 2 0 0 0 0 0 2 0 0 0
2752 16 0 0 0 0 0 4 0 0 0 0 0 0
2754 6 0 0 2 0 0 0 0 0 2 0 0 0
2758 2 0 0 2 0 0 0 0 0 0 0 0 0
2762 4 0 0 0 0 0 0 0 0 2 0 0 0
2764 100 5 1 50 1 0 0 0 0 50 1 0 0
2765 2 1 1 0 0 0 1 0 0 0 0 0 0
2766 246 0 0 98 0 0 50 0 0 0 0 0 0
2772 204 5 1 0 0 0 0 0 0 50 3 0 0
2773 188 0 0 0 0 0 47 0 0 0 0 0 0
2775 8 3 2 3 0 0 0 0 0 4 2 0 0
2802 2 0 0 0 0 0 0 0 0 0 0 0 0
2815 3 1 1 0 0 0 0 0 0 1 1 0 0
2837 2 0 0 0 0 0 0 0 0 0 0 0 0
2838 7 0 0 0 0 0 0 0 0 0 0 0 0
2840 2 1 1 0 0 0 0 0 0 1 0 0 0
2841 4 0 0 0 0 0 2 0 0 0 0 0 0
2853 3 0 0 1 0 0 0 0 0 1 0 0 0
2867 4 0 0 0 0 0 0 0 0 2 0 0 0
2886 4 0 0 0 0 0 0 0 0 2 0 0 0
2895 3 0 0 0 0 0 3 0 0 0 0 0 0
2896 12 0 0 0 0 0 3 3 1 0 0 0 0
2897 7 1 1 2 0 0 3 0 0 0 0 0 0
2908 6 2 1 0 0 0 0 0 0 3 1 0 0
2915 4 0 0 0 0 0 0 0 0 0 0 0 0
2916 6 0 0 0 0 0 2 0 0 0 0 0 0
2924 2 0 0 0 0 0 2 2 1 0 0 0 0
2926 2 0 0 0 0 0 2 0 0 0 0 0 0
2931 4 0 0 0 0 0 0 0 0 2 2 0 0
2933 10 2 1 0 0 0 2 0 0 0 0 0 0
2941 102 7 1 52 0 0 0 0 0 50 14 0 0
2942 25 0 0 0 0 0 25 0 0 0 0 0 0
2946 51 0 0 49 0 0 0 0 0 0 0 0 0
2947 100 0 0 50 0 0 0 0 0 0 0 0 0
2950 100 0 0 0 0 0 0 0 0 50 1 0 0
2952 50 0 0 0 0 0 0 0 0 0 0 0 0
2953 50 0 0 0 0 0 0 0 0 0 0 0 0
2954 50 0 0 0 0 0 50 0 0 0 0 0 0
2955 400 5 1 0 0 0 50 0 0 0 0 0 0
2956 100 0 0 0 0 0 50 50 24 0 0 0 0
2958 100 0 0 0 0 0 0 0 0 0 0 0 0
2964 737 4 1 603 0 0 0 0 0 67 4 0 0
fn=sysmalloc_mmap.constprop.0
2028 68 0 0 17 0 0 0 0 0 17 0 0 0
2420 51 4 1 0 0 0 51 12 0 0 0 0 0
2433 51 0 0 0 0 0 0 0 0 0 0 0 0
2438 34 3 1 0 0 0 0 0 0 17 9 0 0
2441 170 0 0 0 0 0 17 3 0 0 0 0 0
2444 34 3 1 0 0 0 0 0 0 17 0 0 0
2448 34 0 0 0 0 0 0 0 0 17 0 0 0
2466 51 0 0 0 0 0 0 0 0 17 0 0 0
2484 17 0 0 0 0 0 17 16 10 0 0 0 0
2485 51 0 0 0 0 0 17 0 0 0 0 0 0
2489 51 2 1 34 0 0 0 0 0 17 2 0 0
2490 73 0 0 28 0 0 0 0 0 28 6 0 0
2493 51 0 0 34 0 0 0 0 0 17 7 0 0
2494 81 2 1 32 0 0 0 0 0 32 4 0 0
2499 85 0 0 68 0 0 0 0 0 0 0 0 0
fn=sysmalloc_mmap_fallback.constprop.0
2028 8 1 1 2 0 0 0 0 0 2 2 0 0
2508 18 1 1 0 0 0 10 0 0 0 0 0 0
2512 2 0 0 2 0 0 0 0 0 0 0 0 0
2515 4 0 0 2 0 0 0 0 0 2 1 0 0
2516 5 0 0 0 0 0 0 0 0 0 0 0 0
2519 4 0 0 0 0 0 0 0 0 2 2 0 0
2523 4 1 1 0 0 0 0 0 0 2 0 0 0
2524 2 0 0 0 0 0 0 0 0 0 0 0 0
2526 18 0 0 0 0 0 2 0 0 0 0 0 0
2529 4 0 0 0 0 0 0 0 0 2 0 0 0
2533 4 0 0 0 0 0 0 0 0 2 2 0 0
2540 2 0 0 2 0 0 0 0 0 0 0 0 0
2542 2 0 0 0 0 0 2 0 0 0 0 0 0
2544 14 0 0 12 0 0 0 0 0 0 0 0 0
fn=systrim.constprop.0
2977 18 0 0 0 0 0 18 1 0 0 0 0 0
2986 18 6 1 12 0 0 0 0 0 0 0 0 0
2988 6 0 0 0 0 0 0 0 0 0 0 0 0
2989 12 0 0 0 0 0 0 0 0 6 2 0 0
2990 1 0 0 0 0 0 0 0 0 0 0 0 0
2994 18 0 0 6 4 0 0 0 0 6 0 0 0
2995 6 0 0 0 0 0 0 0 0 0 0 0 0
2998 30 0 0 12 7 0 0 0 0 0 0 0 0
3000 12 0 0 0 0 0 0 0 0 6 4 0 0
3007 15 5 1 0 0 0 5 2 0 0 0 0 0
3008 20 0 0 5 0 0 0 0 0 5 1 0 0
3020 15 0 0 0 0 0 5 0 0 0 0 0 0
3021 10 0 0 0 0 0 5 0 0 0 0 0 0
3023 5 0 0 0 0 0 0 0 0 0 0 0 0
3025 10 0 0 0 0 0 0 0 0 0 0 0 0
3029 10 0 0 0 0 0 0 0 0 5 0 0 0
3032 5 0 0 5 0 0 0 0 0 0 0 0 0
3033 20 0 0 5 0 0 5 0 0 0 0 0 0
3035 10 0 0 0 0 0 0 0 0 0 0 0 0
3040 24 0 0 24 0 0 0 0 0 0 0 0 0
fn=tcache_init.part.0
3235 3 1 1 0 0 0 2 0 0 0 0 0 0
3244 8 0 0 3 0 0 0 0 0 2 0 0 0
3245 4 1 1 0 0 0 1 0 0 0 0 0 0
3246 2 0 0 0 0 0 0 0 0 1 0 0 0
3254 4 0 0 2 0 0 0 0 0 2 0 0 0
3261 2 0 0 0 0 0 0 0 0 1 0 0 0
3263 2 0 0 1 0 0 1 0 0 0 0 0 0
3264 88 1 1 0 0 0 81 9 9 80 10 0 0
3267 4 0 0 3 0 0 0 0 0 0 0 0 0
fn=unlink_chunk.constprop.0
1626 139063 26 1 0 0 0 0 0 0 0 0 0 0
1628 695315 0 0 278126 3007 0 0 0 0 139063 126 0 0
1631 695315 19 1 278126 5982 0 0 0 0 0 0 0 0
1632 139063 0 0 139063 0 0 0 0 0 0 0 0 0
1634 556252 0 0 278126 61873 0 0 0 0 278126 548 0 0
1637 139063 0 0 0 0 0 139063 0 0 0 0 0 0
1638 139063 0 0 0 0 0 139063 0 0 0 0 0 0
1639 455465 0 0 59113 4230 0 0 0 0 198176 19208 0 0
1641 27408 0 0 13704 149 0 0 0 0 13704 0 0 0
1642 82224 5 1 27408 50 0 0 0 0 13704 0 0 0
1645 27408 0 0 13704 581 0 0 0 0 13704 37 0 0
1647 68 0 0 0 0 0 0 0 0 34 22 0 0
1648 56 3 0 0 0 0 28 0 0 0 0 0 0
1651 6 0 0 0 0 0 6 0 0 0 0 0 0
1653 12 0 0 6 0 0 6 0 0 0 0 0 0
1654 18 0 0 6 0 0 6 0 0 0 0 0 0
1659 13670 0 0 0 0 0 13670 0 0 0 0 0 0
1660 27340 0 0 13670 0 0 13670 0 0 0 0 0 0
1663 278126 11 0 139063 0 0 0 0 0 0 0 0 0
fl=./malloc/./malloc/morecore.c
fn=__glibc_morecore
25 132 12 2 0 0 0 0 0 0 0 0 0 0
26 132 0 0 66 0 0 0 0 0 66 2 0 0
27 2 0 0 0 0 0 0 0 0 0 0 0 0
29 66 0 0 0 0 0 66 33 0 0 0 0 0
30 132 0 0 0 0 0 0 0 0 66 2 0 0
34 132 0 0 66 0 0 0 0 0 0 0 0 0
fl=./malloc/./malloc/scratch_buffer_set_array_size.c
fn=__libc_scratch_buffer_set_array_size
30 40 2 2 0 0 0 12 0 0 0 0 0 0
34 4 0 0 0 0 0 0 0 0 0 0 0 0
35 8 0 0 0 0 0 0 0 0 4 2 0 0
45 8 0 0 4 0 0 0 0 0 4 2 0 0
46 4 0 0 0 0 0 0 0 0 0 0 0 0
63 16 1 1 16 0 0 0 0 0 0 0 0 0
fl=./math/../sysdeps/x86_64/fpu/multiarch/e_asin.c
fn=__acos_finite@GLIBC_2.15
35 1 1 1 0 0 0 0 0 0 0 0 0 0
fn=__asin_finite@GLIBC_2.15
27 2 1 1 1 0 0 0 0 0 0 0 0 0
fl=./math/../sysdeps/x86_64/fpu/multiarch/e_atan2.c
fn=__atan2_finite@GLIBC_2.15
26 2 1 1 1 0 0 0 0 0 0 0 0 0
fl=./math/../sysdeps/x86_64/fpu/multiarch/e_exp.c
fn=__exp_finite@GLIBC_2.15
27 2 1 1 1 0 0 0 0 0 0 0 0 0
fl=./math/../sysdeps/x86_64/fpu/multiarch/e_exp2f.c
fn=exp2f@@GLIBC_2.27
27 2 2 2 1 0 0 0 0 0 0 0 0 0
fl=./math/../sysdeps/x86_64/fpu/multiarch/e_expf.c
fn=expf@@GLIBC_2.27
27 2 1 1 1 0 0 0 0 0 0 0 0 0
fl=./math/../sysdeps/x86_64/fpu/multiarch/e_log.c
fn=__log_finite@GLIBC_2.15
27 2 1 1 1 0 0 0 0 0 0 0 0 0
fl=./math/../sysdeps/x86_64/fpu/multiarch/e_log2f.c
fn=log2f@@GLIBC_2.27
27 2 2 2 1 0 0 0 0 0 0 0 0 0
fl=./math/../sysdeps/x86_64/fpu/multiarch/e_logf.c
fn=logf@@GLIBC_2.27
27 2 1 1 1 0 0 0 0 0 0 0 0 0
fl=./math/../sysdeps/x86_64/fpu/multiarch/e_pow.c
fn=__pow_finite@GLIBC_2.15
27 2 1 1 1 0 0 0 0 0 0 0 0 0
fl=./math/../sysdeps/x86_64/fpu/multiarch/e_powf.c
fn=powf@@GLIBC_2.27
30 1 1 1 0 0 0 0 0 0 0 0 0 0
fl=./math/../sysdeps/x86_64/fpu/multiarch/ifunc-avx-fma4.h
fn=__atan2_finite@GLIBC_2.15
32 4 1 1 2 0 0 0 0 0 1 1 0 0
36 3 0 0 1 0 0 0 0 0 1 0 0 0
39 4 0 0 0 0 0 0 0 0 0 0 0 0
fn=__exp_finite@GLIBC_2.15
32 4 0 0 2 0 0 0 0 0 1 1 0 0
36 3 1 1 1 0 0 0 0 0 1 0 0 0
39 4 0 0 0 0 0 0 0 0 0 0 0 0
fn=__log_finite@GLIBC_2.15
32 4 0 0 2 0 0 0 0 0 1 1 0 0
36 3 0 0 1 0 0 0 0 0 1 0 0 0
39 4 1 1 0 0 0 0 0 0 0 0 0 0
fn=cos
32 4 1 1 2 0 0 0 0 0 1 1 0 0
36 3 0 0 1 0 0 0 0 0 1 0 0 0
39 4 0 0 0 0 0 0 0 0 0 0 0 0
fn=sin
32 4 0 0 2 0 0 0 0 0 1 1 0 0
36 3 0 0 1 0 0 0 0 0 1 0 0 0
39 4 0 0 0 0 0 0 0 0 0 0 0 0
fl=./math/../sysdeps/x86_64/fpu/multiarch/ifunc-fma.h
fn=cosf
29 4 1 1 2 0 0 0 0 0 1 1 0 0
fn=exp2f@@GLIBC_2.27
29 4 0 0 2 0 0 0 0 0 1 1 0 0
fn=expf@@GLIBC_2.27
29 4 1 1 2 0 0 0 0 0 1 1 0 0
fn=log2f@@GLIBC_2.27
29 4 0 0 2 0 0 0 0 0 1 1 0 0
fn=logf@@GLIBC_2.27
29 4 0 0 2 0 0 0 0 0 1 1 0 0
fn=powf@@GLIBC_2.27
29 4 0 0 2 0 0 0 0 0 1 1 0 0
30 1 0 0 1 0 0 0 0 0 0 0 0 0
fn=sincosf
29 4 1 1 2 0 0 0 0 0 1 1 0 0
fn=sinf
29 4 0 0 2 0 0 0 0 0 1 1 0 0
fl=./math/../sysdeps/x86_64/fpu/multiarch/ifunc-fma4.h
fn=__acos_finite@GLIBC_2.15
31 3 0 0 2 0 0 0 0 0 1 1 0 0
35 5 1 1 2 0 0 0 0 0 0 0 0 0
fn=__asin_finite@GLIBC_2.15
31 3 0 0 2 0 0 0 0 0 1 1 0 0
35 4 0 0 1 0 0 0 0 0 0 0 0 0
fn=__pow_finite@GLIBC_2.15
31 3 0 0 2 0 0 0 0 0 1 1 0 0
35 4 0 0 1 0 0 0 0 0 0 0 0 0
fl=./math/../sysdeps/x86_64/fpu/multiarch/ifunc-sse4_1.h
fn=ceil
29 5 1 1 2 0 0 0 0 0 0 0 0 0
fn=floor
29 5 0 0 2 1 0 0 0 0 0 0 0 0
fl=./math/../sysdeps/x86_64/fpu/multiarch/s_ceil.c
fn=ceil
31 2 1 1 1 0 0 0 0 0 0 0 0 0
fl=./math/../sysdeps/x86_64/fpu/multiarch/s_cosf.c
fn=cosf
26 2 1 1 1 0 0 0 0 0 0 0 0 0
fl=./math/../sysdeps/x86_64/fpu/multiarch/s_floor.c
fn=floor
31 2 1 1 1 0 0 0 0 0 0 0 0 0
fl=./math/../sysdeps/x86_64/fpu/multiarch/s_fma.c
fn=fma
49 10 1 1 4 0 0 0 0 0 1 0 0 0
fl=./math/../sysdeps/x86_64/fpu/multiarch/s_sin.c
fn=cos
34 2 1 1 1 0 0 0 0 0 0 0 0 0
fn=sin
27 2 1 1 1 0 0 0 0 0 0 0 0 0
fl=./math/../sysdeps/x86_64/fpu/multiarch/s_sincosf.c
fn=sincosf
26 2 1 1 1 0 0 0 0 0 0 0 0 0
fl=./math/../sysdeps/x86_64/fpu/multiarch/s_sinf.c
fn=sinf
26 2 1 1 1 0 0 0 0 0 0 0 0 0
fl=./misc/../sysdeps/posix/getdtsz.c
fn=getdtablesize
26 30 1 1 6 0 0 6 0 0 0 0 0 0
32 36 0 0 6 0 0 6 0 0 0 0 0 0
33 30 1 1 18 0 0 0 0 0 6 0 0 0
fl=./misc/../sysdeps/unix/syscall-template.S
fn=mprotect
117 45 1 1 0 0 0 0 0 0 9 0 0 0
122 9 0 0 9 0 0 0 0 0 0 0 0 0
fn=munmap
117 105 8 3 0 0 0 0 0 0 21 1 0 0
122 21 0 0 21 0 0 0 0 0 0 0 0 0
fl=./misc/../sysdeps/unix/sysv/linux/brk.c
fn=brk
35 56 9 1 0 0 0 0 0 0 0 0 0 0
36 224 0 0 56 0 0 56 0 0 0 0 0 0
37 112 0 0 0 0 0 0 0 0 56 7 0 0
39 4 0 0 2 2 0 2 2 0 0 0 0 0
40 4 0 0 2 0 0 0 0 0 0 0 0 0
43 54 0 0 0 0 0 0 0 0 0 0 0 0
44 54 0 0 54 0 0 0 0 0 0 0 0 0
fl=./misc/../sysdeps/unix/sysv/linux/clone-internal.c
fn=__clone_internal
49 9 2 2 0 0 0 5 0 0 0 0 0 0
53 2 0 0 2 0 0 0 0 0 0 0 0 0
54 4 0 0 0 0 0 1 0 0 0 0 0 0
55 4 0 0 1 0 0 0 0 0 2 1 0 0
60 1 1 1 0 0 0 1 0 0 0 0 0 0
66 2 0 0 2 0 0 0 0 0 0 0 0 0
81 2 0 0 2 0 0 0 0 0 0 0 0 0
83 8 0 0 3 0 0 2 1 1 0 0 0 0
88 2 0 0 2 0 0 0 0 0 0 0 0 0
89 6 0 0 6 0 0 0 0 0 0 0 0 0
fl=./misc/../sysdeps/unix/sysv/linux/getpagesize.c
fn=getpagesize
27 2 1 1 0 0 0 0 0 0 0 0 0 0
28 8 0 0 4 0 0 0 0 0 2 0 0 0
30 2 0 0 2 0 0 0 0 0 0 0 0 0
fl=./misc/../sysdeps/unix/sysv/linux/ioctl.c
fn=ioctl
26 18 1 1 3 0 0 6 0 0 0 0 0 0
28 15 1 1 0 0 0 9 0 0 0 0 0 0
35 6 0 0 0 0 0 0 0 0 0 0 0 0
36 9 0 0 0 0 0 0 0 0 3 0 0 0
43 18 0 0 9 0 0 0 0 0 3 0 0 0
fl=./misc/../sysdeps/unix/sysv/linux/mmap64.c
fn=mmap
47 80 8 2 0 0 0 0 0 0 0 0 0 0
50 80 0 0 0 0 0 0 0 0 40 0 0 0
58 160 0 0 0 0 0 0 0 0 40 1 0 0
60 40 0 0 40 0 0 0 0 0 0 0 0 0
fl=./misc/../sysdeps/unix/sysv/linux/mremap.c
fn=mremap
26 70 3 1 10 1 0 20 1 0 0 0 0 0
30 30 0 0 0 0 0 0 0 0 10 3 0 0
37 40 0 0 0 0 0 0 0 0 10 0 0 0
39 50 3 1 30 0 0 0 0 0 10 0 0 0
fl=./misc/../sysdeps/unix/sysv/linux/x86_64/clone.S
fn=clone
52 1 1 1 0 0 0 0 0 0 0 0 0 0
54 1 0 0 0 0 0 0 0 0 0 0 0 0
55 1 0 0 0 0 0 0 0 0 0 0 0 0
56 1 0 0 0 0 0 0 0 0 1 0 0 0
59 1 0 0 0 0 0 0 0 0 0 0 0 0
60 1 0 0 0 0 0 0 0 0 1 0 0 0
63 1 0 0 0 0 0 1 1 1 0 0 0 0
65 1 0 0 0 0 0 0 0 0 0 0 0 0
69 1 0 0 0 0 0 1 0 0 0 0 0 0
72 1 0 0 0 0 0 0 0 0 0 0 0 0
73 1 0 0 0 0 0 0 0 0 0 0 0 0
74 1 0 0 0 0 0 0 0 0 0 0 0 0
75 1 0 0 1 0 0 0 0 0 0 0 0 0
76 1 0 0 0 0 0 0 0 0 0 0 0 0
81 1 0 0 0 0 0 0 0 0 0 0 0 0
83 1 0 0 0 0 0 0 0 0 0 0 0 0
84 1 0 0 0 0 0 0 0 0 1 0 0 0
85 1 0 0 0 0 0 0 0 0 1 0 0 0
87 1 0 0 1 0 0 0 0 0 0 0 0 0
fl=./misc/../sysdeps/unix/sysv/linux/x86_64/clone3.S
fn=clone3
42 1 1 1 0 0 0 0 0 0 0 0 0 0
44 1 0 0 0 0 0 0 0 0 0 0 0 0
45 1 0 0 0 0 0 0 0 0 0 0 0 0
46 1 0 0 0 0 0 0 0 0 0 0 0 0
47 1 0 0 0 0 0 0 0 0 0 0 0 0
48 1 0 0 0 0 0 0 0 0 1 0 0 0
52 1 0 0 0 0 0 0 0 0 0 0 0 0
55 1 0 0 0 0 0 0 0 0 0 0 0 0
60 1 0 0 0 0 0 0 0 0 0 0 0 0
62 1 0 0 0 0 0 0 0 0 0 0 0 0
63 1 0 0 0 0 0 0 0 0 1 1 0 0
89 5 0 0 2 0 0 1 0 0 0 0 0 0
fl=./misc/./misc/getauxval.c
fn=getauxval
30 2 0 0 0 0 0 0 0 0 1 0 0 0
32 1 0 0 1 0 0 0 0 0 0 0 0 0
35 2 0 0 0 0 0 0 0 0 1 0 0 0
42 84 0 0 22 6 0 0 0 0 21 2 0 0
43 40 1 1 0 0 0 0 0 0 20 6 0 0
56 1 1 1 0 0 0 0 0 0 0 0 0 0
62 2 0 0 1 0 0 1 0 0 0 0 0 0
63 1 0 0 0 0 0 0 0 0 0 0 0 0
64 1 0 0 1 0 0 0 0 0 0 0 0 0
fl=./misc/./misc/init-misc.c
fn=__init_misc
30 5 2 2 0 0 0 2 0 0 0 0 0 0
31 5 0 0 1 0 0 0 0 0 2 0 0 0
33 3 0 0 0 0 0 1 0 0 0 0 0 0
37 5 0 0 1 0 0 1 1 0 0 0 0 0
38 3 0 0 2 0 0 1 0 0 0 0 0 0
40 4 0 0 3 0 0 0 0 0 0 0 0 0
fl=./misc/./misc/sbrk.c
fn=sbrk
37 330 11 1 0 0 0 198 8 0 0 0 0 0
40 132 0 0 132 107 0 0 0 0 0 0 0 0
43 132 0 0 66 54 0 0 0 0 66 8 0 0
58 132 11 1 0 0 0 0 0 0 66 7 0 0
59 4 0 0 0 0 0 1 0 0 1 0 0 0
60 2 0 0 0 0 0 0 0 0 0 0 0 0
62 132 0 0 0 0 0 0 0 0 66 5 0 0
63 12 0 0 12 0 0 0 0 0 0 0 0 0
66 220 10 1 0 0 0 0 0 0 110 3 0 0
68 10 1 0 0 0 0 0 0 0 0 0 0 0
74 165 0 0 0 0 0 55 2 0 55 5 0 0
78 330 2 0 264 0 0 0 0 0 0 0 0 0
fl=./nptl/../sysdeps/unix/sysv/linux/x86/elision-conf.c
fn=__lll_elision_init
96 6 1 1 1 0 0 2 0 0 0 0 0 0
101 5 1 1 0 0 0 1 0 0 0 0 0 0
103 4 0 0 0 0 0 1 0 0 0 0 0 0
105 4 0 0 0 0 0 1 0 0 0 0 0 0
107 4 0 0 0 0 0 1 0 0 0 0 0 0
109 4 1 1 0 0 0 1 0 0 0 0 0 0
113 3 0 0 1 1 1 0 0 0 1 0 0 0
114 1 0 0 0 0 0 1 1 1 0 0 0 0
115 6 0 0 4 0 0 0 0 0 1 0 0 0
fl=./nptl/./nptl/libc-cleanup.c
fn=__libc_cleanup_pop_restore
39 56 2 1 0 0 0 0 0 0 0 0 0 0
42 112 0 0 56 0 0 56 0 0 0 0 0 0
44 112 0 0 56 0 0 56 0 0 0 0 0 0
45 112 0 0 0 0 0 0 0 0 56 1 0 0
47 56 0 0 56 0 0 0 0 0 0 0 0 0
fn=__libc_cleanup_push_defer
24 56 1 1 0 0 0 0 0 0 0 0 0 0
27 112 0 0 56 0 0 56 0 0 0 0 0 0
30 224 0 0 56 1 0 56 0 0 0 0 0 0
31 56 0 0 0 0 0 56 0 0 0 0 0 0
33 56 0 0 0 0 0 56 0 0 0 0 0 0
34 56 0 0 56 0 0 0 0 0 0 0 0 0
fl=./nptl/./nptl/pthread_attr_destroy.c
fn=pthread_attr_destroy
26 3 1 1 0 0 0 1 0 0 0 0 0 0
36 3 0 0 1 0 0 0 0 0 1 0 0 0
38 2 0 0 1 0 0 1 0 0 0 0 0 0
39 2 0 0 1 0 0 1 0 0 0 0 0 0
44 3 0 0 2 0 0 0 0 0 0 0 0 0
fl=./nptl/./nptl/pthread_attr_extension.c
fn=__pthread_attr_extension
25 2 1 1 0 0 0 1 0 0 0 0 0 0
26 2 0 0 1 0 0 0 0 0 1 1 0 0
27 1 0 0 0 0 0 0 0 0 0 0 0 0
28 5 0 0 0 0 0 2 0 0 0 0 0 0
29 2 0 0 0 0 0 0 0 0 1 0 0 0
32 2 0 0 2 0 0 0 0 0 0 0 0 0
fl=./nptl/./nptl/pthread_attr_getstack.c
fn=pthread_attr_getstack@@GLIBC_2.34
24 2 1 1 0 0 0 0 0 0 0 0 0 0
31 4 0 0 2 0 0 1 0 0 0 0 0 0
35 1 0 0 0 0 0 1 0 0 0 0 0 0
38 2 0 0 1 0 0 0 0 0 0 0 0 0
fl=./nptl/./nptl/pthread_attr_init.c
fn=pthread_attr_init@@GLIBC_2.2.5
32 3 1 1 0 0 0 1 0 0 0 0 0 0
41 5 0 0 0 0 0 4 0 0 0 0 0 0
46 3 0 0 0 0 0 2 0 0 0 0 0 0
49 3 0 0 2 0 0 0 0 0 0 0 0 0
fl=./nptl/./nptl/pthread_attr_setaffinity.c
fn=pthread_attr_setaffinity_np@@GLIBC_2.32
29 7 1 1 0 0 0 4 0 0 0 0 0 0
34 5 0 0 0 0 0 0 0 0 2 1 0 0
45 2 0 0 0 0 0 1 0 0 0 0 0 0
46 2 0 0 0 0 0 0 0 0 1 1 0 0
49 3 0 0 2 0 0 0 0 0 1 0 0 0
51 4 0 0 1 0 0 1 0 0 0 0 0 0
52 2 0 0 0 0 0 0 0 0 1 0 0 0
55 2 0 0 1 0 0 1 0 0 0 0 0 0
56 1 0 0 0 0 0 1 0 0 0 0 0 0
59 3 1 1 0 0 0 1 0 0 0 0 0 0
63 8 1 1 5 0 0 0 0 0 0 0 0 0
fl=./nptl/./nptl/pthread_getaffinity.c
fn=pthread_getaffinity_np@@GLIBC_2.32
30 3 1 1 0 0 0 0 0 0 0 0 0 0
33 6 0 0 1 0 0 0 0 0 0 0 0 0
35 2 0 0 0 0 0 0 0 0 1 1 0 0
39 6 1 1 0 0 0 1 0 0 0 0 0 0
41 1 0 0 0 0 0 0 0 0 0 0 0 0
42 2 0 0 1 0 0 0 0 0 0 0 0 0
fl=./nptl/./nptl/pthread_getattr_np.c
fn=pthread_getattr_np@@GLIBC_2.32
33 13 2 2 1 0 0 7 0 0 0 0 0 0
37 3 0 0 0 0 0 1 0 0 0 0 0 0
38 2 0 0 0 0 0 0 0 0 1 1 0 0
43 7 1 1 1 1 0 1 0 0 1 0 0 0
47 2 0 0 1 0 0 1 0 0 0 0 0 0
49 4 1 1 1 0 0 1 0 0 0 0 0 0
52 1 0 0 1 0 0 0 0 0 0 0 0 0
55 2 0 0 1 0 0 0 0 0 1 0 0 0
59 2 0 0 1 1 0 1 0 0 0 0 0 0
62 3 0 0 1 0 0 0 0 0 1 0 0 0
85 4 1 1 0 0 0 1 0 0 0 0 0 0
86 2 0 0 0 0 0 0 0 0 1 0 0 0
91 5 1 1 0 0 0 1 0 0 1 1 0 0
102 5 0 0 3 0 0 1 0 0 0 0 0 0
103 8 2 2 4 0 0 1 0 0 0 0 0 0
105 1 0 0 0 0 0 0 0 0 0 0 0 0
108 4 1 1 1 0 0 1 0 0 0 0 0 0
112 3 1 1 0 0 0 0 0 0 0 0 0 0
114 1 0 0 0 0 0 1 0 0 0 0 0 0
115 1 0 0 0 0 0 1 0 0 0 0 0 0
117 3 0 0 0 0 0 0 0 0 0 0 0 0
120 112 0 0 53 0 0 2 0 0 54 0 0 0
122 324 2 2 0 0 0 54 0 0 54 6 0 0
127 432 0 0 54 0 0 54 0 0 54 0 0 0
129 216 0 0 162 0 0 0 0 0 0 0 0 0
130 215 0 0 54 0 0 0 0 0 54 1 0 0
133 1 0 0 0 0 0 1 0 0 0 0 0 0
135 4 0 0 1 0 0 0 0 0 0 0 0 0
140 4 0 0 0 0 0 1 0 0 0 0 0 0
141 1 0 0 0 0 0 0 0 0 0 0 0 0
145 1 0 0 0 0 0 0 0 0 0 0 0 0
162 3 0 0 1 0 0 1 0 0 0 0 0 0
165 2 0 0 0 0 0 1 0 0 0 0 0 0
169 1 0 0 1 0 0 0 0 0 0 0 0 0
171 3 0 0 1 0 0 0 0 0 1 1 0 0
178 1 0 0 0 0 0 0 0 0 0 0 0 0
180 5 0 0 0 0 0 1 0 0 0 0 0 0
181 2 1 1 0 0 0 0 0 0 1 0 0 0
188 4 0 0 0 0 0 1 0 0 0 0 0 0
191 4 0 0 0 0 0 0 0 0 1 1 0 0
193 2 0 0 0 0 0 0 0 0 1 1 0 0
194 6 1 1 0 0 0 1 0 0 0 0 0 0
198 2 0 0 0 0 0 1 0 0 0 0 0 0
201 4 0 0 2 0 0 0 0 0 2 0 0 0
203 2 0 0 0 0 0 0 0 0 1 1 0 0
207 12 0 0 9 0 0 0 0 0 1 0 0 0
fl=./nptl/./nptl/pthread_mutex_conf.c
fn=__pthread_tunables_init
50 6 2 2 1 0 0 2 0 0 0 0 0 0
51 5 0 0 0 0 0 1 0 0 0 0 0 0
53 4 0 0 0 0 0 1 0 0 0 0 0 0
55 6 0 0 4 0 0 0 0 0 1 0 0 0
fl=./nptl/./nptl/pthread_mutex_lock.c
fn=pthread_mutex_lock@@GLIBC_2.2.5
44 2 2 1 2 0 0 0 0 0 0 0 0 0
45 16 0 0 4 0 0 0 0 0 6 0 0 0
46 2 0 0 0 0 0 2 0 0 0 0 0 0
77 6 2 1 0 0 0 2 0 0 0 0 0 0
80 6 0 0 2 1 0 0 0 0 0 0 0 0
82 2 0 0 0 0 0 0 0 0 0 0 0 0
84 4 2 1 0 0 0 0 0 0 2 0 0 0
88 4 0 0 0 0 0 0 0 0 2 2 0 0
97 4 2 1 0 0 0 0 0 0 2 1 0 0
108 8 2 1 2 0 0 0 0 0 2 0 0 0
112 2 0 0 2 1 0 0 0 0 0 0 0 0
115 4 0 0 2 0 0 0 0 0 2 2 0 0
130 6 0 0 2 0 0 0 0 0 2 0 0 0
131 4 2 1 0 0 0 2 0 0 0 0 0 0
167 2 2 1 2 0 0 0 0 0 0 0 0 0
170 2 0 0 0 0 0 2 0 0 0 0 0 0
172 2 0 0 2 0 0 0 0 0 0 0 0 0
175 2 0 0 0 0 0 0 0 0 0 0 0 0
177 2 0 0 0 0 0 0 0 0 0 0 0 0
178 6 0 0 4 0 0 0 0 0 0 0 0 0
fl=./nptl/./nptl/pthread_mutex_unlock.c
fn=pthread_mutex_unlock@@GLIBC_2.2.5
39 2 0 0 2 0 0 0 0 0 0 0 0 0
40 10 0 0 2 0 0 0 0 0 4 1 0 0
41 4 0 0 0 0 0 2 0 0 0 0 0 0
51 6 0 0 2 0 0 0 0 0 0 0 0 0
52 4 2 1 0 0 0 0 0 0 2 0 0 0
57 4 0 0 0 0 0 0 0 0 2 1 0 0
62 2 0 0 0 0 0 2 0 0 0 0 0 0
65 2 0 0 2 0 0 0 0 0 0 0 0 0
70 2 0 0 0 0 0 0 0 0 0 0 0 0
74 4 2 1 0 0 0 0 0 0 2 2 0 0
80 8 2 1 2 0 0 0 0 0 2 0 0 0
84 6 0 0 4 0 0 0 0 0 2 2 0 0
87 6 2 1 2 0 0 0 0 0 2 0 0 0
367 4 2 1 0 0 0 0 0 0 0 0 0 0
369 4 0 0 2 0 0 0 0 0 0 0 0 0
fl=./nptl/./nptl/pthread_self.c
fn=pthread_self
23 1 1 1 0 0 0 0 0 0 0 0 0 0
25 2 0 0 2 0 0 0 0 0 0 0 0 0
fl=./nptl/./nptl/pthread_setcancelstate.c
fn=pthread_setcancelstate
25 2 1 1 0 0 0 0 0 0 0 0 0 0
28 4 0 0 0 0 0 0 0 0 2 0 0 0
29 2 0 0 0 0 0 0 0 0 0 0 0 0
31 2 0 0 2 0 0 0 0 0 0 0 0 0
33 4 0 0 0 0 0 0 0 0 2 1 0 0
34 2 1 1 1 0 0 1 0 0 0 0 0 0
35 2 0 0 0 0 0 2 0 0 0 0 0 0
37 2 0 0 0 0 0 0 0 0 0 0 0 0
38 2 0 0 2 0 0 0 0 0 0 0 0 0
fl=./posix/../sysdeps/posix/sysconf.c
fn=sysconf
56 98 4 2 7 2 2 0 0 0 28 0 7 2
89 18 1 1 0 0 0 6 0 0 0 0 0 0
217 3 1 1 0 0 0 1 0 0 0 0 0 0
fl=./posix/../sysdeps/unix/syscall-template.S
fn=uname
120 5 1 1 0 0 0 0 0 0 1 0 0 0
122 1 0 0 1 0 0 0 0 0 0 0 0 0
fl=./posix/../sysdeps/unix/sysv/linux/internal-signals.h
fn=__spawnix
76 7 1 1 0 0 0 0 0 0 0 0 0 0
110 6 1 1 0 0 0 0 0 0 0 0 0 0
fl=./posix/../sysdeps/unix/sysv/linux/spawni.c
fn=__spawni
433 3 1 1 1 0 0 0 0 0 0 0 0 0
436 7 1 1 0 0 0 3 0 0 0 0 0 0
438 2 0 0 1 0 0 0 0 0 0 0 0 0
fn=__spawnix
315 17 1 1 2 0 0 11 1 1 0 0 0 0
323 1 0 0 0 0 0 0 0 0 0 0 0 0
330 13 1 1 3 0 0 0 0 0 3 1 0 0
331 4 0 0 0 0 0 0 0 0 2 0 0 0
337 1 0 0 0 0 0 0 0 0 0 0 0 0
338 4 1 1 2 1 0 0 0 0 0 0 0 0
349 5 0 0 2 0 0 0 0 0 0 0 0 0
350 7 0 0 0 0 0 1 1 1 0 0 0 0
352 2 0 0 0 0 0 0 0 0 1 0 0 0
357 3 0 0 0 0 0 1 0 0 0 0 0 0
361 1 0 0 0 0 0 1 1 1 0 0 0 0
362 2 0 0 1 0 0 1 0 0 0 0 0 0
363 1 1 1 0 0 0 1 1 1 0 0 0 0
364 2 0 0 1 0 0 1 0 0 0 0 0 0
365 6 0 0 0 0 0 1 0 0 1 0 0 0
367 1 0 0 0 0 0 1 0 0 0 0 0 0
368 2 0 0 1 0 0 1 0 0 0 0 0 0
369 2 0 0 1 0 0 1 0 0 0 0 0 0
381 9 1 1 0 0 0 8 2 2 0 0 0 0
388 4 1 1 0 0 0 1 0 0 0 0 0 0
393 2 0 0 0 0 0 0 0 0 1 0 0 0
401 1 0 0 1 0 0 0 0 0 0 0 0 0
402 2 0 0 0 0 0 0 0 0 1 0 0 0
414 3 0 0 0 0 0 1 0 0 0 0 0 0
416 5 0 0 1 0 0 0 0 0 2 0 0 0
417 1 0 0 0 0 0 1 0 0 0 0 0 0
421 3 0 0 1 0 0 1 0 0 0 0 0 0
424 12 1 1 9 0 0 0 0 0 1 0 0 0
fl=./posix/../sysdeps/unix/sysv/linux/wait4.c
fn=wait4
27 2 1 1 0 0 0 0 0 0 0 0 0 0
30 7 0 0 1 0 0 0 0 0 2 0 0 0
109 1 0 0 1 0 0 0 0 0 0 0 0 0
fl=./posix/../sysdeps/unix/sysv/linux/x86/../sysconf.c
fn=sysconf
49 70 4 2 0 0 0 0 0 0 35 8 0 0
fl=./posix/../sysdeps/unix/sysv/linux/x86/sysconf.c
fn=sysconf
32 70 2 1 7 0 0 35 0 0 0 0 0 0
33 21 0 0 0 0 0 0 0 0 7 0 0 0
37 63 2 1 49 0 0 0 0 0 7 0 0 0
fl=./posix/./posix/spawn_faction_adddup2.c
fn=posix_spawn_file_actions_adddup2
29 33 1 1 0 0 0 9 0 0 0 0 0 0
32 21 1 1 0 0 0 6 0 0 6 0 0 0
36 9 0 0 6 0 0 0 0 0 3 1 0 0
37 5 0 0 0 0 0 1 0 0 1 0 0 0
39 1 0 0 0 0 0 0 0 0 0 0 0 0
42 11 0 0 4 0 0 0 0 0 0 0 0 0
43 3 0 0 0 0 0 3 1 1 0 0 0 0
44 3 0 0 0 0 0 3 0 0 0 0 0 0
48 9 0 0 0 0 0 3 0 0 0 0 0 0
51 12 0 0 12 0 0 0 0 0 0 0 0 0
fl=./posix/./posix/spawn_faction_destroy.c
fn=posix_spawn_file_actions_destroy
26 5 0 0 0 0 0 2 0 0 0 0 0 0
28 14 0 0 1 0 0 0 0 0 4 1 0 0
30 9 0 0 0 0 0 0 0 0 0 0 0 0
31 15 0 0 3 0 0 0 0 0 6 6 0 0
50 2 2 2 1 0 0 1 0 0 0 0 0 0
52 5 0 0 3 0 0 0 0 0 0 0 0 0
fl=./posix/./posix/spawn_faction_init.c
fn=__posix_spawn_file_actions_realloc
30 5 1 1 0 0 0 2 0 0 0 0 0 0
31 2 0 0 1 0 0 0 0 0 0 0 0 0
32 4 0 0 1 0 0 1 0 0 0 0 0 0
35 2 0 0 0 0 0 0 0 0 1 0 0 0
39 1 0 0 0 0 0 1 0 0 0 0 0 0
40 1 0 0 0 0 0 1 0 0 0 0 0 0
42 1 0 0 0 0 0 0 0 0 0 0 0 0
43 4 0 0 3 0 0 0 0 0 0 0 0 0
fn=posix_spawn_file_actions_init
49 1 1 1 0 0 0 0 0 0 0 0 0 0
51 6 0 0 0 0 0 5 0 0 0 0 0 0
53 2 0 0 1 0 0 0 0 0 0 0 0 0
fl=./posix/./posix/spawn_valid_fd.c
fn=__spawn_valid_fd
25 18 1 1 0 0 0 6 0 0 0 0 0 0
26 12 0 0 0 0 0 6 0 0 0 0 0 0
28 24 0 0 0 0 0 0 0 0 12 2 0 0
29 12 1 1 0 0 0 0 0 0 0 0 0 0
30 12 0 0 12 0 0 0 0 0 0 0 0 0
fl=./posix/./posix/spawnattr_destroy.c
fn=posix_spawnattr_destroy
23 1 0 0 0 0 0 0 0 0 0 0 0 0
26 2 0 0 1 0 0 0 0 0 0 0 0 0
fl=./posix/./posix/spawnattr_init.c
fn=posix_spawnattr_init
24 2 1 1 0 0 0 0 0 0 0 0 0 0
27 50 1 1 0 0 0 43 4 4 42 9 0 0
30 1 0 0 1 0 0 0 0 0 0 0 0 0
fl=./posix/./posix/spawnattr_setdefault.c
fn=posix_spawnattr_setsigdefault
25 1 1 1 0 0 0 0 0 0 0 0 0 0
27 16 1 1 8 0 0 8 0 0 0 0 0 0
30 2 0 0 1 0 0 0 0 0 0 0 0 0
fl=./posix/./posix/spawnattr_setflags.c
fn=posix_spawnattr_setflags
34 1 0 0 0 0 0 0 0 0 0 0 0 0
36 2 0 0 0 0 0 0 0 0 1 0 0 0
37 1 0 0 0 0 0 0 0 0 0 0 0 0
40 1 0 0 0 0 0 1 0 0 0 0 0 0
42 1 0 0 0 0 0 0 0 0 0 0 0 0
43 1 0 0 1 0 0 0 0 0 0 0 0 0
fl=./posix/./posix/spawnp.c
fn=posix_spawnp@@GLIBC_2.15
29 2 1 1 0 0 0 0 0 0 0 0 0 0
30 2 0 0 0 0 0 2 0 0 0 0 0 0
32 2 0 0 1 0 0 0 0 0 0 0 0 0
fl=./posix/./posix/waitpid.c
fn=waitpid
37 1 1 1 0 0 0 0 0 0 0 0 0 0
38 2 0 0 0 0 0 0 0 0 0 0 0 0
fl=./resource/../sysdeps/unix/sysv/linux/getrlimit64.c
fn=getrlimit
38 16 2 1 0 0 0 0 0 0 0 0 0 0
39 56 0 0 0 0 0 0 0 0 8 0 0 0
40 8 0 0 8 0 0 0 0 0 0 0 0 0
fl=./setjmp/../sysdeps/x86_64/bsd-_setjmp.S
fn=_setjmp
28 1 1 1 0 0 0 0 0 0 0 0 0 0
30 1 0 0 0 0 0 0 0 0 0 0 0 0
32 1 0 0 0 0 0 0 0 0 0 0 0 0
fl=./setjmp/../sysdeps/x86_64/setjmp.S
fn=__sigsetjmp
30 10 3 2 0 0 0 0 0 0 0 0 0 0
32 10 0 0 0 0 0 10 1 1 0 0 0 0
41 10 0 0 0 0 0 0 0 0 0 0 0 0
42 20 1 1 10 0 0 0 0 0 0 0 0 0
43 10 0 0 0 0 0 10 0 0 0 0 0 0
47 10 0 0 0 0 0 10 0 0 0 0 0 0
48 10 0 0 0 0 0 10 0 0 0 0 0 0
49 10 0 0 0 0 0 10 0 0 0 0 0 0
50 10 0 0 0 0 0 10 0 0 0 0 0 0
51 10 0 0 0 0 0 0 0 0 0 0 0 0
53 20 2 1 10 0 0 0 0 0 0 0 0 0
55 10 0 0 0 0 0 10 0 0 0 0 0 0
56 10 0 0 10 0 0 0 0 0 0 0 0 0
57 10 0 0 0 0 0 0 0 0 0 0 0 0
59 20 0 0 10 0 0 0 0 0 0 0 0 0
61 10 1 1 0 0 0 10 0 0 0 0 0 0
66 2 0 0 2 2 0 0 0 0 0 0 0 0
67 2 0 0 0 0 0 0 0 0 2 2 0 0
69 8 0 0 0 0 0 0 0 0 0 0 0 0
72 8 0 0 0 0 0 0 0 0 0 0 0 0
73 8 0 0 0 0 0 8 1 1 0 0 0 0
80 8 0 0 0 0 0 0 0 0 0 0 0 0
81 8 0 0 8 0 0 0 0 0 0 0 0 0
84 2 2 1 0 0 0 0 0 0 0 0 0 0
fl=./setjmp/./setjmp/sigjmp.c
fn=__sigjmp_save
28 6 0 0 0 0 0 2 0 0 0 0 0 0
29 2 0 0 0 0 0 2 0 0 0 0 0 0
30 4 0 0 0 0 0 0 0 0 2 0 0 0
34 6 0 0 4 0 0 0 0 0 0 0 0 0
fl=./signal/../sysdeps/posix/signal.c
fn=__bsd_signal.part.0
29 4 1 1 1 0 0 1 0 0 0 0 0 0
41 1 0 0 0 0 0 1 1 1 0 0 0 0
44 4 0 0 0 0 0 1 0 0 0 0 0 0
45 3 0 0 0 0 0 1 0 0 0 0 0 0
48 3 0 0 1 0 0 0 0 0 0 0 0 0
49 5 0 0 3 0 0 0 0 0 1 0 0 0
fn=signal
30 1 1 1 0 0 0 0 0 0 0 0 0 0
34 5 0 0 0 0 0 0 0 0 1 0 0 0
35 3 0 0 0 0 0 0 0 0 1 0 0 0
fl=./signal/../sysdeps/unix/syscall-template.S
fn=sigaltstack
120 10 1 1 0 0 0 0 0 0 2 0 0 0
122 2 0 0 2 0 0 0 0 0 0 0 0 0
fl=./signal/../sysdeps/unix/sysv/linux/internal-signals.h
fn=sigaction
52 5 0 0 0 0 0 0 0 0 0 0 0 0
fn=sigaddset
52 1 0 0 0 0 0 0 0 0 0 0 0 0
fn=signal
52 1 0 0 0 0 0 0 0 0 0 0 0 0
fl=./signal/../sysdeps/unix/sysv/linux/libc_sigaction.c
fn=__libc_sigaction
43 30 2 2 5 0 0 5 0 0 0 0 0 0
48 10 0 0 0 0 0 0 0 0 5 2 0 0
50 6 1 1 3 0 0 3 0 0 0 0 0 0
51 48 0 0 24 0 0 24 0 0 0 0 0 0
53 18 1 1 3 0 0 6 0 0 0 0 0 0
58 55 1 1 0 0 0 0 0 0 5 0 0 0
63 20 0 0 0 0 0 0 0 0 5 3 0 0
65 6 1 1 3 0 0 3 0 0 0 0 0 0
66 48 0 0 24 0 0 24 0 0 0 0 0 0
67 6 0 0 3 0 0 3 0 0 0 0 0 0
68 6 1 1 3 0 0 3 0 0 0 0 0 0
71 30 1 1 15 0 0 0 0 0 5 0 0 0
fl=./signal/../sysdeps/unix/sysv/linux/sigsetops.h
fn=__bsd_signal.part.0
96 1 0 0 1 1 0 0 0 0 0 0 0 0
102 3 1 1 0 0 0 0 0 0 0 0 0 0
104 1 0 0 0 0 0 1 0 0 0 0 0 0
fn=sigaddset
102 2 1 1 0 0 0 0 0 0 0 0 0 0
104 1 0 0 1 0 0 0 0 0 0 0 0 0
fn=sigemptyset
54 1 0 0 0 0 0 1 0 0 0 0 0 0
fl=./signal/./signal/sigaction.c
fn=sigaction
26 5 1 1 0 0 0 0 0 0 0 0 0 0
27 25 0 0 0 0 0 0 0 0 5 0 0 0
33 5 0 0 0 0 0 0 0 0 0 0 0 0
fl=./signal/./signal/sigaddset.c
fn=sigaddset
26 1 1 1 0 0 0 0 0 0 0 0 0 0
27 5 0 0 0 0 0 0 0 0 1 0 0 0
28 2 0 0 0 0 0 0 0 0 1 0 0 0
35 1 0 0 0 0 0 0 0 0 0 0 0 0
36 1 0 0 1 0 0 0 0 0 0 0 0 0
fl=./signal/./signal/sigempty.c
fn=sigemptyset
26 1 1 1 0 0 0 0 0 0 0 0 0 0
27 2 0 0 0 0 0 0 0 0 1 0 0 0
34 1 0 0 0 0 0 0 0 0 0 0 0 0
35 1 0 0 1 0 0 0 0 0 0 0 0 0
fl=./stdio-common/../include/scratch_buffer.h
fn=__vfscanf_internal
77 162 1 1 0 0 0 108 0 0 0 0 0 0
78 54 0 0 0 0 0 54 0 0 0 0 0 0
85 162 0 0 108 0 0 0 0 0 54 2 0 0
113 756 1 1 108 0 0 108 0 0 0 0 0 0
fl=./stdio-common/../libio/strfile.h
fn=__isoc99_sscanf
92 54 0 0 0 0 0 54 0 0 0 0 0 0
93 378 2 2 0 0 0 54 0 0 0 0 0 0
94 108 0 0 0 0 0 54 0 0 0 0 0 0
95 270 0 0 0 0 0 54 0 0 0 0 0 0
fl=./stdio-common/./stdio-common/getline.c
fn=getline
27 108 1 1 0 0 0 0 0 0 0 0 0 0
28 108 1 1 0 0 0 0 0 0 0 0 0 0
fl=./stdio-common/./stdio-common/isoc99_sscanf.c
fn=__isoc99_sscanf
24 864 2 2 54 0 0 432 0 0 54 8 0 0
30 324 1 1 0 0 0 216 0 0 0 0 0 0
31 270 0 0 0 0 0 54 0 0 0 0 0 0
35 432 1 1 324 0 0 0 0 0 54 0 0 0
fl=./stdio-common/./stdio-common/vfscanf-internal.c
fn=__vfscanf_internal
206 216 0 0 216 0 0 0 0 0 0 0 0 0
214 216 0 0 0 0 0 0 0 0 0 0 0 0
222 540 1 1 108 0 0 108 0 0 0 0 0 0
223 216 0 0 216 0 0 0 0 0 0 0 0 0
260 4004 2 2 2056 0 0 0 0 0 1028 0 0 0
263 3084 0 0 0 0 0 2056 0 0 0 0 0 0
278 702 2 2 0 0 0 432 1 0 0 0 0 0
282 54 0 0 0 0 0 54 0 0 0 0 0 0
283 54 0 0 0 0 0 0 0 0 0 0 0 0
284 54 0 0 0 0 0 0 0 0 0 0 0 0
288 270 0 0 162 0 0 108 1 0 0 0 0 0
289 108 0 0 54 1 0 54 0 0 0 0 0 0
293 54 0 0 0 0 0 54 0 0 0 0 0 0
313 54 0 0 0 0 0 54 0 0 0 0 0 0
325 54 0 0 0 0 0 54 0 0 0 0 0 0
326 54 1 1 0 0 0 54 0 0 0 0 0 0
327 54 0 0 0 0 0 54 0 0 0 0 0 0
328 108 0 0 0 0 0 108 0 0 0 0 0 0
332 54 0 0 0 0 0 0 0 0 0 0 0 0
339 270 0 0 108 0 0 162 0 0 0 0 0 0
345 270 2 2 54 0 0 0 0 0 108 8 0 0
348 216 1 1 108 0 0 0 0 0 108 2 0 0
352 108 0 0 108 0 0 0 0 0 0 0 0 0
359 108 1 1 54 0 0 54 1 0 0 0 0 0
365 54 0 0 54 1 0 0 0 0 0 0 0 0
367 216 0 0 54 1 1 54 0 0 0 0 0 0
372 540 1 1 108 0 0 216 0 0 54 0 0 0
377 54 0 0 0 0 0 54 0 0 0 0 0 0
381 864 1 1 432 1 1 0 0 0 216 54 0 0
418 324 0 0 0 0 0 0 0 0 162 2 0 0
442 432 1 1 162 0 0 108 0 0 0 0 0 0
443 324 0 0 0 0 0 0 0 0 162 4 0 0
446 270 0 0 162 0 0 0 0 0 54 0 0 0
453 486 0 0 162 0 0 54 0 0 108 0 0 0
461 162 0 0 54 0 0 0 0 0 54 0 0 0
469 162 0 0 0 0 0 0 0 0 54 0 0 0
482 108 1 1 0 0 0 108 0 0 0 0 0 0
488 540 0 0 108 0 0 0 0 0 108 2 0 0
504 432 0 0 0 0 0 108 0 0 108 4 0 0
525 432 0 0 0 0 0 0 0 0 108 0 0 0
529 108 1 1 0 0 0 108 0 0 0 0 0 0
532 1296 1 1 216 1 1 108 0 0 108 0 108 1
545 324 1 1 108 0 0 0 0 0 108 0 0 0
553 108 0 0 108 0 0 0 0 0 0 0 0 0
570 162 1 1 0 0 0 54 0 0 0 0 0 0
612 216 1 1 0 0 0 0 0 0 108 0 0 0
616 216 0 0 0 0 0 108 0 0 0 0 0 0
617 324 0 0 108 0 0 0 0 0 0 0 0 0
618 324 1 1 0 0 0 0 0 0 108 2 0 0
621 324 0 0 216 0 0 108 0 0 0 0 0 0
622 864 0 0 216 0 0 324 0 0 0 0 0 0
628 972 1 1 324 0 0 108 0 0 216 0 0 0
631 648 0 0 216 2 1 0 0 0 108 1 0 0
632 756 2 2 324 0 0 216 0 0 0 0 0 0
633 756 0 0 0 0 0 216 0 0 108 0 0 0
637 1080 1 1 216 1 1 108 0 0 108 0 108 1
1377 108 1 1 0 0 0 108 0 0 0 0 0 0
1398 1080 1 1 432 0 0 108 0 0 216 0 0 0
1403 324 0 0 0 0 0 0 0 0 108 2 0 0
1412 864 1 1 108 0 0 0 0 0 108 2 0 0
1415 350 0 0 0 0 0 70 0 0 0 0 0 0
1418 490 1 1 210 0 0 70 0 0 70 0 0 0
1420 560 0 0 280 1 1 0 0 0 140 0 0 0
1431 210 1 1 70 0 0 0 0 0 70 2 0 0
1435 114 1 1 38 0 0 0 0 0 38 2 0 0
1438 324 1 1 108 0 0 0 0 0 108 0 0 0
1669 324 1 1 108 0 0 0 0 0 0 0 0 0
1733 2056 0 0 0 0 0 0 0 0 958 0 0 0
1735 1916 1 1 958 0 0 0 0 0 958 0 0 0
1737 5330 1 1 2982 1 1 108 0 0 958 114 0 0
1742 324 0 0 108 0 0 108 0 0 0 0 0 0
1797 850 0 0 0 0 0 0 0 0 0 0 0 0
1799 3400 0 0 0 0 0 0 0 0 0 0 0 0
1801 7650 0 0 2550 0 0 850 0 0 1700 6 0 0
1804 216 0 0 0 0 0 0 0 0 108 0 0 0
1811 216 0 0 0 0 0 0 0 0 108 0 0 0
1812 216 0 0 0 0 0 0 0 0 108 0 0 0
1840 648 1 1 0 0 0 108 0 0 108 0 0 0
1844 216 0 0 108 0 0 0 0 0 108 0 0 0
1861 324 0 0 0 0 0 0 0 0 108 2 0 0
1862 216 0 0 108 0 0 0 0 0 0 0 0 0
1865 324 1 1 0 0 0 108 0 0 0 0 0 0
1868 324 1 1 216 0 0 0 0 0 108 0 0 0
1871 540 0 0 108 0 0 108 0 0 108 1 0 0
1873 216 0 0 0 0 0 0 0 0 108 2 0 0
1877 108 0 0 0 0 0 0 0 0 0 0 0 0
1890 216 1 1 0 0 0 0 0 0 108 0 0 0
1891 1296 1 1 432 0 0 216 0 0 216 2 0 0
1900 216 0 0 108 0 0 0 0 0 0 0 0 0
2180 324 0 0 0 0 0 54 0 0 0 0 0 0
2429 270 0 0 0 0 0 54 0 0 0 0 0 0
3015 270 0 0 54 0 0 0 0 0 54 2 0 0
3025 216 2 2 108 0 0 54 0 0 54 2 0 0
3029 108 0 0 54 0 0 0 0 0 54 0 0 0
3046 108 0 0 54 0 0 0 0 0 54 0 0 0
3052 648 1 1 540 0 0 0 0 0 54 0 0 0
fl=./stdlib/../stdlib/strtol.c
fn=__strtoul_internal
97 108 1 1 0 0 0 0 0 0 0 0 0 0
98 324 0 0 216 0 0 0 0 0 0 0 0 0
fl=./stdlib/../stdlib/strtol_l.c
fn=____strtoul_l_internal
225 1188 2 2 0 0 0 756 1 0 0 0 0 0
239 108 0 0 108 0 0 0 0 0 0 0 0 0
244 108 0 0 0 0 0 0 0 0 0 0 0 0
245 108 0 0 0 0 0 0 0 0 0 0 0 0
251 216 0 0 0 0 0 0 0 0 108 0 0 0
279 108 0 0 0 0 0 0 0 0 0 0 0 0
282 432 0 0 0 0 0 0 0 0 108 0 0 0
291 648 1 1 324 0 0 0 0 0 108 2 0 0
293 216 0 0 0 0 0 0 0 0 108 0 0 0
297 108 0 0 0 0 0 108 0 0 0 0 0 0
298 216 0 0 0 0 0 0 0 0 108 0 0 0
303 216 1 1 0 0 0 0 0 0 108 0 0 0
307 216 0 0 0 0 0 0 0 0 108 4 0 0
309 528 2 2 318 2 1 0 0 0 140 2 0 0
314 140 0 0 0 0 0 0 0 0 70 1 0 0
317 76 0 0 0 0 0 0 0 0 0 0 0 0
324 216 0 0 0 0 0 0 0 0 108 1 0 0
369 146 0 0 0 0 0 0 0 0 0 0 0 0
372 432 0 0 108 1 1 0 0 0 0 0 0 0
373 324 0 0 108 1 1 108 0 0 0 0 0 0
377 178 1 1 0 0 0 0 0 0 0 0 0 0
431 1840 0 0 920 0 0 0 0 0 0 0 0 0
433 3832 0 0 0 0 0 0 0 0 996 108 0 0
435 2760 0 0 0 0 0 0 0 0 920 126 0 0
442 210 0 0 0 0 0 0 0 0 105 0 0 0
449 216 1 1 0 0 0 108 0 0 0 0 0 0
459 642 0 0 213 0 0 0 0 0 105 0 0 0
460 210 0 0 105 1 1 0 0 0 0 0 0 0
463 2760 1 1 0 0 0 0 0 0 920 0 0 0
466 2760 0 0 0 0 0 0 0 0 1840 17 0 0
471 1136 1 1 0 0 0 0 0 0 0 0 0 0
472 2760 0 0 0 0 0 0 0 0 0 0 0 0
477 216 0 0 0 0 0 0 0 0 108 0 0 0
482 324 1 1 108 0 0 0 0 0 108 0 0 0
483 108 0 0 0 0 0 108 0 0 0 0 0 0
495 216 0 0 0 0 0 0 0 0 108 0 0 0
506 648 0 0 108 0 0 0 0 0 0 0 0 0
524 972 1 1 756 0 0 0 0 0 0 0 0 0
fl=./stdlib/../sysdeps/unix/sysv/linux/getrandom.c
fn=getrandom
28 4 3 1 0 0 0 0 0 0 0 0 0 0
29 28 3 1 4 0 0 0 0 0 8 2 0 0
30 4 0 0 4 0 0 0 0 0 0 0 0 0
fl=./stdlib/./stdlib/cxa_atexit.c
fn=__cxa_atexit
41 2 0 0 0 0 0 0 0 0 1 0 0 0
43 6 0 0 1 1 0 0 0 0 1 0 0 0
44 2 1 1 0 0 0 1 0 0 0 0 0 0
46 2 0 0 0 0 0 0 0 0 1 0 0 0
53 3 0 0 1 0 0 0 0 0 0 0 0 0
55 1 0 0 0 0 0 1 0 0 0 0 0 0
56 2 0 0 1 0 0 1 0 0 0 0 0 0
58 1 0 0 0 0 0 1 0 0 0 0 0 0
59 4 1 1 2 0 0 0 0 0 2 0 0 0
60 1 0 0 0 0 0 0 0 0 0 0 0 0
69 9 1 1 0 0 0 4 0 0 0 0 0 0
71 6 0 0 4 0 0 0 0 0 0 0 0 0
fn=__new_exitfn
82 5 1 1 0 0 0 2 0 0 0 0 0 0
83 2 0 0 0 0 0 0 0 0 0 0 0 0
88 2 0 0 1 0 0 0 0 0 1 0 0 0
93 8 0 0 2 1 0 0 0 0 2 1 0 0
95 4 1 1 1 1 0 0 0 0 1 0 0 0
103 1 0 0 0 0 0 1 0 0 0 0 0 0
124 1 0 0 0 0 0 0 0 0 0 0 0 0
125 2 1 1 0 0 0 1 0 0 0 0 0 0
138 1 1 1 0 0 0 1 0 0 0 0 0 0
139 1 0 0 1 0 0 0 0 0 0 0 0 0
143 5 0 0 3 0 0 0 0 0 0 0 0 0
fl=./stdlib/./stdlib/cxa_thread_atexit_impl.c
fn=__cxa_thread_atexit_impl
101 8 1 1 0 0 0 4 0 0 0 0 0 0
103 3 0 0 1 0 0 0 0 0 0 0 0 0
107 3 0 0 0 0 0 1 0 0 0 0 0 0
108 2 0 0 0 0 0 0 0 0 1 0 0 0
111 2 0 0 0 0 0 1 0 0 0 0 0 0
112 1 0 0 0 0 0 1 0 0 0 0 0 0
113 3 0 0 2 0 0 1 0 0 0 0 0 0
114 1 0 0 0 0 0 1 0 0 0 0 0 0
118 3 1 1 1 0 0 1 0 0 0 0 0 0
121 2 0 0 0 0 0 0 0 0 1 1 0 0
125 2 1 1 0 0 0 1 0 0 0 0 0 0
129 5 1 1 1 0 0 1 0 0 1 1 0 0
137 1 0 0 2 0 0 0 0 0 1 0 0 0
138 2 0 0 0 0 0 1 0 0 0 0 0 0
140 2 0 0 1 0 0 1 0 0 0 0 0 0
143 7 0 0 5 0 0 0 0 0 0 0 0 0
fl=./stdlib/./stdlib/getenv.c
fn=getenv
34 40 4 2 0 0 0 30 0 0 0 0 0 0
38 40 0 0 15 3 0 0 0 0 10 0 0 0
41 10 0 0 5 0 0 0 0 0 5 2 0 0
65 10 4 2 0 0 0 5 0 0 0 0 0 0
67 5 0 0 5 0 0 0 0 0 0 0 0 0
72 5 0 0 0 0 0 0 0 0 0 0 0 0
73 5 0 0 0 0 0 0 0 0 0 0 0 0
75 835 0 0 210 12 0 0 0 0 210 8 0 0
84 410 0 0 205 25 0 0 0 0 205 15 0 0
91 45 0 0 35 0 0 0 0 0 0 0 0 0
fl=./string/../include/rtld-malloc.h
fn=strdup
56 10 0 0 5 0 0 5 0 0 0 0 5 1
fl=./string/../string/strstr.c
fn=__GI_strstr
77 11 1 1 1 0 0 7 0 0 0 0 0 0
82 3 0 0 1 1 1 0 0 0 1 1 0 0
84 5 1 1 0 0 0 1 0 0 0 0 0 0
85 2 0 0 0 0 0 0 0 0 1 1 0 0
129 1 1 1 0 0 0 0 0 0 0 0 0 0
161 12 0 0 9 0 0 0 0 0 1 0 0 0
fl=./string/../sysdeps/x86/cacheinfo.c
fn=__x86_cacheinfo
86 3 1 1 1 0 0 0 0 0 0 0 0 0
fl=./string/../sysdeps/x86/cacheinfo.h
fn=__x86_cacheinfo
61 1 0 0 1 0 0 0 0 0 0 0 0 0
64 3 0 0 1 1 0 0 0 0 1 0 0 0
66 3 0 0 0 0 0 1 0 0 0 0 0 0
67 1 1 1 0 0 0 1 1 1 0 0 0 0
73 3 0 0 1 0 0 0 0 0 1 0 0 0
75 3 0 0 0 0 0 1 0 0 0 0 0 0
76 1 0 0 0 0 0 1 0 0 0 0 0 0
80 2 1 1 1 0 0 1 1 1 0 0 0 0
82 2 0 0 1 0 0 1 1 1 0 0 0 0
83 2 0 0 1 1 0 1 0 0 0 0 0 0
84 2 0 0 1 0 0 1 0 0 0 0 0 0
86 2 0 0 1 0 0 0 0 0 1 1 0 0
fl=./string/../sysdeps/x86_64/multiarch/../memchr.S
fn=__memchr_sse2
33 59 1 1 0 0 0 0 0 0 0 0 0 0
34 59 0 0 0 0 0 0 0 0 0 0 0 0
35 59 0 0 0 0 0 0 0 0 0 0 0 0
45 59 0 0 0 0 0 0 0 0 0 0 0 0
46 59 0 0 0 0 0 0 0 0 0 0 0 0
47 59 0 0 0 0 0 0 0 0 59 0 0 0
48 59 0 0 0 0 0 0 0 0 0 0 0 0
51 59 0 0 0 0 0 0 0 0 0 0 0 0
52 59 0 0 0 0 0 0 0 0 0 0 0 0
54 59 0 0 0 0 0 0 0 0 0 0 0 0
55 59 0 0 0 0 0 0 0 0 59 14 0 0
57 48 0 0 48 0 0 0 0 0 0 0 0 0
58 48 0 0 0 0 0 0 0 0 0 0 0 0
59 48 0 0 0 0 0 0 0 0 0 0 0 0
60 48 0 0 0 0 0 0 0 0 0 0 0 0
62 48 0 0 0 0 0 0 0 0 48 0 0 0
63 48 0 0 0 0 0 0 0 0 0 0 0 0
64 48 1 1 0 0 0 0 0 0 48 0 0 0
65 48 0 0 0 0 0 0 0 0 0 0 0 0
66 48 0 0 0 0 0 0 0 0 0 0 0 0
67 48 0 0 0 0 0 0 0 0 0 0 0 0
71 48 0 0 0 0 0 0 0 0 0 0 0 0
72 48 0 0 0 0 0 0 0 0 0 0 0 0
73 48 0 0 0 0 0 0 0 0 48 3 0 0
74 45 0 0 0 0 0 0 0 0 0 0 0 0
78 11 0 0 0 0 0 0 0 0 0 0 0 0
79 11 0 0 0 0 0 0 0 0 0 0 0 0
80 11 0 0 11 0 0 0 0 0 0 0 0 0
82 11 0 0 0 0 0 0 0 0 0 0 0 0
84 11 0 0 0 0 0 0 0 0 0 0 0 0
86 11 0 0 0 0 0 0 0 0 0 0 0 0
87 11 0 0 0 0 0 0 0 0 0 0 0 0
88 11 0 0 0 0 0 0 0 0 11 2 0 0
108 11 0 0 0 0 0 0 0 0 0 0 0 0
109 11 0 0 0 0 0 0 0 0 0 0 0 0
113 11 0 0 0 0 0 0 0 0 0 0 0 0
114 11 0 0 0 0 0 0 0 0 11 1 0 0
115 10 0 0 0 0 0 0 0 0 0 0 0 0
116 10 0 0 0 0 0 0 0 0 0 0 0 0
117 19 0 0 0 0 0 0 0 0 10 1 0 0
121 54 1 1 54 2 2 0 0 0 0 0 0 0
122 54 0 0 0 0 0 0 0 0 0 0 0 0
123 54 0 0 0 0 0 0 0 0 0 0 0 0
124 54 0 0 0 0 0 0 0 0 0 0 0 0
125 54 1 1 0 0 0 0 0 0 54 1 0 0
127 53 0 0 53 2 2 0 0 0 0 0 0 0
128 53 0 0 0 0 0 0 0 0 0 0 0 0
129 53 0 0 0 0 0 0 0 0 0 0 0 0
130 53 0 0 0 0 0 0 0 0 0 0 0 0
131 53 0 0 0 0 0 0 0 0 53 8 0 0
133 46 0 0 46 1 1 0 0 0 0 0 0 0
134 46 0 0 0 0 0 0 0 0 0 0 0 0
135 46 0 0 0 0 0 0 0 0 0 0 0 0
136 46 0 0 0 0 0 0 0 0 0 0 0 0
137 46 0 0 0 0 0 0 0 0 46 9 0 0
139 34 0 0 34 1 1 0 0 0 0 0 0 0
140 34 0 0 0 0 0 0 0 0 0 0 0 0
141 34 0 0 0 0 0 0 0 0 0 0 0 0
142 34 0 0 0 0 0 0 0 0 0 0 0 0
143 34 1 1 0 0 0 0 0 0 0 0 0 0
144 34 0 0 0 0 0 0 0 0 34 1 0 0
146 33 0 0 0 0 0 0 0 0 0 0 0 0
147 33 0 0 0 0 0 0 0 0 33 2 0 0
149 28 0 0 0 0 0 0 0 0 0 0 0 0
150 28 0 0 0 0 0 0 0 0 28 3 0 0
152 27 0 0 27 0 0 0 0 0 0 0 0 0
153 27 0 0 0 0 0 0 0 0 0 0 0 0
154 27 0 0 0 0 0 0 0 0 0 0 0 0
155 27 0 0 0 0 0 0 0 0 0 0 0 0
156 27 0 0 0 0 0 0 0 0 27 0 0 0
158 27 0 0 27 2 2 0 0 0 0 0 0 0
159 27 0 0 0 0 0 0 0 0 0 0 0 0
160 27 0 0 0 0 0 0 0 0 0 0 0 0
161 27 0 0 0 0 0 0 0 0 0 0 0 0
162 27 1 1 0 0 0 0 0 0 27 5 0 0
164 23 0 0 23 1 1 0 0 0 0 0 0 0
165 23 0 0 0 0 0 0 0 0 0 0 0 0
166 23 0 0 0 0 0 0 0 0 0 0 0 0
167 23 0 0 0 0 0 0 0 0 0 0 0 0
168 23 0 0 0 0 0 0 0 0 23 7 0 0
170 9 0 0 9 1 1 0 0 0 0 0 0 0
171 9 0 0 0 0 0 0 0 0 0 0 0 0
172 9 0 0 0 0 0 0 0 0 0 0 0 0
174 9 0 0 0 0 0 0 0 0 0 0 0 0
175 9 0 0 0 0 0 0 0 0 0 0 0 0
176 9 0 0 0 0 0 0 0 0 9 3 0 0
178 4 0 0 0 0 0 0 0 0 0 0 0 0
179 4 0 0 0 0 0 0 0 0 0 0 0 0
180 4 0 0 0 0 0 0 0 0 0 0 0 0
184 8 0 0 0 0 0 0 0 0 0 0 0 0
188 12 1 1 0 0 0 0 0 0 0 0 0 0
189 12 0 0 0 0 0 0 0 0 12 1 0 0
190 11 0 0 11 4 4 0 0 0 0 0 0 0
191 11 0 0 11 0 0 0 0 0 0 0 0 0
192 11 0 0 11 0 0 0 0 0 0 0 0 0
193 11 0 0 11 0 0 0 0 0 0 0 0 0
195 11 0 0 0 0 0 0 0 0 0 0 0 0
196 11 0 0 0 0 0 0 0 0 0 0 0 0
197 11 0 0 0 0 0 0 0 0 0 0 0 0
198 11 0 0 0 0 0 0 0 0 0 0 0 0
200 11 0 0 0 0 0 0 0 0 0 0 0 0
201 11 0 0 0 0 0 0 0 0 0 0 0 0
202 11 0 0 0 0 0 0 0 0 0 0 0 0
203 11 0 0 0 0 0 0 0 0 0 0 0 0
205 11 1 1 0 0 0 0 0 0 0 0 0 0
207 11 0 0 0 0 0 0 0 0 0 0 0 0
208 11 0 0 0 0 0 0 0 0 11 5 0 0
210 8 0 0 0 0 0 0 0 0 0 0 0 0
212 8 0 0 0 0 0 0 0 0 0 0 0 0
213 8 0 0 0 0 0 0 0 0 0 0 0 0
214 8 0 0 0 0 0 0 0 0 8 2 0 0
216 7 0 0 0 0 0 0 0 0 0 0 0 0
217 7 0 0 0 0 0 0 0 0 0 0 0 0
218 7 0 0 0 0 0 0 0 0 7 2 0 0
220 6 0 0 6 0 0 0 0 0 0 0 0 0
221 6 0 0 0 0 0 0 0 0 0 0 0 0
223 6 0 0 6 0 0 0 0 0 0 0 0 0
224 6 0 0 0 0 0 0 0 0 0 0 0 0
225 6 0 0 0 0 0 0 0 0 0 0 0 0
226 6 0 0 0 0 0 0 0 0 6 4 0 0
228 1 0 0 0 0 0 0 0 0 0 0 0 0
229 1 1 1 0 0 0 0 0 0 0 0 0 0
230 1 0 0 0 0 0 0 0 0 0 0 0 0
231 1 0 0 1 0 0 0 0 0 0 0 0 0
235 6 0 0 0 0 0 0 0 0 0 0 0 0
236 6 0 0 0 0 0 0 0 0 6 1 0 0
238 4 0 0 4 1 1 0 0 0 0 0 0 0
239 4 0 0 0 0 0 0 0 0 0 0 0 0
240 4 0 0 0 0 0 0 0 0 0 0 0 0
241 4 0 0 0 0 0 0 0 0 0 0 0 0
242 4 0 0 0 0 0 0 0 0 4 0 0 0
244 4 0 0 4 0 0 0 0 0 0 0 0 0
245 4 0 0 0 0 0 0 0 0 0 0 0 0
246 4 0 0 0 0 0 0 0 0 0 0 0 0
247 4 0 0 0 0 0 0 0 0 0 0 0 0
248 4 0 0 0 0 0 0 0 0 4 0 0 0
250 4 1 1 4 0 0 0 0 0 0 0 0 0
251 4 0 0 0 0 0 0 0 0 0 0 0 0
252 4 0 0 0 0 0 0 0 0 0 0 0 0
253 4 0 0 0 0 0 0 0 0 0 0 0 0
254 4 0 0 0 0 0 0 0 0 4 2 0 0
255 2 0 0 0 0 0 0 0 0 0 0 0 0
256 2 0 0 0 0 0 0 0 0 2 1 0 0
258 1 0 0 1 0 0 0 0 0 0 0 0 0
259 1 0 0 0 0 0 0 0 0 0 0 0 0
260 1 0 0 0 0 0 0 0 0 0 0 0 0
261 1 0 0 0 0 0 0 0 0 1 0 0 0
262 1 0 0 0 0 0 0 0 0 0 0 0 0
263 1 0 0 1 0 0 0 0 0 0 0 0 0
267 2 0 0 0 0 0 0 0 0 0 0 0 0
268 2 0 0 2 0 0 0 0 0 0 0 0 0
269 2 0 0 0 0 0 0 0 0 0 0 0 0
270 2 0 0 0 0 0 0 0 0 0 0 0 0
271 2 0 0 0 0 0 0 0 0 0 0 0 0
272 2 0 0 0 0 0 0 0 0 2 0 0 0
273 2 0 0 0 0 0 0 0 0 0 0 0 0
274 2 0 0 0 0 0 0 0 0 2 1 0 0
276 1 0 0 1 0 0 0 0 0 0 0 0 0
277 1 0 0 0 0 0 0 0 0 0 0 0 0
278 1 0 0 0 0 0 0 0 0 0 0 0 0
279 1 0 0 0 0 0 0 0 0 1 0 0 0
280 1 0 0 0 0 0 0 0 0 0 0 0 0
281 1 0 0 1 0 0 0 0 0 0 0 0 0
285 6 0 0 0 0 0 0 0 0 0 0 0 0
286 6 0 0 0 0 0 0 0 0 0 0 0 0
287 6 0 0 6 0 0 0 0 0 0 0 0 0
291 2 1 1 0 0 0 0 0 0 0 0 0 0
292 2 0 0 0 0 0 0 0 0 0 0 0 0
293 2 0 0 2 0 0 0 0 0 0 0 0 0
297 12 0 0 0 0 0 0 0 0 0 0 0 0
298 12 0 0 0 0 0 0 0 0 0 0 0 0
299 12 0 0 12 0 0 0 0 0 0 0 0 0
303 31 1 1 0 0 0 0 0 0 0 0 0 0
304 31 0 0 0 0 0 0 0 0 0 0 0 0
305 31 0 0 31 0 0 0 0 0 0 0 0 0
337 2 0 0 0 0 0 0 0 0 0 0 0 0
343 2 0 0 0 0 0 0 0 0 0 0 0 0
345 2 0 0 0 0 0 0 0 0 2 0 0 0
346 2 0 0 0 0 0 0 0 0 0 0 0 0
347 2 0 0 2 0 0 0 0 0 0 0 0 0
365 3 0 0 0 0 0 0 0 0 0 0 0 0
366 3 0 0 3 0 0 0 0 0 0 0 0 0
fl=./string/../sysdeps/x86_64/multiarch/../rawmemchr.S
fn=__rawmemchr_sse2
23 54 1 1 0 0 0 0 0 0 0 0 0 0
24 54 0 0 0 0 0 0 0 0 0 0 0 0
25 54 0 0 0 0 0 0 0 0 0 0 0 0
27 54 0 0 0 0 0 0 0 0 0 0 0 0
28 54 1 1 0 0 0 0 0 0 0 0 0 0
30 54 0 0 0 0 0 0 0 0 0 0 0 0
31 54 0 0 0 0 0 0 0 0 0 0 0 0
33 54 0 0 0 0 0 0 0 0 0 0 0 0
34 54 0 0 0 0 0 0 0 0 54 0 0 0
36 54 0 0 54 0 0 0 0 0 0 0 0 0
37 54 0 0 0 0 0 0 0 0 0 0 0 0
39 54 0 0 0 0 0 0 0 0 0 0 0 0
40 54 0 0 0 0 0 0 0 0 0 0 0 0
42 54 0 0 0 0 0 0 0 0 54 0 0 0
43 54 0 0 0 0 0 0 0 0 0 0 0 0
44 54 0 0 0 0 0 0 0 0 0 0 0 0
45 54 0 0 0 0 0 0 0 0 0 0 0 0
73 54 1 1 54 0 0 0 0 0 0 0 0 0
74 54 0 0 0 0 0 0 0 0 0 0 0 0
75 54 0 0 0 0 0 0 0 0 0 0 0 0
76 54 0 0 0 0 0 0 0 0 0 0 0 0
77 54 0 0 0 0 0 0 0 0 54 0 0 0
79 54 0 0 54 0 0 0 0 0 0 0 0 0
80 54 0 0 0 0 0 0 0 0 0 0 0 0
81 54 0 0 0 0 0 0 0 0 0 0 0 0
82 54 0 0 0 0 0 0 0 0 0 0 0 0
83 54 0 0 0 0 0 0 0 0 54 11 0 0
85 35 0 0 35 0 0 0 0 0 0 0 0 0
86 35 0 0 0 0 0 0 0 0 0 0 0 0
87 35 0 0 0 0 0 0 0 0 0 0 0 0
88 35 0 0 0 0 0 0 0 0 0 0 0 0
89 35 0 0 0 0 0 0 0 0 35 0 0 0
91 35 1 1 35 0 0 0 0 0 0 0 0 0
92 35 0 0 0 0 0 0 0 0 0 0 0 0
93 35 0 0 0 0 0 0 0 0 0 0 0 0
94 35 0 0 0 0 0 0 0 0 0 0 0 0
95 35 0 0 0 0 0 0 0 0 0 0 0 0
96 35 0 0 0 0 0 0 0 0 35 0 0 0
98 35 0 0 0 0 0 0 0 0 0 0 0 0
99 35 0 0 0 0 0 0 0 0 35 0 0 0
101 35 0 0 35 0 0 0 0 0 0 0 0 0
102 35 0 0 0 0 0 0 0 0 0 0 0 0
103 35 0 0 0 0 0 0 0 0 0 0 0 0
104 35 0 0 0 0 0 0 0 0 0 0 0 0
105 35 0 0 0 0 0 0 0 0 35 0 0 0
107 35 0 0 35 0 0 0 0 0 0 0 0 0
108 35 0 0 0 0 0 0 0 0 0 0 0 0
109 35 1 1 0 0 0 0 0 0 0 0 0 0
110 35 0 0 0 0 0 0 0 0 0 0 0 0
111 35 0 0 0 0 0 0 0 0 35 8 0 0
113 24 0 0 24 0 0 0 0 0 0 0 0 0
114 24 0 0 0 0 0 0 0 0 0 0 0 0
115 24 0 0 0 0 0 0 0 0 0 0 0 0
116 24 0 0 0 0 0 0 0 0 0 0 0 0
117 24 0 0 0 0 0 0 0 0 24 3 0 0
119 6 0 0 6 0 0 0 0 0 0 0 0 0
120 6 0 0 0 0 0 0 0 0 0 0 0 0
121 6 0 0 0 0 0 0 0 0 0 0 0 0
123 6 0 0 0 0 0 0 0 0 0 0 0 0
124 6 0 0 0 0 0 0 0 0 0 0 0 0
125 6 0 0 0 0 0 0 0 0 6 1 0 0
127 10 0 0 0 0 0 0 0 0 0 0 0 0
131 5 1 1 5 0 0 0 0 0 0 0 0 0
132 5 0 0 5 0 0 0 0 0 0 0 0 0
133 5 0 0 5 0 0 0 0 0 0 0 0 0
134 5 0 0 5 0 0 0 0 0 0 0 0 0
136 5 0 0 0 0 0 0 0 0 0 0 0 0
137 5 0 0 0 0 0 0 0 0 0 0 0 0
138 5 0 0 0 0 0 0 0 0 0 0 0 0
139 5 0 0 0 0 0 0 0 0 0 0 0 0
141 5 0 0 0 0 0 0 0 0 0 0 0 0
142 5 0 0 0 0 0 0 0 0 0 0 0 0
143 5 0 0 0 0 0 0 0 0 0 0 0 0
144 5 0 0 0 0 0 0 0 0 0 0 0 0
146 5 0 0 0 0 0 0 0 0 0 0 0 0
148 5 0 0 0 0 0 0 0 0 0 0 0 0
149 5 0 0 0 0 0 0 0 0 5 0 0 0
151 5 0 0 0 0 0 0 0 0 0 0 0 0
153 5 1 1 0 0 0 0 0 0 0 0 0 0
154 5 0 0 0 0 0 0 0 0 0 0 0 0
155 5 0 0 0 0 0 0 0 0 5 0 0 0
157 5 0 0 0 0 0 0 0 0 0 0 0 0
158 5 0 0 0 0 0 0 0 0 0 0 0 0
159 5 0 0 0 0 0 0 0 0 5 0 0 0
161 5 0 0 5 0 0 0 0 0 0 0 0 0
162 5 0 0 0 0 0 0 0 0 0 0 0 0
164 5 0 0 5 0 0 0 0 0 0 0 0 0
165 5 0 0 0 0 0 0 0 0 0 0 0 0
166 5 0 0 0 0 0 0 0 0 0 0 0 0
167 5 0 0 0 0 0 0 0 0 5 0 0 0
169 5 0 0 0 0 0 0 0 0 0 0 0 0
170 5 0 0 0 0 0 0 0 0 0 0 0 0
171 5 0 0 0 0 0 0 0 0 0 0 0 0
172 5 0 0 5 0 0 0 0 0 0 0 0 0
176 1 0 0 0 0 0 0 0 0 0 0 0 0
177 1 0 0 0 0 0 0 0 0 0 0 0 0
178 1 0 0 1 0 0 0 0 0 0 0 0 0
188 30 1 1 0 0 0 0 0 0 0 0 0 0
189 30 0 0 0 0 0 0 0 0 0 0 0 0
190 30 0 0 30 0 0 0 0 0 0 0 0 0
194 18 0 0 0 0 0 0 0 0 0 0 0 0
195 18 0 0 0 0 0 0 0 0 0 0 0 0
196 18 0 0 18 0 0 0 0 0 0 0 0 0
fl=./string/../sysdeps/x86_64/multiarch/../strchr.S
fn=__strchr_sse2
23 1 1 1 0 0 0 0 0 0 0 0 0 0
24 1 0 0 0 0 0 0 0 0 0 0 0 0
25 1 0 0 0 0 0 0 0 0 0 0 0 0
26 1 0 0 0 0 0 0 0 0 0 0 0 0
27 1 0 0 0 0 0 0 0 0 0 0 0 0
28 1 0 0 0 0 0 0 0 0 0 0 0 0
29 1 0 0 0 0 0 0 0 0 0 0 0 0
30 1 0 0 0 0 0 0 0 0 0 0 0 0
31 1 0 0 0 0 0 0 0 0 1 0 0 0
32 1 0 0 1 0 0 0 0 0 0 0 0 0
33 1 0 0 0 0 0 0 0 0 0 0 0 0
34 1 1 1 0 0 0 0 0 0 0 0 0 0
35 1 0 0 0 0 0 0 0 0 0 0 0 0
36 1 0 0 0 0 0 0 0 0 0 0 0 0
37 1 0 0 0 0 0 0 0 0 0 0 0 0
38 1 0 0 0 0 0 0 0 0 0 0 0 0
39 1 0 0 0 0 0 0 0 0 0 0 0 0
40 1 0 0 0 0 0 0 0 0 1 0 0 0
41 1 0 0 0 0 0 0 0 0 0 0 0 0
45 1 0 0 0 0 0 0 0 0 0 0 0 0
46 1 0 0 0 0 0 0 0 0 0 0 0 0
47 1 0 0 1 0 0 0 0 0 0 0 0 0
48 1 0 0 0 0 0 0 0 0 0 0 0 0
50 1 0 0 1 0 0 0 0 0 0 0 0 0
fn=index
23 22 1 1 0 0 0 0 0 0 0 0 0 0
24 22 0 0 0 0 0 0 0 0 0 0 0 0
25 22 0 0 0 0 0 0 0 0 0 0 0 0
26 22 0 0 0 0 0 0 0 0 0 0 0 0
27 22 0 0 0 0 0 0 0 0 0 0 0 0
28 22 0 0 0 0 0 0 0 0 0 0 0 0
29 22 0 0 0 0 0 0 0 0 0 0 0 0
30 22 0 0 0 0 0 0 0 0 0 0 0 0
31 22 0 0 0 0 0 0 0 0 22 0 0 0
32 22 0 0 22 4 4 0 0 0 0 0 0 0
33 22 0 0 0 0 0 0 0 0 0 0 0 0
34 22 1 1 0 0 0 0 0 0 0 0 0 0
35 22 0 0 0 0 0 0 0 0 0 0 0 0
36 22 0 0 0 0 0 0 0 0 0 0 0 0
37 22 0 0 0 0 0 0 0 0 0 0 0 0
38 22 0 0 0 0 0 0 0 0 0 0 0 0
39 22 0 0 0 0 0 0 0 0 0 0 0 0
40 22 0 0 0 0 0 0 0 0 22 3 0 0
41 19 0 0 0 0 0 0 0 0 0 0 0 0
45 19 0 0 0 0 0 0 0 0 0 0 0 0
46 19 0 0 0 0 0 0 0 0 0 0 0 0
47 19 0 0 19 0 0 0 0 0 0 0 0 0
48 19 0 0 0 0 0 0 0 0 0 0 0 0
50 19 0 0 19 0 0 0 0 0 0 0 0 0
54 3 0 0 3 0 0 0 0 0 0 0 0 0
55 3 0 0 0 0 0 0 0 0 0 0 0 0
56 3 0 0 0 0 0 0 0 0 0 0 0 0
57 3 1 1 0 0 0 0 0 0 0 0 0 0
58 3 0 0 0 0 0 0 0 0 0 0 0 0
59 3 0 0 0 0 0 0 0 0 0 0 0 0
60 3 0 0 3 0 0 0 0 0 0 0 0 0
61 3 0 0 0 0 0 0 0 0 0 0 0 0
62 3 0 0 0 0 0 0 0 0 0 0 0 0
63 3 0 0 0 0 0 0 0 0 0 0 0 0
64 3 0 0 0 0 0 0 0 0 0 0 0 0
65 3 0 0 0 0 0 0 0 0 0 0 0 0
66 3 0 0 0 0 0 0 0 0 0 0 0 0
67 3 0 0 3 0 0 0 0 0 0 0 0 0
68 3 0 0 0 0 0 0 0 0 0 0 0 0
69 3 0 0 0 0 0 0 0 0 0 0 0 0
70 3 0 0 0 0 0 0 0 0 0 0 0 0
71 3 0 0 0 0 0 0 0 0 0 0 0 0
72 3 0 0 0 0 0 0 0 0 0 0 0 0
73 3 1 1 0 0 0 0 0 0 0 0 0 0
74 3 0 0 0 0 0 0 0 0 0 0 0 0
75 3 0 0 0 0 0 0 0 0 0 0 0 0
76 3 0 0 0 0 0 0 0 0 0 0 0 0
77 3 0 0 0 0 0 0 0 0 3 3 0 0
129 3 2 1 0 0 0 0 0 0 0 0 0 0
133 3 0 0 0 0 0 0 0 0 0 0 0 0
134 3 0 0 0 0 0 0 0 0 0 0 0 0
135 3 0 0 3 0 0 0 0 0 0 0 0 0
136 3 0 0 0 0 0 0 0 0 0 0 0 0
138 3 0 0 3 0 0 0 0 0 0 0 0 0
fl=./string/../sysdeps/x86_64/multiarch/../strrchr.S
fn=__strrchr_sse2
23 1 1 1 0 0 0 0 0 0 0 0 0 0
24 1 0 0 0 0 0 0 0 0 0 0 0 0
25 1 0 0 0 0 0 0 0 0 0 0 0 0
26 1 0 0 0 0 0 0 0 0 0 0 0 0
27 1 0 0 0 0 0 0 0 0 0 0 0 0
28 1 0 0 0 0 0 0 0 0 0 0 0 0
29 1 0 0 0 0 0 0 0 0 0 0 0 0
30 1 0 0 0 0 0 0 0 0 0 0 0 0
31 1 0 0 0 0 0 0 0 0 1 0 0 0
32 1 0 0 1 1 1 0 0 0 0 0 0 0
33 1 1 1 0 0 0 0 0 0 0 0 0 0
34 1 0 0 0 0 0 0 0 0 0 0 0 0
35 1 0 0 0 0 0 0 0 0 0 0 0 0
36 1 0 0 0 0 0 0 0 0 0 0 0 0
37 1 0 0 0 0 0 0 0 0 0 0 0 0
38 1 0 0 0 0 0 0 0 0 0 0 0 0
39 1 0 0 0 0 0 0 0 0 0 0 0 0
40 1 0 0 0 0 0 0 0 0 1 1 0 0
51 1 1 1 1 0 0 0 0 0 0 0 0 0
52 1 0 0 0 0 0 0 0 0 0 0 0 0
53 1 0 0 1 0 0 0 0 0 0 0 0 0
54 1 0 0 0 0 0 0 0 0 0 0 0 0
55 1 0 0 0 0 0 0 0 0 0 0 0 0
56 1 0 0 1 1 0 0 0 0 0 0 0 0
57 1 0 0 0 0 0 0 0 0 0 0 0 0
58 1 0 0 0 0 0 0 0 0 0 0 0 0
59 1 0 0 0 0 0 0 0 0 0 0 0 0
60 1 0 0 0 0 0 0 0 0 0 0 0 0
61 1 0 0 0 0 0 0 0 0 0 0 0 0
62 1 0 0 0 0 0 0 0 0 0 0 0 0
63 1 0 0 0 0 0 0 0 0 0 0 0 0
64 1 0 0 0 0 0 0 0 0 0 0 0 0
65 1 0 0 0 0 0 0 0 0 0 0 0 0
66 1 1 1 0 0 0 0 0 0 0 0 0 0
67 1 0 0 0 0 0 0 0 0 0 0 0 0
68 1 0 0 0 0 0 0 0 0 0 0 0 0
69 1 0 0 0 0 0 0 0 0 0 0 0 0
70 1 0 0 0 0 0 0 0 0 0 0 0 0
71 1 0 0 0 0 0 0 0 0 0 0 0 0
72 1 0 0 0 0 0 0 0 0 0 0 0 0
73 1 0 0 0 0 0 0 0 0 0 0 0 0
74 1 0 0 0 0 0 0 0 0 0 0 0 0
75 1 0 0 0 0 0 0 0 0 0 0 0 0
76 1 0 0 0 0 0 0 0 0 0 0 0 0
77 1 0 0 0 0 0 0 0 0 0 0 0 0
78 1 0 0 0 0 0 0 0 0 0 0 0 0
79 1 0 0 0 0 0 0 0 0 0 0 0 0
80 1 0 0 0 0 0 0 0 0 1 0 0 0
81 1 0 0 0 0 0 0 0 0 0 0 0 0
82 1 0 0 0 0 0 0 0 0 0 0 0 0
83 1 0 0 0 0 0 0 0 0 0 0 0 0
84 1 1 1 0 0 0 0 0 0 1 0 0 0
85 1 0 0 0 0 0 0 0 0 0 0 0 0
86 1 0 0 0 0 0 0 0 0 0 0 0 0
87 1 0 0 1 0 0 0 0 0 0 0 0 0
fl=./string/../sysdeps/x86_64/multiarch/ifunc-avx2.h
fn=memrchr
32 2 0 0 0 0 0 0 0 0 1 0 0 0
33 5 1 1 2 0 0 0 0 0 0 0 0 0
fn=rindex
32 2 1 1 0 0 0 0 0 0 1 0 0 0
33 5 0 0 2 0 0 0 0 0 0 0 0 0
fn=strchrnul
32 2 0 0 0 0 0 0 0 0 1 0 0 0
33 5 0 0 2 0 0 0 0 0 0 0 0 0
fn=strlen
32 4 1 1 0 0 0 0 0 0 2 0 0 0
33 10 0 0 4 2 0 0 0 0 0 0 0 0
fn=strnlen
32 4 1 1 0 0 0 0 0 0 2 1 0 0
33 10 0 0 4 1 0 0 0 0 0 0 0 0
fl=./string/../sysdeps/x86_64/multiarch/ifunc-evex.h
fn=memchr
34 2 0 0 0 0 0 0 0 0 1 0 0 0
35 5 1 1 2 0 0 0 0 0 0 0 0 0
fn=rawmemchr
34 2 0 0 0 0 0 0 0 0 1 0 0 0
35 5 0 0 2 0 0 0 0 0 0 0 0 0
fl=./string/../sysdeps/x86_64/multiarch/ifunc-memcmp.h
fn=bcmp
34 12 0 0 6 0 0 0 0 0 0 0 0 0
35 9 0 0 3 1 0 0 0 0 3 0 0 0
50 9 0 0 0 0 0 0 0 0 3 3 0 0
fl=./string/../sysdeps/x86_64/multiarch/ifunc-memmove.h
fn=memcpy@@GLIBC_2.14
52 4 0 0 0 0 0 0 0 0 2 0 0 0
53 6 0 0 4 1 0 0 0 0 0 0 0 0
56 6 0 0 2 0 0 0 0 0 0 0 0 0
57 4 1 1 0 0 0 0 0 0 2 2 0 0
70 4 0 0 0 0 0 0 0 0 2 2 0 0
97 4 0 0 2 0 0 0 0 0 0 0 0 0
98 4 0 0 0 0 0 0 0 0 2 2 0 0
100 10 1 1 2 0 0 0 0 0 0 0 0 0
fn=memmove
52 6 0 0 0 0 0 0 0 0 3 0 0 0
53 9 0 0 6 0 0 0 0 0 0 0 0 0
56 9 1 1 3 0 0 0 0 0 0 0 0 0
57 6 1 1 0 0 0 0 0 0 3 3 0 0
70 6 0 0 0 0 0 0 0 0 3 3 0 0
97 6 0 0 3 0 0 0 0 0 0 0 0 0
98 6 0 0 0 0 0 0 0 0 3 3 0 0
100 15 2 2 3 0 0 0 0 0 0 0 0 0
fn=mempcpy
52 2 0 0 0 0 0 0 0 0 1 0 0 0
53 3 0 0 2 0 0 0 0 0 0 0 0 0
56 3 0 0 1 0 0 0 0 0 0 0 0 0
57 2 1 1 0 0 0 0 0 0 1 1 0 0
70 2 0 0 0 0 0 0 0 0 1 1 0 0
97 2 0 0 1 0 0 0 0 0 0 0 0 0
98 2 0 0 0 0 0 0 0 0 1 1 0 0
100 5 1 1 1 0 0 0 0 0 0 0 0 0
fl=./string/../sysdeps/x86_64/multiarch/ifunc-memset.h
fn=memset
50 10 0 0 4 1 0 0 0 0 2 0 0 0
53 6 0 0 2 0 0 0 0 0 0 0 0 0
54 4 1 1 0 0 0 0 0 0 2 2 0 0
60 4 1 1 0 0 0 0 0 0 0 0 0 0
69 4 0 0 0 0 0 0 0 0 2 2 0 0
98 8 0 0 0 0 0 0 0 0 0 0 0 0
fl=./string/../sysdeps/x86_64/multiarch/ifunc-sse4_2.h
fn=strcspn
30 5 1 1 2 0 0 0 0 0 0 0 0 0
fn=strpbrk
30 5 1 1 2 1 0 0 0 0 0 0 0 0
fn=strspn
30 5 0 0 2 0 0 0 0 0 0 0 0 0
fl=./string/../sysdeps/x86_64/multiarch/ifunc-strcasecmp.h
fn=strcasecmp
32 5 1 1 2 0 0 0 0 0 1 1 0 0
fn=strcasecmp_l
32 5 0 0 2 0 0 0 0 0 1 1 0 0
fn=strncasecmp
32 5 0 0 2 0 0 0 0 0 1 1 0 0
fn=strncasecmp_l
32 5 0 0 2 0 0 0 0 0 1 1 0 0
fl=./string/../sysdeps/x86_64/multiarch/ifunc-strcpy.h
fn=stpcpy
36 4 0 0 2 0 0 0 0 0 0 0 0 0
37 3 0 0 1 0 0 0 0 0 1 0 0 0
50 3 0 0 0 0 0 0 0 0 1 1 0 0
fn=stpncpy
36 4 0 0 2 0 0 0 0 0 0 0 0 0
37 3 1 1 1 0 0 0 0 0 1 0 0 0
50 3 0 0 0 0 0 0 0 0 1 1 0 0
fn=strcat
36 4 0 0 2 0 0 0 0 0 0 0 0 0
37 3 0 0 1 0 0 0 0 0 1 0 0 0
50 3 0 0 0 0 0 0 0 0 1 1 0 0
fn=strcpy
36 4 0 0 2 0 0 0 0 0 0 0 0 0
37 3 0 0 1 0 0 0 0 0 1 0 0 0
50 3 0 0 0 0 0 0 0 0 1 1 0 0
fn=strncpy
36 4 0 0 2 0 0 0 0 0 0 0 0 0
37 3 0 0 1 0 0 0 0 0 1 0 0 0
50 3 0 0 0 0 0 0 0 0 1 1 0 0
fl=./string/../sysdeps/x86_64/multiarch/memchr.c
fn=memchr
29 2 1 1 1 0 0 0 0 0 0 0 0 0
fl=./string/../sysdeps/x86_64/multiarch/memcmp-sse4.S
fn=__memcmp_sse4_1
42 663 19 1 0 0 0 0 0 0 0 0 0 0
49 663 0 0 0 0 0 0 0 0 0 0 0 0
50 663 0 0 0 0 0 0 0 0 663 15 0 0
52 663 18 1 0 0 0 0 0 0 0 0 0 0
53 663 0 0 0 0 0 0 0 0 663 43 0 0
56 138 0 0 0 0 0 0 0 0 0 0 0 0
57 138 0 0 0 0 0 0 0 0 138 13 0 0
59 132 0 0 0 0 0 0 0 0 0 0 0 0
60 132 0 0 0 0 0 0 0 0 132 28 0 0
63 105 0 0 0 0 0 0 0 0 0 0 0 0
64 105 0 0 0 0 0 0 0 0 105 29 0 0
66 34 0 0 0 0 0 0 0 0 0 0 0 0
67 34 0 0 0 0 0 0 0 0 34 18 0 0
69 16 0 0 16 4 0 0 0 0 0 0 0 0
70 16 0 0 16 0 0 0 0 0 0 0 0 0
72 16 0 0 0 0 0 0 0 0 0 0 0 0
73 16 0 0 0 0 0 0 0 0 0 0 0 0
75 16 0 0 0 0 0 0 0 0 0 0 0 0
76 16 0 0 0 0 0 0 0 0 0 0 0 0
78 16 0 0 16 0 0 0 0 0 0 0 0 0
79 16 0 0 16 0 0 0 0 0 0 0 0 0
81 16 0 0 0 0 0 0 0 0 0 0 0 0
82 16 0 0 0 0 0 0 0 0 0 0 0 0
84 16 0 0 0 0 0 0 0 0 0 0 0 0
85 16 0 0 0 0 0 0 0 0 0 0 0 0
86 16 0 0 0 0 0 0 0 0 0 0 0 0
87 16 0 0 0 0 0 0 0 0 0 0 0 0
88 16 0 0 0 0 0 0 0 0 0 0 0 0
89 16 0 0 0 0 0 0 0 0 0 0 0 0
90 16 0 0 16 0 0 0 0 0 0 0 0 0
94 18 1 1 18 7 0 0 0 0 0 0 0 0
95 18 0 0 18 0 0 0 0 0 0 0 0 0
96 18 0 0 0 0 0 0 0 0 0 0 0 0
97 18 0 0 0 0 0 0 0 0 0 0 0 0
98 18 0 0 0 0 0 0 0 0 0 0 0 0
99 18 0 0 0 0 0 0 0 0 0 0 0 0
100 18 0 0 18 0 0 0 0 0 0 0 0 0
101 18 0 0 18 0 0 0 0 0 0 0 0 0
102 18 0 0 0 0 0 0 0 0 0 0 0 0
103 18 0 0 0 0 0 0 0 0 0 0 0 0
104 18 0 0 0 0 0 0 0 0 0 0 0 0
105 18 0 0 18 0 0 0 0 0 0 0 0 0
109 71 14 0 71 43 1 0 0 0 0 0 0 0
110 71 0 0 71 1 1 0 0 0 0 0 0 0
112 71 0 0 0 0 0 0 0 0 0 0 0 0
113 71 0 0 0 0 0 0 0 0 0 0 0 0
115 71 15 0 0 0 0 0 0 0 0 0 0 0
116 71 0 0 0 0 0 0 0 0 71 7 0 0
118 66 0 0 66 0 0 0 0 0 0 0 0 0
119 66 0 0 66 0 0 0 0 0 0 0 0 0
121 66 0 0 0 0 0 0 0 0 0 0 0 0
122 66 0 0 0 0 0 0 0 0 0 0 0 0
124 66 0 0 0 0 0 0 0 0 0 0 0 0
127 71 0 0 0 0 0 0 0 0 0 0 0 0
128 71 0 0 0 0 0 0 0 0 0 0 0 0
129 71 0 0 0 0 0 0 0 0 0 0 0 0
130 71 0 0 71 0 0 0 0 0 0 0 0 0
147 138 0 0 0 0 0 0 0 0 0 0 0 0
149 138 0 0 138 0 0 0 0 0 0 0 0 0
153 525 1 1 0 0 0 0 0 0 525 113 0 0
163 387 0 0 387 0 0 0 0 0 0 0 0 0
164 387 0 0 387 0 0 0 0 0 0 0 0 0
165 387 0 0 0 0 0 0 0 0 0 0 0 0
167 387 0 0 387 0 0 0 0 0 0 0 0 0
228 6 6 1 6 0 0 0 0 0 0 0 0 0
229 6 0 0 6 0 0 0 0 0 0 0 0 0
230 6 0 0 0 0 0 0 0 0 0 0 0 0
231 6 0 0 0 0 0 0 0 0 0 0 0 0
232 6 0 0 0 0 0 0 0 0 0 0 0 0
233 6 0 0 0 0 0 0 0 0 6 0 0 0
235 6 0 0 6 0 0 0 0 0 0 0 0 0
236 6 0 0 6 0 0 0 0 0 0 0 0 0
237 6 0 0 0 0 0 0 0 0 0 0 0 0
238 6 0 0 0 0 0 0 0 0 0 0 0 0
239 6 0 0 0 0 0 0 0 0 0 0 0 0
240 6 0 0 0 0 0 0 0 0 6 0 0 0
242 6 0 0 0 0 0 0 0 0 0 0 0 0
243 6 0 0 0 0 0 0 0 0 6 6 0 0
253 6 6 1 6 0 0 0 0 0 0 0 0 0
254 6 0 0 6 0 0 0 0 0 0 0 0 0
255 6 0 0 0 0 0 0 0 0 0 0 0 0
256 6 0 0 0 0 0 0 0 0 0 0 0 0
257 6 0 0 0 0 0 0 0 0 0 0 0 0
258 6 0 0 0 0 0 0 0 0 6 0 0 0
260 6 0 0 6 0 0 0 0 0 0 0 0 0
261 6 0 0 6 0 0 0 0 0 0 0 0 0
262 6 0 0 0 0 0 0 0 0 0 0 0 0
263 6 0 0 0 0 0 0 0 0 0 0 0 0
264 6 5 0 0 0 0 0 0 0 0 0 0 0
265 6 0 0 0 0 0 0 0 0 6 0 0 0
266 6 0 0 6 0 0 0 0 0 0 0 0 0
270 27 12 1 27 12 0 0 0 0 0 0 0 0
271 27 0 0 27 0 0 0 0 0 0 0 0 0
272 27 0 0 0 0 0 0 0 0 0 0 0 0
273 27 0 0 0 0 0 0 0 0 0 0 0 0
274 27 0 0 0 0 0 0 0 0 0 0 0 0
275 27 0 0 0 0 0 0 0 0 27 0 0 0
277 27 0 0 27 0 0 0 0 0 0 0 0 0
278 27 0 0 27 0 0 0 0 0 0 0 0 0
279 27 0 0 0 0 0 0 0 0 0 0 0 0
280 27 0 0 0 0 0 0 0 0 0 0 0 0
281 27 0 0 0 0 0 0 0 0 0 0 0 0
282 27 17 1 0 0 0 0 0 0 27 9 0 0
283 27 0 0 27 0 0 0 0 0 0 0 0 0
fl=./string/../sysdeps/x86_64/multiarch/memcmp.c
fn=bcmp
29 6 2 2 3 0 0 0 0 0 0 0 0 0
fl=./string/../sysdeps/x86_64/multiarch/memcpy.c
fn=memcpy@@GLIBC_2.14
29 2 1 1 0 0 0 0 0 0 0 0 0 0
fl=./string/../sysdeps/x86_64/multiarch/memmove-vec-unaligned-erms.S
fn=__memcpy_sse2_unaligned_erms
360 248937 2070 1 0 0 0 0 0 0 0 0 0 0
361 248937 0 0 0 0 0 0 0 0 248937 209 0 0
363 188711 0 0 0 0 0 0 0 0 0 0 0 0
367 188711 0 0 0 0 0 0 0 0 188711 84 0 0
368 2803 0 0 0 0 0 0 0 0 0 0 0 0
369 2803 0 0 0 0 0 0 0 0 2803 38 0 0
370 136 0 0 136 22 5 0 0 0 0 0 0 0
371 136 0 0 0 0 0 0 0 0 136 27 0 0
372 39 0 0 39 0 0 0 0 0 0 0 0 0
373 39 0 0 0 0 0 39 0 0 0 0 0 0
375 136 0 0 0 0 0 136 0 0 0 0 0 0
377 2803 0 0 2803 0 0 0 0 0 0 0 0 0
383 185908 0 0 185908 2026 1 0 0 0 0 0 0 0
384 185908 0 0 185908 0 0 0 0 0 0 0 0 0
385 185908 0 0 0 0 0 185908 16822 233 0 0 0 0
386 185908 0 0 0 0 0 185908 0 0 0 0 0 0
387 185908 0 0 185908 0 0 0 0 0 0 0 0 0
416 60226 0 0 60226 26 8 0 0 0 0 0 0 0
417 60226 0 0 60226 0 0 0 0 0 0 0 0 0
418 60226 0 0 0 0 0 60226 7480 26 0 0 0 0
419 60226 0 0 0 0 0 60226 3728 15 0 0 0 0
420 60226 0 0 60226 0 0 0 0 0 0 0 0 0
427 344513 15 1 344513 66024 35006 0 0 0 0 0 0 0
428 344513 0 0 344513 0 0 0 0 0 0 0 0 0
429 344513 0 0 0 0 0 344513 67500 7441 0 0 0 0
430 344513 0 0 0 0 0 344513 27872 9367 0 0 0 0
431 344513 0 0 0 0 0 344513 183014 44561 0 0 0 0
432 344513 0 0 0 0 0 344513 0 0 0 0 0 0
433 344513 0 0 344513 0 0 0 0 0 0 0 0 0
444 354811 105 1 0 0 0 0 0 0 0 0 0 0
445 354811 0 0 0 0 0 0 0 0 354811 919 0 0
447 345852 0 0 345852 1 1 0 0 0 0 0 0 0
448 345852 0 0 0 0 0 0 0 0 0 0 0 0
449 345852 0 0 0 0 0 0 0 0 345852 1091 0 0
451 1339 0 0 1339 2 0 0 0 0 0 0 0 0
452 1339 0 0 1339 0 0 0 0 0 0 0 0 0
453 1339 0 0 1339 0 0 0 0 0 0 0 0 0
454 1339 71 1 1339 0 0 0 0 0 0 0 0 0
455 1339 0 0 1339 0 0 0 0 0 0 0 0 0
456 1339 0 0 1339 0 0 0 0 0 0 0 0 0
457 1339 0 0 0 0 0 1339 2 0 0 0 0 0
458 1339 0 0 0 0 0 1339 74 0 0 0 0 0
459 1339 0 0 0 0 0 1339 283 0 0 0 0 0
460 1339 0 0 0 0 0 1339 309 1 0 0 0 0
461 1339 0 0 0 0 0 1339 495 1 0 0 0 0
462 1339 0 0 0 0 0 1339 0 0 0 0 0 0
463 1339 0 0 0 0 0 1339 0 0 0 0 0 0
464 1339 0 0 0 0 0 1339 0 0 0 0 0 0
465 1339 0 0 1339 0 0 0 0 0 0 0 0 0
469 8959 1087 0 0 0 0 0 0 0 0 0 0 0
470 8959 0 0 0 0 0 0 0 0 0 0 0 0
474 8959 0 0 0 0 0 0 0 0 0 0 0 0
476 8959 0 0 0 0 0 0 0 0 8959 828 0 0
480 8959 3439 1 8959 1098 0 0 0 0 0 0 0 0
481 8959 0 0 0 0 0 0 0 0 8959 0 0 0
492 8959 0 0 0 0 0 0 0 0 0 0 0 0
495 8959 0 0 0 0 0 0 0 0 0 0 0 0
497 8959 0 0 0 0 0 0 0 0 0 0 0 0
499 8959 0 0 0 0 0 0 0 0 0 0 0 0
503 8959 0 0 0 0 0 0 0 0 0 0 0 0
504 8959 0 0 0 0 0 0 0 0 8959 849 0 0
513 8226 0 0 8226 463 0 0 0 0 0 0 0 0
514 8226 0 0 8226 389 0 0 0 0 0 0 0 0
516 8226 0 0 0 0 0 0 0 0 0 0 0 0
518 8226 0 0 0 0 0 0 0 0 0 0 0 0
519 8226 0 0 8226 387 0 0 0 0 0 0 0 0
520 8226 0 0 8226 381 0 0 0 0 0 0 0 0
523 8226 2553 1 0 0 0 0 0 0 0 0 0 0
525 8226 0 0 0 0 0 0 0 0 0 0 0 0
527 8226 0 0 0 0 0 0 0 0 0 0 0 0
529 16452 0 0 0 0 0 0 0 0 0 0 0 0
535 272735 0 0 272735 54651 3 0 0 0 0 0 0 0
536 272735 0 0 272735 78201 1 0 0 0 0 0 0 0
537 272735 0 0 272735 59010 2 0 0 0 0 0 0 0
538 272735 0 0 272735 43338 2 0 0 0 0 0 0 0
539 272735 0 0 0 0 0 0 0 0 0 0 0 0
540 272735 0 0 0 0 0 272735 39272 1689 0 0 0 0
541 272735 0 0 0 0 0 272735 67880 968 0 0 0 0
542 272735 0 0 0 0 0 272735 122727 45499 0 0 0 0
543 272735 0 0 0 0 0 272735 36905 2161 0 0 0 0
544 272735 0 0 0 0 0 0 0 0 0 0 0 0
545 272735 0 0 0 0 0 0 0 0 0 0 0 0
546 272735 0 0 0 0 0 0 0 0 272735 5938 0 0
548 8226 0 0 0 0 0 8226 3030 66 0 0 0 0
549 8226 2417 1 0 0 0 8226 0 0 0 0 0 0
550 8226 0 0 0 0 0 8226 0 0 0 0 0 0
551 8226 0 0 0 0 0 8226 0 0 0 0 0 0
553 8226 0 0 0 0 0 8226 305 5 0 0 0 0
557 8226 0 0 8226 213 0 0 0 0 0 0 0 0
570 733 156 0 733 74 0 0 0 0 0 0 0 0
571 733 0 0 733 72 0 0 0 0 0 0 0 0
573 733 0 0 0 0 0 0 0 0 0 0 0 0
574 733 0 0 733 61 0 0 0 0 0 0 0 0
575 733 0 0 733 64 0 0 0 0 0 0 0 0
577 733 0 0 0 0 0 0 0 0 0 0 0 0
579 733 0 0 0 0 0 0 0 0 0 0 0 0
581 1466 0 0 0 0 0 0 0 0 0 0 0 0
587 200413 270 1 200413 55251 0 0 0 0 0 0 0 0
588 200413 0 0 200413 41120 0 0 0 0 0 0 0 0
589 200413 0 0 200413 56316 0 0 0 0 0 0 0 0
590 200413 0 0 200413 43436 0 0 0 0 0 0 0 0
591 200413 0 0 0 0 0 0 0 0 0 0 0 0
592 200413 0 0 0 0 0 200413 46547 16498 0 0 0 0
593 200413 0 0 0 0 0 200413 43537 12757 0 0 0 0
594 200413 0 0 0 0 0 200413 55340 15556 0 0 0 0
595 200413 0 0 0 0 0 200413 54569 9440 0 0 0 0
596 200413 0 0 0 0 0 0 0 0 0 0 0 0
597 200413 0 0 0 0 0 0 0 0 0 0 0 0
598 200413 0 0 0 0 0 0 0 0 200413 542 0 0
600 733 0 0 0 0 0 733 153 8 0 0 0 0
601 733 0 0 0 0 0 733 0 0 0 0 0 0
602 733 0 0 0 0 0 733 0 0 0 0 0 0
603 733 0 0 0 0 0 733 0 0 0 0 0 0
605 733 0 0 0 0 0 733 228 11 0 0 0 0
606 733 194 1 733 152 0 0 0 0 0 0 0 0
fn=memcpy
212 25 1 1 0 0 0 0 0 0 0 0 0 0
213 25 0 0 0 0 0 0 0 0 0 0 0 0
219 63 0 0 0 0 0 0 0 0 0 0 0 0
220 63 0 0 0 0 0 0 0 0 63 30 0 0
222 25 0 0 25 2 1 0 0 0 0 0 0 0
223 25 0 0 0 0 0 0 0 0 0 0 0 0
224 25 0 0 0 0 0 0 0 0 25 12 0 0
226 15 0 0 15 0 0 0 0 0 0 0 0 0
227 15 0 0 0 0 0 15 4 4 0 0 0 0
228 15 0 0 0 0 0 15 1 1 0 0 0 0
230 15 0 0 15 0 0 0 0 0 0 0 0 0
360 38 1 1 0 0 0 0 0 0 0 0 0 0
361 38 0 0 0 0 0 0 0 0 38 22 0 0
363 12 0 0 0 0 0 0 0 0 0 0 0 0
367 12 0 0 0 0 0 0 0 0 12 6 0 0
368 6 0 0 0 0 0 0 0 0 0 0 0 0
369 6 0 0 0 0 0 0 0 0 6 3 0 0
370 3 0 0 3 2 2 0 0 0 0 0 0 0
371 3 0 0 0 0 0 0 0 0 3 1 0 0
372 2 0 0 2 0 0 0 0 0 0 0 0 0
373 2 0 0 0 0 0 2 0 0 0 0 0 0
375 3 0 0 0 0 0 3 1 1 0 0 0 0
377 6 0 0 6 0 0 0 0 0 0 0 0 0
383 6 0 0 6 0 0 0 0 0 0 0 0 0
384 6 0 0 6 0 0 0 0 0 0 0 0 0
385 6 0 0 0 0 0 6 0 0 0 0 0 0
386 6 0 0 0 0 0 6 0 0 0 0 0 0
387 6 0 0 6 0 0 0 0 0 0 0 0 0
416 26 1 1 26 0 0 0 0 0 0 0 0 0
417 26 0 0 26 0 0 0 0 0 0 0 0 0
418 26 0 0 0 0 0 26 7 7 0 0 0 0
419 26 0 0 0 0 0 26 1 1 0 0 0 0
420 26 0 0 26 0 0 0 0 0 0 0 0 0
427 10 1 0 10 0 0 0 0 0 0 0 0 0
428 10 0 0 10 0 0 0 0 0 0 0 0 0
429 10 0 0 0 0 0 10 2 2 0 0 0 0
430 10 0 0 0 0 0 10 2 2 0 0 0 0
431 10 0 0 0 0 0 10 3 3 0 0 0 0
432 10 0 0 0 0 0 10 0 0 0 0 0 0
433 10 0 0 10 0 0 0 0 0 0 0 0 0
444 10 1 1 0 0 0 0 0 0 0 0 0 0
445 10 0 0 0 0 0 0 0 0 10 1 0 0
447 10 0 0 10 1 0 0 0 0 0 0 0 0
448 10 0 0 0 0 0 0 0 0 0 0 0 0
449 10 0 0 0 0 0 0 0 0 10 7 0 0
fn=memcpy@GLIBC_2.2.5
212 608950 2 1 0 0 0 0 0 0 0 0 0 0
213 608950 0 0 0 0 0 0 0 0 0 0 0 0
219 608950 0 0 0 0 0 0 0 0 0 0 0 0
220 608950 8 1 0 0 0 0 0 0 608950 1358 0 0
222 360013 0 0 360013 132031 22342 0 0 0 0 0 0 0
223 360013 0 0 0 0 0 0 0 0 0 0 0 0
224 360013 0 0 0 0 0 0 0 0 360013 42282 0 0
226 5202 0 0 5202 0 0 0 0 0 0 0 0 0
227 5202 0 0 0 0 0 5202 630 11 0 0 0 0
228 5202 0 0 0 0 0 5202 2 0 0 0 0 0
232 5202 0 0 5202 0 0 0 0 0 0 0 0 0
fn=mempcpy
199 38 0 0 0 0 0 0 0 0 0 0 0 0
200 38 0 0 0 0 0 0 0 0 0 0 0 0
201 38 0 0 0 0 0 0 0 0 0 0 0 0
202 38 0 0 0 0 0 0 0 0 0 0 0 0
fl=./string/../sysdeps/x86_64/multiarch/memmove.c
fn=memmove
29 3 1 1 0 0 0 0 0 0 0 0 0 0
fl=./string/../sysdeps/x86_64/multiarch/mempcpy.c
fn=mempcpy
33 1 1 1 0 0 0 0 0 0 0 0 0 0
fl=./string/../sysdeps/x86_64/multiarch/memrchr.c
fn=memrchr
29 2 1 1 1 0 0 0 0 0 0 0 0 0
fl=./string/../sysdeps/x86_64/multiarch/memset-vec-unaligned-erms.S
fn=__memset_sse2_unaligned
125 42732 5 1 0 0 0 0 0 0 0 0 0 0
126 213660 0 0 0 0 0 0 0 0 0 0 0 0
132 42732 0 0 0 0 0 0 0 0 0 0 0 0
133 42732 7 1 0 0 0 0 0 0 42732 11374 0 0
134 25914 0 0 0 0 0 0 0 0 0 0 0 0
135 25914 0 0 0 0 0 0 0 0 25914 1258 0 0
137 16438 0 0 0 0 0 16438 704 3 0 0 0 0
138 16438 0 0 0 0 0 16438 57 1 0 0 0 0
139 16438 0 0 16438 0 0 0 0 0 0 0 0 0
fn=__memset_sse2_unaligned_erms
204 7945 18 1 0 0 0 7945 12 0 0 0 0 0
205 7945 0 0 0 0 0 7945 150 0 0 0 0 0
207 7945 0 0 7945 0 0 0 0 0 0 0 0 0
283 9476 1203 1 0 0 0 9476 693 2 0 0 0 0
284 9476 0 0 0 0 0 9476 378 0 0 0 0 0
289 9476 0 0 0 0 0 0 0 0 0 0 0 0
292 9476 0 0 0 0 0 0 0 0 0 0 0 0
293 9476 0 0 0 0 0 0 0 0 9476 1613 0 0
296 1531 0 0 0 0 0 1531 127 0 0 0 0 0
297 1531 0 0 0 0 0 1531 116 0 0 0 0 0
310 1531 0 0 0 0 0 0 0 0 0 0 0 0
311 1531 0 0 0 0 0 0 0 0 0 0 0 0
313 1531 0 0 0 0 0 0 0 0 1531 80 0 0
316 355 0 0 0 0 0 0 0 0 0 0 0 0
319 710 0 0 0 0 0 0 0 0 0 0 0 0
322 1599 60 1 0 0 0 1599 757 1 0 0 0 0
323 1599 0 0 0 0 0 1599 0 0 0 0 0 0
324 1599 0 0 0 0 0 1599 619 0 0 0 0 0
325 1599 0 0 0 0 0 1599 0 0 0 0 0 0
326 1599 0 0 0 0 0 0 0 0 0 0 0 0
327 1599 0 0 0 0 0 0 0 0 0 0 0 0
328 1599 0 0 0 0 0 0 0 0 1599 119 0 0
331 1531 525 0 0 0 0 1531 0 0 0 0 0 0
332 1531 0 0 0 0 0 1531 2 0 0 0 0 0
333 1531 0 0 0 0 0 1531 12 0 0 0 0 0
334 1531 0 0 0 0 0 1531 60 0 0 0 0 0
339 1531 0 0 1531 0 0 0 0 0 0 0 0 0
368 16818 1989 1 0 0 0 0 0 0 0 0 0 0
369 16818 0 0 0 0 0 0 0 0 0 0 0 0
370 16818 0 0 0 0 0 0 0 0 16818 12 0 0
402 16818 0 0 0 0 0 16818 24 0 0 0 0 0
403 16818 0 0 0 0 0 16818 0 0 0 0 0 0
404 16818 0 0 16818 0 0 0 0 0 0 0 0 0
fn=memset
125 10 1 1 0 0 0 0 0 0 0 0 0 0
126 50 0 0 0 0 0 0 0 0 0 0 0 0
132 10 0 0 0 0 0 0 0 0 0 0 0 0
133 10 1 1 0 0 0 0 0 0 10 3 0 0
134 9 0 0 0 0 0 0 0 0 0 0 0 0
135 9 0 0 0 0 0 0 0 0 9 4 0 0
137 1 0 0 0 0 0 1 1 1 0 0 0 0
138 1 0 0 0 0 0 1 0 0 0 0 0 0
139 1 0 0 1 0 0 0 0 0 0 0 0 0
204 4 0 0 0 0 0 4 0 0 0 0 0 0
205 4 0 0 0 0 0 4 0 0 0 0 0 0
207 4 0 0 4 0 0 0 0 0 0 0 0 0
283 8 0 0 0 0 0 8 4 4 0 0 0 0
284 8 0 0 0 0 0 8 1 1 0 0 0 0
289 8 0 0 0 0 0 0 0 0 0 0 0 0
292 8 0 0 0 0 0 0 0 0 0 0 0 0
293 8 0 0 0 0 0 0 0 0 8 3 0 0
296 4 0 0 0 0 0 4 0 0 0 0 0 0
297 4 0 0 0 0 0 4 3 3 0 0 0 0
310 4 0 0 0 0 0 0 0 0 0 0 0 0
311 4 0 0 0 0 0 0 0 0 0 0 0 0
313 4 0 0 0 0 0 0 0 0 4 1 0 0
316 3 1 1 0 0 0 0 0 0 0 0 0 0
319 6 0 0 0 0 0 0 0 0 0 0 0 0
322 44 0 0 0 0 0 44 38 38 0 0 0 0
323 44 0 0 0 0 0 44 0 0 0 0 0 0
324 44 0 0 0 0 0 44 4 4 0 0 0 0
325 44 0 0 0 0 0 44 0 0 0 0 0 0
326 44 0 0 0 0 0 0 0 0 0 0 0 0
327 44 0 0 0 0 0 0 0 0 0 0 0 0
328 44 0 0 0 0 0 0 0 0 44 22 0 0
331 4 0 0 0 0 0 4 1 1 0 0 0 0
332 4 0 0 0 0 0 4 1 1 0 0 0 0
333 4 0 0 0 0 0 4 0 0 0 0 0 0
334 4 0 0 0 0 0 4 0 0 0 0 0 0
339 4 0 0 4 0 0 0 0 0 0 0 0 0
368 1 1 1 0 0 0 0 0 0 0 0 0 0
369 1 0 0 0 0 0 0 0 0 0 0 0 0
370 1 0 0 0 0 0 0 0 0 1 1 0 0
402 1 0 0 0 0 0 1 1 1 0 0 0 0
403 1 0 0 0 0 0 1 0 0 0 0 0 0
404 1 0 0 1 0 0 0 0 0 0 0 0 0
fl=./string/../sysdeps/x86_64/multiarch/memset.c
fn=memset
29 4 1 1 2 0 0 0 0 0 0 0 0 0
fl=./string/../sysdeps/x86_64/multiarch/rawmemchr.c
fn=rawmemchr
31 2 1 1 1 0 0 0 0 0 0 0 0 0
fl=./string/../sysdeps/x86_64/multiarch/stpcpy.c
fn=stpcpy
33 2 2 2 1 0 0 0 0 0 0 0 0 0
fl=./string/../sysdeps/x86_64/multiarch/stpncpy.c
fn=stpncpy
31 2 1 1 1 0 0 0 0 0 0 0 0 0
fl=./string/../sysdeps/x86_64/multiarch/strcasecmp.c
fn=strcasecmp
31 2 1 1 1 0 0 0 0 0 0 0 0 0
fl=./string/../sysdeps/x86_64/multiarch/strcasecmp_l.c
fn=strcasecmp_l
31 2 1 1 1 0 0 0 0 0 0 0 0 0
fl=./string/../sysdeps/x86_64/multiarch/strcat.c
fn=strcat
29 2 2 2 1 0 0 0 0 0 0 0 0 0
fl=./string/../sysdeps/x86_64/multiarch/strchr.c
fn=index
40 2 1 1 0 0 0 0 0 0 0 0 0 0
41 4 0 0 2 0 0 0 0 0 0 0 0 0
42 3 0 0 1 0 0 0 0 0 1 1 0 0
55 4 0 0 0 0 0 0 0 0 0 0 0 0
61 2 1 1 1 0 0 0 0 0 0 0 0 0
fl=./string/../sysdeps/x86_64/multiarch/strchrnul.c
fn=strchrnul
31 2 1 1 1 0 0 0 0 0 0 0 0 0
fl=./string/../sysdeps/x86_64/multiarch/strcmp.c
fn=strcmp
41 4 0 0 2 0 0 0 0 0 0 0 0 0
42 3 1 1 1 0 0 0 0 0 1 0 0 0
56 3 0 0 0 0 0 0 0 0 1 1 0 0
65 2 1 1 1 0 0 0 0 0 0 0 0 0
fl=./string/../sysdeps/x86_64/multiarch/strcpy.c
fn=strcpy
29 2 2 2 1 0 0 0 0 0 0 0 0 0
fl=./string/../sysdeps/x86_64/multiarch/strcspn.c
fn=strcspn
29 2 1 1 1 0 0 0 0 0 0 0 0 0
fl=./string/../sysdeps/x86_64/multiarch/strlen-vec.S
fn=__strlen_sse2
41 8 3 1 0 0 0 0 0 0 0 0 0 0
85 8 0 0 0 0 0 0 0 0 0 0 0 0
86 8 0 0 0 0 0 0 0 0 0 0 0 0
87 8 0 0 0 0 0 0 0 0 0 0 0 0
88 8 0 0 0 0 0 0 0 0 0 0 0 0
89 8 0 0 0 0 0 0 0 0 0 0 0 0
90 8 0 0 0 0 0 0 0 0 0 0 0 0
91 8 0 0 0 0 0 0 0 0 0 0 0 0
93 8 0 0 0 0 0 0 0 0 0 0 0 0
95 8 0 0 0 0 0 0 0 0 8 1 0 0
126 8 0 0 8 2 1 0 0 0 0 0 0 0
127 8 3 1 0 0 0 0 0 0 0 0 0 0
128 8 0 0 0 0 0 0 0 0 0 0 0 0
129 8 0 0 0 0 0 0 0 0 0 0 0 0
130 8 0 0 0 0 0 0 0 0 8 4 0 0
131 4 0 0 0 0 0 0 0 0 0 0 0 0
133 4 0 0 4 0 0 0 0 0 0 0 0 0
137 4 0 0 0 0 0 0 0 0 0 0 0 0
138 4 0 0 4 0 0 0 0 0 0 0 0 0
139 4 0 0 4 0 0 0 0 0 0 0 0 0
140 4 0 0 4 0 0 0 0 0 0 0 0 0
141 4 0 0 0 0 0 0 0 0 0 0 0 0
142 4 0 0 0 0 0 0 0 0 0 0 0 0
143 4 0 0 0 0 0 0 0 0 0 0 0 0
144 4 0 0 0 0 0 0 0 0 0 0 0 0
145 4 0 0 0 0 0 0 0 0 0 0 0 0
146 4 0 0 0 0 0 0 0 0 0 0 0 0
147 4 0 0 0 0 0 0 0 0 0 0 0 0
148 4 0 0 0 0 0 0 0 0 0 0 0 0
153 32 1 1 4 0 0 0 0 0 4 0 0 0
fn=strlen
41 26 1 1 0 0 0 0 0 0 0 0 0 0
85 26 0 0 0 0 0 0 0 0 0 0 0 0
86 26 0 0 0 0 0 0 0 0 0 0 0 0
87 26 0 0 0 0 0 0 0 0 0 0 0 0
88 26 0 0 0 0 0 0 0 0 0 0 0 0
89 26 0 0 0 0 0 0 0 0 0 0 0 0
90 26 0 0 0 0 0 0 0 0 0 0 0 0
91 26 0 0 0 0 0 0 0 0 0 0 0 0
93 26 0 0 0 0 0 0 0 0 0 0 0 0
95 26 0 0 0 0 0 0 0 0 26 1 0 0
126 25 0 0 25 2 2 0 0 0 0 0 0 0
127 25 0 0 0 0 0 0 0 0 0 0 0 0
128 25 0 0 0 0 0 0 0 0 0 0 0 0
129 25 0 0 0 0 0 0 0 0 0 0 0 0
130 25 0 0 0 0 0 0 0 0 25 10 0 0
131 13 0 0 0 0 0 0 0 0 0 0 0 0
133 13 0 0 13 0 0 0 0 0 0 0 0 0
137 12 1 1 0 0 0 0 0 0 0 0 0 0
138 12 0 0 12 0 0 0 0 0 0 0 0 0
139 12 0 0 12 0 0 0 0 0 0 0 0 0
140 12 0 0 12 0 0 0 0 0 0 0 0 0
141 12 0 0 0 0 0 0 0 0 0 0 0 0
142 12 0 0 0 0 0 0 0 0 0 0 0 0
143 12 0 0 0 0 0 0 0 0 0 0 0 0
144 12 0 0 0 0 0 0 0 0 0 0 0 0
145 12 0 0 0 0 0 0 0 0 0 0 0 0
146 12 0 0 0 0 0 0 0 0 0 0 0 0
147 12 0 0 0 0 0 0 0 0 0 0 0 0
148 12 0 0 0 0 0 0 0 0 0 0 0 0
153 96 0 0 12 0 0 0 0 0 12 0 0 0
157 1 1 1 0 0 0 0 0 0 0 0 0 0
158 14 1 1 4 1 1 0 0 0 0 0 0 0
159 8 0 0 1 0 0 0 0 0 1 0 0 0
fl=./string/../sysdeps/x86_64/multiarch/strlen.c
fn=strlen
29 4 1 1 2 0 0 0 0 0 0 0 0 0
fl=./string/../sysdeps/x86_64/multiarch/strncase.c
fn=strncasecmp
31 2 1 1 1 0 0 0 0 0 0 0 0 0
fl=./string/../sysdeps/x86_64/multiarch/strncase_l.c
fn=strncasecmp_l
31 2 2 2 1 0 0 0 0 0 0 0 0 0
fl=./string/../sysdeps/x86_64/multiarch/strncmp.c
fn=strncmp
41 4 1 1 2 0 0 0 0 0 1 1 0 0
56 4 1 1 1 0 0 0 0 0 1 0 0 0
57 2 0 0 1 0 0 0 0 0 1 1 0 0
66 2 1 1 1 0 0 0 0 0 0 0 0 0
fl=./string/../sysdeps/x86_64/multiarch/strncpy.c
fn=strncpy
29 2 2 2 1 0 0 0 0 0 0 0 0 0
fl=./string/../sysdeps/x86_64/multiarch/strnlen.c
fn=strnlen
31 4 1 1 2 0 0 0 0 0 0 0 0 0
fl=./string/../sysdeps/x86_64/multiarch/strpbrk.c
fn=strpbrk
29 2 1 1 1 0 0 0 0 0 0 0 0 0
fl=./string/../sysdeps/x86_64/multiarch/strrchr.c
fn=rindex
28 2 1 1 1 0 0 0 0 0 0 0 0 0
fl=./string/../sysdeps/x86_64/multiarch/strspn.c
fn=strspn
29 2 1 1 1 0 0 0 0 0 0 0 0 0
fl=./string/../sysdeps/x86_64/strcmp.S
fn=strcmp
108 594 3 1 0 0 0 0 0 0 0 0 0 0
141 594 0 0 0 0 0 0 0 0 0 0 0 0
142 594 0 0 0 0 0 0 0 0 0 0 0 0
144 594 0 0 0 0 0 0 0 0 0 0 0 0
145 594 0 0 0 0 0 0 0 0 0 0 0 0
166 594 0 0 0 0 0 0 0 0 0 0 0 0
167 594 0 0 0 0 0 0 0 0 530 115 0 0
168 487 0 0 0 0 0 0 0 0 0 0 0 0
169 487 0 0 0 0 0 0 0 0 487 80 0 0
170 407 0 0 407 103 65 0 0 0 0 0 0 0
171 407 2 1 407 6 5 0 0 0 0 0 0 0
172 407 0 0 407 0 0 0 0 0 0 0 0 0
173 407 0 0 407 0 0 0 0 0 0 0 0 0
194 407 0 0 0 0 0 0 0 0 0 0 0 0
195 407 0 0 0 0 0 0 0 0 0 0 0 0
196 407 0 0 0 0 0 0 0 0 0 0 0 0
197 407 0 0 0 0 0 0 0 0 0 0 0 0
198 407 0 0 0 0 0 0 0 0 0 0 0 0
199 407 0 0 0 0 0 0 0 0 0 0 0 0
200 407 0 0 0 0 0 0 0 0 407 74 0 0
205 27 0 0 0 0 0 0 0 0 0 0 0 0
206 81 0 0 0 0 0 0 0 0 0 0 0 0
215 214 3 1 0 0 0 0 0 0 0 0 0 0
216 214 0 0 0 0 0 0 0 0 0 0 0 0
217 214 0 0 0 0 0 0 0 0 0 0 0 0
218 214 0 0 0 0 0 0 0 0 0 0 0 0
219 214 0 0 0 0 0 0 0 0 0 0 0 0
220 214 0 0 0 0 0 0 0 0 0 0 0 0
221 214 0 0 0 0 0 0 0 0 0 0 0 0
222 214 0 0 0 0 0 0 0 0 214 14 0 0
223 198 0 0 0 0 0 0 0 0 198 103 0 0
224 103 0 0 0 0 0 0 0 0 0 0 0 0
225 103 0 0 0 0 0 0 0 0 0 0 0 0
226 103 0 0 0 0 0 0 0 0 0 0 0 0
228 198 0 0 0 0 0 0 0 0 0 0 0 0
229 198 0 0 0 0 0 0 0 0 0 0 0 0
230 198 0 0 0 0 0 0 0 0 0 0 0 0
231 198 0 0 198 9 2 0 0 0 0 0 0 0
232 198 0 0 0 0 0 0 0 0 0 0 0 0
233 198 0 0 0 0 0 0 0 0 0 0 198 156
243 16 1 1 16 2 1 0 0 0 0 0 0 0
244 16 0 0 0 0 0 0 0 0 0 0 0 0
245 16 0 0 0 0 0 0 0 0 0 0 0 0
247 16 0 0 16 4 2 0 0 0 0 0 0 0
253 16 0 0 0 0 0 0 0 0 0 0 0 0
254 16 0 0 0 0 0 0 0 0 0 0 0 0
255 16 0 0 0 0 0 0 0 0 0 0 0 0
256 16 0 0 0 0 0 0 0 0 0 0 0 0
257 16 0 0 0 0 0 0 0 0 0 0 0 0
262 16 0 0 0 0 0 0 0 0 16 3 0 0
264 12 0 0 0 0 0 0 0 0 0 0 0 0
265 12 0 0 0 0 0 0 0 0 0 0 0 0
266 24 0 0 0 0 0 0 0 0 0 0 0 0
274 12 1 1 12 3 1 0 0 0 0 0 0 0
275 12 0 0 12 3 1 0 0 0 0 0 0 0
278 12 0 0 0 0 0 0 0 0 0 0 0 0
279 12 0 0 0 0 0 0 0 0 0 0 0 0
280 12 0 0 0 0 0 0 0 0 0 0 0 0
281 12 0 0 0 0 0 0 0 0 0 0 0 0
282 12 0 0 0 0 0 0 0 0 0 0 0 0
283 12 0 0 0 0 0 0 0 0 12 5 0 0
444 1 1 1 0 0 0 0 0 0 0 0 0 0
445 1 0 0 1 1 1 0 0 0 0 0 0 0
446 1 0 0 1 0 0 0 0 0 0 0 0 0
447 1 0 0 0 0 0 0 0 0 0 0 0 0
448 1 0 0 0 0 0 0 0 0 0 0 0 0
450 1 0 0 0 0 0 0 0 0 0 0 0 0
451 1 0 0 0 0 0 0 0 0 0 0 0 0
452 1 1 1 0 0 0 0 0 0 0 0 0 0
453 1 0 0 0 0 0 0 0 0 0 0 0 0
454 1 0 0 0 0 0 0 0 0 0 0 0 0
455 1 0 0 0 0 0 0 0 0 0 0 0 0
456 1 0 0 0 0 0 0 0 0 1 0 0 0
457 1 0 0 1 0 0 0 0 0 0 0 0 0
460 1 0 0 0 0 0 0 0 0 0 0 0 0
461 1 0 0 0 0 0 0 0 0 0 0 0 0
462 1 0 0 0 0 0 0 0 0 0 0 0 0
468 1 0 0 0 0 0 0 0 0 0 0 0 0
469 1 0 0 0 0 0 0 0 0 0 0 0 0
470 2 0 0 0 0 0 0 0 0 0 0 0 0
474 1 1 1 0 0 0 0 0 0 0 0 0 0
475 1 0 0 0 0 0 0 0 0 1 0 0 0
478 1 0 0 1 0 0 0 0 0 0 0 0 0
479 1 0 0 1 0 0 0 0 0 0 0 0 0
480 1 0 0 0 0 0 0 0 0 0 0 0 0
483 1 0 0 0 0 0 0 0 0 0 0 0 0
484 1 0 0 0 0 0 0 0 0 0 0 0 0
485 1 0 0 0 0 0 0 0 0 0 0 0 0
491 1 0 0 0 0 0 0 0 0 0 0 0 0
492 1 0 0 0 0 0 0 0 0 0 0 0 0
493 1 0 0 0 0 0 0 0 0 0 0 0 0
494 1 0 0 0 0 0 0 0 0 0 0 0 0
495 1 0 0 0 0 0 0 0 0 0 0 0 0
496 1 1 1 0 0 0 0 0 0 1 0 0 0
503 1 0 0 0 0 0 0 0 0 0 0 0 0
504 1 0 0 0 0 0 0 0 0 0 0 0 0
506 1 0 0 0 0 0 0 0 0 0 0 0 0
507 1 0 0 0 0 0 0 0 0 1 0 0 0
509 1 0 0 1 0 0 0 0 0 0 0 0 0
510 1 0 0 1 1 1 0 0 0 0 0 0 0
511 1 0 0 0 0 0 0 0 0 0 0 0 0
514 1 0 0 0 0 0 0 0 0 0 0 0 0
515 1 0 0 0 0 0 0 0 0 0 0 0 0
516 1 0 0 0 0 0 0 0 0 0 0 0 0
522 1 0 0 0 0 0 0 0 0 0 0 0 0
523 1 0 0 0 0 0 0 0 0 0 0 0 0
524 1 0 0 0 0 0 0 0 0 0 0 0 0
525 1 0 0 0 0 0 0 0 0 0 0 0 0
526 1 1 1 0 0 0 0 0 0 0 0 0 0
527 1 0 0 0 0 0 0 0 0 1 1 0 0
693 3 1 1 0 0 0 0 0 0 0 0 0 0
694 3 0 0 3 0 0 0 0 0 0 0 0 0
695 3 0 0 3 1 1 0 0 0 0 0 0 0
696 3 0 0 0 0 0 0 0 0 0 0 0 0
697 3 0 0 0 0 0 0 0 0 0 0 0 0
699 3 0 0 0 0 0 0 0 0 0 0 0 0
700 3 0 0 0 0 0 0 0 0 0 0 0 0
701 3 1 1 0 0 0 0 0 0 0 0 0 0
702 3 0 0 0 0 0 0 0 0 0 0 0 0
703 3 0 0 0 0 0 0 0 0 0 0 0 0
704 3 0 0 0 0 0 0 0 0 0 0 0 0
705 3 0 0 0 0 0 0 0 0 3 1 0 0
706 2 0 0 2 0 0 0 0 0 0 0 0 0
710 2 0 0 0 0 0 0 0 0 0 0 0 0
711 2 0 0 0 0 0 0 0 0 0 0 0 0
712 2 0 0 0 0 0 0 0 0 0 0 0 0
718 2 0 0 0 0 0 0 0 0 0 0 0 0
719 2 0 0 0 0 0 0 0 0 0 0 0 0
720 4 0 0 0 0 0 0 0 0 0 0 0 0
724 2 1 1 0 0 0 0 0 0 0 0 0 0
725 2 0 0 0 0 0 0 0 0 2 0 0 0
728 2 0 0 2 1 1 0 0 0 0 0 0 0
729 2 0 0 2 0 0 0 0 0 0 0 0 0
730 2 0 0 0 0 0 0 0 0 0 0 0 0
733 2 0 0 0 0 0 0 0 0 0 0 0 0
734 2 0 0 0 0 0 0 0 0 0 0 0 0
735 2 0 0 0 0 0 0 0 0 0 0 0 0
741 2 0 0 0 0 0 0 0 0 0 0 0 0
742 2 0 0 0 0 0 0 0 0 0 0 0 0
743 2 0 0 0 0 0 0 0 0 0 0 0 0
744 2 0 0 0 0 0 0 0 0 0 0 0 0
745 2 0 0 0 0 0 0 0 0 0 0 0 0
746 2 1 1 0 0 0 0 0 0 2 0 0 0
818 5 1 1 0 0 0 0 0 0 0 0 0 0
819 5 0 0 5 3 1 0 0 0 0 0 0 0
820 5 0 0 5 0 0 0 0 0 0 0 0 0
821 5 0 0 0 0 0 0 0 0 0 0 0 0
822 5 0 0 0 0 0 0 0 0 0 0 0 0
824 5 0 0 0 0 0 0 0 0 0 0 0 0
825 5 0 0 0 0 0 0 0 0 0 0 0 0
826 5 1 1 0 0 0 0 0 0 0 0 0 0
827 5 0 0 0 0 0 0 0 0 0 0 0 0
828 5 0 0 0 0 0 0 0 0 0 0 0 0
829 5 0 0 0 0 0 0 0 0 0 0 0 0
830 5 0 0 0 0 0 0 0 0 5 2 0 0
831 5 0 0 5 0 0 0 0 0 0 0 0 0
835 5 0 0 0 0 0 0 0 0 0 0 0 0
836 5 0 0 0 0 0 0 0 0 0 0 0 0
837 5 0 0 0 0 0 0 0 0 0 0 0 0
843 5 0 0 0 0 0 0 0 0 0 0 0 0
844 5 0 0 0 0 0 0 0 0 0 0 0 0
845 10 0 0 0 0 0 0 0 0 0 0 0 0
849 5 1 1 0 0 0 0 0 0 0 0 0 0
850 5 0 0 0 0 0 0 0 0 5 0 0 0
853 5 0 0 5 0 0 0 0 0 0 0 0 0
854 5 0 0 5 3 2 0 0 0 0 0 0 0
855 5 0 0 0 0 0 0 0 0 0 0 0 0
858 5 0 0 0 0 0 0 0 0 0 0 0 0
859 5 0 0 0 0 0 0 0 0 0 0 0 0
860 5 0 0 0 0 0 0 0 0 0 0 0 0
866 5 0 0 0 0 0 0 0 0 0 0 0 0
867 5 0 0 0 0 0 0 0 0 0 0 0 0
868 5 0 0 0 0 0 0 0 0 0 0 0 0
869 5 0 0 0 0 0 0 0 0 0 0 0 0
870 5 0 0 0 0 0 0 0 0 0 0 0 0
871 5 1 1 0 0 0 0 0 0 5 1 0 0
943 5 1 1 0 0 0 0 0 0 0 0 0 0
944 5 0 0 5 2 1 0 0 0 0 0 0 0
945 5 0 0 5 0 0 0 0 0 0 0 0 0
946 5 0 0 0 0 0 0 0 0 0 0 0 0
947 5 0 0 0 0 0 0 0 0 0 0 0 0
949 5 0 0 0 0 0 0 0 0 0 0 0 0
950 5 0 0 0 0 0 0 0 0 0 0 0 0
951 5 1 1 0 0 0 0 0 0 0 0 0 0
952 5 0 0 0 0 0 0 0 0 0 0 0 0
953 5 0 0 0 0 0 0 0 0 0 0 0 0
954 5 0 0 0 0 0 0 0 0 0 0 0 0
955 5 0 0 0 0 0 0 0 0 5 2 0 0
956 5 0 0 5 0 0 0 0 0 0 0 0 0
960 5 0 0 0 0 0 0 0 0 0 0 0 0
961 5 0 0 0 0 0 0 0 0 0 0 0 0
962 5 0 0 0 0 0 0 0 0 0 0 0 0
968 5 0 0 0 0 0 0 0 0 0 0 0 0
969 5 0 0 0 0 0 0 0 0 0 0 0 0
970 10 0 0 0 0 0 0 0 0 0 0 0 0
974 5 1 1 0 0 0 0 0 0 0 0 0 0
975 5 0 0 0 0 0 0 0 0 5 0 0 0
978 5 0 0 5 1 1 0 0 0 0 0 0 0
979 5 0 0 5 1 1 0 0 0 0 0 0 0
980 5 0 0 0 0 0 0 0 0 0 0 0 0
983 5 0 0 0 0 0 0 0 0 0 0 0 0
984 5 0 0 0 0 0 0 0 0 0 0 0 0
985 5 0 0 0 0 0 0 0 0 0 0 0 0
991 5 0 0 0 0 0 0 0 0 0 0 0 0
992 5 0 0 0 0 0 0 0 0 0 0 0 0
993 5 0 0 0 0 0 0 0 0 0 0 0 0
994 5 0 0 0 0 0 0 0 0 0 0 0 0
995 5 0 0 0 0 0 0 0 0 0 0 0 0
996 5 1 1 0 0 0 0 0 0 5 3 0 0
1003 1 0 0 0 0 0 0 0 0 0 0 0 0
1004 1 0 0 0 0 0 0 0 0 0 0 0 0
1006 1 0 0 0 0 0 0 0 0 0 0 0 0
1007 1 0 0 0 0 0 0 0 0 1 0 0 0
1009 1 0 0 1 0 0 0 0 0 0 0 0 0
1010 1 0 0 1 0 0 0 0 0 0 0 0 0
1011 1 0 0 0 0 0 0 0 0 0 0 0 0
1014 1 0 0 0 0 0 0 0 0 0 0 0 0
1015 1 0 0 0 0 0 0 0 0 0 0 0 0
1016 1 0 0 0 0 0 0 0 0 0 0 0 0
1022 1 0 0 0 0 0 0 0 0 0 0 0 0
1023 1 0 0 0 0 0 0 0 0 0 0 0 0
1024 1 0 0 0 0 0 0 0 0 0 0 0 0
1025 1 0 0 0 0 0 0 0 0 0 0 0 0
1026 1 1 1 0 0 0 0 0 0 0 0 0 0
1027 1 0 0 0 0 0 0 0 0 1 0 0 0
1068 15 1 1 0 0 0 0 0 0 0 0 0 0
1069 15 0 0 15 1 1 0 0 0 0 0 0 0
1070 15 0 0 15 2 2 0 0 0 0 0 0 0
1071 15 0 0 0 0 0 0 0 0 0 0 0 0
1072 15 0 0 0 0 0 0 0 0 0 0 0 0
1074 15 0 0 0 0 0 0 0 0 0 0 0 0
1075 15 0 0 0 0 0 0 0 0 0 0 0 0
1076 15 1 1 0 0 0 0 0 0 0 0 0 0
1077 15 0 0 0 0 0 0 0 0 0 0 0 0
1078 15 0 0 0 0 0 0 0 0 0 0 0 0
1079 15 0 0 0 0 0 0 0 0 0 0 0 0
1080 15 0 0 0 0 0 0 0 0 15 2 0 0
1081 3 0 0 3 0 0 0 0 0 0 0 0 0
1085 3 0 0 0 0 0 0 0 0 0 0 0 0
1086 3 0 0 0 0 0 0 0 0 0 0 0 0
1087 3 0 0 0 0 0 0 0 0 0 0 0 0
1093 3 0 0 0 0 0 0 0 0 0 0 0 0
1094 3 0 0 0 0 0 0 0 0 0 0 0 0
1095 6 0 0 0 0 0 0 0 0 0 0 0 0
1099 3 1 1 0 0 0 0 0 0 0 0 0 0
1100 3 0 0 0 0 0 0 0 0 3 0 0 0
1103 3 0 0 3 1 1 0 0 0 0 0 0 0
1104 3 0 0 3 1 1 0 0 0 0 0 0 0
1105 3 0 0 0 0 0 0 0 0 0 0 0 0
1108 3 0 0 0 0 0 0 0 0 0 0 0 0
1109 3 0 0 0 0 0 0 0 0 0 0 0 0
1110 3 0 0 0 0 0 0 0 0 0 0 0 0
1116 3 0 0 0 0 0 0 0 0 0 0 0 0
1117 3 0 0 0 0 0 0 0 0 0 0 0 0
1118 3 0 0 0 0 0 0 0 0 0 0 0 0
1119 3 0 0 0 0 0 0 0 0 0 0 0 0
1120 3 0 0 0 0 0 0 0 0 0 0 0 0
1121 3 1 1 0 0 0 0 0 0 3 1 0 0
1128 1 0 0 0 0 0 0 0 0 0 0 0 0
1129 1 0 0 0 0 0 0 0 0 0 0 0 0
1131 1 0 0 0 0 0 0 0 0 0 0 0 0
1132 1 0 0 0 0 0 0 0 0 1 0 0 0
1134 1 0 0 1 0 0 0 0 0 0 0 0 0
1135 1 0 0 1 0 0 0 0 0 0 0 0 0
1136 1 0 0 0 0 0 0 0 0 0 0 0 0
1139 1 0 0 0 0 0 0 0 0 0 0 0 0
1140 1 0 0 0 0 0 0 0 0 0 0 0 0
1141 1 0 0 0 0 0 0 0 0 0 0 0 0
1147 1 0 0 0 0 0 0 0 0 0 0 0 0
1148 1 0 0 0 0 0 0 0 0 0 0 0 0
1149 1 0 0 0 0 0 0 0 0 0 0 0 0
1150 1 0 0 0 0 0 0 0 0 0 0 0 0
1151 1 1 1 0 0 0 0 0 0 0 0 0 0
1152 1 0 0 0 0 0 0 0 0 1 1 0 0
1193 9 2 1 0 0 0 0 0 0 0 0 0 0
1194 9 0 0 9 1 1 0 0 0 0 0 0 0
1195 9 0 0 9 4 3 0 0 0 0 0 0 0
1196 9 0 0 0 0 0 0 0 0 0 0 0 0
1197 9 0 0 0 0 0 0 0 0 0 0 0 0
1199 9 0 0 0 0 0 0 0 0 0 0 0 0
1200 9 0 0 0 0 0 0 0 0 0 0 0 0
1201 9 1 1 0 0 0 0 0 0 0 0 0 0
1202 9 0 0 0 0 0 0 0 0 0 0 0 0
1203 9 0 0 0 0 0 0 0 0 0 0 0 0
1204 9 0 0 0 0 0 0 0 0 0 0 0 0
1205 9 0 0 0 0 0 0 0 0 9 4 0 0
1206 5 0 0 5 0 0 0 0 0 0 0 0 0
1210 5 0 0 0 0 0 0 0 0 0 0 0 0
1211 5 0 0 0 0 0 0 0 0 0 0 0 0
1212 5 0 0 0 0 0 0 0 0 0 0 0 0
1218 5 0 0 0 0 0 0 0 0 0 0 0 0
1219 5 0 0 0 0 0 0 0 0 0 0 0 0
1220 10 0 0 0 0 0 0 0 0 0 0 0 0
1224 6 1 1 0 0 0 0 0 0 0 0 0 0
1225 6 0 0 0 0 0 0 0 0 6 0 0 0
1228 6 0 0 6 1 1 0 0 0 0 0 0 0
1229 6 0 0 6 2 2 0 0 0 0 0 0 0
1230 6 0 0 0 0 0 0 0 0 0 0 0 0
1233 6 0 0 0 0 0 0 0 0 0 0 0 0
1234 6 0 0 0 0 0 0 0 0 0 0 0 0
1235 6 0 0 0 0 0 0 0 0 0 0 0 0
1241 6 0 0 0 0 0 0 0 0 0 0 0 0
1242 6 0 0 0 0 0 0 0 0 0 0 0 0
1243 6 0 0 0 0 0 0 0 0 0 0 0 0
1244 6 0 0 0 0 0 0 0 0 0 0 0 0
1245 6 0 0 0 0 0 0 0 0 0 0 0 0
1246 6 1 1 0 0 0 0 0 0 6 4 0 0
1253 1 0 0 0 0 0 0 0 0 0 0 0 0
1254 1 0 0 0 0 0 0 0 0 0 0 0 0
1256 1 0 0 0 0 0 0 0 0 0 0 0 0
1257 1 0 0 0 0 0 0 0 0 1 0 0 0
1259 1 0 0 1 0 0 0 0 0 0 0 0 0
1260 1 0 0 1 0 0 0 0 0 0 0 0 0
1261 1 0 0 0 0 0 0 0 0 0 0 0 0
1264 1 0 0 0 0 0 0 0 0 0 0 0 0
1265 1 0 0 0 0 0 0 0 0 0 0 0 0
1266 1 0 0 0 0 0 0 0 0 0 0 0 0
1272 1 0 0 0 0 0 0 0 0 0 0 0 0
1273 1 0 0 0 0 0 0 0 0 0 0 0 0
1274 1 0 0 0 0 0 0 0 0 0 0 0 0
1275 1 0 0 0 0 0 0 0 0 0 0 0 0
1276 1 1 1 0 0 0 0 0 0 0 0 0 0
1277 1 0 0 0 0 0 0 0 0 1 1 0 0
1284 1 0 0 0 0 0 0 0 0 0 0 0 0
1285 1 0 0 0 0 0 0 0 0 0 0 0 0
1286 1 0 0 0 0 0 0 0 0 0 0 0 0
1318 20 1 1 0 0 0 0 0 0 0 0 0 0
1319 20 0 0 20 4 4 0 0 0 0 0 0 0
1320 20 0 0 20 2 2 0 0 0 0 0 0 0
1321 20 0 0 0 0 0 0 0 0 0 0 0 0
1322 20 0 0 0 0 0 0 0 0 0 0 0 0
1324 20 0 0 0 0 0 0 0 0 0 0 0 0
1325 20 0 0 0 0 0 0 0 0 0 0 0 0
1326 20 1 1 0 0 0 0 0 0 0 0 0 0
1327 20 0 0 0 0 0 0 0 0 0 0 0 0
1328 20 0 0 0 0 0 0 0 0 0 0 0 0
1329 20 0 0 0 0 0 0 0 0 0 0 0 0
1330 20 0 0 0 0 0 0 0 0 20 11 0 0
1331 8 0 0 8 0 0 0 0 0 0 0 0 0
1335 8 0 0 0 0 0 0 0 0 0 0 0 0
1336 8 0 0 0 0 0 0 0 0 0 0 0 0
1337 8 0 0 0 0 0 0 0 0 0 0 0 0
1343 8 0 0 0 0 0 0 0 0 0 0 0 0
1344 8 0 0 0 0 0 0 0 0 0 0 0 0
1345 16 0 0 0 0 0 0 0 0 0 0 0 0
1349 8 1 1 0 0 0 0 0 0 0 0 0 0
1350 8 0 0 0 0 0 0 0 0 8 0 0 0
1353 8 0 0 8 2 2 0 0 0 0 0 0 0
1354 8 0 0 8 3 3 0 0 0 0 0 0 0
1355 8 0 0 0 0 0 0 0 0 0 0 0 0
1358 8 0 0 0 0 0 0 0 0 0 0 0 0
1359 8 0 0 0 0 0 0 0 0 0 0 0 0
1360 8 0 0 0 0 0 0 0 0 0 0 0 0
1366 8 0 0 0 0 0 0 0 0 0 0 0 0
1367 8 0 0 0 0 0 0 0 0 0 0 0 0
1368 8 0 0 0 0 0 0 0 0 0 0 0 0
1369 8 0 0 0 0 0 0 0 0 0 0 0 0
1370 8 0 0 0 0 0 0 0 0 0 0 0 0
1371 8 1 1 0 0 0 0 0 0 8 4 0 0
1378 2 0 0 0 0 0 0 0 0 0 0 0 0
1379 2 0 0 0 0 0 0 0 0 0 0 0 0
1381 2 0 0 0 0 0 0 0 0 0 0 0 0
1382 2 0 0 0 0 0 0 0 0 2 0 0 0
1384 2 0 0 2 0 0 0 0 0 0 0 0 0
1385 2 0 0 2 0 0 0 0 0 0 0 0 0
1386 2 0 0 0 0 0 0 0 0 0 0 0 0
1389 2 0 0 0 0 0 0 0 0 0 0 0 0
1390 2 0 0 0 0 0 0 0 0 0 0 0 0
1391 2 0 0 0 0 0 0 0 0 0 0 0 0
1397 2 0 0 0 0 0 0 0 0 0 0 0 0
1398 2 0 0 0 0 0 0 0 0 0 0 0 0
1399 2 0 0 0 0 0 0 0 0 0 0 0 0
1400 2 0 0 0 0 0 0 0 0 0 0 0 0
1401 2 1 1 0 0 0 0 0 0 0 0 0 0
1402 2 0 0 0 0 0 0 0 0 2 0 0 0
1443 16 2 1 0 0 0 0 0 0 0 0 0 0
1444 16 0 0 16 1 1 0 0 0 0 0 0 0
1445 16 0 0 16 5 3 0 0 0 0 0 0 0
1446 16 0 0 0 0 0 0 0 0 0 0 0 0
1447 16 0 0 0 0 0 0 0 0 0 0 0 0
1449 16 0 0 0 0 0 0 0 0 0 0 0 0
1450 16 0 0 0 0 0 0 0 0 0 0 0 0
1451 16 2 1 0 0 0 0 0 0 0 0 0 0
1452 16 0 0 0 0 0 0 0 0 0 0 0 0
1453 16 0 0 0 0 0 0 0 0 0 0 0 0
1454 16 0 0 0 0 0 0 0 0 0 0 0 0
1455 16 0 0 0 0 0 0 0 0 16 6 0 0
1456 10 0 0 10 0 0 0 0 0 0 0 0 0
1460 10 0 0 0 0 0 0 0 0 0 0 0 0
1461 10 0 0 0 0 0 0 0 0 0 0 0 0
1462 10 0 0 0 0 0 0 0 0 0 0 0 0
1468 10 0 0 0 0 0 0 0 0 0 0 0 0
1469 10 0 0 0 0 0 0 0 0 0 0 0 0
1470 20 0 0 0 0 0 0 0 0 0 0 0 0
1474 10 1 1 0 0 0 0 0 0 0 0 0 0
1475 10 0 0 0 0 0 0 0 0 10 0 0 0
1478 10 0 0 10 3 2 0 0 0 0 0 0 0
1479 10 0 0 10 1 1 0 0 0 0 0 0 0
1480 10 0 0 0 0 0 0 0 0 0 0 0 0
1483 10 0 0 0 0 0 0 0 0 0 0 0 0
1484 10 0 0 0 0 0 0 0 0 0 0 0 0
1485 10 0 0 0 0 0 0 0 0 0 0 0 0
1491 10 0 0 0 0 0 0 0 0 0 0 0 0
1492 10 0 0 0 0 0 0 0 0 0 0 0 0
1493 10 0 0 0 0 0 0 0 0 0 0 0 0
1494 10 0 0 0 0 0 0 0 0 0 0 0 0
1495 10 0 0 0 0 0 0 0 0 0 0 0 0
1496 10 1 1 0 0 0 0 0 0 10 8 0 0
1503 3 0 0 0 0 0 0 0 0 0 0 0 0
1504 3 0 0 0 0 0 0 0 0 0 0 0 0
1506 3 0 0 0 0 0 0 0 0 0 0 0 0
1507 3 0 0 0 0 0 0 0 0 3 0 0 0
1509 3 0 0 3 0 0 0 0 0 0 0 0 0
1510 3 0 0 3 0 0 0 0 0 0 0 0 0
1511 3 0 0 0 0 0 0 0 0 0 0 0 0
1514 3 0 0 0 0 0 0 0 0 0 0 0 0
1515 3 0 0 0 0 0 0 0 0 0 0 0 0
1516 3 0 0 0 0 0 0 0 0 0 0 0 0
1522 3 0 0 0 0 0 0 0 0 0 0 0 0
1523 3 0 0 0 0 0 0 0 0 0 0 0 0
1524 3 0 0 0 0 0 0 0 0 0 0 0 0
1525 3 0 0 0 0 0 0 0 0 0 0 0 0
1526 3 1 1 0 0 0 0 0 0 0 0 0 0
1527 3 0 0 0 0 0 0 0 0 3 3 0 0
1568 21 1 1 0 0 0 0 0 0 0 0 0 0
1569 21 0 0 21 2 2 0 0 0 0 0 0 0
1570 21 0 0 21 4 0 0 0 0 0 0 0 0
1571 21 0 0 0 0 0 0 0 0 0 0 0 0
1572 21 0 0 0 0 0 0 0 0 0 0 0 0
1574 21 0 0 0 0 0 0 0 0 0 0 0 0
1575 21 0 0 0 0 0 0 0 0 0 0 0 0
1576 21 1 1 0 0 0 0 0 0 0 0 0 0
1577 21 0 0 0 0 0 0 0 0 0 0 0 0
1578 21 0 0 0 0 0 0 0 0 0 0 0 0
1579 21 0 0 0 0 0 0 0 0 0 0 0 0
1580 21 0 0 0 0 0 0 0 0 21 6 0 0
1581 17 0 0 17 0 0 0 0 0 0 0 0 0
1585 17 0 0 0 0 0 0 0 0 0 0 0 0
1586 17 0 0 0 0 0 0 0 0 0 0 0 0
1587 17 0 0 0 0 0 0 0 0 0 0 0 0
1593 17 0 0 0 0 0 0 0 0 0 0 0 0
1594 17 0 0 0 0 0 0 0 0 0 0 0 0
1595 34 0 0 0 0 0 0 0 0 0 0 0 0
1599 17 1 1 0 0 0 0 0 0 0 0 0 0
1600 17 0 0 0 0 0 0 0 0 17 0 0 0
1603 17 0 0 17 5 4 0 0 0 0 0 0 0
1604 17 0 0 17 6 3 0 0 0 0 0 0 0
1605 17 0 0 0 0 0 0 0 0 0 0 0 0
1608 17 0 0 0 0 0 0 0 0 0 0 0 0
1609 17 0 0 0 0 0 0 0 0 0 0 0 0
1610 17 0 0 0 0 0 0 0 0 0 0 0 0
1616 17 0 0 0 0 0 0 0 0 0 0 0 0
1617 17 0 0 0 0 0 0 0 0 0 0 0 0
1618 17 0 0 0 0 0 0 0 0 0 0 0 0
1619 17 0 0 0 0 0 0 0 0 0 0 0 0
1620 17 0 0 0 0 0 0 0 0 0 0 0 0
1621 17 1 1 0 0 0 0 0 0 17 8 0 0
1628 4 0 0 0 0 0 0 0 0 0 0 0 0
1629 4 0 0 0 0 0 0 0 0 0 0 0 0
1631 4 0 0 0 0 0 0 0 0 0 0 0 0
1632 4 0 0 0 0 0 0 0 0 4 0 0 0
1634 4 0 0 4 1 0 0 0 0 0 0 0 0
1635 4 0 0 4 0 0 0 0 0 0 0 0 0
1636 4 0 0 0 0 0 0 0 0 0 0 0 0
1639 4 0 0 0 0 0 0 0 0 0 0 0 0
1640 4 0 0 0 0 0 0 0 0 0 0 0 0
1641 4 0 0 0 0 0 0 0 0 0 0 0 0
1647 4 0 0 0 0 0 0 0 0 0 0 0 0
1648 4 0 0 0 0 0 0 0 0 0 0 0 0
1649 4 0 0 0 0 0 0 0 0 0 0 0 0
1650 4 0 0 0 0 0 0 0 0 0 0 0 0
1651 4 1 1 0 0 0 0 0 0 0 0 0 0
1652 4 0 0 0 0 0 0 0 0 4 2 0 0
1693 16 1 1 0 0 0 0 0 0 0 0 0 0
1694 16 0 0 16 0 0 0 0 0 0 0 0 0
1695 16 0 0 16 6 2 0 0 0 0 0 0 0
1696 16 0 0 0 0 0 0 0 0 0 0 0 0
1697 16 0 0 0 0 0 0 0 0 0 0 0 0
1699 16 0 0 0 0 0 0 0 0 0 0 0 0
1700 16 0 0 0 0 0 0 0 0 0 0 0 0
1701 16 1 1 0 0 0 0 0 0 0 0 0 0
1702 16 0 0 0 0 0 0 0 0 0 0 0 0
1703 16 0 0 0 0 0 0 0 0 0 0 0 0
1704 16 0 0 0 0 0 0 0 0 0 0 0 0
1705 16 0 0 0 0 0 0 0 0 16 7 0 0
1706 7 0 0 7 0 0 0 0 0 0 0 0 0
1710 7 0 0 0 0 0 0 0 0 0 0 0 0
1711 7 0 0 0 0 0 0 0 0 0 0 0 0
1712 7 0 0 0 0 0 0 0 0 0 0 0 0
1718 7 0 0 0 0 0 0 0 0 0 0 0 0
1719 7 0 0 0 0 0 0 0 0 0 0 0 0
1720 14 0 0 0 0 0 0 0 0 0 0 0 0
1724 7 1 1 0 0 0 0 0 0 0 0 0 0
1725 7 0 0 0 0 0 0 0 0 7 0 0 0
1728 7 0 0 7 3 3 0 0 0 0 0 0 0
1729 7 0 0 7 0 0 0 0 0 0 0 0 0
1730 7 0 0 0 0 0 0 0 0 0 0 0 0
1733 7 0 0 0 0 0 0 0 0 0 0 0 0
1734 7 0 0 0 0 0 0 0 0 0 0 0 0
1735 7 0 0 0 0 0 0 0 0 0 0 0 0
1741 7 0 0 0 0 0 0 0 0 0 0 0 0
1742 7 0 0 0 0 0 0 0 0 0 0 0 0
1743 7 0 0 0 0 0 0 0 0 0 0 0 0
1744 7 0 0 0 0 0 0 0 0 0 0 0 0
1745 7 0 0 0 0 0 0 0 0 0 0 0 0
1746 7 1 1 0 0 0 0 0 0 7 3 0 0
1818 12 1 1 0 0 0 0 0 0 0 0 0 0
1819 12 0 0 12 3 3 0 0 0 0 0 0 0
1820 12 0 0 12 1 1 0 0 0 0 0 0 0
1821 12 0 0 0 0 0 0 0 0 0 0 0 0
1822 12 0 0 0 0 0 0 0 0 0 0 0 0
1824 12 0 0 0 0 0 0 0 0 0 0 0 0
1825 12 0 0 0 0 0 0 0 0 0 0 0 0
1826 12 1 1 0 0 0 0 0 0 0 0 0 0
1827 12 0 0 0 0 0 0 0 0 0 0 0 0
1828 12 0 0 0 0 0 0 0 0 0 0 0 0
1829 12 0 0 0 0 0 0 0 0 0 0 0 0
1830 12 0 0 0 0 0 0 0 0 12 8 0 0
1831 5 0 0 5 0 0 0 0 0 0 0 0 0
1835 5 0 0 0 0 0 0 0 0 0 0 0 0
1836 5 0 0 0 0 0 0 0 0 0 0 0 0
1837 5 0 0 0 0 0 0 0 0 0 0 0 0
1843 5 0 0 0 0 0 0 0 0 0 0 0 0
1844 5 0 0 0 0 0 0 0 0 0 0 0 0
1845 10 0 0 0 0 0 0 0 0 0 0 0 0
1849 5 1 1 0 0 0 0 0 0 0 0 0 0
1850 5 0 0 0 0 0 0 0 0 5 0 0 0
1853 5 0 0 5 0 0 0 0 0 0 0 0 0
1854 5 0 0 5 1 1 0 0 0 0 0 0 0
1855 5 0 0 0 0 0 0 0 0 0 0 0 0
1858 5 0 0 0 0 0 0 0 0 0 0 0 0
1859 5 0 0 0 0 0 0 0 0 0 0 0 0
1860 5 0 0 0 0 0 0 0 0 0 0 0 0
1866 5 0 0 0 0 0 0 0 0 0 0 0 0
1867 5 0 0 0 0 0 0 0 0 0 0 0 0
1868 5 0 0 0 0 0 0 0 0 0 0 0 0
1869 5 0 0 0 0 0 0 0 0 0 0 0 0
1870 5 0 0 0 0 0 0 0 0 0 0 0 0
1871 5 1 1 0 0 0 0 0 0 5 3 0 0
1943 27 2 1 0 0 0 0 0 0 0 0 0 0
1944 27 0 0 27 6 3 0 0 0 0 0 0 0
1945 27 0 0 27 5 2 0 0 0 0 0 0 0
1946 27 0 0 0 0 0 0 0 0 0 0 0 0
1947 27 0 0 0 0 0 0 0 0 0 0 0 0
1949 27 0 0 0 0 0 0 0 0 0 0 0 0
1950 27 0 0 0 0 0 0 0 0 0 0 0 0
1951 27 3 1 0 0 0 0 0 0 0 0 0 0
1952 27 0 0 0 0 0 0 0 0 0 0 0 0
1953 27 0 0 0 0 0 0 0 0 0 0 0 0
1954 27 0 0 0 0 0 0 0 0 0 0 0 0
1955 27 0 0 0 0 0 0 0 0 27 8 0 0
1956 9 0 0 9 0 0 0 0 0 0 0 0 0
1960 9 0 0 0 0 0 0 0 0 0 0 0 0
1961 9 0 0 0 0 0 0 0 0 0 0 0 0
1962 9 0 0 0 0 0 0 0 0 0 0 0 0
1968 9 0 0 0 0 0 0 0 0 0 0 0 0
1969 9 0 0 0 0 0 0 0 0 0 0 0 0
1970 18 0 0 0 0 0 0 0 0 0 0 0 0
1974 9 3 1 0 0 0 0 0 0 0 0 0 0
1975 9 0 0 0 0 0 0 0 0 9 0 0 0
1978 9 0 0 9 1 1 0 0 0 0 0 0 0
1979 9 0 0 9 4 3 0 0 0 0 0 0 0
1980 9 0 0 0 0 0 0 0 0 0 0 0 0
1983 9 0 0 0 0 0 0 0 0 0 0 0 0
1984 9 0 0 0 0 0 0 0 0 0 0 0 0
1985 9 0 0 0 0 0 0 0 0 0 0 0 0
1991 9 0 0 0 0 0 0 0 0 0 0 0 0
1992 9 0 0 0 0 0 0 0 0 0 0 0 0
1993 9 0 0 0 0 0 0 0 0 0 0 0 0
1994 9 0 0 0 0 0 0 0 0 0 0 0 0
1995 9 0 0 0 0 0 0 0 0 0 0 0 0
1996 9 3 1 0 0 0 0 0 0 9 4 0 0
2068 48 1 1 0 0 0 0 0 0 0 0 0 0
2069 48 0 0 48 3 2 0 0 0 0 0 0 0
2070 48 0 0 48 6 3 0 0 0 0 0 0 0
2071 48 0 0 0 0 0 0 0 0 0 0 0 0
2072 48 0 0 0 0 0 0 0 0 0 0 0 0
2074 48 0 0 0 0 0 0 0 0 0 0 0 0
2075 48 0 0 0 0 0 0 0 0 0 0 0 0
2076 48 1 1 0 0 0 0 0 0 0 0 0 0
2077 48 0 0 0 0 0 0 0 0 0 0 0 0
2078 48 0 0 0 0 0 0 0 0 0 0 0 0
2079 48 0 0 0 0 0 0 0 0 0 0 0 0
2080 48 0 0 0 0 0 0 0 0 48 18 0 0
2082 14 0 0 14 0 0 0 0 0 0 0 0 0
2086 14 0 0 0 0 0 0 0 0 0 0 0 0
2087 14 0 0 0 0 0 0 0 0 0 0 0 0
2088 14 0 0 0 0 0 0 0 0 0 0 0 0
2094 14 0 0 0 0 0 0 0 0 0 0 0 0
2095 14 0 0 0 0 0 0 0 0 0 0 0 0
2097 28 0 0 0 0 0 0 0 0 0 0 0 0
2101 14 1 1 0 0 0 0 0 0 0 0 0 0
2102 14 0 0 0 0 0 0 0 0 14 0 0 0
2105 14 0 0 14 3 1 0 0 0 0 0 0 0
2106 14 0 0 14 4 3 0 0 0 0 0 0 0
2107 14 0 0 0 0 0 0 0 0 0 0 0 0
2110 14 0 0 0 0 0 0 0 0 0 0 0 0
2111 14 0 0 0 0 0 0 0 0 0 0 0 0
2112 14 0 0 0 0 0 0 0 0 0 0 0 0
2118 14 0 0 0 0 0 0 0 0 0 0 0 0
2119 14 0 0 0 0 0 0 0 0 0 0 0 0
2120 14 0 0 0 0 0 0 0 0 0 0 0 0
2121 14 0 0 0 0 0 0 0 0 0 0 0 0
2122 14 0 0 0 0 0 0 0 0 0 0 0 0
2123 14 1 1 0 0 0 0 0 0 14 9 0 0
2130 1 0 0 0 0 0 0 0 0 0 0 0 0
2131 1 0 0 0 0 0 0 0 0 0 0 0 0
2133 1 0 0 0 0 0 0 0 0 0 0 0 0
2134 1 0 0 0 0 0 0 0 0 1 0 0 0
2136 1 0 0 1 0 0 0 0 0 0 0 0 0
2137 1 0 0 1 0 0 0 0 0 0 0 0 0
2138 1 0 0 0 0 0 0 0 0 0 0 0 0
2141 1 0 0 0 0 0 0 0 0 0 0 0 0
2142 1 0 0 0 0 0 0 0 0 0 0 0 0
2143 1 0 0 0 0 0 0 0 0 0 0 0 0
2149 1 0 0 0 0 0 0 0 0 0 0 0 0
2150 1 0 0 0 0 0 0 0 0 0 0 0 0
2151 1 0 0 0 0 0 0 0 0 0 0 0 0
2152 1 0 0 0 0 0 0 0 0 0 0 0 0
2153 1 1 1 0 0 0 0 0 0 0 0 0 0
2154 1 0 0 0 0 0 0 0 0 1 1 0 0
2197 103 1 0 0 0 0 0 0 0 0 0 0 0
2199 214 1 1 0 0 0 0 0 0 0 0 0 0
2200 214 0 0 0 0 0 0 0 0 0 0 0 0
2201 214 0 0 0 0 0 0 0 0 0 0 0 0
2202 214 0 0 0 0 0 0 0 0 214 50 0 0
2203 206 0 0 0 0 0 0 0 0 0 0 0 0
2208 594 2 1 0 0 0 0 0 0 0 0 0 0
2214 594 0 0 594 0 0 0 0 0 0 0 0 0
2215 594 0 0 594 0 0 0 0 0 0 0 0 0
2223 594 0 0 0 0 0 0 0 0 0 0 0 0
2224 594 0 0 594 0 0 0 0 0 0 0 0 0
fl=./string/../sysdeps/x86_64/strcspn.S
fn=strcspn
25 1 1 1 0 0 0 0 0 0 0 0 0 0
27 1 0 0 0 0 0 0 0 0 0 0 0 0
34 1 0 0 0 0 0 0 0 0 0 0 0 0
35 1 1 1 0 0 0 0 0 0 0 0 0 0
37 1 0 0 0 0 0 0 0 0 0 0 0 0
38 1 0 0 0 0 0 0 0 0 0 0 0 0
39 1 0 0 0 0 0 0 0 0 0 0 0 0
40 1 0 0 0 0 0 0 0 0 0 0 0 0
41 33 0 0 0 0 0 32 4 4 32 10 0 0
44 3 0 0 0 0 0 0 0 0 0 0 0 0
51 1 0 0 1 1 1 0 0 0 0 0 0 0
52 1 0 0 0 0 0 0 0 0 0 0 0 0
53 1 0 0 0 0 0 0 0 0 1 0 0 0
54 1 0 0 0 0 0 1 0 0 0 0 0 0
56 1 0 0 1 0 0 0 0 0 0 0 0 0
57 1 0 0 0 0 0 0 0 0 0 0 0 0
58 1 0 0 0 0 0 0 0 0 1 0 0 0
59 1 0 0 0 0 0 1 0 0 0 0 0 0
61 1 0 0 1 0 0 0 0 0 0 0 0 0
62 1 0 0 0 0 0 0 0 0 0 0 0 0
63 1 0 0 0 0 0 0 0 0 1 1 0 0
72 3 1 1 0 0 0 0 0 0 0 0 0 0
84 13 0 0 0 0 0 0 0 0 0 0 0 0
86 13 0 0 13 0 0 0 0 0 0 0 0 0
87 13 0 0 13 0 0 0 0 0 0 0 0 0
88 13 0 0 0 0 0 0 0 0 13 0 0 0
90 13 0 0 13 0 0 0 0 0 0 0 0 0
91 13 0 0 13 0 0 0 0 0 0 0 0 0
92 13 0 0 0 0 0 0 0 0 13 0 0 0
94 13 0 0 13 0 0 0 0 0 0 0 0 0
95 13 0 0 13 0 0 0 0 0 0 0 0 0
96 13 0 0 0 0 0 0 0 0 13 0 0 0
98 13 0 0 13 0 0 0 0 0 0 0 0 0
99 13 0 0 13 0 0 0 0 0 0 0 0 0
100 13 0 0 0 0 0 0 0 0 13 3 0 0
102 1 0 0 0 0 0 0 0 0 0 0 0 0
103 1 0 0 0 0 0 0 0 0 0 0 0 0
104 1 0 0 0 0 0 0 0 0 0 0 0 0
106 1 0 0 0 0 0 0 0 0 0 0 0 0
113 1 0 0 0 0 0 0 0 0 0 0 0 0
117 1 0 0 1 0 0 0 0 0 0 0 0 0
fl=./string/./string/strdup.c
fn=strdup
40 25 1 1 0 0 0 10 0 0 0 0 0 0
41 10 0 0 0 0 0 5 0 0 0 0 0 0
44 10 0 0 0 0 0 0 0 0 5 0 0 0
47 20 0 0 0 0 0 0 0 0 0 0 0 0
48 15 0 0 10 0 0 0 0 0 0 0 0 0
fl=./termios/../sysdeps/unix/sysv/linux/tcgetattr.c
fn=tcgetattr
34 6 1 1 1 0 0 1 0 0 0 0 0 0
38 7 1 1 0 0 0 0 0 0 1 0 0 0
40 2 0 0 0 0 0 0 0 0 1 0 0 0
42 2 1 1 1 0 0 1 0 0 0 0 0 0
46 2 0 0 1 0 0 1 0 0 0 0 0 0
51 6 0 0 0 0 0 1 0 0 0 0 0 0
63 9 0 0 3 0 0 6 0 0 0 0 0 0
77 6 1 1 3 0 0 0 0 0 1 0 0 0
fl=./time/../sysdeps/unix/sysv/linux/clock_gettime.c
fn=clock_gettime@@GLIBC_2.17
30 69 17 1 0 0 0 0 0 0 0 0 0 0
38 138 0 0 138 57 0 0 0 0 0 0 0 0
40 138 0 0 0 0 0 0 0 0 69 30 0 0
44 69 0 0 0 0 0 0 0 0 0 0 0 0
68 138 18 1 0 0 0 0 0 0 0 0 0 0
69 138 0 0 0 0 0 0 0 0 69 28 0 0
86 69 0 0 69 0 0 0 0 0 0 0 0 0
fl=./wcsmbs/../sysdeps/x86_64/multiarch/ifunc-avx2.h
fn=wcschr
32 4 0 0 0 0 0 0 0 0 2 0 0 0
33 10 1 1 4 0 0 0 0 0 0 0 0 0
fn=wcscmp
32 2 0 0 0 0 0 0 0 0 1 0 0 0
33 5 1 1 2 0 0 0 0 0 0 0 0 0
fl=./wcsmbs/../sysdeps/x86_64/multiarch/ifunc-evex.h
fn=wmemchr
34 4 0 0 0 0 0 0 0 0 2 0 0 0
35 10 1 1 4 0 0 0 0 0 0 0 0 0
fl=./wcsmbs/../sysdeps/x86_64/multiarch/ifunc-memcmp.h
fn=wmemcmp
34 4 0 0 2 0 0 0 0 0 0 0 0 0
35 3 0 0 1 0 0 0 0 0 1 0 0 0
50 3 0 0 0 0 0 0 0 0 1 1 0 0
fl=./wcsmbs/../sysdeps/x86_64/multiarch/ifunc-wcslen.h
fn=wcslen
33 2 0 0 0 0 0 0 0 0 1 0 0 0
34 4 0 0 2 0 0 0 0 0 0 0 0 0
48 4 0 0 1 0 0 0 0 0 0 0 0 0
fn=wcsnlen
33 2 0 0 0 0 0 0 0 0 1 0 0 0
34 4 0 0 2 0 0 0 0 0 0 0 0 0
48 4 1 1 1 0 0 0 0 0 0 0 0 0
fl=./wcsmbs/../sysdeps/x86_64/multiarch/ifunc-wmemset.h
fn=wmemset
33 10 0 0 4 0 0 0 0 0 2 2 0 0
fl=./wcsmbs/../sysdeps/x86_64/multiarch/wcschr.c
fn=wcschr
31 4 1 1 2 0 0 0 0 0 0 0 0 0
fl=./wcsmbs/../sysdeps/x86_64/multiarch/wcscmp.c
fn=wcscmp
30 2 1 1 1 0 0 0 0 0 0 0 0 0
fl=./wcsmbs/../sysdeps/x86_64/multiarch/wcscpy.c
fn=wcscpy
37 5 1 1 2 0 0 0 0 0 0 0 0 0
43 2 1 1 1 0 0 0 0 0 0 0 0 0
fl=./wcsmbs/../sysdeps/x86_64/multiarch/wcslen.c
fn=wcslen
29 2 1 1 1 0 0 0 0 0 0 0 0 0
fl=./wcsmbs/../sysdeps/x86_64/multiarch/wcsnlen.c
fn=wcsnlen
29 2 1 1 1 0 0 0 0 0 0 0 0 0
fl=./wcsmbs/../sysdeps/x86_64/multiarch/wmemchr.c
fn=wmemchr
31 4 1 1 2 0 0 0 0 0 0 0 0 0
fl=./wcsmbs/../sysdeps/x86_64/multiarch/wmemcmp.c
fn=wmemcmp
29 2 2 2 1 0 0 0 0 0 0 0 0 0
fl=./wcsmbs/../sysdeps/x86_64/multiarch/wmemset.c
fn=wmemset
31 4 2 2 2 0 0 0 0 0 0 0 0 0
fl=???
fn=(below main)
0 12 2 2 2 1 0 3 0 0 0 0 1 1
fn=<&T as core::fmt::Display>::fmt
0 329 55 5 200 0 0 0 0 0 0 0 18 1
fn=<&str as alloc::ffi::c_str::CString::new::SpecNewImpl>::spec_new_impl
0 228 9 9 52 0 0 44 3 3 50 17 4 2
fn=<T as alloc::slice::hack::ConvertVec>::to_vec
0 38 3 3 9 0 0 10 0 0 4 2 2 2
fn=<T as alloc::vec::spec_from_elem::SpecFromElem>::from_elem
0 13650 80 8 3480 2 0 3510 279 0 1640 42 810 21
fn=<T as bevy_ecs::label::DynEq>::as_any
0 2730 11 1 910 0 0 0 0 0 0 0 0 0
fn=<T as bevy_ecs::label::DynEq>::dyn_eq
0 11687 21 1 3596 28 0 2697 0 0 0 0 1798 84
fn=<T as core::any::Any>::type_id
0 18864 12 2 6288 0 0 0 0 0 0 0 0 0
fn=<T as core::slice::cmp::SliceContains>::slice_contains
0 1916 130 10 823 43 0 335 0 0 348 117 75 15
fn=<ahash::fallback_hash::AHasher as core::hash::Hasher>::write_usize
0 6300 11 1 1800 0 0 900 0 0 0 0 0 0
fn=<alloc::borrow::Cow<B> as core::fmt::Display>::fmt
0 5 2 2 2 0 0 0 0 0 0 0 0 0
fn=<alloc::boxed::Box<dyn bevy_ecs::system::system::System+In = ()+Out = ()> as bevy_ecs::schedule::schedule::ProcessNodeConfig>::process_config
0 57072 55 5 19800 5 0 15486 600 1 3600 69 0 0
fn=<alloc::collections::btree::map::BTreeMap<K,V,A> as core::ops::drop::Drop>::drop
0 527 82 10 234 16 0 176 0 0 35 7 0 0
fn=<alloc::collections::btree::map::Iter<K,V> as core::iter::traits::iterator::Iterator>::next
0 562 6 6 126 0 0 106 0 0 82 36 0 0
fn=<alloc::string::String as core::fmt::Display>::fmt
0 330 17 1 132 0 0 0 0 0 0 0 0 0
fn=<alloc::string::String as core::fmt::Write>::write_str
0 6036 35 2 2091 0 0 1497 0 0 198 16 198 2
fn=<alloc::vec::Vec<T,A> as core::ops::drop::Drop>::drop
0 50451 308 27 15704 1237 0 6026 4 0 9528 238 1631 33
fn=<alloc::vec::Vec<T> as alloc::vec::spec_from_iter::SpecFromIter<T,I>>::from_iter
0 227309 8895 66 57804 78 2 50113 21 0 34601 4030 32 16
fn=<alloc::vec::drain::Drain<T,A> as core::ops::drop::Drop>::drop
0 946 66 6 363 0 0 297 0 0 66 16 0 0
fn=<bevy_ecs::schedule::executor::multi_threaded::MultiThreadedExecutor as bevy_ecs::schedule::executor::SystemExecutor>::kind
0 24 8 1 12 0 0 0 0 0 0 0 0 0
fn=<bevy_ecs::schedule::executor::single_threaded::SingleThreadedExecutor as bevy_ecs::schedule::executor::SystemExecutor>::init
0 440 44 4 165 16 0 132 2 0 33 8 0 0
fn=<bevy_ecs::schedule::executor::single_threaded::SingleThreadedExecutor as bevy_ecs::schedule::executor::SystemExecutor>::run
0 181160 324 21 67796 992 0 22878 30 0 22488 109 4820 18
fn=<bevy_ecs::schedule::schedule::DefaultSchedule as bevy_ecs::schedule::set::ScheduleLabel>::as_dyn_eq
0 33 11 1 11 0 0 0 0 0 0 0 0 0
fn=<bevy_ecs::schedule::schedule::Schedule as core::default::Default>::default
0 1693 173 26 376 60 1 510 6 0 118 20 57 24
fn=<bevy_ecs::schedule::set::SystemTypeSet<T> as bevy_ecs::schedule::set::SystemSet>::as_dyn_eq
0 18831 11 1 6277 0 0 0 0 0 0 0 0 0
fn=<bevy_ecs::schedule::set::SystemTypeSet<T> as bevy_ecs::schedule::set::SystemSet>::dyn_clone
0 3 1 1 1 0 0 0 0 0 0 0 0 0
fn=<bevy_ecs::schedule::set::SystemTypeSet<T> as bevy_ecs::schedule::set::SystemSet>::dyn_hash
0 3600 11 1 900 11 0 0 0 0 0 0 900 1
fn=<bevy_ecs::schedule::set::SystemTypeSet<T> as bevy_ecs::schedule::set::SystemSet>::system_type
0 77 22 2 11 0 0 33 11 0 0 0 0 0
fn=<bevy_ecs::system::function_system::FunctionSystem<Marker,F> as bevy_ecs::system::system::System>::apply_deferred
0 4800 15 1 3200 35 0 0 0 0 1600 0 0 0
fn=<bevy_ecs::system::function_system::FunctionSystem<Marker,F> as bevy_ecs::system::system::System>::component_access
0 157484 11 1 78742 0 0 0 0 0 0 0 0 0
fn=<bevy_ecs::system::function_system::FunctionSystem<Marker,F> as bevy_ecs::system::system::System>::default_system_sets
0 20700 23 3 4500 0 0 9000 0 0 900 1 900 1
fn=<bevy_ecs::system::function_system::FunctionSystem<Marker,F> as bevy_ecs::system::system::System>::has_deferred
0 1800 11 1 1800 885 0 0 0 0 0 0 0 0
fn=<bevy_ecs::system::function_system::FunctionSystem<Marker,F> as bevy_ecs::system::system::System>::initialize
0 10800 22 2 3600 730 0 3600 749 0 900 14 0 0
fn=<bevy_ecs::system::function_system::FunctionSystem<Marker,F> as bevy_ecs::system::system::System>::is_exclusive
0 160684 16 1 80342 0 0 0 0 0 0 0 0 0
fn=<bevy_ecs::system::function_system::FunctionSystem<Marker,F> as bevy_ecs::system::system::System>::run_unsafe
0 9600 0 0 6400 0 0 1600 0 0 3200 30 0 0
fn=<bevy_ecs::system::function_system::FunctionSystem<Marker,F> as bevy_ecs::system::system::System>::update_archetype_component_access
0 27200 31 2 11200 2786 0 4800 5 0 6400 4 0 0
fn=<bevy_ecs::world::World as core::default::Default>::default
0 13050 1641 92 3132 134 5 6318 688 43 540 47 216 82
fn=<clap::args::arg_builder::option::OptBuilder as clap::args::any_arg::AnyArg>::blacklist
0 24 1 1 13 0 0 0 0 0 4 2 0 0
fn=<clap::args::arg_builder::option::OptBuilder as clap::args::any_arg::AnyArg>::overrides
0 6 2 2 3 0 0 0 0 0 1 1 0 0
fn=<core::hash::sip::Hasher<S> as core::hash::Hasher>::write
0 20573 148 8 2948 59 10 1666 0 0 2098 399 0 0
fn=<core::iter::adapters::flatten::FlatMap<I,U,F> as core::iter::traits::iterator::Iterator>::next
0 35 6 5 13 0 0 9 0 0 4 3 0 0
fn=<core::iter::adapters::map::Map<I,F> as core::iter::traits::iterator::Iterator>::next
0 23660 16 16 5766 0 0 3763 0 0 4600 400 63 1
fn=<core::slice::iter::Iter<T> as core::iter::traits::iterator::Iterator>::fold
0 42 2 2 18 0 0 16 0 0 2 2 0 0
fn=<core::str::lossy::Utf8Chunks as core::iter::traits::iterator::Iterator>::next
0 143 4 4 25 0 0 18 0 0 28 7 0 0
fn=<core::str::pattern::CharSearcher as core::str::pattern::Searcher>::next_match
0 79267 10 10 15653 307 307 6653 0 0 14480 1300 314 1
fn=<criterion::Criterion as core::default::Default>::default
0 224 24 23 68 9 4 100 16 15 12 2 7 7
fn=<criterion::benchmark_group::BenchmarkGroup<M> as core::ops::drop::Drop>::drop
0 156 24 6 56 6 0 44 1 0 20 7 0 0
fn=<fixedbitset::FixedBitSet as core::ops::drop::Drop>::drop
0 40 0 0 30 9 0 0 0 0 10 0 10 1
fn=<hashbrown::raw::RawTable<T,A> as core::ops::drop::Drop>::drop
0 18 2 1 8 0 0 6 0 0 1 1 0 0
fn=<hashbrown::table::HashTable<T,A> as core::clone::Clone>::clone
0 28474 66 6 2517 149 0 2317 238 0 3888 228 44 2
fn=<indexmap::map::IndexMap<K,V,S> as core::clone::Clone>::clone
0 50650 209 19 17289 691 0 13821 984 0 3776 51 1833 2
fn=<std::hash::random::DefaultHasher as core::hash::Hasher>::write
0 5855496 66 6 924552 0 0 719096 0 0 616368 608 0 0
fn=<std::io::Write::write_fmt::Adapter<T> as core::fmt::Write>::write_str
0 1875 53 3 675 0 0 600 6 0 75 18 0 0
fn=<std::io::stdio::StdoutLock as std::io::Write>::write_all
0 4212 122 7 1140 9 0 882 12 0 414 59 93 13
fn=<std::io::stdio::StdoutRaw as std::io::Write>::write
0 342 36 2 72 7 0 72 0 0 18 9 18 1
fn=<std::io::stdio::StdoutRaw as std::io::Write>::write_all
0 882 51 3 189 18 0 168 1 0 105 5 21 1
fn=<std::path::Components as core::iter::traits::double_ended::DoubleEndedIterator>::next_back
0 82 7 7 24 0 0 22 0 0 8 1 0 0
fn=???
0 14103 133 35 7016 984 0 15 2 1 9 9 6995 152
fn=_ZN102_$LT$bevy_ecs..schedule..set..SystemTypeSet$LT$T$GT$$u20$as$u20$bevy_ecs..schedule..set..SystemSet$GT$9as_dyn_eq17hecff70990285a4a8E.12383
0 2697 10 0 899 0 0 0 0 0 0 0 0 0
fn=_ZN4core3ptr35drop_in_place$LT$clap..app..App$GT$17h616052f1aa6b3652E.8832
0 89 10 10 36 0 0 14 0 0 15 8 4 4
fn=_ZN4core3ptr50drop_in_place$LT$bevy_ecs..observer..Observers$GT$17h737c54d691f9b224E.1052
0 578 102 6 85 34 0 153 0 0 68 4 0 0
fn=_ZN4core3ptr60drop_in_place$LT$clap..args..arg_builder..valued..Valued$GT$17he81bf7b68b603840E.7752
0 759 5 5 276 0 0 115 0 0 138 16 0 0
fn=_ZN4core3ptr60drop_in_place$LT$clap..args..arg_builder..valued..Valued$GT$17he81bf7b68b603840E.7818
0 474 5 5 174 0 0 73 0 0 86 28 3 1
fn=_ZN4core3ptr60drop_in_place$LT$clap..args..arg_builder..valued..Valued$GT$17he81bf7b68b603840E.8443
0 33 6 6 12 0 0 5 0 0 6 3 0 0
fn=_ZN4core3ptr93drop_in_place$LT$alloc..vec..Vec$LT$bevy_ecs..component..RequiredComponentConstructor$GT$$GT$17h73e07ab8e35fc978E.14403
0 81060 33 3 34740 1942 0 27020 0 0 7720 4 0 0
fn=_ZN5alloc6string6String4push17h76e894d23c49512fE.18334
0 26 3 3 8 0 0 8 0 0 2 0 0 0
fn=_ZN81_$LT$core..str..pattern..CharSearcher$u20$as$u20$core..str..pattern..Searcher$GT$10next_match17h137c298f25cba38dE.20608
0 142 7 7 37 0 0 31 0 0 18 7 1 1
fn=_ZN8bevy_ecs5world13command_queue15RawCommandQueue20apply_or_drop_queued17hf554607b1c552d4bE.2605
0 442 51 3 187 44 0 187 0 0 17 3 0 0
fn=_ZN8bevy_ecs6bundle14BundleInserter11new_with_id17h5aadbb6d6ea1afa6E.11821
0 4860100 275 11 1063080 17587 0 924960 154 0 589660 38 0 0
fn=_ZN9hashbrown3raw21RawTable$LT$T$C$A$GT$6insert17hc532d1d23b3689f1E.2600
0 3960 108 6 1044 1 0 576 8 0 288 67 0 0
fn=__cpu_indicator_init
0 355 37 37 39 3 2 11 0 0 108 28 1 1
fn=alloc::collections::btree::map::BTreeMap<K,V,A>::insert
0 40 4 4 12 0 0 16 3 3 2 1 2 2
fn=alloc::collections::btree::map::IntoIter<K,V,A>::dying_next
0 87 11 11 27 0 0 27 0 0 10 6 1 1
fn=alloc::fmt::format::format_inner
0 4000 127 7 812 51 0 624 3 0 492 41 8 2
fn=alloc::raw_vec::RawVec<T,A>::grow_one
0 612642 7012 58 100763 116 0 101960 280 3 49782 649 0 0
fn=alloc::raw_vec::RawVec<T,A>::reserve::do_reserve_and_handle
0 1111416 524 35 187917 17 0 203240 48 0 86241 7813 0 0
fn=alloc::raw_vec::RawVec<T,A>::shrink_unchecked
0 23 2 2 7 0 0 6 0 0 3 1 1 1
fn=alloc::raw_vec::finish_grow
0 3190796 127 15 785518 573 0 767414 420 2 493485 531 85292 10
fn=alloc::string::String::from_utf8_lossy
0 68 5 5 20 0 0 24 0 0 4 2 0 0
fn=alloc::vec::Vec<T,A>::into_boxed_slice
0 497928 58 3 192978 4 0 143036 11 1 41824 4604 9442 2
fn=alloc::vec::Vec<T,A>::resize_with
0 219816 990 6 33290 150 0 44334 15104 12 24869 549 0 0
fn=bevy_ecs::archetype::Archetypes::get_id_or_insert
0 2754635 27334 43 647727 9460 0 496852 5762 8 235729 10256 11437 237
fn=bevy_ecs::bundle::BundleInfo::add_bundle_to_archetype
0 6345753 27193 44 2104586 44953 0 1692043 5203 3 525528 18732 3805 6
fn=bevy_ecs::bundle::BundleInfo::new
0 10005 650 21 2630 51 0 2049 3 0 1083 153 165 4
fn=bevy_ecs::bundle::Bundles::init_info
0 3520470 70 67 1120116 1999 3 480164 4 1 240024 42 4 4
fn=bevy_ecs::component::ComponentDescriptor::drop_ptr
0 200 20 2 70 10 0 70 0 0 10 6 0 0
fn=bevy_ecs::entity::Entities::alloc
0 1139260 148 4 394200 260 1 262892 13631 3207 131400 95 0 0
fn=bevy_ecs::entity::Entities::flush
0 1990674 3358 4 591822 54 0 699426 29 0 161406 12 0 0
fn=bevy_ecs::intern::Interner<T>::intern
0 95450 112 22 31515 106 1 19806 0 0 8110 67 3598 36
fn=bevy_ecs::observer::Observers::update_archetype_flags
0 401016 6578 5 171864 3703 0 95480 0 0 76384 32 0 0
fn=bevy_ecs::query::access::Access<T>::is_compatible
0 2283518 121 11 1023646 9020 0 236226 0 0 433081 30 0 0
fn=bevy_ecs::removal_detection::RemovedComponentEvents::send
0 1760408 32 8 600108 1298 0 400136 10425 2437 120024 58 4 1
fn=bevy_ecs::schedule::config::NodeConfigs<alloc::boxed::Box<dyn bevy_ecs::system::system::System+In = ()+Out = ()>>::new_system
0 25200 33 3 6300 11 0 13500 0 0 0 0 900 3
fn=bevy_ecs::schedule::executor::__rust_begin_short_backtrace::run_unsafe
0 9600 20 1 3200 0 0 3200 0 0 0 0 1600 10
fn=bevy_ecs::schedule::executor::single_threaded::SingleThreadedExecutor::apply_deferred
0 34088 126 7 7588 23 1 3906 5 0 4238 73 1620 20
fn=bevy_ecs::schedule::graph_utils::check_graph
0 8155216 1654 120 2430068 9739 2 1040184 61817 0 1112392 7031 2854 16
fn=bevy_ecs::schedule::schedule::Schedule::run
0 75529 702 60 28636 1527 0 12342 623 0 10650 175 1008 29
fn=bevy_ecs::schedule::schedule::ScheduleGraph::add_set
0 1650 143 13 473 16 0 429 4 0 88 9 22 12
fn=bevy_ecs::schedule::schedule::ScheduleGraph::build_schedule
0 3339036 1288 117 931712 21196 0 525050 471 0 561851 1192 158514 33
fn=bevy_ecs::schedule::schedule::ScheduleGraph::build_schedule_inner
0 147023 560 56 44482 794 0 21816 682 0 18047 349 110 44
fn=bevy_ecs::schedule::schedule::ScheduleGraph::new
0 936 108 9 168 0 0 576 3 0 0 0 36 12
fn=bevy_ecs::schedule::schedule::ScheduleGraph::process_configs
0 40500 88 8 9000 0 0 13500 0 0 2700 23 0 0
fn=bevy_ecs::schedule::schedule::ScheduleGraph::topsort_graph
0 109299 315 17 29429 361 0 13317 498 0 17848 303 132 13
fn=bevy_ecs::schedule::schedule::ScheduleGraph::update_graphs
0 409733 516 47 130108 71 0 68301 2 0 32254 500 11634 56
fn=bevy_ecs::schedule::schedule::make_executor
0 876 109 10 84 16 0 540 10 0 48 4 24 1
fn=bevy_ecs::storage::blob_vec::BlobVec::grow_exact
0 874441 6917 4 232860 211 0 174645 113 0 97329 127 19405 2
fn=bevy_ecs::storage::blob_vec::BlobVec::reserve::do_reserve
0 128 2 0 32 0 0 0 0 0 16 2 0 0
fn=bevy_ecs::storage::sparse_set::ComponentSparseSet::insert
0 1740244 18 9 520042 72 0 360090 6152 339 239974 72 20000 1
fn=bevy_ecs::storage::sparse_set::ComponentSparseSet::remove
0 1855000 17 10 605000 17939 0 405000 1882 0 260000 37 0 0
fn=bevy_ecs::storage::sparse_set::SparseSet<I,V>::insert
0 1375452 169 5 391558 67 0 315174 1302 0 133672 10668 19096 1
fn=bevy_ecs::storage::sparse_set::SparseSets::get_or_insert
0 7634 175 9 2388 16 0 1984 5 0 814 107 296 34
fn=bevy_ecs::storage::table::Column::with_capacity
0 1053870 9112 6 325618 4063 0 459678 13 0 57636 666 148 22
fn=bevy_ecs::storage::table::Table::allocate
0 13436592 3629 10 4620520 44887 0 3182393 173688 2706 1773601 94213 0 0
fn=bevy_ecs::storage::table::Table::move_to_superset_unchecked
0 8575515 73 8 3549005 62169 0 1907325 1458 0 437410 30728 206820 13
fn=bevy_ecs::storage::table::Table::reserve
0 302 7 7 52 0 0 44 0 0 42 6 0 0
fn=bevy_ecs::storage::table::TableBuilder::build
0 210155 11955 6 68778 0 0 91704 0 0 7642 17 0 0
fn=bevy_ecs::storage::table::TableBuilder::with_capacity
0 171657 1032 4 41959 0 0 61100 58 0 15230 71 7606 11
fn=bevy_ecs::storage::table::Tables::get_id_or_insert
0 2997926 10504 28 1017511 8197 0 723193 32441 7 247281 23855 26694 5
fn=bevy_ecs::system::system::System::type_id
0 4800 20 1 1600 0 0 0 0 0 0 0 0 0
fn=bevy_ecs::world::World::spawn_at_empty_internal
0 224210 367 3 64600 976 0 87405 265 0 7600 14 0 0
fn=bevy_ecs::world::World::spawn_empty
0 110200 358 3 38000 2312 0 15200 0 0 7600 2 0 0
fn=bevy_ecs::world::entity_ref::EntityWorldMut::remove_bundle
0 16245950 226 72 6155244 74216 0 2760190 14690 0 2030128 10176 120004 5
fn=clap::app::parser::Parser::add_arg
0 2753 31 31 689 3 3 994 1 1 276 49 105 12
fn=clap::app::parser::Parser::add_arg_groups
0 437 2 2 184 0 0 161 2 2 23 4 0 0
fn=clap::app::parser::Parser::add_single_val_to_arg
0 244 7 7 60 0 0 64 0 0 12 8 0 0
fn=clap::app::parser::Parser::add_val_to_arg
0 108 2 2 32 0 0 24 0 0 8 0 0 0
fn=clap::app::parser::Parser::create_help_and_version
0 462 14 14 109 0 0 24 3 3 147 29 1 0
fn=clap::app::parser::Parser::derive_display_order
0 14 2 2 6 0 0 3 0 0 2 1 0 0
fn=clap::app::parser::Parser::get_matches_with
0 926 57 57 236 1 0 91 0 0 201 60 3 2
fn=clap::app::parser::Parser::groups_for_arg
0 231 3 3 88 0 0 77 0 0 11 6 0 0
fn=clap::app::parser::Parser::is_new_arg
0 42 4 4 10 0 0 6 0 0 8 3 0 0
fn=clap::app::parser::Parser::parse_opt
0 93 12 12 19 0 0 18 0 0 11 3 0 0
fn=clap::app::parser::Parser::possible_subcommand
0 37 4 4 11 0 0 10 0 0 3 1 0 0
fn=clap::app::parser::Parser::propagate_globals
0 4 2 2 2 0 0 0 0 0 1 1 0 0
fn=clap::app::parser::Parser::propagate_settings
0 4 1 1 2 0 0 0 0 0 1 1 0 0
fn=clap::app::parser::Parser::with_name
0 71 10 10 10 0 0 58 9 9 0 0 0 0
fn=clap::app::usage::create_help_usage
0 530 52 52 109 1 0 93 0 0 84 32 5 5
fn=clap::app::usage::create_usage_no_title
0 24 4 4 7 0 0 6 0 0 2 2 0 0
fn=clap::app::usage::create_usage_with_title
0 54 4 4 15 0 0 17 0 0 3 1 3 3
fn=clap::app::usage::get_required_usage_from
0 191 31 31 35 0 0 61 3 1 19 18 2 2
fn=clap::app::validator::Validator::validate
0 2249 80 80 739 2 0 311 0 0 407 141 20 6
fn=clap::app::validator::Validator::validate_required
0 34 5 5 11 0 0 13 0 0 3 2 0 0
fn=clap::args::arg::Arg::conflicts_with
0 66 4 4 18 0 0 22 0 0 4 1 4 2
fn=clap::args::arg::Arg::conflicts_with_all
0 108 4 4 30 0 0 33 0 0 3 0 3 1
fn=clap::args::arg::Arg::possible_values
0 111 3 3 36 0 0 39 0 0 3 0 3 1
fn=clap::args::arg::Arg::short
0 180 5 5 30 5 5 18 0 0 30 6 6 1
fn=clap::args::arg::Arg::with_name
0 759 5 5 23 0 0 667 8 8 0 0 0 0
fn=clap::args::arg_builder::positional::PosBuilder::name_no_brackets
0 37 6 6 13 0 0 13 0 0 3 1 1 1
fn=clap::args::arg_matcher::ArgMatcher::add_index_to
0 132 3 3 48 0 0 32 0 0 12 2 8 2
fn=clap::args::arg_matcher::ArgMatcher::add_val_to
0 384 9 9 108 0 0 96 3 3 36 10 16 3
fn=clap::args::arg_matcher::ArgMatcher::entry
0 578 7 7 176 1 0 186 2 2 24 9 4 1
fn=clap::args::arg_matcher::ArgMatcher::fill_in_global_values
0 28 5 5 10 0 0 9 0 0 3 3 0 0
fn=clap::args::arg_matcher::ArgMatcher::inc_occurrence_of
0 64 6 6 23 0 0 14 0 0 4 1 1 1
fn=clap::args::arg_matcher::ArgMatcher::needs_more_vals
0 320 8 8 112 0 0 56 0 0 28 10 4 1
fn=clap::args::arg_matcher::ArgMatcher::process_arg_overrides
0 55 4 4 16 1 0 18 0 0 4 3 1 1
fn=clap::args::arg_matches::ArgMatches::is_present
0 583 6 6 198 0 0 121 0 0 44 16 0 0
fn=clap::args::arg_matches::ArgMatches::value_of
0 420 5 5 145 0 0 90 0 0 30 6 3 1
fn=core::ffi::c_str::CStr::from_bytes_with_nul
0 350 10 5 57 2 1 18 0 0 104 23 0 0
fn=core::fmt::Formatter::pad
0 2842 41 2 1078 5 0 588 6 0 98 5 98 1
fn=core::fmt::Formatter::pad_formatted_parts
0 66 3 3 27 0 0 18 0 0 3 2 0 0
fn=core::fmt::Formatter::pad_integral
0 800 57 5 192 12 0 128 10 0 64 22 16 13
fn=core::fmt::Formatter::pad_integral::write_prefix
0 320 24 2 96 0 0 80 1 0 32 16 0 0
fn=core::fmt::Formatter::write_formatted_parts
0 241 6 6 64 0 0 29 0 0 44 15 8 2
fn=core::fmt::float::<impl core::fmt::Display for f64>::fmt
0 36 1 1 12 0 0 3 0 0 3 2 0 0
fn=core::fmt::float::float_to_decimal_common_shortest
0 297 9 9 27 0 0 51 0 0 18 4 0 0
fn=core::fmt::num::imp::<impl core::fmt::Display for u16>::fmt
0 237 24 4 27 8 0 24 5 0 18 8 0 0
fn=core::fmt::num::imp::<impl core::fmt::Display for u64>::fmt
0 336 24 5 39 6 3 34 0 0 31 8 0 0
fn=core::fmt::write
0 6276 106 5 2268 64 0 1503 16 0 823 107 268 144
fn=core::hash::BuildHasher::hash_one
0 15750 248 25 1548 18 1 1710 4 4 0 0 0 0
fn=core::iter::traits::iterator::Iterator::try_fold
0 556 6 6 93 0 0 44 0 0 108 29 0 0
fn=core::num::<impl core::str::traits::FromStr for usize>::from_str
0 32 4 4 4 0 0 3 0 0 5 1 0 0
fn=core::num::flt2dec::digits_to_dec_str
0 78 3 3 9 0 0 27 0 0 12 4 0 0
fn=core::num::flt2dec::strategy::grisu::format_shortest
0 959 24 24 107 1 1 154 2 2 54 13 0 0
fn=core::ptr::drop_in_place<alloc::vec::Vec<(bevy_ecs::schedule::graph_utils::NodeId,bevy_ecs::schedule::graph_utils::NodeId,alloc::vec::Vec<bevy_ecs::component::ComponentId>)>>
0 210 20 1 100 17 0 50 0 0 20 3 0 0
fn=core::ptr::drop_in_place<bevy_ecs::archetype::Archetype>
0 302297 65 4 89631 9534 0 58658 0 0 49230 1125 17055 23
fn=core::ptr::drop_in_place<bevy_ecs::archetype::Archetypes>
0 27281 51 3 170 15 0 3975 0 0 3856 50 17 11
fn=core::ptr::drop_in_place<bevy_ecs::bundle::Bundles>
0 1462 119 7 432 75 0 268 0 0 240 47 77 9
fn=core::ptr::drop_in_place<bevy_ecs::component::Components>
0 1021 105 6 376 17 0 174 0 0 132 20 44 14
fn=core::ptr::drop_in_place<bevy_ecs::observer::Observers>
0 612 107 6 90 0 0 162 0 0 72 7 0 0
fn=core::ptr::drop_in_place<bevy_ecs::query::access::Access<bevy_ecs::archetype::ArchetypeComponentId>>
0 11368 46 2 5684 1525 0 812 0 0 4060 24 0 0
fn=core::ptr::drop_in_place<bevy_ecs::removal_detection::RemovedComponentEvents>
0 485 68 4 232 12 0 97 0 0 80 11 16 4
fn=core::ptr::drop_in_place<bevy_ecs::schedule::executor::SystemSchedule>
0 9501 167 16 2278 701 0 228 0 0 3472 148 60 19
fn=core::ptr::drop_in_place<bevy_ecs::schedule::executor::multi_threaded::MultiThreadedExecutor>
0 528 84 7 216 0 0 84 0 0 144 46 0 0
fn=core::ptr::drop_in_place<bevy_ecs::schedule::executor::single_threaded::SingleThreadedExecutor>
0 140 22 2 85 13 0 21 0 0 33 7 20 5
fn=core::ptr::drop_in_place<bevy_ecs::schedule::graph_utils::CheckGraphResults<bevy_ecs::schedule::graph_utils::NodeId>>
0 210 20 2 90 19 0 40 0 0 40 7 20 1
fn=core::ptr::drop_in_place<bevy_ecs::schedule::schedule::Dag>
0 11442 45 5 2858 1258 0 980 0 0 3372 114 890 22
fn=core::ptr::drop_in_place<bevy_ecs::schedule::schedule::Schedule>
0 992 99 9 398 30 0 214 0 0 142 46 82 54
fn=core::ptr::drop_in_place<bevy_ecs::storage::Storages>
0 1187 68 4 272 22 0 274 0 0 138 19 51 5
fn=core::ptr::drop_in_place<bevy_ecs::storage::resource::Resources<_>>
0 866 85 5 414 38 0 207 0 0 119 25 30 2
fn=core::ptr::drop_in_place<bevy_ecs::storage::sparse_set::ComponentSparseSet>
0 2876 49 3 1476 150 0 632 0 0 490 60 214 10
fn=core::ptr::drop_in_place<bevy_ecs::storage::table::Table>
0 862762 90 6 366426 35611 0 141229 0 0 133628 3954 72481 10
fn=core::ptr::drop_in_place<bevy_ecs::storage::table::Tables>
0 92087 80 6 8354 2475 0 7770 0 0 15769 511 3831 8
fn=core::ptr::drop_in_place<bevy_ecs::system::function_system::FunctionSystem<fn(),ecs::components::archetype_updates::setup::empty>>
0 1600 0 0 0 0 0 0 0 0 0 0 0 0
fn=core::ptr::drop_in_place<bevy_ecs::system::function_system::SystemMeta>
0 28000 40 4 10400 2528 0 4000 0 0 6400 31 0 0
fn=core::ptr::drop_in_place<bevy_ecs::world::World>
0 634 68 4 175 24 0 198 0 0 51 15 45 8
fn=core::ptr::drop_in_place<clap::args::arg::Arg>
0 345 2 2 90 0 0 75 0 0 30 2 0 0
fn=core::ptr::drop_in_place<clap::args::arg_builder::base::Base>
0 1301 6 3 323 0 0 122 0 0 200 44 6 2
fn=core::ptr::drop_in_place<clap::args::arg_matches::ArgMatches>
0 215 8 8 60 0 0 29 0 0 33 10 14 5
fn=core::ptr::drop_in_place<concurrent_queue::ConcurrentQueue<bevy_ecs::schedule::executor::multi_threaded::SystemResult>>
0 324 48 4 120 0 0 60 0 0 48 17 0 0
fn=core::ptr::drop_in_place<core::option::Option<bevy_ecs::archetype::AddBundle>>
0 254659 22 2 97446 19931 0 67377 0 0 30069 2851 7610 2
fn=core::ptr::drop_in_place<criterion::benchmark_group::BenchmarkGroup<criterion::measurement::WallTime>>
0 164 12 3 44 3 0 40 0 0 24 9 8 2
fn=core::ptr::drop_in_place<criterion::report::BenchmarkId>
0 444 12 3 228 22 0 90 0 0 72 6 66 7
fn=core::ptr::drop_in_place<petgraph::graphmap::GraphMap<bevy_ecs::schedule::graph_utils::NodeId,(),petgraph::Directed>>
0 60188 67 3 14320 6021 0 3581 0 0 19611 293 2928 3
fn=core::ptr::drop_in_place<std::process::Command>
0 88 9 9 35 0 0 18 0 0 17 8 5 4
fn=core::slice::memchr::memrchr
0 6045 94 5 738 40 2 375 5 0 939 119 0 0
fn=core::str::<impl str>::find
0 27502 11 11 7144 0 0 3264 0 0 5505 380 0 0
fn=core::str::<impl str>::trim_end_matches
0 15034 2 2 1192 0 0 0 0 0 4538 75 0 0
fn=core::str::<impl str>::trim_matches
0 16477 7 7 1579 0 0 592 0 0 3356 194 0 0
fn=core::str::<impl str>::trim_start_matches
0 94 5 5 11 0 0 4 0 0 18 6 0 0
fn=core::str::converts::from_utf8
0 436 17 6 74 0 0 42 0 0 101 28 0 0
fn=core::str::pattern::StrSearcher::new
0 27543 20 20 3222 4 4 3798 0 0 3687 246 156 1
fn=criterion::Criterion<M>::benchmark_group
0 260 25 5 55 7 0 125 19 11 20 6 10 2
fn=criterion::Criterion<M>::configure_from_args
0 1824 202 201 361 8 1 640 18 13 82 31 96 86
fn=criterion::bencher::Bencher<M>::iter
0 12182049 332 300 4930532 61011 4618 2390712 23798 3462 1270113 344 100012 14
fn=criterion::bencher::Bencher<M>::iter_batched
0 6662 802 157 3053 40 0 3189 287 36 32 3 35 18
fn=criterion::benchmark_group::BenchmarkGroup<M>::bench_with_input
0 3648 368 62 940 123 1 1086 66 0 284 47 152 64
fn=criterion::benchmark_group::BenchmarkId::new
0 312 24 4 66 1 0 126 0 0 18 5 12 5
fn=criterion::html::Html::new
0 177 18 18 37 4 0 53 3 1 9 3 0 0
fn=criterion::report::BenchmarkId::ensure_directory_name_unique
0 933 87 6 327 50 0 238 0 0 54 16 0 0
fn=criterion::report::BenchmarkId::ensure_title_unique
0 933 70 5 327 28 0 238 0 0 54 8 0 0
fn=criterion::report::BenchmarkId::new
0 3234 379 28 960 1 0 1182 8 0 264 80 102 19
fn=criterion::report::make_filename_safe
0 12498 157 9 2178 77 4 816 0 0 1650 68 534 35
fn=ecs::components::add_remove_big_sparse_set::Benchmark::new
0 2920504 98 89 1220131 596 6 750169 4040 0 150031 53 50007 7
fn=ecs::components::add_remove_big_table::Benchmark::new
0 2920504 90 87 1220131 476 9 750169 4098 0 150031 46 50007 6
fn=ecs::components::add_remove_sparse_set::Benchmark::new
0 1560181 36 36 560043 137 1 270070 3784 452 150007 31 10003 3
fn=ecs::components::add_remove_table::Benchmark::new
0 1560181 37 34 560043 122 2 270070 3777 3735 150007 41 10003 3
fn=ecs::components::archetype_updates::add_archetypes
0 3754910 106740 423 1421436 57933 8 724576 13537 0 427041 15158 19105 34
fn=ecs::components::archetype_updates::setup
0 53225 171 14 3855 30 0 33670 63 6 2760 23 1870 23
fn=ecs::components::components_benches
0 2165 239 202 407 64 3 708 50 7 150 33 102 92
fn=ecs::main
0 8 1 1 0 0 0 7 1 0 0 0 0 0
fn=fixedbitset::FixedBitSet::is_disjoint
0 4252068 22 2 157484 0 0 0 0 0 157484 8 0 0
fn=fixedbitset::FixedBitSet::with_capacity
0 8748 69 5 1124 17 0 3450 335 1 813 167 107 2
fn=getrandom::backends::linux_android_with_fallback::init
0 17 2 2 3 1 0 4 0 0 2 1 2 2
fn=hashbrown::map::Entry<K,V,S,A>::or_insert_with
0 232182 5697 6 115317 4 0 57771 33 0 19351 51 0 0
fn=hashbrown::map::HashMap<K,V,S,A>::insert
0 2014320 15095 23 389861 17980 0 272523 24320 3 146410 5508 0 0
fn=hashbrown::raw::RawTable<T,A>::insert
0 6180 211 12 1640 0 0 992 61 0 432 80 0 0
fn=hashbrown::raw::RawTable<T,A>::reserve_rehash
0 4201903 4724 200 822528 41272 0 372394 36826 12 414106 19928 3192 345
fn=hashbrown::raw::RawTableInner::drop_inner_table
0 78598 500 34 15479 3729 0 6352 0 0 16586 651 3954 38
fn=hashbrown::raw::RawTableInner::fallible_with_capacity
0 52934 1423 12 8076 99 0 9550 75 2 4391 394 1474 5
fn=indexmap::map::IndexMap<K,V,S>::get
0 794022 55 5 188487 1609 0 75181 0 0 76037 682 0 0
fn=indexmap::map::IndexMap<K,V,S>::get_index_of
0 832864 66 6 204157 566 0 81396 5 0 82371 496 0 0
fn=indexmap::map::IndexMap<K,V,S>::hash
0 4874564 154 14 447876 0 0 686696 32 3 0 0 0 0
fn=indexmap::map::IndexMap<K,V,S>::insert_full
0 392861 132 12 118535 84 0 66476 2200 0 31410 1128 0 0
fn=indexmap::map::core::RefMut<K,V>::insert_unique
0 1009788 154 13 307955 0 0 295636 6421 0 54796 2575 0 0
fn=indexmap::map::core::entry::Entry<K,V>::or_insert_with
0 201820 66 4 86466 0 0 36066 0 0 14411 38 11 0
fn=main
0 149 16 16 25 6 1 56 3 2 15 7 12 12
fn=once_cell::race::once_box::OnceBox<T>::init
0 60 6 6 15 0 0 16 1 0 7 5 2 2
fn=petgraph::algo::TarjanScc<N>::visit
0 470508 165 15 152025 2044 0 100505 0 0 55164 277 3622 0
fn=petgraph::graphmap::GraphMap<N,E,Ty,S>::add_edge
0 147131 121 11 33430 4 0 32462 293 0 10994 226 0 0
fn=petgraph::graphmap::GraphMap<N,E,Ty,S>::remove_node
0 1635 154 14 372 0 0 187 0 0 165 65 0 0
fn=petgraph::graphmap::GraphMap<N,E,Ty,S>::with_capacity
0 2021 103 5 611 42 0 1081 36 0 47 0 0 0
fn=std::io::buffered::bufwriter::BufWriter<W>::flush_buf
0 972 120 7 198 0 0 216 0 0 126 18 0 0
fn=std::io::default_read_to_end::small_probe_read
0 97 4 4 27 0 0 23 0 0 6 4 4 2
fn=std::io::stdio::_print
0 2537 133 7 663 38 1 625 3 0 390 16 0 0
fn=std::io::stdio::print_to_buffer_if_capture_used
0 819 35 2 312 22 0 234 5 0 39 11 0 0
fn=std::path::Components::len_before_body
0 96 5 5 20 1 1 0 0 0 16 3 2 1
fn=std::path::Components::parse_next_component_back
0 188 3 3 27 0 0 8 0 0 47 8 0 0
fn=std::process::Command::output
0 91 9 9 28 0 0 33 1 1 8 5 0 0
fn=std::sync::once_lock::OnceLock<T>::initialize
0 45 3 3 7 0 0 13 0 0 3 2 0 0
fn=std::sys::backtrace::__rust_begin_short_backtrace
0 2 1 1 0 0 0 2 0 0 0 0 0 0
fn=std::sys::pal::unix::args::imp::ARGV_INIT_ARRAY::init_wrapper
0 7 1 1 2 0 0 3 1 1 0 0 0 0
fn=std::sys::pal::unix::fd::FileDesc::read_to_end
0 145 10 10 29 0 0 30 0 0 15 6 1 1
fn=std::sys::pal::unix::fd::FileDesc::set_nonblocking
0 14 1 1 3 0 0 3 0 0 1 0 1 1
fn=std::sys::pal::unix::fs::File::open_c
0 64 7 7 17 0 0 9 1 1 9 5 1 1
fn=std::sys::pal::unix::os::env_read_lock
0 10 1 1 3 0 0 0 0 0 2 2 0 0
fn=std::sys::pal::unix::os::getenv
0 205 10 5 60 1 0 60 0 0 15 5 5 2
fn=std::sys::pal::unix::os::getenv::{{closure}}
0 195 8 4 65 2 0 45 0 0 25 4 5 1
fn=std::sys::pal::unix::os::glibc_version
0 138 11 11 30 1 0 25 1 1 22 8 2 2
fn=std::sys::pal::unix::pipe::read2
0 85 9 9 19 0 0 26 0 0 6 1 5 4
fn=std::sys::pal::unix::process::process_common::Command::arg
0 50 3 3 15 0 0 16 0 0 3 0 0 0
fn=std::sys::pal::unix::process::process_common::Command::new
0 131 9 9 26 1 1 44 5 5 22 7 4 4
fn=std::sys::pal::unix::process::process_common::Stdio::to_child_stdio
0 121 6 6 26 2 1 35 3 3 7 2 5 3
fn=std::sys::pal::unix::process::process_common::os2c
0 54 3 3 18 0 0 12 2 2 2 0 0 0
fn=std::sys::pal::unix::process::process_inner::<impl std::sys::pal::unix::process::process_common::Command>::spawn
0 338 40 40 102 5 1 68 2 2 39 15 15 15
fn=std::sys::pal::unix::process::process_inner::Process::wait
0 39 4 4 13 0 0 13 0 0 3 3 1 1
fn=std::sys::pal::unix::rand::hashmap_random_keys
0 46 6 6 13 2 1 8 0 0 5 2 1 1
fn=std::sys::pal::unix::stack_overflow::imp::make_handler
0 57 5 5 14 2 0 14 0 0 5 1 5 5
fn=std::sys::pal::unix::time::Timespec::now
0 1380 35 2 414 20 0 207 1 0 138 12 69 2
fn=std::sys::pal::unix::time::Timespec::sub_timespec
0 1085 51 3 238 0 0 170 5 0 102 30 0 0
fn=std::sys::sync::once::futex::Once::call
0 668 75 75 208 13 7 160 9 8 72 26 11 11
fn=std::thread::set_current
0 25 4 4 9 1 0 6 0 0 3 2 1 1
fn=tinytemplate::TinyTemplate::add_template
0 36027 82 82 7874 7 5 6658 220 218 6358 391 76 63
fn=tinytemplate::compiler::TemplateCompiler::close_branch
0 950 3 3 325 0 0 200 0 0 100 6 0 0
fn=tinytemplate::compiler::TemplateCompiler::consume_tag
0 10713 10 10 2257 0 0 3525 0 0 1129 9 0 0
fn=tinytemplate::compiler::TemplateCompiler::parse_path
0 9410 9 9 2644 0 0 3892 30 30 646 23 104 1
summary: 216203121 315993 6472 61995253 1639113 69667 39149418 1344670 187813 26403756 587666 1095088 2832
