desc: I1 cache:         32768 B, 64 B, 8-way associative
desc: D1 cache:         32768 B, 64 B, 8-way associative
desc: LL cache:         20971520 B, 64 B, 20-way associative
cmd: ./target/release/deps/ecs-cb47d616cc8e860a --profile-time=10 add_remove/table
events: Ir I1mr ILmr Dr D1mr DLmr Dw D1mw DLmw Bc Bcm Bi Bim
fl=./csu/../csu/libc-start.c
fn=__libc_start_main@@GLIBC_2.34
128 2 1 1 2 0 0 0 0 0 0 0 0 0
134 3 0 0 1 1 0 0 0 0 1 0 0 0
135 7 0 0 3 1 0 2 0 0 0 0 1 1
138 1 0 0 1 1 0 0 0 0 0 0 0 0
139 2 0 0 0 0 0 0 0 0 1 0 0 0
142 3 1 1 2 1 0 0 0 0 0 0 0 0
143 2 0 0 2 0 0 0 0 0 0 0 0 0
144 16 1 1 3 0 0 1 0 0 3 2 0 0
145 8 0 0 2 0 0 4 0 0 0 0 2 2
242 12 1 1 0 0 0 6 0 0 0 0 0 0
343 3 0 0 0 0 0 0 0 0 1 0 0 0
344 3 0 0 0 0 0 1 0 0 0 0 0 0
369 6 1 1 2 0 0 1 0 0 1 0 0 0
372 2 0 0 0 0 0 0 0 0 1 1 0 0
375 2 0 0 2 0 0 0 0 0 0 0 0 0
382 2 0 0 1 0 0 1 0 0 0 0 0 0
384 2 0 0 0 0 0 0 0 0 1 0 0 0
392 4 0 0 0 0 0 1 0 0 0 0 0 0
fl=./csu/../sysdeps/nptl/libc_start_call_main.h
fn=(below main)
29 9 1 1 1 0 0 5 0 0 0 0 0 0
44 3 1 1 0 0 0 1 0 0 0 0 0 0
46 2 0 0 0 0 0 0 0 0 1 0 0 0
51 2 0 0 1 1 0 1 0 0 0 0 0 0
52 2 0 0 1 1 0 1 0 0 0 0 0 0
55 2 0 0 0 0 0 1 0 0 0 0 0 0
58 7 2 2 5 0 0 1 0 0 0 0 1 1
74 1 0 0 0 0 0 1 0 0 0 0 0 0
fl=./csu/./csu/errno-loc.c
fn=__errno_location
25 3 1 1 0 0 0 0 0 0 0 0 0 0
26 6 0 0 6 0 0 0 0 0 0 0 0 0
27 3 0 0 3 0 0 0 0 0 0 0 0 0
fl=./csu/./csu/init-first.c
fn=_init_first
46 4 1 1 0 0 0 1 0 0 0 0 0 0
51 2 1 1 1 0 0 0 0 0 1 0 0 0
55 5 0 0 4 2 0 0 0 0 1 0 0 0
61 1 0 0 0 0 0 1 1 0 0 0 0 0
62 1 0 0 0 0 0 1 0 0 0 0 0 0
63 2 0 0 1 1 0 1 1 1 0 0 0 0
71 2 0 0 0 0 0 0 0 0 0 0 0 0
72 2 0 0 1 0 0 0 0 0 0 0 0 0
fl=./csu/./csu/version.c
fn=gnu_get_libc_version
59 1 1 1 0 0 0 0 0 0 0 0 0 0
60 1 0 0 0 0 0 0 0 0 0 0 0 0
61 1 0 0 1 0 0 0 0 0 0 0 0 0
fl=./ctype/./ctype/ctype-info.c
fn=__ctype_init
29 33 2 1 0 0 0 0 0 0 0 0 0 0
31 231 0 0 165 40 0 33 0 0 0 0 0 0
33 132 0 0 66 1 0 33 0 0 0 0 0 0
35 132 2 1 66 0 0 33 0 0 0 0 0 0
36 33 0 0 33 0 0 0 0 0 0 0 0 0
fl=./dlfcn/../sysdeps/generic/ldsodefs.h
fn=dlsym@@GLIBC_2.34
1388 4 0 0 4 1 0 0 0 0 0 0 0 0
fl=./dlfcn/./dlfcn/dlerror.c
fn=_dlerror_run
113 24 4 2 2 0 0 12 0 0 0 0 0 0
114 4 0 0 4 2 0 0 0 0 0 0 0 0
115 4 0 0 0 0 0 0 0 0 2 2 0 0
121 2 2 1 2 0 0 0 0 0 0 0 0 0
138 10 0 0 2 2 0 2 0 0 0 0 2 2
143 2 0 0 2 0 0 0 0 0 0 0 0 0
145 6 2 1 2 0 0 0 0 0 2 2 0 0
151 4 0 0 0 0 0 0 0 0 2 2 0 0
156 2 2 1 0 0 0 0 0 0 0 0 0 0
198 20 2 1 16 0 0 0 0 0 2 0 0 0
fl=./dlfcn/./dlfcn/dlsym.c
fn=dlsym@@GLIBC_2.34
47 2 0 0 0 0 0 2 0 0 0 0 0 0
48 2 2 1 0 0 0 2 0 0 0 0 0 0
52 8 0 0 2 0 0 2 0 0 0 0 0 0
54 12 0 0 2 0 0 2 0 0 0 0 0 0
56 4 2 1 0 0 0 2 0 0 0 0 0 0
64 18 2 1 2 0 0 8 0 0 0 0 0 0
65 4 0 0 2 2 0 0 0 0 2 0 0 0
68 2 0 0 2 0 0 0 0 0 0 0 0 0
69 16 0 0 10 0 0 0 0 0 2 0 0 0
fn=dlsym_doit
37 6 2 1 0 0 0 2 0 0 0 0 0 0
40 10 0 0 6 0 0 4 0 0 0 0 0 0
41 4 0 0 4 0 0 0 0 0 0 0 0 0
fl=./elf/../bits/stdlib-bsearch.h
fn=intel_check_word.constprop.0
27 102 0 0 0 0 0 0 0 0 0 0 0 0
28 51 0 0 0 0 0 0 0 0 0 0 0 0
29 959 0 0 0 0 0 0 0 0 345 44 0 0
31 690 1 1 0 0 0 0 0 0 0 0 0 0
32 345 0 0 0 0 0 0 0 0 0 0 0 0
37 51 1 1 0 0 0 0 0 0 0 0 0 0
fl=./elf/../elf/dl-sysdep.c
fn=_dl_sysdep_start
85 10 1 1 0 0 0 6 1 1 0 0 0 0
86 1 0 0 0 0 0 0 0 0 0 0 0 0
87 1 0 0 0 0 0 0 0 0 0 0 0 0
109 1 0 0 0 0 0 1 0 0 0 0 0 0
110 135 1 1 43 6 6 4 3 3 42 10 0 0
113 2 0 0 0 0 0 1 0 0 0 0 0 0
114 1 0 0 0 0 0 1 0 0 0 0 0 0
119 1 1 1 0 0 0 1 1 1 0 0 0 0
121 132 4 4 31 3 3 10 1 1 32 17 0 0
122 113 1 1 17 3 3 0 0 0 20 3 17 13
125 1 0 0 1 0 0 0 0 0 0 0 0 0
126 1 0 0 0 0 0 0 0 0 0 0 0 0
128 1 0 0 1 0 0 0 0 0 0 0 0 0
131 2 1 1 1 0 0 1 0 0 0 0 0 0
132 1 0 0 0 0 0 1 0 0 0 0 0 0
134 2 1 1 1 1 1 1 0 0 0 0 0 0
135 1 0 0 0 0 0 1 0 0 0 0 0 0
150 2 1 1 1 0 0 1 0 0 0 0 0 0
151 1 0 0 0 0 0 1 0 0 0 0 0 0
153 2 0 0 1 0 0 1 0 0 0 0 0 0
154 1 0 0 0 0 0 0 0 0 0 0 0 0
156 2 1 1 1 1 1 1 0 0 0 0 0 0
157 1 0 0 0 0 0 0 0 0 0 0 0 0
162 2 1 1 1 0 0 1 0 0 0 0 0 0
163 1 0 0 0 0 0 0 0 0 0 0 0 0
178 2 1 1 1 0 0 1 0 0 0 0 0 0
179 1 0 0 0 0 0 0 0 0 0 0 0 0
224 1 0 0 0 0 0 1 1 1 0 0 0 0
227 1 0 0 0 0 0 1 0 0 0 0 0 0
238 3 0 0 1 0 0 0 0 0 1 0 0 0
239 2 1 1 0 0 0 2 0 0 0 0 0 0
241 5 0 0 0 0 0 1 0 0 1 0 0 0
253 3 0 0 1 0 0 0 0 0 1 0 0 0
256 5 0 0 1 0 0 1 0 0 0 0 1 1
258 9 1 1 8 2 0 0 0 0 0 0 0 0
fn=_dl_sysdep_start_cleanup
262 1 1 1 0 0 0 0 0 0 0 0 0 0
263 1 0 0 1 0 0 0 0 0 0 0 0 0
fl=./elf/../elf/dl-tls.c
fn=_dl_add_to_slotinfo
1015 16 1 1 0 0 0 8 0 0 0 0 0 0
1021 2 0 0 2 0 0 0 0 0 0 0 0 0
1024 2 0 0 2 2 0 0 0 0 0 0 0 0
1025 2 0 0 0 0 0 0 0 0 0 0 0 0
1029 6 1 1 2 2 0 0 0 0 2 0 0 0
1063 4 0 0 0 0 0 0 0 0 2 2 0 0
1066 6 0 0 0 0 0 2 0 0 0 0 0 0
1067 6 0 0 2 0 0 2 0 0 0 0 0 0
1070 12 0 0 10 0 0 0 0 0 0 0 0 0
fn=_dl_allocate_tls
370 32 1 1 32 0 0 0 0 0 0 0 0 0
374 32 0 0 0 0 0 0 0 0 0 0 0 0
375 32 0 0 0 0 0 0 0 0 0 0 0 0
376 64 0 0 0 0 0 0 0 0 32 1 0 0
379 32 0 0 0 0 0 32 0 0 0 0 0 0
385 128 0 0 32 0 0 64 0 0 0 0 0 0
535 64 0 0 0 0 0 0 0 0 0 0 0 0
536 32 0 0 0 0 0 32 0 0 0 0 0 0
539 64 1 1 32 1 0 32 0 0 0 0 32 1
542 128 0 0 96 0 0 0 0 0 32 0 0 0
554 32 0 0 32 0 0 0 0 0 0 0 0 0
559 576 1 1 96 1 0 0 0 0 96 3 0 0
565 192 1 1 0 0 0 0 0 0 96 2 0 0
568 192 0 0 64 0 0 0 0 0 0 0 0 0
569 128 0 0 0 0 0 0 0 0 64 0 0 0
575 192 0 0 128 0 0 0 0 0 64 34 0 0
576 256 0 0 64 0 0 64 0 0 0 0 0 0
578 384 1 1 192 3 0 64 0 0 0 0 0 0
581 128 0 0 0 0 0 0 0 0 64 0 0 0
582 128 0 0 64 2 0 0 0 0 0 0 0 0
585 128 0 0 0 0 0 0 0 0 64 1 0 0
586 256 1 1 128 0 0 0 0 0 64 0 0 0
588 128 0 0 0 0 0 0 0 0 64 0 0 0
589 128 0 0 64 0 0 0 0 0 0 0 0 0
598 64 0 0 0 0 0 64 0 0 0 0 0 0
608 512 0 0 64 0 0 128 0 0 0 0 0 0
614 64 0 0 64 0 0 0 0 0 0 0 0 0
620 64 0 0 32 0 0 32 0 0 0 0 32 32
623 96 1 1 64 0 0 32 0 0 0 0 0 0
625 32 0 0 32 0 0 0 0 0 0 0 0 0
631 288 1 1 0 0 0 224 0 0 0 0 0 0
632 64 0 0 0 0 0 0 0 0 32 0 0 0
635 256 0 0 224 0 0 0 0 0 0 0 0 0
fn=_dl_allocate_tls_init
528 10 2 2 0 0 0 8 0 0 0 0 0 0
529 2 0 0 0 0 0 0 0 0 1 0 0 0
533 2 0 0 1 1 0 1 0 0 0 0 0 0
535 1 0 0 0 0 0 1 0 0 0 0 0 0
536 1 0 0 0 0 0 0 0 0 0 0 0 0
539 2 0 0 1 1 0 1 0 0 0 0 1 1
542 3 0 0 2 1 0 0 0 0 1 0 0 0
554 1 1 1 1 0 0 0 0 0 0 0 0 0
559 23 1 1 4 0 0 0 0 0 3 0 0 0
565 6 1 1 0 0 0 0 0 0 3 1 0 0
568 6 0 0 2 0 0 0 0 0 0 0 0 0
569 4 0 0 0 0 0 0 0 0 2 1 0 0
575 6 0 0 4 0 0 0 0 0 2 0 0 0
576 4 0 0 0 0 0 0 0 0 0 0 0 0
578 15 1 1 6 2 0 2 1 1 0 0 0 0
581 4 0 0 0 0 0 0 0 0 2 0 0 0
582 4 0 0 2 1 0 0 0 0 0 0 0 0
585 4 0 0 0 0 0 0 0 0 2 0 0 0
586 8 1 1 4 0 0 0 0 0 2 0 0 0
588 4 0 0 0 0 0 0 0 0 2 0 0 0
589 4 0 0 2 0 0 0 0 0 0 0 0 0
598 2 0 0 0 0 0 2 0 0 0 0 0 0
606 4 0 0 2 0 0 0 0 0 2 2 0 0
608 16 0 0 2 0 0 4 0 0 0 0 0 0
614 2 0 0 2 0 0 0 0 0 0 0 0 0
620 2 0 0 1 1 0 1 0 0 0 0 1 1
623 2 1 1 1 0 0 1 0 0 0 0 0 0
626 9 0 0 8 0 0 0 0 0 0 0 0 0
fn=_dl_allocate_tls_storage
370 1 0 0 1 0 0 0 0 0 0 0 0 0
374 1 0 0 0 0 0 0 0 0 0 0 0 0
375 1 0 0 0 0 0 0 0 0 0 0 0 0
376 2 0 0 0 0 0 0 0 0 1 0 0 0
379 1 0 0 0 0 0 1 0 0 0 0 0 0
385 2 0 0 0 0 0 1 0 0 0 0 0 0
422 4 1 1 0 0 0 3 0 0 0 0 0 0
424 1 0 0 1 0 0 0 0 0 0 0 0 0
435 1 0 0 1 0 0 0 0 0 0 0 0 0
436 1 0 0 0 0 0 0 0 0 0 0 0 0
437 3 0 0 0 0 0 0 0 0 1 0 0 0
445 4 1 1 0 0 0 0 0 0 0 0 0 0
446 1 0 0 0 0 0 0 0 0 0 0 0 0
450 321 1 1 0 0 0 313 39 39 312 10 0 0
469 1 0 0 0 0 0 1 1 1 0 0 0 0
475 5 0 0 4 0 0 0 0 0 0 0 0 0
fn=_dl_assign_tls_modid
131 2 1 1 0 0 0 0 0 0 0 0 0 0
134 2 0 0 1 0 0 0 0 0 1 0 0 0
147 1 1 1 1 0 0 0 0 0 0 0 0 0
186 1 0 0 0 0 0 0 0 0 0 0 0 0
188 1 0 0 0 0 0 1 0 0 0 0 0 0
191 1 0 0 0 0 0 1 0 0 0 0 0 0
192 2 0 0 1 0 0 0 0 0 0 0 0 0
fn=_dl_count_modids
197 1 1 1 0 0 0 0 0 0 0 0 0 0
199 2 0 0 1 0 0 0 0 0 1 0 0 0
200 1 0 0 1 0 0 0 0 0 0 0 0 0
215 2 0 0 1 0 0 0 0 0 0 0 0 0
fn=_dl_determine_tlsoffset
221 8 2 2 0 0 0 6 0 0 0 0 0 0
222 1 0 0 0 0 0 0 0 0 0 0 0 0
223 1 0 0 0 0 0 0 0 0 0 0 0 0
224 1 0 0 0 0 0 0 0 0 0 0 0 0
227 3 0 0 1 0 0 0 0 0 1 0 0 0
230 2 0 0 1 0 0 0 0 0 1 0 0 0
264 1 0 0 0 0 0 0 0 0 0 0 0 0
266 16 0 0 3 0 0 0 0 0 3 1 0 0
268 7 2 2 3 0 0 1 0 0 2 0 0 0
270 6 0 0 2 0 0 0 0 0 0 0 0 0
271 4 0 0 2 0 0 0 0 0 0 0 0 0
273 4 1 1 0 0 0 0 0 0 0 0 0 0
275 10 0 0 2 0 0 0 0 0 2 2 0 0
286 2 0 0 0 0 0 2 0 0 0 0 0 0
291 16 0 0 0 0 0 0 0 0 0 0 0 0
293 4 0 0 0 0 0 0 0 0 2 1 0 0
294 2 0 0 0 0 0 0 0 0 0 0 0 0
297 3 0 0 0 0 0 0 0 0 0 0 0 0
306 1 0 0 0 0 0 1 0 0 0 0 0 0
307 9 1 1 1 0 0 1 0 0 0 0 0 0
309 2 0 0 0 0 0 0 0 0 0 0 0 0
360 8 1 1 7 0 0 0 0 0 0 0 0 0
fn=_dl_tls_static_surplus_init
83 3 0 0 0 0 0 0 0 0 0 0 0 0
97 6 1 1 0 0 0 3 0 0 0 0 0 0
101 6 1 1 1 0 0 1 0 0 0 0 0 0
102 6 0 0 1 0 0 1 0 0 0 0 0 0
108 2 0 0 0 0 0 0 0 0 0 0 0 0
110 4 0 0 0 0 0 0 0 0 1 0 0 0
113 1 0 0 0 0 0 0 0 0 0 0 0 0
115 1 0 0 0 0 0 1 0 0 0 0 0 0
117 3 0 0 0 0 0 1 0 0 0 0 0 0
118 5 0 0 4 0 0 0 0 0 0 0 0 0
fl=./elf/../include/list.h
fn=__tls_init_tp
43 2 1 1 1 1 0 1 0 0 0 0 0 0
44 2 0 0 0 0 0 1 0 0 0 0 0 0
45 1 0 0 0 0 0 1 0 0 0 0 0 0
47 1 0 0 0 0 0 1 0 0 0 0 0 0
fl=./elf/../include/rtld-malloc.h
fn=__minimal_calloc
56 12 0 0 12 0 0 0 0 0 0 0 12 1
fn=_dl_allocate_tls
44 64 0 0 32 1 0 32 0 0 0 0 32 1
fn=_dl_allocate_tls_storage
44 2 0 0 1 0 0 1 0 0 0 0 1 1
56 1 0 0 1 0 0 1 0 0 0 0 1 1
fn=_dl_check_map_versions
44 15 0 0 5 0 0 5 0 0 0 0 5 1
fn=_dl_find_object_init
56 2 0 0 1 0 0 1 0 0 0 0 1 1
fn=_dl_important_hwcaps
56 3 1 1 2 0 0 3 0 0 0 0 2 2
fn=_dl_init_paths
56 5 0 0 3 0 0 3 0 0 0 0 3 3
fn=_dl_map_object_deps
56 10 0 0 5 0 0 5 0 0 0 0 5 5
fn=_dl_new_object
44 20 1 1 5 0 0 10 1 1 0 0 5 1
56 12 0 0 4 0 0 4 0 0 0 0 4 1
fn=fillin_rpath.isra.0
50 2 0 0 2 0 0 1 0 0 0 0 1 1
51 1 0 0 0 0 0 0 0 0 0 0 0 0
56 2 0 0 1 0 0 1 0 0 0 0 1 1
fn=init_tls
44 2 0 0 1 0 0 1 0 0 0 0 1 1
fn=open_verify.constprop.0
50 6 0 0 3 0 0 3 0 0 0 0 3 1
fn=open_verify.constprop.1
50 2 1 1 1 0 0 1 0 0 0 0 1 1
fl=./elf/../include/scratch_buffer.h
fn=_dl_map_object_deps
77 3 0 0 0 0 0 2 1 1 0 0 0 0
78 1 0 0 0 0 0 1 0 0 0 0 0 0
85 3 1 1 2 0 0 0 0 0 1 1 0 0
131 12 0 0 0 0 0 4 0 0 0 0 0 0
fl=./elf/../misc/sbrk.c
fn=sbrk
37 5 0 0 0 0 0 2 0 0 0 0 0 0
40 1 1 1 1 0 0 0 0 0 0 0 0 0
58 2 0 0 0 0 0 0 0 0 1 0 0 0
62 2 0 0 0 0 0 0 0 0 1 1 0 0
78 5 0 0 3 0 0 0 0 0 0 0 0 0
fl=./elf/../nptl/nptl-stack.h
fn=__libc_early_init
58 8 1 1 2 1 0 0 0 0 0 0 0 0
fl=./elf/../sysdeps/generic/dl-cache.h
fn=_dl_load_cache_lookup
125 15 1 1 3 0 0 0 0 0 0 0 0 0
194 1 0 0 1 0 0 0 0 0 0 0 0 0
195 5 0 0 0 0 0 0 0 0 1 1 0 0
fl=./elf/../sysdeps/generic/dl-debug.h
fn=dl_main
29 3 0 0 1 0 0 0 0 0 1 0 0 0
30 2 0 0 1 0 0 1 0 0 0 0 0 0
fl=./elf/../sysdeps/generic/dl-hash.h
fn=__rtld_malloc_init_real
43 1 0 0 0 0 0 0 0 0 0 0 0 0
44 1 0 0 0 0 0 0 0 0 0 0 0 0
45 19 2 2 6 1 1 0 0 0 6 5 0 0
48 18 0 0 0 0 0 0 0 0 0 0 0 0
62 24 0 0 0 0 0 0 0 0 0 0 0 0
67 1 0 0 0 0 0 0 0 0 0 0 0 0
72 1 0 0 0 0 0 1 0 0 0 0 0 0
fl=./elf/../sysdeps/generic/dl-protected.h
fn=do_lookup_x
29 466 0 0 0 0 0 0 0 0 233 3 0 0
44 1736 0 0 0 0 0 496 0 0 0 0 0 0
fl=./elf/../sysdeps/generic/ldsodefs.h
fn=_dl_relocate_object
138 717 0 0 239 0 0 0 0 0 0 0 0 0
fn=_dl_start
80 3 0 0 2 0 0 0 0 0 0 0 0 0
fn=do_lookup_x
137 466 3 1 233 0 0 0 0 0 0 0 0 0
138 699 0 0 0 0 0 0 0 0 0 0 0 0
fl=./elf/../sysdeps/nptl/dl-mutex.c
fn=__rtld_mutex_init
30 4 1 1 0 0 0 3 0 0 0 0 0 0
37 1 0 0 1 0 0 0 0 0 0 0 0 0
40 7 1 1 0 0 0 1 0 0 0 0 0 0
44 2 0 0 0 0 0 0 0 0 1 0 0 0
45 9 0 0 3 0 0 1 0 0 1 0 0 0
47 6 1 1 0 0 0 1 0 0 0 0 0 0
51 2 0 0 0 0 0 0 0 0 1 0 0 0
52 7 0 0 3 0 0 1 0 0 1 0 0 0
53 4 0 0 4 0 0 0 0 0 0 0 0 0
fl=./elf/../sysdeps/nptl/dl-tls_init_tp.c
fn=__tls_init_tp
68 3 0 0 0 0 0 1 0 0 0 0 0 0
69 1 0 0 1 0 0 0 0 0 0 0 0 0
72 1 0 0 0 0 0 0 0 0 0 0 0 0
75 4 1 1 0 0 0 1 0 0 0 0 0 0
76 2 0 0 0 0 0 1 0 0 0 0 0 0
77 1 0 0 0 0 0 1 0 0 0 0 0 0
82 2 0 0 1 0 0 1 0 0 0 0 0 0
87 4 0 0 0 0 0 1 0 0 0 0 0 0
90 1 1 1 0 0 0 1 0 0 0 0 0 0
93 3 0 0 0 0 0 0 0 0 0 0 0 0
106 4 0 0 0 0 0 1 0 0 0 0 0 0
123 3 0 0 2 1 0 1 1 0 0 0 0 0
130 2 1 1 1 0 0 1 0 0 0 0 0 0
132 1 0 0 0 0 0 1 0 0 0 0 0 0
133 1 0 0 0 0 0 1 0 0 0 0 0 0
134 3 0 0 2 0 0 0 0 0 0 0 0 0
fn=__tls_pre_init_tp
53 3 1 1 0 0 0 0 0 0 0 0 0 0
56 10 1 1 0 0 0 3 1 1 0 0 0 0
61 2 0 0 0 0 0 1 0 0 0 0 0 0
62 1 0 0 0 0 0 1 0 0 0 0 0 0
64 1 0 0 1 0 0 0 0 0 0 0 0 0
fn=rtld_mutex_dummy
42 12 0 0 0 0 0 0 0 0 0 0 0 0
44 24 0 0 12 0 0 0 0 0 0 0 0 0
fl=./elf/../sysdeps/nptl/pthread_early_init.h
fn=__libc_early_init
33 6 0 0 0 0 0 1 0 0 1 0 0 0
34 6 1 1 1 0 0 0 0 0 0 0 0 0
45 2 0 0 2 1 0 0 0 0 0 0 0 0
46 1 0 0 0 0 0 0 0 0 0 0 0 0
52 7 0 0 0 0 0 1 0 0 0 0 0 0
53 1 0 0 0 0 0 1 0 0 0 0 0 0
54 1 0 0 0 0 0 1 1 1 0 0 0 0
57 1 0 0 0 0 0 1 0 0 0 0 0 0
fl=./elf/../sysdeps/posix/dl-fileid.h
fn=_dl_map_object_from_fd
37 20 1 1 4 0 0 4 0 0 4 0 0 0
40 16 1 1 12 1 1 4 0 0 0 0 0 0
49 43 1 1 21 1 1 0 0 0 20 8 0 0
fl=./elf/../sysdeps/unix/sysv/linux/brk.c
fn=brk
35 1 1 1 0 0 0 0 0 0 0 0 0 0
36 3 0 0 0 0 0 1 1 1 0 0 0 0
37 2 0 0 0 0 0 0 0 0 1 0 0 0
43 1 0 0 0 0 0 0 0 0 0 0 0 0
44 1 0 0 1 0 0 0 0 0 0 0 0 0
fl=./elf/../sysdeps/unix/sysv/linux/dl-osinfo.h
fn=dl_main
64 2 0 0 1 1 0 0 0 0 0 0 0 0
fl=./elf/../sysdeps/unix/sysv/linux/dl-sysdep.c
fn=_dl_discover_osversion
46 5 1 1 0 0 0 3 0 0 0 0 0 0
48 3 0 0 1 0 0 0 0 0 1 1 0 0
88 4 1 1 0 0 0 1 1 1 1 0 0 0
103 1 0 0 0 0 0 0 0 0 0 0 0 0
107 1 0 0 0 0 0 0 0 0 0 0 0 0
108 1 0 0 0 0 0 0 0 0 0 0 0 0
110 12 1 1 3 1 1 0 0 0 3 0 0 0
112 6 0 0 0 0 0 0 0 0 0 0 0 0
114 17 0 0 4 0 0 0 0 0 4 2 0 0
116 1 0 0 0 0 0 0 0 0 0 0 0 0
117 4 0 0 0 0 0 0 0 0 0 0 0 0
120 3 1 1 0 0 0 0 0 0 0 0 0 0
121 3 0 0 0 0 0 0 0 0 0 0 0 0
122 3 0 0 0 0 0 0 0 0 0 0 0 0
124 13 0 0 0 0 0 0 0 0 5 3 0 0
129 2 0 0 0 0 0 0 0 0 1 1 0 0
133 5 0 0 4 0 0 0 0 0 0 0 0 0
fn=_dl_sysdep_start
36 2 0 0 0 0 0 1 0 0 0 0 0 0
fl=./elf/../sysdeps/unix/sysv/linux/dl-vdso-setup.h
fn=dl_main
30 3 1 1 0 0 0 2 0 0 0 0 0 0
33 1 1 1 0 0 0 1 0 0 0 0 0 0
36 1 0 0 0 0 0 1 0 0 0 0 0 0
39 1 0 0 0 0 0 1 0 0 0 0 0 0
45 1 1 1 0 0 0 1 0 0 0 0 0 0
fl=./elf/../sysdeps/unix/sysv/linux/dl-vdso.h
fn=dl_main
40 1 1 1 1 0 0 0 0 0 0 0 0 0
41 2 0 0 0 0 0 0 0 0 1 1 0 0
55 2 0 0 0 0 0 0 0 0 0 0 0 0
fl=./elf/../sysdeps/unix/sysv/linux/rseq-internal.h
fn=__tls_init_tp
32 3 0 0 1 0 0 0 0 0 1 0 0 0
34 7 1 1 0 0 0 0 0 0 0 0 0 0
37 2 0 0 0 0 0 0 0 0 1 0 0 0
40 1 0 0 0 0 0 1 0 0 0 0 0 0
fl=./elf/../sysdeps/unix/sysv/linux/x86/cpu-features.c
fn=init_cpu_features.constprop.0
27 6 0 0 0 0 0 0 0 0 1 0 0 0
fl=./elf/../sysdeps/unix/sysv/linux/x86/dl-minsigstacksize.h
fn=get_common_indices.constprop.0
24 2 1 1 1 0 0 0 0 0 1 0 0 0
27 2 0 0 1 0 0 0 0 0 1 0 0 0
28 2 0 0 1 0 0 0 0 0 1 0 0 0
65 3 0 0 0 0 0 0 0 0 0 0 0 0
72 1 0 0 0 0 0 0 0 0 0 0 0 0
74 1 1 1 0 0 0 1 0 0 0 0 0 0
fl=./elf/../sysdeps/x86/cpu-features.c
fn=get_common_indices.constprop.0
325 1 1 1 0 0 0 1 0 0 0 0 0 0
329 4 0 0 0 0 0 0 0 0 1 0 0 0
332 5 1 1 0 0 0 3 0 0 0 0 0 0
336 1 0 0 0 0 0 1 0 0 0 0 0 0
337 4 0 0 0 0 0 1 0 0 0 0 0 0
338 4 0 0 0 0 0 1 0 0 0 0 0 0
339 4 0 0 0 0 0 1 0 0 0 0 0 0
340 3 0 0 0 0 0 1 0 0 0 0 0 0
341 2 0 0 1 0 0 0 0 0 1 0 0 0
348 2 1 1 1 0 0 0 0 0 1 0 0 0
350 9 0 0 0 0 0 4 1 1 0 0 0 0
355 8 0 0 0 0 0 4 1 1 0 0 0 0
362 2 1 1 1 0 0 0 0 0 1 0 0 0
363 7 1 1 0 0 0 4 1 1 0 0 0 0
369 2 0 0 1 0 0 0 0 0 1 1 0 0
384 2 0 0 2 0 0 0 0 0 0 0 0 0
fn=init_cpu_features.constprop.0
303 3 0 0 0 0 0 0 0 0 0 0 0 0
304 2 0 0 0 0 0 0 0 0 1 0 0 0
305 6 1 1 0 0 0 4 0 0 0 0 0 0
310 2 0 0 0 0 0 0 0 0 1 0 0 0
311 6 0 0 0 0 0 4 0 0 0 0 0 0
316 2 0 0 0 0 0 0 0 0 1 0 0 0
317 6 1 1 0 0 0 4 0 0 0 0 0 0
399 7 2 2 0 0 0 6 0 0 0 0 0 0
402 1 0 0 0 0 0 1 1 1 0 0 0 0
403 1 0 0 0 0 0 1 0 0 0 0 0 0
404 1 0 0 0 0 0 1 1 1 0 0 0 0
415 3 0 0 0 0 0 1 0 0 0 0 0 0
418 6 1 1 0 0 0 0 0 0 3 1 0 0
419 1 0 0 0 0 0 0 0 0 0 0 0 0
422 2 0 0 0 0 0 0 0 0 0 0 0 0
424 6 2 2 0 0 0 1 1 1 0 0 0 0
429 1 0 0 0 0 0 1 0 0 0 0 0 0
431 3 0 0 1 0 0 0 0 0 1 1 0 0
433 4 1 1 2 0 0 1 0 0 0 0 0 0
434 15 2 2 0 0 0 0 0 0 5 1 0 0
489 3 1 1 1 0 0 0 0 0 1 0 0 0
503 1 0 0 1 0 0 0 0 0 0 0 0 0
513 7 1 1 0 0 0 0 0 0 2 1 0 0
516 1 0 0 1 0 0 0 0 0 0 0 0 0
564 2 1 1 1 0 0 0 0 0 1 0 0 0
571 2 0 0 1 0 0 0 0 0 1 0 0 0
573 1 0 0 1 0 0 0 0 0 0 0 0 0
577 2 0 0 1 0 0 0 0 0 1 1 0 0
579 2 1 1 1 0 0 0 0 0 0 0 0 0
583 2 0 0 1 0 0 0 0 0 1 1 0 0
593 1 1 1 0 0 0 0 0 0 0 0 0 0
687 5 1 1 1 0 0 0 0 0 1 0 0 0
688 1 0 0 1 0 0 0 0 0 0 0 0 0
691 2 0 0 0 0 0 0 0 0 1 0 0 0
692 1 0 0 1 0 0 0 0 0 0 0 0 0
698 1 0 0 0 0 0 1 0 0 0 0 0 0
699 1 0 0 0 0 0 1 0 0 0 0 0 0
701 1 0 0 0 0 0 1 0 0 0 0 0 0
706 4 0 0 0 0 0 1 0 0 0 0 0 0
710 3 1 1 1 0 0 0 0 0 1 0 0 0
723 2 0 0 0 0 0 0 0 0 0 0 0 0
724 4 0 0 1 0 0 0 0 0 1 1 0 0
770 1 0 0 0 0 0 1 0 0 0 0 0 0
771 2 1 1 1 0 0 0 0 0 1 1 0 0
775 3 1 1 1 0 0 0 0 0 1 1 0 0
792 2 1 1 0 0 0 0 0 0 0 0 0 0
793 2 0 0 0 0 0 0 0 0 1 1 0 0
817 4 1 1 0 0 0 1 0 0 0 0 0 0
819 4 0 0 0 0 0 1 0 0 0 0 0 0
829 2 1 1 1 0 0 0 0 0 0 0 0 0
874 8 0 0 7 0 0 0 0 0 0 0 0 0
fn=update_active.constprop.0
43 7 1 1 0 0 0 6 1 1 0 0 0 0
47 1 0 0 1 0 0 0 0 0 0 0 0 0
55 3 0 0 1 0 0 0 0 0 0 0 0 0
56 3 0 0 0 0 0 0 0 0 0 0 0 0
57 1 0 0 1 0 0 0 0 0 0 0 0 0
65 4 1 1 1 0 0 1 0 0 0 0 0 0
66 1 0 0 1 0 0 0 0 0 0 0 0 0
74 4 1 1 1 0 0 1 0 0 0 0 0 0
75 1 0 0 1 0 0 0 0 0 0 0 0 0
76 3 0 0 0 0 0 1 0 0 0 0 0 0
80 4 0 0 0 0 0 1 0 0 0 0 0 0
83 3 0 0 1 0 0 0 0 0 0 0 0 0
84 1 0 0 1 0 0 0 0 0 0 0 0 0
87 3 0 0 1 0 0 0 0 0 0 0 0 0
88 2 0 0 1 0 0 1 1 1 0 0 0 0
92 8 1 1 1 0 0 2 0 0 0 0 0 0
93 3 0 0 2 0 0 0 0 0 0 0 0 0
94 3 1 1 2 0 0 0 0 0 0 0 0 0
95 1 0 0 1 0 0 0 0 0 0 0 0 0
97 4 0 0 1 0 0 1 0 0 0 0 0 0
98 3 1 1 2 1 1 0 0 0 0 0 0 0
100 2 0 0 0 0 0 0 0 0 1 0 0 0
101 4 0 0 0 0 0 1 0 0 0 0 0 0
104 4 0 0 0 0 0 1 0 0 0 0 0 0
105 4 1 1 0 0 0 1 0 0 0 0 0 0
109 2 0 0 0 0 0 0 0 0 1 0 0 0
113 2 0 0 0 0 0 0 0 0 0 0 0 0
115 4 0 0 0 0 0 0 0 0 1 1 0 0
119 2 1 1 0 0 0 0 0 0 1 0 0 0
121 1 0 0 0 0 0 0 0 0 0 0 0 0
124 2 1 1 0 0 0 0 0 0 1 0 0 0
134 4 0 0 0 0 0 1 0 0 0 0 0 0
140 4 0 0 0 0 0 1 0 0 0 0 0 0
142 4 1 1 2 0 0 1 0 0 0 0 0 0
144 3 0 0 0 0 0 1 0 0 0 0 0 0
149 4 0 0 0 0 0 0 0 0 0 0 0 0
154 2 0 0 0 0 0 0 0 0 1 1 0 0
198 3 0 0 0 0 0 0 0 0 1 0 0 0
210 2 0 0 0 0 0 1 0 0 0 0 0 0
211 1 0 0 1 0 0 0 0 0 0 0 0 0
214 4 1 1 1 0 0 1 0 0 0 0 0 0
218 2 0 0 1 0 0 0 0 0 1 1 0 0
222 3 1 1 0 0 0 0 0 0 0 0 0 0
223 2 0 0 0 0 0 0 0 0 1 0 0 0
225 1 0 0 0 0 0 0 0 0 0 0 0 0
226 1 0 0 0 0 0 0 0 0 0 0 0 0
229 2 0 0 0 0 0 1 0 0 0 0 0 0
231 1 0 0 0 0 0 1 1 1 0 0 0 0
234 2 0 0 0 0 0 0 0 0 1 1 0 0
285 3 0 0 1 0 0 0 0 0 1 1 0 0
289 3 0 0 1 0 0 0 0 0 1 1 0 0
296 1 0 0 0 0 0 1 0 0 0 0 0 0
297 8 0 0 7 0 0 0 0 0 0 0 0 0
fl=./elf/../sysdeps/x86/dl-cacheinfo.h
fn=get_common_cache_info.constprop.0
481 9 1 1 0 0 0 6 0 0 0 0 0 0
496 1 0 0 1 0 0 0 0 0 0 0 0 0
497 1 0 0 1 0 0 0 0 0 0 0 0 0
498 2 0 0 1 0 0 1 0 0 0 0 0 0
499 1 0 0 1 0 0 0 0 0 0 0 0 0
505 1 0 0 0 0 0 1 0 0 0 0 0 0
507 8 1 1 3 0 0 2 0 0 0 0 0 0
510 4 1 1 0 0 0 2 0 0 1 0 0 0
521 1 0 0 0 0 0 0 0 0 0 0 0 0
526 3 0 0 1 0 0 0 0 0 1 0 0 0
530 2 0 0 0 0 0 0 0 0 1 1 0 0
535 6 1 1 1 0 0 1 0 0 1 1 0 0
538 23 2 2 0 0 0 0 0 0 1 0 0 0
545 8 0 0 0 0 0 0 0 0 4 0 0 0
548 26 0 0 0 0 0 0 0 0 4 1 0 0
553 2 1 1 0 0 0 0 0 0 1 0 0 0
557 3 0 0 0 0 0 0 0 0 0 0 0 0
558 1 0 0 0 0 0 0 0 0 0 0 0 0
562 6 0 0 0 0 0 0 0 0 3 2 0 0
566 3 0 0 0 0 0 0 0 0 0 0 0 0
569 4 0 0 0 0 0 1 0 0 0 0 0 0
570 1 0 0 0 0 0 0 0 0 0 0 0 0
575 4 0 0 0 0 0 0 0 0 2 2 0 0
581 4 0 0 0 0 0 0 0 0 1 0 0 0
589 7 0 0 1 0 0 0 0 0 0 0 0 0
591 2 0 0 0 0 0 0 0 0 1 0 0 0
593 5 0 0 0 0 0 0 0 0 2 1 0 0
595 12 1 1 0 0 0 0 0 0 1 1 0 0
597 1 0 0 0 0 0 0 0 0 0 0 0 0
598 1 0 0 0 0 0 0 0 0 0 0 0 0
599 9 0 0 1 0 0 0 0 0 2 0 0 0
601 4 1 1 0 0 0 0 0 0 2 1 0 0
604 2 0 0 0 0 0 0 0 0 1 0 0 0
609 1 0 0 0 0 0 0 0 0 0 0 0 0
611 5 0 0 0 0 0 0 0 0 0 0 0 0
612 3 0 0 0 0 0 0 0 0 0 0 0 0
613 1 1 1 0 0 0 0 0 0 0 0 0 0
616 2 0 0 0 0 0 0 0 0 0 0 0 0
619 2 1 1 0 0 0 0 0 0 1 0 0 0
626 1 0 0 0 0 0 0 0 0 0 0 0 0
628 4 0 0 0 0 0 0 0 0 0 0 0 0
629 1 0 0 0 0 0 0 0 0 0 0 0 0
634 2 1 1 0 0 0 0 0 0 0 0 0 0
639 2 0 0 0 0 0 0 0 0 1 1 0 0
641 2 0 0 0 0 0 0 0 0 1 0 0 0
642 3 0 0 0 0 0 0 0 0 0 0 0 0
643 2 0 0 1 0 0 0 0 0 1 1 0 0
681 4 1 1 0 0 0 0 0 0 2 0 0 0
682 5 0 0 0 0 0 0 0 0 0 0 0 0
686 2 0 0 1 0 0 0 0 0 1 1 0 0
693 1 0 0 0 0 0 1 0 0 0 0 0 0
694 1 0 0 0 0 0 1 0 0 0 0 0 0
695 7 0 0 7 0 0 0 0 0 0 0 0 0
fn=handle_intel.constprop.0
250 96 0 0 0 0 0 72 0 0 0 0 0 0
255 24 1 1 12 0 0 0 0 0 12 0 0 0
261 24 0 0 0 0 0 12 0 0 0 0 0 0
263 12 0 0 0 0 0 12 0 0 0 0 0 0
264 36 1 1 0 0 0 12 0 0 0 0 0 0
266 15 0 0 1 0 0 0 0 0 1 0 0 0
272 60 0 0 0 0 0 12 0 0 0 0 0 0
277 24 0 0 0 0 0 0 0 0 12 0 0 0
279 24 0 0 0 0 0 12 0 0 0 0 0 0
280 12 0 0 0 0 0 0 0 0 0 0 0 0
284 48 1 1 0 0 0 12 0 0 0 0 0 0
286 24 0 0 0 0 0 0 0 0 12 0 0 0
289 60 0 0 0 0 0 12 0 0 0 0 0 0
291 24 0 0 0 0 0 0 0 0 12 11 0 0
294 5 0 0 0 0 0 1 0 0 0 0 0 0
296 2 0 0 0 0 0 0 0 0 1 0 0 0
299 5 0 0 1 0 0 1 0 0 0 0 0 0
301 2 0 0 0 0 0 0 0 0 1 0 0 0
305 3 0 0 0 0 0 0 0 0 1 1 0 0
310 96 1 1 84 0 0 0 0 0 0 0 0 0
fn=init_cpu_features.constprop.0
706 1 0 0 0 0 0 1 0 0 0 0 0 0
708 1 1 1 0 0 0 1 0 0 0 0 0 0
722 2 0 0 0 0 0 0 0 0 1 1 0 0
724 5 1 1 0 0 0 3 1 1 0 0 0 0
725 3 0 0 0 0 0 1 0 0 0 0 0 0
726 4 1 1 0 0 0 2 0 0 0 0 0 0
729 3 0 0 0 0 0 2 0 0 0 0 0 0
731 3 0 0 0 0 0 2 0 0 0 0 0 0
732 1 0 0 0 0 0 1 0 0 0 0 0 0
734 3 0 0 0 0 0 2 0 0 0 0 0 0
736 3 0 0 0 0 0 2 0 0 0 0 0 0
737 1 0 0 0 0 0 1 0 0 0 0 0 0
739 3 1 1 0 0 0 2 0 0 0 0 0 0
741 3 0 0 0 0 0 2 0 0 0 0 0 0
744 3 0 0 0 0 0 2 0 0 0 0 0 0
746 3 0 0 0 0 0 1 0 0 0 0 0 0
748 3 1 1 0 0 0 2 0 0 0 0 0 0
750 4 0 0 0 0 0 1 0 0 0 0 0 0
840 18 3 3 10 0 0 6 2 2 0 0 0 0
863 15 1 1 2 0 0 1 0 0 0 0 0 0
885 2 0 0 1 0 0 0 0 0 1 1 0 0
886 1 0 0 1 0 0 0 0 0 0 0 0 0
893 11 2 2 0 0 0 0 0 0 0 0 0 0
910 4 1 1 1 0 0 0 0 0 0 0 0 0
923 4 0 0 1 0 0 1 0 0 0 0 0 0
931 5 0 0 1 0 0 1 0 0 0 0 0 0
933 2 1 1 0 0 0 0 0 0 1 1 0 0
936 5 0 0 1 0 0 1 0 0 0 0 0 0
938 4 0 0 1 0 0 1 0 0 0 0 0 0
941 5 1 1 1 0 0 1 0 0 0 0 0 0
942 5 0 0 0 0 0 1 0 0 1 0 0 0
946 6 1 1 1 0 0 2 0 0 0 0 0 0
947 3 0 0 1 0 0 0 0 0 1 1 0 0
953 8 0 0 3 0 0 2 0 0 0 0 0 0
956 15 2 2 1 0 0 6 0 0 0 0 0 0
957 9 1 1 1 0 0 4 0 0 0 0 0 0
958 12 1 1 1 0 0 5 0 0 0 0 0 0
961 8 0 0 0 0 0 4 0 0 0 0 0 0
963 8 1 1 0 0 0 4 0 0 0 0 0 0
967 7 1 1 4 0 0 3 0 0 0 0 0 0
970 1 0 0 0 0 0 0 0 0 0 0 0 0
fn=intel_check_word.constprop.0
110 690 0 0 345 8 8 0 0 0 345 8 0 0
113 345 0 0 0 0 0 0 0 0 345 32 0 0
119 104 0 0 0 0 0 78 1 1 0 0 0 0
123 78 1 1 0 0 0 0 0 0 26 0 0 0
125 15 0 0 0 0 0 0 0 0 0 0 0 0
129 156 0 0 0 0 0 0 0 0 0 0 0 0
131 154 1 1 0 0 0 0 0 0 77 4 0 0
133 63 1 1 0 0 0 0 0 0 0 0 0 0
135 126 0 0 0 0 0 0 0 0 63 0 0 0
143 126 0 0 0 0 0 0 0 0 63 2 0 0
152 54 1 1 0 0 0 0 0 0 21 7 0 0
155 120 2 2 0 0 0 0 0 0 0 0 0 0
158 99 0 0 0 0 0 0 0 0 33 1 0 0
162 64 0 0 0 0 0 0 0 0 0 0 0 0
164 186 0 0 0 0 0 0 0 0 39 14 0 0
166 84 0 0 0 0 0 0 0 0 24 6 0 0
168 44 0 0 0 0 0 0 0 0 11 5 0 0
169 32 0 0 0 0 0 0 0 0 8 3 0 0
170 10 0 0 0 0 0 0 0 0 5 3 0 0
172 11 1 1 0 0 0 0 0 0 0 0 0 0
174 22 0 0 0 0 0 0 0 0 11 4 0 0
176 12 1 1 0 0 0 0 0 0 0 0 0 0
177 16 0 0 0 0 0 0 0 0 0 0 0 0
178 12 1 1 0 0 0 0 0 0 0 0 0 0
179 20 0 0 0 0 0 0 0 0 0 0 0 0
180 14 0 0 0 0 0 0 0 0 7 3 0 0
181 12 1 1 0 0 0 0 0 0 0 0 0 0
183 8 0 0 0 0 0 0 0 0 4 0 0 0
184 12 0 0 0 0 0 0 0 0 0 0 0 0
187 21 0 0 0 0 0 0 0 0 0 0 0 0
194 204 0 0 0 0 0 0 0 0 51 5 0 0
202 200 0 0 50 0 0 0 0 0 0 0 0 0
216 51 0 0 0 0 0 0 0 0 0 0 0 0
246 104 0 0 104 0 0 0 0 0 0 0 0 0
fl=./elf/../sysdeps/x86/dl-cet.c
fn=_dl_cet_check
41 2 0 0 0 0 0 0 0 0 0 0 0 0
42 1 0 0 1 1 1 0 0 0 0 0 0 0
44 1 0 0 0 0 0 0 0 0 0 0 0 0
45 1 0 0 0 0 0 0 0 0 0 0 0 0
48 4 1 1 0 0 0 0 0 0 1 0 0 0
49 2 0 0 0 0 0 0 0 0 0 0 0 0
51 1 0 0 1 0 0 0 0 0 0 0 0 0
62 2 0 0 0 0 0 0 0 0 1 1 0 0
252 8 1 1 0 0 0 6 0 0 0 0 0 0
254 8 1 1 7 0 0 0 0 0 0 0 0 0
fl=./elf/../sysdeps/x86/dl-get-cpu-features.c
fn=__x86_cpu_features
39 3 0 0 1 0 0 0 0 0 1 0 0 0
71 3 1 0 1 0 0 0 0 0 0 0 0 0
fn=_dl_x86_init_cpu_features
37 1 1 1 0 0 0 0 0 0 0 0 0 0
39 3 0 0 1 0 0 0 0 0 1 1 0 0
41 1 1 1 0 0 0 0 0 0 0 0 0 0
fl=./elf/../sysdeps/x86/dl-hwcap.h
fn=_dl_important_hwcaps
57 3 0 0 0 0 0 0 0 0 0 0 0 0
fl=./elf/../sysdeps/x86/dl-procinfo.h
fn=_dl_load_cache_lookup
39 6 1 1 0 0 0 0 0 0 3 0 0 0
42 45 1 1 3 0 0 15 1 1 3 0 0 0
fl=./elf/../sysdeps/x86/dl-prop.h
fn=_dl_map_object_from_fd
95 28 0 0 14 0 0 0 0 0 14 3 0 0
100 3 0 0 0 0 0 0 0 0 0 0 0 0
101 6 0 0 0 0 0 3 0 0 0 0 0 0
102 3 1 1 0 0 0 3 0 0 0 0 0 0
103 3 0 0 0 0 0 0 0 0 0 0 0 0
105 21 0 0 0 0 0 0 0 0 6 2 0 0
108 9 1 1 3 0 0 0 0 0 3 0 0 0
109 6 0 0 3 0 0 0 0 0 3 0 0 0
110 6 0 0 3 0 0 0 0 0 3 0 0 0
114 9 0 0 3 0 0 0 0 0 3 0 0 0
118 9 0 0 0 0 0 3 0 0 0 0 0 0
121 9 1 1 3 0 0 0 0 0 0 0 0 0
122 6 0 0 0 0 0 0 0 0 3 0 0 0
126 3 0 0 0 0 0 0 0 0 0 0 0 0
127 12 0 0 0 0 0 3 0 0 0 0 0 0
131 14 1 1 5 0 0 0 0 0 0 0 0 0
132 5 0 0 5 0 0 0 0 0 0 0 0 0
135 10 0 0 0 0 0 0 0 0 5 0 0 0
138 5 0 0 0 0 0 0 0 0 0 0 0 0
139 20 0 0 0 0 0 0 0 0 5 2 0 0
144 10 1 1 0 0 0 0 0 0 0 0 0 0
146 20 0 0 0 0 0 0 0 0 5 3 0 0
151 10 0 0 0 0 0 0 0 0 5 0 0 0
164 10 0 0 0 0 0 0 0 0 5 2 0 0
165 11 0 0 5 2 2 3 0 0 0 0 0 0
166 4 0 0 0 0 0 0 0 0 2 2 0 0
170 6 0 0 2 0 0 2 0 0 0 0 0 0
185 9 0 0 0 0 0 0 0 0 0 0 0 0
187 12 0 0 0 0 0 0 0 0 3 1 0 0
192 3 0 0 0 0 0 0 0 0 0 0 0 0
193 12 0 0 0 0 0 0 0 0 0 0 0 0
198 12 0 0 3 0 0 0 0 0 3 0 0 0
200 12 0 0 3 0 0 3 0 0 0 0 0 0
201 3 0 0 0 0 0 3 0 0 0 0 0 0
203 3 0 0 0 0 0 3 0 0 0 0 0 0
212 9 0 0 6 0 0 0 0 0 0 0 0 0
213 3 0 0 3 0 0 0 0 0 0 0 0 0
fn=dl_main
36 1 1 1 1 0 0 0 0 0 0 0 0 0
37 21 1 1 0 0 0 0 0 0 7 5 0 0
40 7 0 0 7 0 0 0 0 0 0 0 0 0
49 40 0 0 11 0 0 0 0 0 12 1 0 0
53 33 0 0 6 1 0 0 0 0 5 0 0 0
71 3 0 0 0 0 0 1 0 0 0 0 0 0
95 8 0 0 4 0 0 0 0 0 4 1 0 0
100 1 1 1 0 0 0 0 0 0 0 0 0 0
101 2 0 0 0 0 0 1 0 0 0 0 0 0
102 1 0 0 0 0 0 1 0 0 0 0 0 0
103 1 0 0 0 0 0 0 0 0 0 0 0 0
105 9 0 0 0 0 0 1 0 0 2 1 0 0
108 3 1 1 1 0 0 0 0 0 1 0 0 0
109 2 0 0 1 0 0 0 0 0 1 0 0 0
110 2 0 0 1 0 0 0 0 0 1 0 0 0
114 3 0 0 1 0 0 0 0 0 1 0 0 0
118 3 0 0 0 0 0 1 0 0 0 0 0 0
121 3 1 1 1 0 0 0 0 0 0 0 0 0
122 2 0 0 0 0 0 0 0 0 1 0 0 0
126 1 0 0 0 0 0 0 0 0 0 0 0 0
127 4 0 0 0 0 0 1 0 0 0 0 0 0
131 4 1 1 1 1 1 0 0 0 0 0 0 0
132 1 0 0 1 0 0 0 0 0 0 0 0 0
135 2 0 0 0 0 0 0 0 0 1 0 0 0
138 1 0 0 0 0 0 0 0 0 0 0 0 0
139 4 0 0 0 0 0 0 0 0 1 0 0 0
144 2 0 0 0 0 0 0 0 0 0 0 0 0
146 4 0 0 0 0 0 0 0 0 1 1 0 0
151 2 0 0 0 0 0 0 0 0 1 0 0 0
164 2 0 0 0 0 0 0 0 0 1 0 0 0
165 1 0 0 1 0 0 0 0 0 0 0 0 0
166 2 0 0 0 0 0 0 0 0 1 1 0 0
170 3 1 1 1 0 0 1 0 0 0 0 0 0
192 1 0 0 0 0 0 0 0 0 0 0 0 0
193 4 0 0 0 0 0 0 0 0 0 0 0 0
198 4 1 1 1 0 0 0 0 0 1 0 0 0
200 4 0 0 1 0 0 1 0 0 0 0 0 0
201 1 0 0 0 0 0 1 0 0 0 0 0 0
203 2 0 0 0 0 0 1 0 0 0 0 0 0
212 5 0 0 4 0 0 0 0 0 0 0 0 0
213 2 0 0 2 0 0 0 0 0 0 0 0 0
fl=./elf/../sysdeps/x86/get-isa-level.h
fn=_dl_hwcaps_subdirs_active
30 2 0 0 0 0 0 0 0 0 1 1 0 0
31 3 1 1 1 0 0 0 0 0 0 0 0 0
32 3 0 0 1 0 0 0 0 0 1 0 0 0
36 3 0 0 0 0 0 0 0 0 1 0 0 0
39 4 0 0 1 0 0 0 0 0 1 0 0 0
40 4 1 1 1 0 0 0 0 0 1 0 0 0
45 4 0 0 0 0 0 0 0 0 1 0 0 0
48 2 0 0 0 0 0 0 0 0 1 0 0 0
49 3 0 0 1 0 0 0 0 0 1 1 0 0
fn=update_active.constprop.0
28 1 0 0 0 0 0 0 0 0 0 0 0 0
30 2 0 0 0 0 0 0 0 0 0 0 0 0
31 2 1 1 0 0 0 0 0 0 0 0 0 0
32 3 0 0 0 0 0 0 0 0 1 0 0 0
36 3 0 0 0 0 0 0 0 0 1 1 0 0
38 1 0 0 0 0 0 0 0 0 0 0 0 0
39 3 1 1 1 0 0 0 0 0 1 0 0 0
40 4 0 0 1 0 0 0 0 0 1 0 0 0
45 4 1 1 0 0 0 0 0 0 0 0 0 0
47 1 0 0 0 0 0 0 0 0 0 0 0 0
48 2 0 0 0 0 0 0 0 0 1 0 0 0
49 3 0 0 1 0 0 0 0 0 1 1 0 0
fl=./elf/../sysdeps/x86_64/dl-hwcaps-subdirs.c
fn=_dl_hwcaps_subdirs_active
29 1 1 1 0 0 0 0 0 0 0 0 0 0
38 3 0 0 0 0 0 0 0 0 0 0 0 0
43 1 0 0 0 0 0 0 0 0 0 0 0 0
52 1 0 0 1 0 0 0 0 0 0 0 0 0
fl=./elf/../sysdeps/x86_64/dl-machine.h
fn=_dl_fixup
229 6 0 0 0 0 0 6 0 0 0 0 0 0
fn=_dl_relocate_object
71 20 0 0 5 0 0 0 0 0 5 2 0 0
77 12 0 0 9 1 0 0 0 0 3 2 0 0
81 9 0 0 3 3 3 0 0 0 3 0 0 0
87 3 0 0 0 0 0 3 0 0 0 0 0 0
95 9 1 1 3 0 0 0 0 0 3 0 0 0
115 6 0 0 3 0 0 0 0 0 3 0 0 0
117 6 0 0 0 0 0 3 0 0 0 0 0 0
119 15 0 0 3 2 0 0 0 0 0 0 0 0
262 510 0 0 0 0 0 0 0 0 0 0 0 0
283 510 0 0 0 0 0 0 0 0 255 0 0 0
287 510 0 0 0 0 0 0 0 0 255 0 0 0
294 12411 10 10 2874 174 133 1657 5 0 1440 44 0 0
296 1933 4 4 726 3 0 0 0 0 481 13 0 0
299 948 1 1 224 0 0 0 0 0 240 14 0 0
300 4 0 0 0 0 0 0 0 0 2 2 0 0
301 40 0 0 8 0 0 0 0 0 8 0 0 0
304 16 0 0 0 0 0 0 0 0 8 0 0 0
305 24 1 1 8 0 0 0 0 0 8 2 0 0
316 18 1 1 0 0 0 16 0 0 0 0 0 0
323 32 0 0 16 0 0 8 0 0 0 0 8 8
326 1530 0 0 255 4 3 0 0 0 255 8 255 8
422 54 1 1 18 0 0 0 0 0 18 1 0 0
426 72 0 0 18 0 0 0 0 0 18 0 0 0
431 54 0 0 36 2 2 0 0 0 0 0 0 0
440 36 0 0 18 0 0 18 6 6 0 0 0 0
450 705 2 2 468 31 30 237 31 25 0 0 0 0
474 24 0 0 0 0 0 6 0 0 0 0 0 0
484 15 0 0 0 0 0 5 0 0 0 0 0 0
507 4 0 0 4 0 0 0 0 0 0 0 0 0
508 6 1 1 2 0 0 0 0 0 2 0 0 0
509 2 0 0 0 0 0 2 0 0 0 0 2 2
510 4 0 0 2 0 0 2 1 0 0 0 0 0
529 44988 0 0 14996 1876 1876 0 0 0 0 0 0 0
530 14996 1 1 0 0 0 14996 3946 3940 0 0 0 0
534 29992 0 0 0 0 0 0 0 0 14996 0 0 0
535 29992 0 0 14996 1873 1873 0 0 0 0 0 0 0
545 266 0 0 133 0 0 0 0 0 0 0 0 0
549 152 0 0 0 0 0 0 0 0 76 0 0 0
552 228 0 0 76 0 0 0 0 0 76 0 0 0
553 76 0 0 76 14 13 0 0 0 0 0 0 0
579 114 0 0 114 0 0 0 0 0 0 0 0 0
581 57 0 0 0 0 0 57 0 0 0 0 57 57
582 57 0 0 0 0 0 57 1 1 0 0 0 0
fn=_dl_start
45 1 0 0 0 0 0 0 0 0 0 0 0 0
71 1 0 0 1 0 0 0 0 0 0 0 0 0
287 21 0 0 0 0 0 0 0 0 7 0 0 0
296 70 1 1 28 7 7 0 0 0 14 0 0 0
299 14 0 0 0 0 0 0 0 0 7 0 0 0
326 47 2 2 0 0 0 0 0 0 27 7 0 0
346 12 1 1 6 1 1 6 2 2 0 0 0 0
347 6 0 0 0 0 0 0 0 0 0 0 0 0
414 1 1 1 0 0 0 0 0 0 0 0 0 0
534 284 0 0 142 18 18 0 0 0 142 0 0 0
535 426 0 0 142 18 18 142 20 20 0 0 0 0
fn=_dl_sysdep_start
215 1 0 0 0 0 0 1 0 0 0 0 0 0
fl=./elf/../sysdeps/x86_64/dl-runtime.h
fn=_dl_fixup
28 6 0 0 0 0 0 0 0 0 0 0 0 0
fl=./elf/../sysdeps/x86_64/dl-trampoline.h
fn=_dl_runtime_resolve_xsave
67 6 2 1 0 0 0 0 0 0 0 0 0 0
72 6 0 0 0 0 0 6 0 0 0 0 0 0
75 6 0 0 0 0 0 0 0 0 0 0 0 0
77 6 0 0 0 0 0 0 0 0 0 0 0 0
87 6 0 0 6 2 0 0 0 0 0 0 0 0
93 6 0 0 0 0 0 6 1 1 0 0 0 0
94 6 0 0 0 0 0 6 0 0 0 0 0 0
95 6 2 1 0 0 0 6 0 0 0 0 0 0
96 6 0 0 0 0 0 6 0 0 0 0 0 0
97 6 0 0 0 0 0 6 0 0 0 0 0 0
98 6 0 0 0 0 0 6 0 0 0 0 0 0
99 6 0 0 0 0 0 6 0 0 0 0 0 0
103 6 0 0 0 0 0 0 0 0 0 0 0 0
104 6 0 0 0 0 0 0 0 0 0 0 0 0
107 6 0 0 0 0 0 6 1 0 0 0 0 0
108 6 0 0 0 0 0 6 0 0 0 0 0 0
110 6 0 0 0 0 0 6 0 0 0 0 0 0
111 6 0 0 0 0 0 6 0 0 0 0 0 0
112 6 2 1 0 0 0 6 0 0 0 0 0 0
113 6 0 0 0 0 0 6 0 0 0 0 0 0
114 6 0 0 0 0 0 6 0 0 0 0 0 0
115 6 0 0 0 0 0 6 0 0 0 0 0 0
117 6 0 0 6 0 0 198 7 2 0 0 0 0
124 6 0 0 6 0 0 0 0 0 0 0 0 0
125 6 0 0 6 0 0 0 0 0 0 0 0 0
126 6 0 0 0 0 0 6 1 0 0 0 0 0
127 6 0 0 0 0 0 0 0 0 0 0 0 0
132 6 0 0 0 0 0 0 0 0 0 0 0 0
133 6 0 0 0 0 0 0 0 0 0 0 0 0
134 6 0 0 216 0 0 0 0 0 0 0 0 0
136 6 2 1 6 0 0 0 0 0 0 0 0 0
137 6 0 0 6 0 0 0 0 0 0 0 0 0
138 6 0 0 6 0 0 0 0 0 0 0 0 0
139 6 0 0 6 0 0 0 0 0 0 0 0 0
140 6 0 0 6 0 0 0 0 0 0 0 0 0
141 6 0 0 6 0 0 0 0 0 0 0 0 0
142 6 0 0 6 0 0 0 0 0 0 0 0 0
144 6 0 0 0 0 0 0 0 0 0 0 0 0
146 6 0 0 6 0 0 0 0 0 0 0 0 0
150 6 0 0 0 0 0 0 0 0 0 0 0 0
152 6 0 0 0 0 0 0 0 0 0 0 6 6
fl=./elf/./dl-find_object.h
fn=_dl_find_object_from_map
95 12 1 1 6 3 0 6 2 1 0 0 0 0
96 12 1 1 6 2 0 6 0 0 0 0 0 0
97 6 0 0 0 0 0 6 2 2 0 0 0 0
103 30 0 0 12 5 0 0 0 0 0 0 0 0
104 162 0 0 0 0 0 0 0 0 56 4 0 0
105 112 1 1 56 48 8 0 0 0 56 20 0 0
107 18 0 0 12 0 0 6 0 0 0 0 0 0
112 6 0 0 6 0 0 0 0 0 0 0 0 0
fl=./elf/./dl-hwcaps.h
fn=_dl_important_hwcaps
54 12 2 2 3 0 0 6 0 0 0 0 0 0
56 8 0 0 2 0 0 6 0 0 0 0 0 0
57 1 0 0 0 0 0 0 0 0 0 0 0 0
88 9 1 1 4 0 0 5 0 0 0 0 0 0
89 8 0 0 3 0 0 5 0 0 0 0 0 0
90 6 0 0 0 0 0 0 0 0 0 0 0 0
fl=./elf/./dl-load.h
fn=_dl_map_object_from_fd
91 28 0 0 0 0 0 0 0 0 14 7 0 0
92 12 0 0 8 0 0 4 0 0 0 0 0 0
94 28 1 1 14 1 1 0 0 0 14 3 0 0
95 15 1 1 9 0 0 0 0 0 3 0 0 0
96 18 0 0 6 0 0 0 0 0 3 0 0 0
97 12 1 1 3 0 0 0 0 0 0 0 0 0
99 12 0 0 0 0 0 3 0 0 0 0 0 0
fl=./elf/./dl-main.h
fn=dl_main
109 5 1 1 4 0 0 1 0 0 0 0 0 0
fl=./elf/./dl-map-segments.h
fn=_dl_map_object_from_fd
28 12 0 0 8 0 0 0 0 0 4 1 0 0
29 27 1 1 12 0 0 6 0 0 0 0 0 0
36 5 1 1 0 0 0 1 0 0 0 0 0 0
37 7 0 0 0 0 0 1 0 0 0 0 0 0
41 2 0 0 0 0 0 0 0 0 1 0 0 0
44 4 0 0 0 0 0 1 0 0 0 0 0 0
45 8 1 1 3 0 0 2 0 0 0 0 0 0
46 2 0 0 2 0 0 0 0 0 0 0 0 0
49 4 1 1 2 0 0 0 0 0 1 0 0 0
55 3 0 0 0 0 0 0 0 0 1 1 0 0
56 7 2 2 2 0 0 3 0 0 0 0 0 0
58 6 0 0 2 0 0 0 0 0 0 0 0 0
59 2 0 0 1 0 0 0 0 0 0 0 0 0
60 2 0 0 0 0 0 0 0 0 1 1 0 0
61 3 0 0 1 0 0 1 0 0 0 0 0 0
96 8 0 0 4 0 0 0 0 0 0 0 0 0
102 4 0 0 0 0 0 4 0 0 0 0 0 0
103 10 0 0 3 0 0 0 0 0 3 0 0 0
106 12 1 1 4 0 0 4 0 0 0 0 0 0
107 8 0 0 0 0 0 4 0 0 0 0 0 0
109 8 0 0 4 0 0 0 0 0 4 2 0 0
116 16 0 0 6 0 0 2 0 0 2 0 0 0
119 14 0 0 2 0 0 2 0 0 2 0 0 0
126 4 1 1 4 0 0 0 0 0 0 0 0 0
128 4 0 0 0 0 0 0 0 0 0 0 0 0
136 70 0 0 0 0 0 0 0 0 14 4 0 0
138 40 0 0 20 0 0 0 0 0 10 0 0 0
140 110 1 1 40 0 0 20 0 0 10 4 0 0
141 10 0 0 10 0 0 0 0 0 0 0 0 0
150 56 0 0 28 0 0 0 0 0 14 8 0 0
156 4 0 0 4 0 0 0 0 0 0 0 0 0
157 4 0 0 4 0 0 0 0 0 0 0 0 0
158 20 0 0 4 0 0 0 0 0 0 0 0 0
159 8 0 0 0 0 0 0 0 0 0 0 0 0
166 8 1 1 0 0 0 0 0 0 4 0 0 0
169 8 0 0 0 0 0 0 0 0 4 0 0 0
177 28 0 0 0 0 0 12 0 0 0 0 0 0
178 8 0 0 8 0 0 0 0 0 0 0 0 0
183 8 0 0 0 0 0 0 0 0 4 1 0 0
187 8 1 1 0 0 0 1 0 0 0 0 0 0
190 2 0 0 0 0 0 0 0 0 1 1 0 0
195 14 1 1 0 0 0 0 0 0 0 0 0 0
fl=./elf/./dl-sym-post.h
fn=_dl_sym
24 6 4 2 0 0 0 2 0 0 0 0 0 0
25 10 0 0 0 0 0 0 0 0 2 0 0 0
41 4 0 0 0 0 0 0 0 0 2 1 0 0
53 8 0 0 4 2 0 0 0 0 2 0 0 0
fn=lookup_malloc_symbol
41 8 0 0 0 0 0 0 0 0 4 0 0 0
53 12 0 0 4 0 0 0 0 0 4 0 0 0
fl=./elf/./dl-tunable-types.h
fn=__GI___tunable_set_val
90 10 0 0 0 0 0 0 0 0 0 0 0 0
fl=./elf/./elf/dl-audit.c
fn=_dl_audit_activity_map
28 6 1 1 0 0 0 4 0 0 0 0 0 0
29 1 0 0 1 0 0 0 0 0 0 0 0 0
30 3 1 1 1 0 0 0 0 0 1 1 0 0
36 6 1 1 5 0 0 0 0 0 0 0 0 0
fn=_dl_audit_activity_nsid
40 18 2 1 0 0 0 12 0 0 0 0 0 0
44 12 0 0 3 0 0 0 0 0 0 0 0 0
45 3 0 0 3 1 0 0 0 0 0 0 0 0
46 12 2 2 0 0 0 0 0 0 6 1 0 0
50 18 0 0 15 0 0 0 0 0 0 0 0 0
fn=_dl_audit_objclose
96 6 1 1 0 0 0 0 0 0 0 0 0 0
97 24 0 0 12 0 0 0 0 0 6 2 0 0
fn=_dl_audit_objopen
76 4 1 1 0 0 0 0 0 0 0 0 0 0
77 16 0 0 8 0 0 0 0 0 4 0 0 0
fn=_dl_audit_preinit
117 1 1 1 0 0 0 0 0 0 0 0 0 0
118 4 0 0 2 0 0 0 0 0 1 0 0 0
fl=./elf/./elf/dl-cache.c
fn=_dl_cache_libcmp
370 87 1 1 0 0 0 0 0 0 0 0 0 0
371 365 1 1 29 0 0 0 0 0 168 10 0 0
373 489 0 0 0 0 0 0 0 0 163 5 0 0
375 173 1 1 0 0 0 0 0 0 5 0 0 0
381 15 0 0 0 0 0 0 0 0 0 0 0 0
382 15 0 0 0 0 0 0 0 0 0 0 0 0
383 154 0 0 139 0 0 0 0 0 5 2 0 0
385 154 0 0 139 1 1 0 0 0 5 2 0 0
387 10 0 0 0 0 0 0 0 0 5 2 0 0
393 316 0 0 0 0 0 0 0 0 158 0 0 0
395 316 0 0 0 0 0 0 0 0 158 24 0 0
396 72 1 1 24 0 0 0 0 0 0 0 0 0
399 134 0 0 0 0 0 0 0 0 0 0 0 0
400 134 0 0 0 0 0 0 0 0 0 0 0 0
403 44 0 0 34 24 24 0 0 0 0 0 0 0
fn=_dl_load_cache_lookup
194 48 0 0 0 0 0 0 0 0 0 0 0 0
208 3 0 0 3 0 0 0 0 0 0 0 0 0
212 24 1 1 3 0 0 9 0 0 0 0 0 0
218 36 1 1 12 0 0 12 0 0 0 0 0 0
219 6 0 0 0 0 0 0 0 0 0 0 0 0
221 15 0 0 0 0 0 0 0 0 0 0 0 0
228 60 1 1 11 0 0 6 0 0 24 4 0 0
230 87 0 0 27 0 0 0 0 0 0 0 0 0
231 48 0 0 24 21 21 0 0 0 0 0 0 0
235 48 0 0 24 0 0 0 0 0 24 0 0 0
239 72 1 1 0 0 0 24 0 0 0 0 0 0
240 48 0 0 0 0 0 0 0 0 24 2 0 0
248 16 1 1 0 0 0 0 0 0 8 4 0 0
250 10 0 0 5 2 2 0 0 0 0 0 0 0
253 10 0 0 0 0 0 0 0 0 5 0 0 0
255 30 0 0 0 0 0 5 0 0 0 0 0 0
257 5 0 0 0 0 0 0 0 0 0 0 0 0
267 6 0 0 0 0 0 0 0 0 3 2 0 0
277 6 1 1 3 0 0 0 0 0 3 0 0 0
278 9 0 0 3 0 0 0 0 0 3 0 0 0
294 6 0 0 0 0 0 0 0 0 3 0 0 0
303 6 0 0 3 0 0 0 0 0 3 0 0 0
306 6 0 0 3 0 0 0 0 0 3 0 0 0
308 9 0 0 3 0 0 0 0 0 3 0 0 0
309 6 0 0 3 0 0 0 0 0 3 0 0 0
314 18 1 1 3 0 0 3 0 0 0 0 0 0
315 12 0 0 3 0 0 0 0 0 3 0 0 0
322 6 0 0 0 0 0 0 0 0 3 0 0 0
343 12 0 0 3 0 0 3 0 0 0 0 0 0
359 21 0 0 0 0 0 0 0 0 21 10 0 0
360 11 0 0 0 0 0 0 0 0 0 0 0 0
362 20 0 0 0 0 0 10 0 0 0 0 0 0
416 30 1 1 0 0 0 18 0 0 0 0 0 0
418 6 0 0 3 0 0 0 0 0 3 0 0 0
421 9 1 1 3 0 0 0 0 0 3 1 0 0
424 5 1 1 0 0 0 1 0 0 0 0 0 0
432 5 1 1 1 0 0 0 0 0 2 0 0 0
433 8 0 0 3 1 1 0 0 0 2 0 0 0
436 7 1 1 0 0 0 0 0 0 1 0 0 0
437 1 0 0 1 0 0 0 0 0 0 0 0 0
444 1 1 1 0 0 0 1 0 0 0 0 0 0
445 2 0 0 0 0 0 1 0 0 0 0 0 0
490 6 0 0 2 0 0 0 0 0 2 0 0 0
495 9 0 0 3 0 0 0 0 0 3 0 0 0
498 9 0 0 3 0 0 3 0 0 0 0 0 0
513 6 0 0 3 0 0 0 0 0 3 0 0 0
525 54 2 2 6 0 0 3 0 0 6 4 0 0
526 12 0 0 3 0 0 3 0 0 0 0 0 0
527 3 0 0 0 0 0 3 0 0 0 0 0 0
528 24 0 0 21 0 0 0 0 0 0 0 0 0
fn=_dl_unload_cache
537 2 1 1 0 0 0 0 0 0 0 0 0 0
538 4 0 0 1 1 0 0 0 0 1 1 0 0
540 2 0 0 1 1 0 1 0 0 0 0 0 0
541 1 1 1 0 0 0 1 0 0 0 0 0 0
545 1 0 0 0 0 0 1 0 0 0 0 0 0
547 2 0 0 1 0 0 0 0 0 0 0 0 0
fl=./elf/./elf/dl-call-libc-early-init.c
fn=_dl_call_libc_early_init
27 4 1 1 0 0 0 2 0 0 0 0 0 0
29 2 0 0 0 0 0 0 0 0 1 0 0 0
33 7 1 1 0 0 0 1 0 0 0 0 0 0
37 2 0 0 0 0 0 0 0 0 1 0 0 0
39 4 0 0 3 0 0 0 0 0 1 0 0 0
40 2 0 0 0 0 0 0 0 0 0 0 1 1
41 3 0 0 2 0 0 0 0 0 0 0 0 0
fl=./elf/./elf/dl-debug.c
fn=_dl_debug_initialize
56 1 1 1 0 0 0 0 0 0 0 0 0 0
57 1 0 0 0 0 0 0 0 0 0 0 0 0
59 2 0 0 0 0 0 0 0 0 1 0 0 0
61 1 0 0 0 0 0 0 0 0 0 0 0 0
63 3 0 0 1 1 1 0 0 0 1 1 0 0
64 2 1 1 0 0 0 1 0 0 0 0 0 0
85 2 1 1 1 0 0 0 0 0 1 0 0 0
90 3 0 0 1 0 0 1 0 0 0 0 0 0
91 2 0 0 0 0 0 1 0 0 0 0 0 0
92 1 0 0 0 0 0 1 0 0 0 0 0 0
95 2 0 0 1 0 0 0 0 0 1 1 0 0
96 6 1 1 1 0 0 1 0 0 0 0 0 0
99 2 0 0 0 0 0 0 0 0 1 1 0 0
107 2 1 1 1 0 0 0 0 0 0 0 0 0
fn=_dl_debug_state
116 2 1 1 0 0 0 0 0 0 0 0 0 0
117 2 0 0 2 0 0 0 0 0 0 0 0 0
fn=_dl_debug_update
38 5 1 0 0 0 0 0 0 0 0 0 0 0
40 10 0 0 0 0 0 0 0 0 5 4 0 0
41 5 0 0 0 0 0 0 0 0 0 0 0 0
44 10 0 0 5 1 0 0 0 0 5 0 0 0
48 5 0 0 5 0 0 0 0 0 0 0 0 0
fl=./elf/./elf/dl-deps.c
fn=_dl_map_object_deps
144 6 1 1 0 0 0 3 1 1 0 0 0 0
145 8 0 0 0 0 0 2 0 0 0 0 0 0
146 5 1 1 0 0 0 0 0 0 0 0 0 0
148 3 0 0 0 0 0 1 1 1 0 0 0 0
152 8 0 0 2 0 0 2 0 0 0 0 0 0
159 15 2 2 0 0 0 7 1 1 0 0 0 0
160 22 2 2 1 0 0 2 0 0 2 2 0 0
176 7 0 0 0 0 0 0 0 0 2 0 0 0
177 1 0 0 1 0 0 0 0 0 0 0 0 0
180 1 0 0 0 0 0 1 0 0 0 0 0 0
198 2 0 0 1 0 0 1 0 0 0 0 0 0
199 3 0 0 1 0 0 1 0 0 0 0 0 0
200 2 1 1 0 0 0 2 0 0 0 0 0 0
202 1 0 0 0 0 0 0 0 0 0 0 0 0
204 16 1 1 11 0 0 0 0 0 0 0 0 0
206 6 0 0 0 0 0 0 0 0 0 0 0 0
209 6 0 0 0 0 0 6 0 0 0 0 0 0
213 24 0 0 6 0 0 6 0 0 6 5 0 0
214 39 2 2 17 1 1 0 0 0 17 2 0 0
217 12 0 0 0 0 0 0 0 0 4 0 0 0
221 12 1 1 4 0 0 4 0 0 0 0 0 0
224 20 1 1 10 2 0 0 0 0 10 3 0 0
226 20 2 2 12 0 0 4 0 0 4 3 0 0
231 8 0 0 4 0 0 4 0 0 0 0 0 0
232 4 0 0 0 0 0 4 1 1 0 0 0 0
233 8 1 1 4 0 0 4 0 0 0 0 0 0
237 452 0 0 119 3 0 4 0 0 111 4 0 0
238 218 0 0 0 0 0 0 0 0 107 6 0 0
244 63 2 2 14 0 0 7 1 1 7 6 0 0
246 7 0 0 0 0 0 7 0 0 0 0 0 0
248 28 1 1 0 0 0 7 0 0 0 0 0 0
249 14 1 1 7 0 0 0 0 0 7 0 0 0
258 7 0 0 7 0 0 0 0 0 0 0 0 0
260 14 0 0 7 0 0 0 0 0 7 3 0 0
265 28 1 1 4 0 0 0 0 0 4 1 0 0
268 4 0 0 0 0 0 4 0 0 0 0 0 0
269 4 0 0 0 0 0 4 0 0 0 0 0 0
270 4 0 0 0 0 0 4 0 0 0 0 0 0
271 8 0 0 4 0 0 4 0 0 0 0 0 0
273 4 0 0 4 0 0 0 0 0 0 0 0 0
275 20 1 1 4 0 0 8 0 0 0 0 0 0
279 21 0 0 7 0 0 0 0 0 7 1 0 0
280 12 0 0 0 0 0 4 0 0 0 0 0 0
282 300 1 1 0 0 0 0 0 0 100 9 0 0
298 1 0 0 0 0 0 1 0 0 0 0 0 0
380 10 1 1 0 0 0 5 0 0 0 0 0 0
433 18 0 0 6 0 0 0 0 0 6 2 0 0
435 12 0 0 0 0 0 4 0 0 0 0 0 0
438 8 1 1 0 0 0 0 0 0 0 0 0 0
439 8 0 0 0 0 0 0 0 0 4 0 0 0
445 4 0 0 0 0 0 4 1 1 0 0 0 0
446 20 0 0 4 0 0 4 0 0 0 0 0 0
447 20 0 0 0 0 0 4 0 0 0 0 0 0
450 4 0 0 0 0 0 4 0 0 0 0 0 0
451 4 0 0 4 0 0 0 0 0 0 0 0 0
455 24 1 1 12 0 0 0 0 0 6 5 0 0
457 6 0 0 6 0 0 0 0 0 0 0 0 0
458 27 0 0 5 0 0 0 0 0 11 8 0 0
464 6 1 1 2 0 0 0 0 0 2 0 0 0
465 1 0 0 0 0 0 1 0 0 0 0 0 0
468 4 0 0 1 0 0 1 0 0 1 1 0 0
479 3 1 1 1 0 0 0 0 0 0 0 0 0
481 2 0 0 0 0 0 0 0 0 1 0 0 0
486 5 0 0 2 0 0 1 0 0 0 0 0 0
487 1 0 0 0 0 0 1 0 0 0 0 0 0
488 8 0 0 1 0 0 0 0 0 0 0 0 0
490 24 1 1 6 0 0 1 0 0 7 2 0 0
494 6 0 0 6 0 0 0 0 0 0 0 0 0
499 12 1 1 0 0 0 0 0 0 6 5 0 0
501 13 0 0 0 0 0 6 2 2 0 0 0 0
506 6 0 0 6 0 0 0 0 0 0 0 0 0
509 2 0 0 1 0 0 0 0 0 1 0 0 0
560 2 1 1 0 0 0 0 0 0 0 0 0 0
561 3 1 1 1 0 0 0 0 0 1 1 0 0
598 3 1 1 1 0 0 0 0 0 1 0 0 0
599 2 0 0 0 0 0 0 0 0 1 1 0 0
602 1 0 0 1 0 0 0 0 0 0 0 0 0
613 5 0 0 0 0 0 1 0 0 0 0 0 0
618 8 1 1 1 0 0 1 0 0 0 0 0 0
619 4 1 1 2 0 0 0 0 0 0 0 0 0
623 1 0 0 0 0 0 1 0 0 0 0 0 0
625 1 0 0 0 0 0 1 0 0 0 0 0 0
626 1 0 0 1 0 0 0 0 0 0 0 0 0
627 2 0 0 0 0 0 0 0 0 1 1 0 0
634 3 0 0 1 0 0 0 0 0 1 1 0 0
637 3 0 0 1 0 0 0 0 0 1 0 0 0
640 8 0 0 7 0 0 0 0 0 0 0 0 0
fn=openaux
61 21 0 0 0 0 0 7 0 0 0 0 0 0
64 77 1 1 28 0 0 14 0 0 0 0 0 0
65 7 0 0 7 0 0 0 0 0 0 0 0 0
68 7 0 0 7 0 0 0 0 0 0 0 0 0
69 14 0 0 14 0 0 0 0 0 0 0 0 0
fl=./elf/./elf/dl-environ.c
fn=_dl_next_ld_env_entry
28 3 1 1 0 0 0 0 0 0 0 0 0 0
29 3 0 0 3 0 0 0 0 0 0 0 0 0
32 127 0 0 42 0 0 0 0 0 42 2 0 0
34 82 0 0 41 0 0 0 0 0 41 22 0 0
35 28 1 1 14 0 0 0 0 0 14 9 0 0
37 2 0 0 0 0 0 0 0 0 0 0 0 0
40 4 0 0 0 0 0 2 0 0 0 0 0 0
42 2 0 0 2 0 0 0 0 0 0 0 0 0
45 39 0 0 0 0 0 0 0 0 0 0 0 0
49 1 0 0 1 0 0 0 0 0 0 0 0 0
fl=./elf/./elf/dl-error-skeleton.c
fn=_dl_catch_error
225 36 5 3 2 0 0 11 0 0 0 0 0 0
227 6 0 0 0 0 0 3 0 0 0 0 0 0
228 6 0 0 3 0 0 3 0 0 0 0 0 0
229 6 0 0 3 0 0 3 0 0 0 0 0 0
230 6 1 1 3 0 0 3 0 0 0 0 0 0
232 21 2 1 16 0 0 0 0 0 2 0 0 0
fn=_dl_catch_exception
175 66 6 4 2 0 0 42 2 2 0 0 0 0
178 20 0 0 0 0 0 0 0 0 10 2 0 0
180 22 0 0 12 4 0 10 0 0 0 0 0 0
199 10 0 0 0 0 0 10 1 1 0 0 0 0
200 20 0 0 0 0 0 10 0 0 0 0 0 0
203 20 0 0 0 0 0 10 0 0 0 0 0 0
206 70 2 1 0 0 0 10 1 1 10 0 0 0
208 30 1 1 20 0 0 10 0 0 0 0 10 4
209 22 0 0 12 0 0 10 0 0 0 0 0 0
210 40 0 0 10 0 0 20 0 0 0 0 0 0
219 46 2 1 24 0 0 0 0 0 2 1 0 0
fn=_dl_receive_error
238 6 0 0 0 0 0 2 0 0 0 0 0 0
239 1 0 0 1 0 0 0 0 0 0 0 0 0
240 1 0 0 1 0 0 0 0 0 0 0 0 0
243 1 1 1 0 0 0 1 0 0 0 0 0 0
244 1 0 0 0 0 0 1 0 0 0 0 0 0
246 1 0 0 0 0 0 1 0 0 0 0 1 1
248 1 0 0 0 0 0 1 0 0 0 0 0 0
249 1 0 0 0 0 0 1 0 0 0 0 0 0
250 4 0 0 3 0 0 0 0 0 0 0 0 0
fn=_rtld_catch_error
257 2 2 0 0 0 0 0 0 0 0 0 0 0
260 2 0 0 0 0 0 0 0 0 0 0 0 0
fl=./elf/./elf/dl-find_object.c
fn=_dl_find_object_init
561 4 1 1 0 0 0 2 0 0 0 0 0 0
564 1 1 1 1 1 0 0 0 0 0 0 0 0
566 2 0 0 1 0 0 0 0 0 1 1 0 0
567 3 1 1 0 0 0 1 0 0 0 0 0 0
579 2 0 0 0 0 0 1 0 0 0 0 0 0
580 3 0 0 1 0 0 1 0 0 0 0 0 0
582 2 1 1 0 0 0 0 0 0 1 0 0 0
585 2 1 1 0 0 0 0 0 0 1 0 0 0
590 1 0 0 0 0 0 1 0 0 0 0 0 0
591 1 0 0 0 0 0 1 0 0 0 0 0 0
594 3 0 0 1 0 0 0 0 0 1 1 0 0
596 2 1 1 0 0 0 1 0 0 0 0 0 0
599 6 0 0 3 0 0 1 0 0 0 0 0 0
601 1 0 0 0 0 0 0 0 0 0 0 0 0
604 4 0 0 3 0 0 0 0 0 0 0 0 0
fn=_dlfo_process_initial
474 4 0 0 0 0 0 2 0 0 0 0 0 0
475 2 0 0 2 0 0 0 0 0 0 0 0 0
477 2 0 0 0 0 0 0 0 0 0 0 0 0
478 4 0 0 2 0 0 0 0 0 2 0 0 0
504 24 2 2 4 1 0 0 0 0 4 0 0 0
505 30 0 0 2 0 0 0 0 0 14 4 0 0
506 12 0 0 12 0 0 0 0 0 0 0 0 0
508 44 1 1 10 0 0 0 0 0 22 4 0 0
511 40 0 0 10 0 0 0 0 0 10 3 0 0
513 30 1 1 10 1 0 0 0 0 10 3 0 0
515 10 0 0 0 0 0 5 0 0 0 0 0 0
516 10 0 0 0 0 0 0 0 0 0 0 0 0
517 20 0 0 0 0 0 0 0 0 0 0 0 0
529 2 0 0 0 0 0 2 0 0 0 0 0 0
531 8 0 0 4 0 0 0 0 0 0 0 0 0
fn=_dlfo_sort_mappings
536 1 1 1 0 0 0 0 0 0 0 0 0 0
537 2 0 0 0 0 0 0 0 0 1 0 0 0
540 20 0 0 4 0 0 0 0 0 4 3 0 0
544 8 0 0 4 0 0 0 0 0 0 0 0 0
545 50 0 0 0 0 0 0 0 0 14 6 0 0
546 58 1 1 10 0 0 0 0 0 10 6 0 0
553 16 0 0 8 0 0 0 0 0 0 0 0 0
554 20 0 0 8 0 0 8 0 0 0 0 0 0
555 8 0 0 0 0 0 8 0 0 0 0 0 0
557 1 0 0 1 0 0 0 0 0 0 0 0 0
fl=./elf/./elf/dl-fini.c
fn=_dl_fini
31 9 1 1 0 0 0 6 0 0 0 0 0 0
48 7 1 1 0 0 0 1 0 0 0 0 0 0
51 7 0 0 1 1 0 0 0 0 2 0 0 0
54 2 0 0 1 1 0 1 0 0 0 0 1 1
56 1 0 0 1 1 0 0 0 0 0 0 0 0
59 2 0 0 0 0 0 0 0 0 1 1 0 0
61 6 1 1 3 1 0 0 0 0 1 0 0 0
66 1 0 0 0 0 0 1 0 0 0 0 0 0
68 3 0 0 0 0 0 1 0 0 0 0 0 0
73 17 2 2 1 0 0 0 0 0 2 2 0 0
78 22 1 1 7 3 2 0 0 0 7 4 0 0
80 12 0 0 6 6 2 0 0 0 6 0 0 0
82 12 0 0 0 0 0 0 0 0 6 3 0 0
84 12 0 0 0 0 0 6 0 0 0 0 0 0
85 6 0 0 0 0 0 6 6 4 0 0 0 0
86 6 0 0 0 0 0 0 0 0 0 0 0 0
90 6 0 0 6 5 2 0 0 0 0 0 0 0
92 6 1 1 0 0 0 0 0 0 1 0 0 0
93 6 0 0 0 0 0 0 0 0 1 1 0 0
99 5 0 0 0 0 0 2 0 0 0 0 0 0
108 2 1 1 1 1 0 1 0 0 0 0 1 1
113 24 0 0 7 0 0 1 0 0 7 4 0 0
115 6 0 0 6 0 0 0 0 0 0 0 0 0
117 18 0 0 6 0 0 0 0 0 6 3 0 0
120 12 0 0 0 0 0 6 0 0 0 0 0 0
123 18 1 1 6 6 4 0 0 0 6 3 0 0
124 9 0 0 3 3 2 0 0 0 3 1 0 0
127 8 0 0 4 1 0 0 0 0 4 2 0 0
138 12 0 0 6 3 2 3 0 0 0 0 0 0
139 3 0 0 3 2 1 0 0 0 0 0 0 0
140 6 0 0 3 0 0 0 0 0 0 0 0 0
141 35 1 1 8 0 0 0 0 0 7 1 0 0
142 8 0 0 4 3 1 8 0 0 0 0 4 4
146 9 0 0 3 3 1 0 0 0 3 0 0 0
147 12 0 0 8 4 3 4 0 0 0 0 4 4
153 12 0 0 0 0 0 6 0 0 0 0 0 0
158 6 1 1 6 0 0 0 0 0 0 0 0 0
162 5 0 0 1 0 0 1 0 0 0 0 0 0
168 6 1 1 2 0 0 0 0 0 2 0 0 0
174 2 0 0 1 0 0 0 0 0 1 1 0 0
181 8 0 0 7 0 0 0 0 0 0 0 0 0
fl=./elf/./elf/dl-hwcaps.c
fn=_dl_important_hwcaps
55 12 2 2 0 0 0 3 0 0 3 1 0 0
57 1 0 0 0 0 0 0 0 0 0 0 0 0
58 3 0 0 1 0 0 0 0 0 0 0 0 0
59 1 0 0 0 0 0 0 0 0 0 0 0 0
80 12 2 2 0 0 0 3 0 0 3 1 0 0
82 1 0 0 0 0 0 1 0 0 0 0 0 0
83 9 0 0 2 0 0 4 1 1 0 0 0 0
87 1 0 0 0 0 0 1 0 0 0 0 0 0
89 3 0 0 1 0 0 1 0 0 0 0 0 0
90 1 0 0 0 0 0 0 0 0 0 0 0 0
91 1 0 0 0 0 0 0 0 0 0 0 0 0
103 6 0 0 0 0 0 4 0 0 0 0 0 0
105 2 1 1 0 0 0 0 0 0 1 0 0 0
108 3 0 0 2 0 0 1 0 0 0 0 0 0
111 1 0 0 0 0 0 0 0 0 0 0 0 0
115 4 1 1 0 0 0 1 0 0 1 0 0 0
128 8 1 1 0 0 0 2 0 0 2 1 0 0
130 7 1 1 3 0 0 2 0 0 0 0 0 0
131 4 0 0 1 0 0 1 0 0 0 0 0 0
132 1 0 0 0 0 0 0 0 0 0 0 0 0
133 1 0 0 0 0 0 0 0 0 0 0 0 0
136 2 0 0 1 0 0 0 0 0 1 0 0 0
145 5 0 0 1 0 0 2 0 0 1 1 0 0
175 14 2 2 0 0 0 10 1 1 0 0 0 0
176 7 0 0 1 0 0 2 1 1 0 0 0 0
178 2 0 0 1 0 0 1 0 0 0 0 0 0
179 4 0 0 1 0 0 1 0 0 0 0 0 0
204 2 0 0 0 0 0 2 0 0 0 0 0 0
205 3 1 1 0 0 0 0 0 0 0 0 0 0
215 3 1 1 1 0 0 1 0 0 0 0 0 0
216 6 1 1 2 0 0 1 0 0 0 0 0 0
220 19 0 0 3 0 0 0 0 0 3 1 0 0
221 6 0 0 0 0 0 0 0 0 0 0 0 0
222 4 0 0 0 0 0 0 0 0 0 0 0 0
225 3 0 0 0 0 0 1 0 0 0 0 0 0
228 21 3 3 1 0 0 3 0 0 2 2 0 0
230 9 1 1 2 0 0 0 0 0 1 1 0 0
231 4 1 1 2 0 0 2 1 1 2 1 0 0
233 6 0 0 0 0 0 3 0 0 0 0 0 0
234 2 0 0 0 0 0 2 0 0 0 0 0 0
235 6 0 0 0 0 0 0 0 0 0 0 0 0
236 2 0 0 1 0 0 0 0 0 0 0 0 0
238 3 0 0 1 0 0 0 0 0 1 0 0 0
240 4 0 0 0 0 0 1 0 0 0 0 0 0
241 2 1 1 1 0 0 1 0 0 0 0 0 0
242 1 0 0 0 0 0 0 0 0 0 0 0 0
245 5 0 0 1 0 0 1 0 0 0 0 0 0
246 1 0 0 0 0 0 1 0 0 0 0 0 0
249 2 0 0 1 0 0 0 0 0 1 0 0 0
252 3 0 0 1 0 0 0 0 0 1 0 0 0
253 5 1 1 3 0 0 1 0 0 0 0 0 0
256 8 0 0 6 0 0 1 0 0 0 0 0 0
257 3 0 0 1 0 0 0 0 0 1 1 0 0
259 2 1 1 0 0 0 0 0 0 0 0 0 0
260 8 2 2 1 0 0 0 0 0 2 2 0 0
261 4 1 1 2 0 0 0 0 0 0 0 0 0
262 4 1 1 1 0 0 1 0 0 1 0 0 0
272 4 0 0 1 0 0 0 0 0 0 0 0 0
276 10 1 1 3 0 0 3 1 1 0 0 0 0
282 2 0 0 0 0 0 0 0 0 0 0 0 0
283 2 0 0 0 0 0 0 0 0 1 0 0 0
291 3 0 0 1 0 0 0 0 0 0 0 0 0
304 2 0 0 1 0 0 0 0 0 1 0 0 0
306 1 0 0 0 0 0 1 0 0 0 0 0 0
315 2 0 0 1 0 0 1 0 0 0 0 0 0
328 1 1 1 0 0 0 1 1 1 0 0 0 0
331 2 0 0 1 0 0 0 0 0 1 0 0 0
338 1 0 0 1 0 0 0 0 0 0 0 0 0
341 2 0 0 0 0 0 0 0 0 0 0 0 0
344 14 1 1 7 0 0 5 0 0 0 0 0 0
347 17 0 0 4 0 0 2 0 0 2 1 0 0
348 17 2 2 1 0 0 1 0 0 2 1 0 0
349 5 0 0 2 0 0 2 0 0 0 0 0 0
352 12 0 0 4 0 0 4 0 0 0 0 0 0
354 5 1 1 1 0 0 0 0 0 2 1 0 0
359 34 1 1 3 0 0 0 0 0 9 7 0 0
360 8 0 0 0 0 0 8 0 0 0 0 0 0
364 23 0 0 1 0 0 0 0 0 0 0 0 0
367 48 0 0 0 0 0 0 0 0 12 10 0 0
368 72 0 0 0 0 0 0 0 0 24 10 0 0
369 48 1 1 24 0 0 12 0 0 0 0 0 0
371 9 0 0 0 0 0 0 0 0 3 2 0 0
374 3 0 0 1 0 0 0 0 0 0 0 0 0
375 2 1 1 0 0 0 0 0 0 0 0 0 0
376 15 0 0 2 0 0 1 0 0 3 1 0 0
378 6 0 0 0 0 0 0 0 0 2 1 0 0
379 2 0 0 2 0 0 0 0 0 0 0 0 0
381 1 1 1 1 0 0 0 0 0 0 0 0 0
382 7 1 1 0 0 0 2 0 0 0 0 0 0
389 22 0 0 6 0 0 5 0 0 0 0 0 0
390 4 0 0 0 0 0 0 0 0 0 0 0 0
392 8 0 0 0 0 0 0 0 0 4 3 0 0
395 4 0 0 2 0 0 0 0 0 0 0 0 0
401 9 0 0 8 0 0 0 0 0 0 0 0 0
fl=./elf/./elf/dl-hwcaps_split.c
fn=_dl_hwcaps_contains
66 3 1 1 0 0 0 0 0 0 0 0 0 0
67 6 0 0 0 0 0 0 0 0 3 2 0 0
68 3 0 0 0 0 0 0 0 0 0 0 0 0
77 3 0 0 3 0 0 0 0 0 0 0 0 0
fn=_dl_hwcaps_split
25 4 1 1 0 0 0 2 0 0 0 0 0 0
26 3 0 0 1 0 0 0 0 0 1 1 0 0
27 1 0 0 0 0 0 0 0 0 0 0 0 0
47 4 1 1 3 0 0 0 0 0 0 0 0 0
fn=_dl_hwcaps_split_masked
26 42 0 0 14 0 0 0 0 0 14 2 0 0
30 24 0 0 12 0 0 12 0 0 0 0 0 0
34 72 1 1 18 1 1 0 0 0 18 6 0 0
35 12 0 0 0 0 0 6 0 0 0 0 0 0
36 24 0 0 0 0 0 0 0 0 12 3 0 0
41 27 0 0 0 0 0 9 0 0 0 0 0 0
42 18 0 0 0 0 0 0 0 0 9 3 0 0
43 9 0 0 0 0 0 3 0 0 0 0 0 0
45 6 0 0 0 0 0 0 0 0 0 0 0 0
51 40 1 1 0 0 0 16 1 1 0 0 0 0
55 5 1 1 0 0 0 0 0 0 0 0 0 0
56 18 0 0 9 0 0 9 0 0 0 0 0 0
57 27 0 0 0 0 0 9 0 0 0 0 0 0
58 36 0 0 3 0 0 3 0 0 12 6 0 0
62 32 0 0 24 0 0 0 0 0 0 0 0 0
fl=./elf/./elf/dl-init.c
fn=_dl_init
31 42 2 2 14 0 0 0 0 0 7 0 0 0
33 38 0 0 7 0 0 6 0 0 7 1 0 0
77 12 1 1 0 0 0 6 0 0 0 0 0 0
78 1 0 0 1 1 0 0 0 0 0 0 0 0
79 1 0 0 1 0 0 0 0 0 0 0 0 0
82 3 1 1 1 0 0 0 0 0 1 1 0 0
85 2 1 1 0 0 0 1 0 0 0 0 0 0
90 2 0 0 0 0 0 0 0 0 1 0 0 0
115 1 0 0 1 0 0 0 0 0 0 0 0 0
116 23 0 0 0 0 0 0 0 0 7 5 0 0
117 12 0 0 12 1 0 0 0 0 0 0 0 0
123 8 1 1 7 0 0 0 0 0 0 0 0 0
fn=call_init.part.0
26 54 1 1 0 0 0 30 1 0 0 0 0 0
39 18 1 1 6 0 0 6 0 0 0 0 0 0
42 18 0 0 12 4 0 0 0 0 6 2 0 0
43 2 0 0 0 0 0 0 0 0 1 1 0 0
47 10 0 0 5 0 0 0 0 0 5 0 0 0
55 15 0 0 5 4 0 0 0 0 5 2 0 0
56 18 0 0 6 3 0 3 0 0 0 0 3 3
59 5 1 1 5 3 0 0 0 0 0 0 0 0
60 10 0 0 0 0 0 0 0 0 5 2 0 0
66 9 0 0 6 1 0 0 0 0 0 0 0 0
68 6 0 0 6 0 0 0 0 0 0 0 0 0
69 35 0 0 0 0 0 0 0 0 8 2 0 0
70 20 0 0 5 3 0 5 0 0 0 0 5 5
72 36 1 1 36 0 0 0 0 0 0 0 0 0
fl=./elf/./elf/dl-load.c
fn=_dl_dst_count
238 42 1 1 0 0 0 35 1 1 0 0 0 0
241 14 0 0 0 0 0 7 0 0 0 0 0 0
244 14 0 0 0 0 0 0 0 0 7 0 0 0
245 7 1 1 0 0 0 0 0 0 0 0 0 0
264 49 0 0 42 0 0 0 0 0 0 0 0 0
fn=_dl_init_paths
706 13 1 1 0 0 0 8 0 0 0 0 0 0
720 4 1 1 0 0 0 2 1 1 0 0 0 0
725 1 0 0 0 0 0 1 0 0 0 0 0 0
727 2 0 0 0 0 0 0 0 0 1 0 0 0
734 5 0 0 0 0 0 0 0 0 0 0 0 0
735 2 1 1 1 0 0 0 0 0 0 0 0 0
739 4 0 0 0 0 0 1 1 1 0 0 0 0
741 4 0 0 2 0 0 0 0 0 1 0 0 0
747 1 0 0 0 0 0 1 0 0 0 0 0 0
748 1 1 1 0 0 0 1 0 0 0 0 0 0
756 8 0 0 0 0 0 4 0 0 0 0 0 0
758 8 0 0 0 0 0 4 1 1 0 0 0 0
759 4 0 0 0 0 0 4 0 0 0 0 0 0
761 5 0 0 0 0 0 4 1 1 0 0 0 0
762 7 0 0 3 1 1 4 1 1 0 0 0 0
763 7 1 1 0 0 0 0 0 0 0 0 0 0
766 9 0 0 3 1 1 0 0 0 3 0 0 0
767 10 0 0 5 0 0 1 0 0 4 3 0 0
768 18 0 0 0 0 0 4 0 0 0 0 0 0
770 26 3 3 6 0 0 6 0 0 4 1 0 0
776 1 0 0 0 0 0 1 0 0 0 0 0 0
777 1 0 0 0 0 0 1 0 0 0 0 0 0
782 1 0 0 1 0 0 0 0 0 0 0 0 0
785 3 0 0 0 0 0 0 0 0 0 0 0 0
787 4 0 0 1 0 0 0 0 0 1 0 0 0
789 3 1 1 1 0 0 0 0 0 1 1 0 0
806 1 0 0 0 0 0 1 0 0 0 0 0 0
808 3 2 2 1 0 0 0 0 0 1 1 0 0
822 2 1 1 0 0 0 1 0 0 0 0 0 0
825 5 1 1 2 0 0 0 0 0 2 1 0 0
827 23 1 1 2 0 0 2 0 0 2 2 0 0
831 2 0 0 0 0 0 0 0 0 0 0 0 0
832 60 1 1 15 0 0 0 0 0 15 10 0 0
833 14 0 0 0 0 0 0 0 0 0 0 0 0
834 28 0 0 0 0 0 0 0 0 0 0 0 0
836 1 0 0 0 0 0 1 0 0 0 0 0 0
837 1 0 0 0 0 0 0 0 0 0 0 0 0
838 2 1 1 0 0 0 0 0 0 1 0 0 0
844 6 0 0 1 0 0 1 0 0 0 0 0 0
847 3 0 0 2 0 0 0 0 0 1 0 0 0
853 1 0 0 0 0 0 1 0 0 0 0 0 0
857 8 0 0 7 0 0 0 0 0 0 0 0 0
fn=_dl_map_object
682 27 1 1 9 0 0 0 0 0 9 6 0 0
696 15 0 0 3 0 0 6 0 0 0 0 0 0
2022 80 1 1 0 0 0 64 6 6 0 0 0 0
2024 4 0 0 0 0 0 4 0 0 0 0 0 0
2030 16 0 0 0 0 0 0 0 0 8 0 0 0
2031 32 1 1 8 1 1 0 0 0 8 0 0 0
2034 142 0 0 34 0 0 0 0 0 34 9 0 0
2039 210 1 1 60 0 0 0 0 0 30 0 0 0
2041 150 0 0 0 0 0 30 0 0 30 4 0 0
2045 52 0 0 26 0 0 0 0 0 26 0 0 0
2046 78 0 0 26 0 0 0 0 0 26 7 0 0
2049 65 0 0 39 1 0 0 0 0 13 6 0 0
2050 39 1 1 13 0 0 0 0 0 0 0 0 0
2051 52 0 0 0 0 0 13 0 0 13 4 0 0
2068 28 2 2 8 0 0 4 0 0 4 0 0 0
2069 12 0 0 0 0 0 4 0 0 0 0 0 0
2077 12 0 0 4 0 0 0 0 0 4 0 0 0
2092 4 0 0 0 0 0 4 2 2 0 0 0 0
2094 20 0 0 0 0 0 4 0 0 4 3 0 0
2098 12 1 1 0 0 0 6 0 0 0 0 0 0
2100 6 0 0 3 0 0 0 0 0 3 0 0 0
2107 12 0 0 3 0 0 0 0 0 6 2 0 0
2111 6 1 1 3 0 0 3 0 0 0 0 0 0
2112 3 1 1 0 0 0 0 0 0 0 0 0 0
2116 9 0 0 3 0 0 0 0 0 3 2 0 0
2117 3 0 0 0 0 0 0 0 0 0 0 0 0
2131 15 1 1 6 0 0 0 0 0 3 0 0 0
2132 30 1 1 6 0 0 3 0 0 6 0 0 0
2133 3 0 0 0 0 0 0 0 0 0 0 0 0
2142 6 1 1 0 0 0 0 0 0 3 2 0 0
2157 9 1 1 3 0 0 0 0 0 3 0 0 0
2158 42 1 1 3 0 0 12 0 0 3 2 0 0
2164 15 1 1 3 0 0 0 0 0 6 0 0 0
2165 3 0 0 0 0 0 0 0 0 0 0 0 0
2173 3 1 1 0 0 0 3 0 0 0 0 0 0
2187 6 0 0 0 0 0 0 0 0 3 0 0 0
2189 9 0 0 3 0 0 0 0 0 3 0 0 0
2193 9 1 1 0 0 0 3 0 0 0 0 0 0
2195 6 0 0 0 0 0 0 0 0 3 0 0 0
2199 6 0 0 0 0 0 0 0 0 3 0 0 0
2207 9 0 0 3 0 0 0 0 0 3 0 0 0
2230 21 1 1 0 0 0 6 0 0 0 0 0 0
2234 9 0 0 3 0 0 0 0 0 3 0 0 0
2235 6 0 0 0 0 0 3 0 0 0 0 0 0
2252 6 1 1 3 0 0 0 0 0 3 0 0 0
2258 1 0 0 0 0 0 1 0 0 0 0 0 0
2259 4 1 1 0 0 0 1 0 0 0 0 0 0
2260 2 0 0 0 0 0 0 0 0 1 0 0 0
2261 3 0 0 0 0 0 0 0 0 1 0 0 0
2265 6 0 0 0 0 0 2 0 0 0 0 0 0
2268 3 1 1 1 0 0 0 0 0 1 0 0 0
2280 16 0 0 4 0 0 0 0 0 0 0 0 0
2282 12 1 1 0 0 0 0 0 0 3 0 0 0
2326 8 0 0 4 0 0 4 0 0 0 0 0 0
2327 60 1 1 12 0 0 20 0 0 0 0 0 0
2329 72 0 0 56 0 0 0 0 0 0 0 0 0
fn=_dl_map_object_from_fd
944 56 1 1 0 0 0 44 2 2 0 0 0 0
954 12 0 0 4 0 0 8 1 1 0 0 0 0
961 16 0 0 4 0 0 4 0 0 4 2 0 0
975 1 1 1 0 0 0 0 0 0 0 0 0 0
999 70 0 0 22 0 0 0 0 0 18 6 0 0
1000 28 0 0 14 0 0 0 0 0 14 0 0 0
1018 8 1 1 4 0 0 0 0 0 4 3 0 0
1046 16 1 1 4 0 0 4 0 0 4 0 0 0
1056 8 0 0 4 0 0 0 0 0 4 0 0 0
1063 32 1 1 20 0 0 4 0 0 0 0 0 0
1064 8 0 0 0 0 0 0 0 0 4 0 0 0
1075 12 0 0 8 0 0 4 1 1 0 0 0 0
1076 16 0 0 8 0 0 8 0 0 0 0 0 0
1077 8 1 1 4 0 0 4 0 0 0 0 0 0
1079 12 0 0 0 0 0 0 0 0 0 0 0 0
1080 16 0 0 8 0 0 0 0 0 4 1 0 0
1081 6 0 0 0 0 0 3 0 0 0 0 0 0
1084 17 3 3 1 0 0 1 0 0 2 2 0 0
1085 6 0 0 1 0 0 1 1 1 1 1 0 0
1096 8 0 0 0 0 0 4 0 0 0 0 0 0
1098 4 0 0 0 0 0 4 0 0 0 0 0 0
1100 88 2 2 8 0 0 4 0 0 8 3 0 0
1101 4 0 0 0 0 0 0 0 0 0 0 0 0
1102 4 0 0 0 0 0 4 0 0 0 0 0 0
1103 4 1 1 0 0 0 4 0 0 0 0 0 0
1104 4 0 0 0 0 0 0 0 0 0 0 0 0
1110 149 1 1 4 0 0 0 0 0 47 2 0 0
1111 367 2 2 43 3 3 0 0 0 183 50 0 0
1117 8 1 1 4 0 0 0 0 0 4 0 0 0
1124 9 0 0 5 0 0 4 0 0 0 0 0 0
1125 12 0 0 4 0 0 4 0 0 0 0 0 0
1126 40 1 1 8 0 0 4 0 0 0 0 0 0
1131 2 0 0 1 0 0 1 0 0 0 0 0 0
1132 1 0 0 0 0 0 0 0 0 0 0 0 0
1137 96 0 0 32 0 0 4 0 0 14 0 0 0
1145 28 0 0 0 0 0 0 0 0 0 0 0 0
1146 106 0 0 0 0 0 18 4 4 0 0 0 0
1147 42 1 1 14 0 0 0 0 0 0 0 0 0
1148 42 0 0 0 0 0 14 0 0 0 0 0 0
1149 28 1 1 14 0 0 14 6 6 0 0 0 0
1151 98 0 0 14 0 0 0 0 0 0 0 0 0
1153 28 0 0 14 0 0 14 3 3 0 0 0 0
1157 28 0 0 0 0 0 0 0 0 14 4 0 0
1158 50 0 0 20 0 0 10 0 0 0 0 0 0
1162 28 1 1 0 0 0 0 0 0 0 0 0 0
1163 112 0 0 14 0 0 14 0 0 0 0 0 0
1173 14 0 0 0 0 0 0 0 0 0 0 0 0
1176 3 0 0 1 0 0 0 0 0 1 0 0 0
1180 4 0 0 0 0 0 1 1 1 0 0 0 0
1181 1 0 0 1 0 0 0 0 0 0 0 0 0
1185 5 1 1 0 0 0 1 0 0 0 0 0 0
1186 2 0 0 1 0 0 1 0 0 0 0 0 0
1189 1 0 0 0 0 0 1 0 0 0 0 0 0
1194 4 0 0 1 0 0 0 0 0 1 1 0 0
1195 8 0 0 4 0 0 4 0 0 0 0 0 0
1201 20 1 1 4 0 0 4 0 0 0 0 0 0
1209 8 1 1 4 0 0 4 0 0 0 0 0 0
1210 4 0 0 0 0 0 0 0 0 0 0 0 0
1213 16 0 0 8 0 0 4 1 1 0 0 0 0
1218 12 0 0 0 0 0 0 0 0 4 0 0 0
1228 64 0 0 0 0 0 0 0 0 14 9 0 0
1229 28 0 0 0 0 0 14 0 0 0 0 0 0
1235 8 1 1 0 0 0 0 0 0 4 0 0 0
1245 16 0 0 8 0 0 0 0 0 8 0 0 0
1252 28 1 1 12 0 0 4 0 0 0 0 0 0
1268 16 2 2 8 0 0 0 0 0 4 0 0 0
1269 12 0 0 4 0 0 4 0 0 0 0 0 0
1275 14 1 1 3 0 0 0 0 0 0 0 0 0
1276 8 0 0 0 0 0 0 0 0 4 4 0 0
1278 8 1 1 0 0 0 0 0 0 4 4 0 0
1288 12 0 0 4 0 0 0 0 0 4 0 0 0
1307 12 0 0 4 0 0 4 0 0 0 0 0 0
1309 20 1 1 8 0 0 0 0 0 4 0 0 0
1361 12 0 0 4 3 3 0 0 0 4 3 0 0
1362 2 0 0 1 0 0 1 0 0 0 0 0 0
1368 133 1 1 53 0 0 10 0 0 47 4 0 0
1369 201 0 0 43 36 36 0 0 0 79 34 0 0
1375 55 1 1 3 0 0 3 0 0 0 0 0 0
1380 16 1 1 4 0 0 4 0 0 4 0 0 0
1393 8 0 0 4 0 0 0 0 0 4 0 0 0
1395 16 0 0 8 0 0 4 0 0 0 0 0 0
1397 8 1 1 4 0 0 0 0 0 4 0 0 0
1413 8 0 0 0 0 0 4 0 0 0 0 0 0
1417 8 0 0 4 0 0 0 0 0 4 0 0 0
1418 8 0 0 4 0 0 0 0 0 4 0 0 0
1435 8 0 0 4 0 0 0 0 0 4 2 0 0
1436 1 0 0 0 0 0 1 0 0 0 0 0 0
1439 8 1 1 4 0 0 4 0 0 0 0 0 0
1444 8 0 0 4 0 0 0 0 0 4 0 0 0
1454 8 0 0 4 0 0 0 0 0 4 0 0 0
1461 24 0 0 8 0 0 0 0 0 4 3 0 0
1462 12 1 1 4 0 0 0 0 0 4 1 0 0
1463 27 0 0 9 0 0 3 0 0 6 5 0 0
1464 9 0 0 3 0 0 0 0 0 0 0 0 0
1465 5 0 0 1 0 0 1 0 0 0 0 0 0
1471 8 1 1 4 0 0 0 0 0 4 3 0 0
1472 4 0 0 1 0 0 0 0 0 1 0 0 0
1477 2 0 0 0 0 0 1 0 0 0 0 0 0
1484 12 0 0 4 0 0 4 0 0 0 0 0 0
1487 16 0 0 8 0 0 0 0 0 4 4 0 0
1506 17 2 2 6 0 0 0 0 0 4 4 0 0
1510 28 1 1 12 0 0 0 0 0 4 0 0 0
1511 16 0 0 4 0 0 4 0 0 0 0 0 0
1515 36 1 1 28 0 0 0 0 0 0 0 0 0
fn=_dl_process_pt_gnu_property
868 8 1 1 0 0 0 0 0 0 0 0 0 0
869 8 1 1 8 0 0 0 0 0 0 0 0 0
870 4 0 0 4 0 0 0 0 0 0 0 0 0
876 8 0 0 4 0 0 0 0 0 4 0 0 0
882 20 0 0 0 0 0 0 0 0 4 0 0 0
885 12 0 0 4 3 3 0 0 0 4 0 0 0
886 8 0 0 4 0 0 0 0 0 4 0 0 0
887 8 1 1 4 0 0 0 0 0 4 0 0 0
930 4 0 0 4 0 0 0 0 0 0 0 0 0
fn=expand_dynamic_string_token
241 6 1 1 0 0 0 2 0 0 0 0 0 0
244 4 0 0 0 0 0 0 0 0 2 0 0 0
385 18 1 1 0 0 0 12 1 1 0 0 0 0
399 4 0 0 0 0 0 0 0 0 0 0 0 0
410 14 0 0 12 0 0 0 0 0 0 0 0 0
fn=fillin_rpath.isra.0
468 15 2 2 0 0 0 11 0 0 0 0 0 0
472 1 0 0 0 0 0 0 0 0 0 0 0 0
474 12 0 0 2 0 0 2 0 0 2 1 0 0
481 2 0 0 1 0 0 0 0 0 1 0 0 0
483 4 0 0 1 0 0 1 0 0 0 0 0 0
487 2 0 0 0 0 0 0 0 0 1 0 0 0
492 3 1 1 0 0 0 1 0 0 0 0 0 0
493 2 0 0 0 0 0 0 0 0 1 1 0 0
500 5 0 0 1 0 0 0 0 0 2 2 0 0
505 4 1 1 0 0 0 2 0 0 0 0 0 0
509 15 1 1 5 0 0 0 0 0 5 2 0 0
510 8 0 0 4 0 0 0 0 0 4 4 0 0
528 6 2 2 1 0 0 1 0 0 1 1 0 0
532 3 1 1 2 0 0 0 0 0 0 0 0 0
534 2 0 0 0 0 0 0 0 0 1 0 0 0
538 1 0 0 0 0 0 1 0 0 0 0 0 0
539 2 0 0 1 0 0 0 0 0 0 0 0 0
540 4 0 0 0 0 0 2 0 0 0 0 0 0
541 1 0 0 0 0 0 1 0 0 0 0 0 0
543 2 1 1 1 0 0 0 0 0 1 1 0 0
549 4 0 0 1 0 0 0 0 0 0 0 0 0
550 25 2 2 1 0 0 0 0 0 6 2 0 0
551 8 0 0 0 0 0 3 0 0 0 0 0 0
553 2 0 0 1 0 0 1 0 0 0 0 0 0
554 3 0 0 1 0 0 0 0 0 1 1 0 0
555 1 0 0 0 0 0 1 0 0 0 0 0 0
561 2 0 0 1 0 0 1 0 0 0 0 0 0
562 2 0 0 0 0 0 1 0 0 0 0 0 0
565 2 1 1 0 0 0 1 0 0 0 0 0 0
571 1 0 0 0 0 0 1 0 0 0 0 0 0
574 8 0 0 7 0 0 0 0 0 0 0 0 0
fn=open_path
1870 42 2 2 3 0 0 33 3 3 0 0 0 0
1871 6 0 0 3 0 0 3 0 0 0 0 0 0
1874 3 0 0 0 0 0 3 0 0 0 0 0 0
1875 6 1 1 0 0 0 6 0 0 0 0 0 0
1877 6 0 0 0 0 0 0 0 0 3 0 0 0
1882 63 2 2 9 1 1 0 0 0 6 4 0 0
1885 6 0 0 6 0 0 0 0 0 0 0 0 0
1889 3 0 0 0 0 0 3 0 0 0 0 0 0
1894 18 1 1 3 0 0 3 0 0 3 0 0 0
1901 15 0 0 6 0 0 3 1 1 0 0 0 0
1902 155 2 2 14 0 0 0 0 0 30 3 0 0
1905 54 0 0 27 0 0 0 0 0 27 10 0 0
1910 132 1 1 55 0 0 22 0 0 0 0 0 0
1913 22 0 0 0 0 0 11 0 0 0 0 0 0
1919 33 0 0 11 0 0 0 0 0 11 0 0 0
1922 77 1 1 33 0 0 11 0 0 0 0 0 0
1924 33 0 0 11 0 0 0 0 0 11 2 0 0
1926 18 0 0 0 0 0 0 0 0 9 2 0 0
1931 18 1 1 0 0 0 0 0 0 9 0 0 0
1932 63 0 0 27 0 0 0 0 0 9 0 0 0
1938 27 1 1 18 0 0 9 0 0 0 0 0 0
1940 54 0 0 9 0 0 9 0 0 9 2 0 0
1941 2 0 0 1 0 0 0 0 0 0 0 0 0
1943 35 1 1 1 0 0 10 0 0 0 0 0 0
1950 8 0 0 2 0 0 0 0 0 0 0 0 0
1952 4 0 0 0 0 0 0 0 0 2 0 0 0
1960 15 0 0 0 0 0 3 0 0 0 0 0 0
1988 3 0 0 0 0 0 0 0 0 0 0 0 0
1991 24 2 2 6 0 0 0 0 0 6 0 0 0
1996 6 0 0 6 0 0 0 0 0 0 0 0 0
1998 12 0 0 9 0 0 0 0 0 3 0 0 0
2001 9 0 0 3 0 0 0 0 0 3 0 0 0
2015 27 0 0 21 0 0 0 0 0 0 0 0 0
fn=open_verify.constprop.0
1568 154 1 1 0 0 0 84 1 1 0 0 0 0
1607 42 0 0 14 0 0 0 0 0 14 0 0 0
1612 22 1 1 0 0 0 0 0 0 0 0 0 0
1626 70 0 0 0 0 0 14 1 1 0 0 0 0
1628 28 1 1 0 0 0 0 0 0 14 4 0 0
1633 3 0 0 0 0 0 0 0 0 0 0 0 0
1639 3 0 0 0 0 0 3 0 0 0 0 0 0
1640 3 0 0 0 0 0 3 1 1 0 0 0 0
1645 30 0 0 3 0 0 6 0 0 0 0 0 0
1647 6 1 1 0 0 0 0 0 0 3 0 0 0
1649 6 0 0 3 0 0 3 0 0 0 0 0 0
1651 6 0 0 0 0 0 0 0 0 3 0 0 0
1657 6 0 0 0 0 0 0 0 0 3 0 0 0
1674 48 3 3 17 0 0 0 0 0 17 7 0 0
1748 6 1 1 3 0 0 0 0 0 3 0 0 0
1753 6 0 0 3 0 0 0 0 0 3 2 0 0
1755 12 0 0 3 0 0 0 0 0 3 0 0 0
1761 6 0 0 3 0 0 0 0 0 3 0 0 0
1767 15 1 1 3 1 1 0 0 0 0 0 0 0
1768 12 0 0 3 0 0 0 0 0 3 1 0 0
1769 4 0 0 2 0 0 0 0 0 0 0 0 0
1772 16 3 3 1 0 0 0 0 0 2 2 0 0
1773 9 1 1 1 0 0 2 0 0 1 0 0 0
1789 143 0 0 1 0 0 0 0 0 24 1 0 0
1790 61 0 0 28 5 5 0 0 0 28 16 0 0
1791 20 1 1 5 0 0 0 0 0 5 0 0 0
1795 20 0 0 10 0 0 0 0 0 5 4 0 0
1796 9 0 0 3 0 0 0 0 0 0 0 0 0
1801 4 0 0 0 0 0 0 0 0 2 0 0 0
1802 32 1 1 2 0 0 0 0 0 4 4 0 0
1812 28 1 1 6 0 0 8 1 1 2 0 0 0
1820 51 2 2 14 3 3 0 0 0 7 5 0 0
1822 5 0 0 0 0 0 0 0 0 0 0 0 0
1823 45 2 2 15 0 0 0 0 0 0 0 0 0
1826 15 0 0 0 0 0 0 0 0 5 5 0 0
1831 2 0 0 0 0 0 0 0 0 0 0 0 0
1832 10 0 0 3 0 0 0 0 0 0 0 0 0
1835 4 0 0 0 0 0 0 0 0 2 0 0 0
1838 6 0 0 2 0 0 0 0 0 0 0 0 0
1839 10 0 0 2 0 0 0 0 0 0 0 0 0
1840 4 0 0 2 0 0 0 0 0 0 0 0 0
1841 6 0 0 2 0 0 0 0 0 2 0 0 0
1842 6 0 0 2 0 0 0 0 0 2 2 0 0
1856 126 1 1 98 0 0 0 0 0 0 0 0 0
fn=open_verify.constprop.1
1568 11 1 1 0 0 0 6 0 0 0 0 0 0
1607 3 1 1 1 0 0 0 0 0 1 0 0 0
1626 5 0 0 0 0 0 1 0 0 0 0 0 0
1628 2 0 0 0 0 0 0 0 0 1 0 0 0
1633 1 0 0 0 0 0 0 0 0 0 0 0 0
1639 1 0 0 0 0 0 1 0 0 0 0 0 0
1640 1 0 0 0 0 0 1 0 0 0 0 0 0
1645 10 1 1 1 0 0 2 0 0 0 0 0 0
1647 2 0 0 0 0 0 0 0 0 1 0 0 0
1649 2 0 0 1 0 0 1 0 0 0 0 0 0
1651 2 0 0 0 0 0 0 0 0 1 0 0 0
1657 2 0 0 0 0 0 0 0 0 1 0 0 0
1674 14 2 2 5 0 0 0 0 0 5 1 0 0
1748 2 0 0 1 0 0 0 0 0 1 0 0 0
1753 2 0 0 1 0 0 0 0 0 1 0 0 0
1755 4 1 1 1 0 0 0 0 0 1 0 0 0
1761 2 0 0 1 1 1 0 0 0 1 0 0 0
1767 5 0 0 1 0 0 0 0 0 0 0 0 0
1768 4 0 0 1 0 0 0 0 0 1 0 0 0
1769 2 0 0 1 0 0 0 0 0 0 0 0 0
1789 70 1 1 0 0 0 0 0 0 12 1 0 0
1790 28 1 1 13 9 9 0 0 0 13 7 0 0
1791 8 0 0 2 0 0 0 0 0 2 0 0 0
1795 8 0 0 4 0 0 0 0 0 2 2 0 0
1796 6 1 1 2 0 0 0 0 0 0 0 0 0
1820 15 1 1 4 1 1 0 0 0 2 2 0 0
1822 2 0 0 0 0 0 0 0 0 0 0 0 0
1823 18 1 1 6 0 0 0 0 0 0 0 0 0
1826 6 0 0 0 0 0 0 0 0 2 2 0 0
1832 4 1 1 2 0 0 0 0 0 0 0 0 0
1856 9 0 0 7 0 0 0 0 0 0 0 0 0
fl=./elf/./elf/dl-lookup-direct.c
fn=_dl_lookup_direct
32 15 1 1 9 0 0 0 0 0 3 3 0 0
33 9 0 0 0 0 0 0 0 0 0 0 0 0
35 6 0 0 3 2 1 0 0 0 0 0 0 0
36 6 0 0 3 0 0 0 0 0 3 0 0 0
48 12 0 0 3 0 0 6 0 0 3 0 0 0
51 6 1 1 6 0 0 0 0 0 0 0 0 0
53 18 0 0 3 0 0 3 0 0 3 0 0 0
57 9 0 0 9 0 0 0 0 0 0 0 0 0
58 21 1 1 9 0 0 0 0 0 3 0 0 0
59 15 0 0 6 0 0 3 0 0 3 0 0 0
74 36 2 2 0 0 0 24 0 0 0 0 0 0
76 6 0 0 3 0 0 0 0 0 3 0 0 0
78 21 0 0 9 0 0 0 0 0 0 0 0 0
79 6 1 1 0 0 0 0 0 0 3 1 0 0
81 12 0 0 3 0 0 3 0 0 0 0 0 0
84 25 0 0 5 2 0 0 0 0 5 2 0 0
86 9 0 0 3 0 0 0 0 0 0 0 0 0
93 6 1 1 0 0 0 0 0 0 2 2 0 0
115 3 0 0 0 0 0 0 0 0 0 0 0 0
116 27 0 0 21 0 0 0 0 0 0 0 0 0
fl=./elf/./elf/dl-lookup.c
fn=_dl_lookup_symbol_x
204 1488 0 0 496 0 0 496 0 0 0 0 0 0
580 496 0 0 0 0 0 0 0 0 0 0 0 0
581 13644 0 0 3411 143 127 0 0 0 3411 331 0 0
582 12652 3 1 0 0 0 0 0 0 0 0 0 0
583 248 0 0 0 0 0 0 0 0 0 0 0 0
840 3472 6 2 0 0 0 2480 6 0 0 0 0 0
842 496 0 0 0 0 0 248 0 0 0 0 0 0
843 496 0 0 0 0 0 248 2 0 0 0 0 0
846 248 0 0 248 4 0 0 0 0 0 0 0 0
850 1924 1 1 724 0 0 248 2 1 476 18 0 0
852 1488 4 1 248 0 0 248 0 0 0 0 0 0
853 496 2 0 248 0 0 0 0 0 248 0 0 0
855 496 0 0 496 3 0 0 0 0 0 0 0 0
859 571 0 0 15 0 0 0 0 0 263 3 0 0
860 4216 4 1 1488 0 0 1736 5 1 248 2 0 0
865 744 0 0 248 0 0 0 0 0 248 4 0 0
867 90 1 1 15 0 0 0 0 0 30 2 0 0
884 248 3 1 0 0 0 248 0 0 0 0 0 0
885 45 1 1 0 0 0 0 0 0 0 0 0 0
888 496 0 0 248 0 0 0 0 0 0 0 0 0
889 1607 0 0 227 0 0 0 0 0 460 9 0 0
896 233 4 1 233 0 0 0 0 0 0 0 0 0
929 932 0 0 233 0 0 0 0 0 233 1 0 0
943 699 0 0 233 10 0 0 0 0 233 1 0 0
944 2 1 1 0 0 0 1 0 0 0 0 0 0
946 699 0 0 233 0 0 0 0 0 233 1 0 0
953 2232 0 0 1736 0 0 0 0 0 0 0 0 0
1008 466 0 0 233 0 0 0 0 0 0 0 0 0
fn=check_match
70 3172 4 1 488 0 0 1220 0 0 0 0 0 0
73 1708 3 1 488 179 161 0 0 0 248 9 0 0
78 231 1 1 0 0 0 0 0 0 0 0 0 0
86 1200 0 0 0 0 0 0 0 0 240 0 0 0
89 1500 0 0 340 0 0 170 2 0 410 25 0 0
93 240 0 0 240 8 0 0 0 0 0 0 0 0
94 480 0 0 0 0 0 0 0 0 240 7 0 0
96 470 2 1 0 0 0 0 0 0 235 0 0 0
115 470 0 0 470 106 41 0 0 0 0 0 0 0
116 1880 0 0 705 24 0 0 0 0 235 21 0 0
117 1140 3 2 456 3 0 228 0 0 228 18 0 0
118 14 0 0 7 0 0 0 0 0 0 0 0 0
119 14 0 0 0 0 0 0 0 0 7 6 0 0
144 10 2 0 0 0 0 0 0 0 5 0 0 0
146 30 0 0 10 4 2 0 0 0 5 3 0 0
147 20 0 0 0 0 0 0 0 0 0 0 0 0
150 4 0 0 0 0 0 0 0 0 2 0 0 0
151 14 2 0 6 0 0 2 0 0 2 0 0 0
153 6 0 0 2 0 0 2 0 0 0 0 0 0
155 17 0 0 0 0 0 0 0 0 0 0 0 0
162 1464 0 0 1464 0 0 0 0 0 0 0 0 0
fn=do_lookup_x
171 259 6 2 185 0 0 0 0 0 0 0 0 0
363 3224 6 2 496 0 0 2232 9 1 0 0 0 0
364 248 0 0 248 4 0 0 0 0 0 0 0 0
370 248 0 0 248 0 0 0 0 0 0 0 0 0
374 2458 3 1 2458 29 0 0 0 0 0 0 0 0
377 2458 0 0 0 0 0 0 0 0 1229 0 0 0
381 3946 3 1 248 0 0 744 4 1 1229 18 0 0
385 2458 0 0 1229 19 0 0 0 0 1229 0 0 0
389 2458 3 1 1229 3 0 0 0 0 1229 13 0 0
395 3687 3 1 1229 7 0 0 0 0 1229 2 0 0
399 1229 0 0 0 0 0 1229 0 0 0 0 0 0
400 1229 0 0 0 0 0 1229 0 0 0 0 0 0
403 6145 0 0 3687 45 0 0 0 0 1229 4 0 0
404 3687 3 1 2458 12 0 1229 0 0 0 0 0 0
407 1229 0 0 1229 0 0 0 0 0 0 0 0 0
408 2458 0 0 0 0 0 0 0 0 1229 0 0 0
410 1229 0 0 1229 160 51 0 0 0 0 0 0 0
411 744 0 0 0 0 0 248 0 0 0 0 0 0
412 2458 0 0 2458 0 0 0 0 0 0 0 0 0
415 6145 0 0 2458 0 0 0 0 0 0 0 0 0
418 8603 0 0 0 0 0 0 0 0 1229 302 0 0
421 554 0 0 554 168 89 0 0 0 0 0 0 0
422 1108 3 1 0 0 0 0 0 0 0 0 0 0
423 554 0 0 0 0 0 0 0 0 277 10 0 0
425 3216 3 1 804 0 0 1340 0 0 0 0 0 0
428 2995 3 1 599 229 156 0 0 0 599 262 0 0
430 732 0 0 244 0 0 0 0 0 0 0 0 0
431 3416 3 1 1220 0 0 1464 5 1 0 0 0 0
432 488 0 0 0 0 0 0 0 0 0 0 0 0
435 732 0 0 0 0 0 0 0 0 244 17 0 0
438 1130 0 0 13 0 0 0 0 0 368 35 0 0
452 1848 2 1 1155 0 0 0 0 0 0 0 0 0
469 76 3 1 39 0 0 0 0 0 37 4 0 0
471 4 0 0 0 0 0 0 0 0 2 1 0 0
477 466 3 1 233 0 0 0 0 0 233 1 0 0
528 466 0 0 0 0 0 0 0 0 233 1 0 0
535 1564 0 0 233 0 0 0 0 0 549 56 0 0
539 225 3 1 75 3 0 0 0 0 75 3 0 0
551 466 0 0 233 0 0 233 0 0 0 0 0 0
552 233 0 0 0 0 0 233 0 0 0 0 0 0
553 466 0 0 0 0 0 0 0 0 0 0 0 0
570 2988 0 0 0 0 0 0 0 0 996 15 0 0
573 15 0 0 0 0 0 0 0 0 0 0 0 0
574 1984 3 1 1736 0 0 0 0 0 0 0 0 0
fl=./elf/./elf/dl-minimal-malloc.c
fn=__minimal_calloc
78 60 2 2 0 0 0 0 0 0 0 0 0 0
82 12 0 0 0 0 0 0 0 0 0 0 0 0
85 12 0 0 0 0 0 0 0 0 0 0 0 0
86 36 0 0 0 0 0 0 0 0 12 9 0 0
fn=__minimal_free
95 5 0 0 0 0 0 0 0 0 0 0 0 0
97 20 1 1 10 0 0 0 0 0 5 0 0 0
fn=__minimal_malloc
35 170 1 1 0 0 0 68 1 1 0 0 0 0
36 102 0 0 34 2 1 0 0 0 34 1 0 0
41 3 0 0 0 0 0 1 0 0 0 0 0 0
42 2 1 1 1 0 0 0 0 0 0 0 0 0
43 2 0 0 0 0 0 0 0 0 0 0 0 0
47 136 1 1 34 0 0 34 0 0 0 0 0 0
50 230 0 0 0 0 0 0 0 0 66 2 0 0
55 8 2 1 2 0 0 0 0 0 0 0 0 0
56 8 0 0 0 0 0 0 0 0 2 0 0 0
58 2 0 0 0 0 0 0 0 0 0 0 0 0
59 16 0 0 0 0 0 2 0 0 0 0 0 0
61 4 0 0 0 0 0 0 0 0 2 0 0 0
63 4 0 0 2 0 0 0 0 0 2 0 0 0
65 6 0 0 0 0 0 2 0 0 0 0 0 0
68 34 0 0 0 0 0 34 2 1 0 0 0 0
69 36 0 0 0 0 0 34 0 0 0 0 0 0
71 136 0 0 102 0 0 0 0 0 0 0 0 0
fl=./elf/./elf/dl-minimal.c
fn=__rtld_malloc_init_real
76 8 1 1 0 0 0 5 0 0 0 0 0 0
86 2 0 0 0 0 0 1 0 0 0 0 0 0
87 1 0 0 0 0 0 1 0 0 0 0 0 0
89 1 0 0 0 0 0 1 0 0 0 0 0 0
91 6 0 0 0 0 0 1 0 0 0 0 0 0
92 5 1 1 0 0 0 1 0 0 0 0 0 0
93 5 0 0 0 0 0 1 0 0 0 0 0 0
94 4 0 0 0 0 0 1 0 0 0 0 0 0
99 1 0 0 0 0 0 1 0 0 0 0 0 0
100 1 0 0 0 0 0 1 0 0 0 0 0 0
101 1 1 1 0 0 0 1 0 0 0 0 0 0
102 1 0 0 0 0 0 1 0 0 0 0 0 0
103 7 0 0 6 0 0 0 0 0 0 0 0 0
fn=__rtld_malloc_init_stubs
42 1 1 1 0 0 0 0 0 0 0 0 0 0
43 2 0 0 0 0 0 1 1 1 0 0 0 0
44 2 0 0 0 0 0 1 0 0 0 0 0 0
45 2 1 1 0 0 0 1 0 0 0 0 0 0
46 2 0 0 0 0 0 1 0 0 0 0 0 0
47 1 0 0 1 0 0 0 0 0 0 0 0 0
fn=lookup_malloc_symbol
61 28 1 1 0 0 0 12 0 0 0 0 0 0
63 4 0 0 0 0 0 4 0 0 0 0 0 0
64 28 1 1 4 0 0 12 0 0 0 0 0 0
68 28 0 0 16 0 0 0 0 0 4 0 0 0
69 28 0 0 12 0 0 0 0 0 4 0 0 0
71 4 1 1 0 0 0 4 0 0 0 0 0 0
72 20 0 0 16 0 0 0 0 0 0 0 0 0
fn=strsep
239 2 1 1 0 0 0 0 0 0 0 0 0 0
242 4 0 0 2 1 1 0 0 0 2 0 0 0
244 2 0 0 2 0 0 0 0 0 0 0 0 0
245 4 0 0 0 0 0 0 0 0 2 1 0 0
249 77 1 1 15 0 0 0 0 0 15 4 0 0
254 56 0 0 28 0 0 0 0 0 28 7 0 0
256 84 0 0 28 1 1 0 0 0 28 3 0 0
264 14 0 0 0 0 0 0 0 0 0 0 0 0
267 1 0 0 0 0 0 1 0 0 0 0 0 0
271 4 0 0 2 0 0 0 0 0 0 0 0 0
fl=./elf/./elf/dl-misc.c
fn=_dl_name_match_p
68 384 1 1 0 0 0 128 1 1 0 0 0 0
69 256 0 0 64 0 0 64 0 0 64 0 0 0
70 11 0 0 0 0 0 0 0 0 0 0 0 0
72 64 0 0 64 0 0 0 0 0 0 0 0 0
74 254 0 0 0 0 0 0 0 0 127 42 0 0
75 370 1 1 74 0 0 74 0 0 74 18 0 0
80 63 0 0 63 0 0 0 0 0 0 0 0 0
82 53 0 0 0 0 0 0 0 0 0 0 0 0
83 256 0 0 192 0 0 0 0 0 0 0 0 0
fn=_dl_sysdep_read_whole_file
36 9 1 1 0 0 0 4 0 0 0 0 0 0
39 3 0 0 0 0 0 1 0 0 0 0 0 0
40 2 0 0 0 0 0 0 0 0 1 1 0 0
42 6 1 1 0 0 0 1 0 0 1 0 0 0
44 2 0 0 1 0 0 1 1 1 0 0 0 0
47 2 0 0 0 0 0 0 0 0 1 1 0 0
49 8 0 0 0 0 0 1 0 0 0 0 0 0
60 3 0 0 0 0 0 1 0 0 0 0 0 0
63 7 0 0 5 0 0 0 0 0 0 0 0 0
fl=./elf/./elf/dl-object.c
fn=_dl_add_to_namespace_list
31 30 2 2 0 0 0 15 0 0 0 0 0 0
33 15 0 0 5 0 0 5 1 1 0 0 5 1
35 39 0 0 5 0 0 0 0 0 5 1 0 0
38 56 0 0 14 0 0 0 0 0 14 10 0 0
40 4 0 0 0 0 0 4 0 0 0 0 0 0
42 4 0 0 0 0 0 4 0 0 0 0 0 0
45 2 0 0 0 0 0 1 0 0 0 0 0 0
46 15 1 1 5 0 0 0 0 0 0 0 0 0
47 10 0 0 5 0 0 5 0 0 0 0 0 0
48 10 0 0 0 0 0 5 0 0 0 0 0 0
50 10 0 0 5 0 0 0 0 0 0 0 5 1
51 15 0 0 15 0 0 0 0 0 0 0 0 0
fn=_dl_new_object
59 70 1 1 0 0 0 40 2 2 0 0 0 0
62 10 1 1 0 0 0 0 0 0 5 1 0 0
64 2 2 2 0 0 0 0 0 0 1 1 0 0
66 3 0 0 1 0 0 0 0 0 1 0 0 0
67 2 1 1 0 0 0 0 0 0 1 0 0 0
71 2 0 0 0 0 0 0 0 0 0 0 0 0
77 5 0 0 0 0 0 1 0 0 0 0 0 0
80 8 0 0 4 0 0 4 1 1 0 0 0 0
83 16 0 0 0 0 0 4 0 0 0 0 0 0
87 8 0 0 0 0 0 0 0 0 0 0 0 0
92 9 0 0 0 0 0 5 0 0 0 0 0 0
95 10 0 0 0 0 0 0 0 0 5 0 0 0
98 5 0 0 0 0 0 5 4 4 0 0 0 0
99 5 0 0 0 0 0 5 5 5 0 0 0 0
100 10 0 0 5 0 0 0 0 0 0 0 0 0
103 10 0 0 0 0 0 5 1 1 0 0 0 0
104 35 1 1 10 0 0 15 3 3 0 0 0 0
106 5 0 0 0 0 0 5 0 0 0 0 0 0
119 18 0 0 9 0 0 0 0 0 9 5 0 0
125 1 0 0 0 0 0 0 0 0 0 0 0 0
127 35 1 1 10 5 5 10 0 0 0 0 0 0
130 10 0 0 5 0 0 0 0 0 5 4 0 0
131 14 1 1 0 0 0 5 5 5 0 0 0 0
132 5 0 0 0 0 0 5 0 0 0 0 0 0
136 5 0 0 0 0 0 5 0 0 0 0 0 0
139 72 1 1 6 0 0 0 0 0 22 13 0 0
141 16 0 0 0 0 0 16 4 4 0 0 0 0
149 10 1 1 0 0 0 5 0 0 0 0 0 0
150 5 0 0 0 0 0 5 5 5 0 0 0 0
153 1 1 1 0 0 0 0 0 0 0 0 0 0
155 30 0 0 5 1 1 0 0 0 5 1 0 0
157 16 0 0 0 0 0 4 1 1 0 0 0 0
160 12 0 0 0 0 0 0 0 0 5 0 0 0
164 16 0 0 4 0 0 0 0 0 4 0 0 0
168 24 1 1 4 0 0 0 0 0 8 4 0 0
176 2 1 1 0 0 0 1 0 0 0 0 0 0
179 10 0 0 0 0 0 5 3 3 0 0 0 0
189 15 0 0 5 0 0 0 0 0 5 1 0 0
191 20 1 1 0 0 0 12 0 0 0 0 0 0
195 12 0 0 0 0 0 0 0 0 4 0 0 0
200 16 0 0 0 0 0 0 0 0 4 0 0 0
208 4 0 0 0 0 0 0 0 0 0 0 0 0
212 4 0 0 0 0 0 0 0 0 0 0 0 0
245 16 0 0 4 0 0 4 0 0 0 0 0 0
250 136 0 0 0 0 0 0 0 0 0 0 0 0
251 136 0 0 68 0 0 0 0 0 68 30 0 0
253 8 0 0 0 0 0 0 0 0 0 0 0 0
256 4 0 0 0 0 0 4 0 0 0 0 0 0
259 4 0 0 0 0 0 4 3 3 0 0 0 0
263 45 1 1 35 0 0 0 0 0 0 0 0 0
fl=./elf/./elf/dl-open.c
fn=_dl_find_dso_for_object
214 909 36 1 0 0 0 404 0 0 0 0 0 0
218 303 0 0 101 0 0 0 0 0 101 0 0 0
219 404 0 0 101 4 0 0 0 0 101 0 0 0
220 404 3 1 202 15 0 0 0 0 202 4 0 0
221 202 0 0 101 3 0 0 0 0 101 5 0 0
224 202 5 1 101 2 0 0 0 0 101 0 0 0
228 707 0 0 505 0 0 0 0 0 0 0 0 0
fl=./elf/./elf/dl-reloc.c
fn=_dl_relocate_object
194 78 1 1 0 0 0 48 1 0 0 0 0 0
204 10 0 0 0 0 0 0 0 0 0 0 0 0
205 18 0 0 0 0 0 12 0 0 0 0 0 0
208 12 0 0 0 0 0 6 0 0 0 0 0 0
210 18 1 1 0 0 0 0 0 0 6 0 0 0
212 6 0 0 6 0 0 0 0 0 0 0 0 0
213 18 0 0 6 1 0 0 0 0 6 5 0 0
232 12 1 1 6 0 0 0 0 0 6 0 0 0
238 30 0 0 12 0 0 0 0 0 6 3 0 0
239 12 1 1 6 6 0 0 0 0 6 4 0 0
240 2 0 0 0 0 0 0 0 0 0 0 0 0
242 12 0 0 0 0 0 0 0 0 6 0 0 0
249 24 2 2 6 1 0 6 0 0 6 0 0 0
288 349 7 7 151 24 0 44 0 0 40 17 0 0
291 36 0 0 12 0 0 0 0 0 12 0 0 0
308 14 1 1 0 0 0 0 0 0 7 0 0 0
315 6 0 0 6 0 0 0 0 0 0 0 0 0
318 12 0 0 6 0 0 0 0 0 6 0 0 0
335 18 0 0 6 4 0 0 0 0 6 6 0 0
337 48 0 0 42 2 0 0 0 0 0 0 0 0
343 36 2 2 18 0 0 0 0 0 0 0 0 0
346 12 0 0 0 0 0 0 0 0 0 0 0 0
350 12 0 0 0 0 0 0 0 0 6 0 0 0
351 36 0 0 0 0 0 6 0 0 6 2 0 0
fl=./elf/./elf/dl-runtime.c
fn=_dl_fixup
46 48 4 2 0 0 0 24 0 0 0 0 0 0
48 30 0 0 24 0 0 0 0 0 6 6 0 0
49 18 0 0 12 0 0 0 0 0 0 0 0 0
54 6 0 0 6 2 0 0 0 0 0 0 0 0
55 24 2 1 6 2 0 0 0 0 0 0 0 0
56 42 0 0 6 5 0 6 0 0 0 0 0 0
58 12 0 0 6 0 0 0 0 0 0 0 0 0
63 12 0 0 0 0 0 0 0 0 6 1 0 0
67 12 0 0 6 4 2 0 0 0 6 0 0 0
69 24 0 0 6 1 0 0 0 0 0 0 0 0
71 18 2 1 6 2 0 0 0 0 6 1 0 0
75 18 0 0 12 3 0 0 0 0 0 0 0 0
76 24 0 0 6 0 0 0 0 0 0 0 0 0
84 6 0 0 0 0 0 0 0 0 0 0 0 0
85 18 0 0 6 0 0 0 0 0 6 3 0 0
95 66 2 1 12 1 0 18 1 0 0 0 0 0
99 30 2 1 18 0 0 0 0 0 6 0 0 0
109 60 0 0 24 0 0 6 0 0 12 0 0 0
124 24 0 0 6 0 0 0 0 0 6 0 0 0
133 18 2 1 6 0 0 0 0 0 6 4 0 0
159 18 0 0 6 1 0 0 0 0 6 0 0 0
163 36 0 0 30 0 0 0 0 0 0 0 0 0
fl=./elf/./elf/dl-setup_hash.c
fn=_dl_setup_hash
25 12 1 1 0 0 0 0 0 0 0 0 0 0
28 18 1 1 6 0 0 0 0 0 6 0 0 0
31 18 0 0 12 0 0 0 0 0 6 0 0 0
32 12 0 0 6 5 5 6 1 1 0 0 0 0
33 6 0 0 6 0 0 0 0 0 0 0 0 0
34 6 0 0 6 0 0 0 0 0 0 0 0 0
36 18 0 0 0 0 0 0 0 0 6 0 0 0
37 6 0 0 0 0 0 6 0 0 0 0 0 0
38 18 0 0 6 0 0 6 0 0 0 0 0 0
40 24 1 1 0 0 0 6 0 0 0 0 0 0
41 12 0 0 0 0 0 0 0 0 0 0 0 0
45 18 0 0 0 0 0 6 0 0 0 0 0 0
50 6 0 0 6 0 0 0 0 0 0 0 0 0
fl=./elf/./elf/dl-sort-maps.c
fn=_dl_sort_maps
145 60 0 0 12 0 0 12 0 0 12 3 0 0
186 2 0 0 0 0 0 0 0 0 0 0 0 0
187 44 0 0 0 0 0 0 0 0 14 9 0 0
188 24 0 0 24 0 0 0 0 0 0 0 0 0
223 38 6 3 2 0 0 0 0 0 4 2 0 0
228 4 0 0 0 0 0 2 0 0 0 0 0 0
230 2 0 0 0 0 0 2 0 0 0 0 0 0
231 16 0 0 0 0 0 0 0 0 0 0 0 0
233 30 0 0 0 0 0 0 0 0 10 0 0 0
235 12 2 1 12 0 0 0 0 0 0 0 0 0
238 24 0 0 12 0 0 0 0 0 12 9 0 0
256 4 0 0 2 0 0 0 0 0 2 2 0 0
269 2 2 1 0 0 0 0 0 0 0 0 0 0
276 10 2 1 0 0 0 2 0 0 0 0 0 0
290 22 4 3 0 0 0 14 0 0 0 0 0 0
298 6 0 0 2 2 0 0 0 0 2 2 0 0
302 18 4 3 14 0 0 0 0 0 0 0 0 0
fn=_dl_sort_maps_init
281 2 1 1 0 0 0 0 0 0 0 0 0 0
282 4 0 0 0 0 0 1 0 0 0 0 0 0
283 1 0 0 0 0 0 1 0 0 0 0 0 0
284 3 0 0 1 0 0 0 0 0 0 0 0 0
285 2 0 0 1 0 0 0 0 0 0 0 0 0
fn=dfs_traversal.part.0
140 96 2 2 0 0 0 48 0 0 0 0 0 0
148 12 2 2 12 0 0 0 0 0 0 0 0 0
150 36 0 0 12 4 3 0 0 0 12 3 0 0
152 124 0 0 31 4 3 0 0 0 31 12 0 0
155 44 0 0 22 0 0 0 0 0 22 2 0 0
161 42 1 1 6 0 0 0 0 0 18 10 0 0
176 36 0 0 12 0 0 12 0 0 0 0 0 0
177 12 0 0 0 0 0 12 0 0 0 0 0 0
178 72 1 1 60 0 0 0 0 0 0 0 0 0
fl=./elf/./elf/dl-sym.c
fn=_dl_sym
51 4 0 0 2 0 0 0 0 0 0 0 0 0
88 2 0 0 0 0 0 2 0 0 0 0 0 0
95 4 0 0 0 0 0 0 0 0 2 2 0 0
104 6 0 0 2 0 0 0 0 0 2 0 0 0
105 8 0 0 2 0 0 4 0 0 0 0 0 0
146 20 2 1 8 0 0 2 0 0 0 0 2 2
157 6 2 1 2 0 0 0 0 0 2 1 0 0
162 6 0 0 2 0 0 0 0 0 2 1 0 0
168 12 2 1 4 2 0 0 0 0 2 2 0 0
170 2 0 0 0 0 0 2 0 0 0 0 0 0
173 2 0 0 0 0 0 0 0 0 0 0 0 0
194 22 4 2 2 0 0 10 0 0 0 0 0 0
196 18 0 0 14 0 0 0 0 0 2 0 0 0
fl=./elf/./elf/dl-tunables.c
fn=__GI___tunable_set_val
102 45 1 1 5 0 0 0 0 0 5 0 0 0
111 5 0 0 5 0 0 0 0 0 0 0 0 0
112 25 0 0 10 0 0 0 0 0 5 0 0 0
113 40 1 1 10 0 0 0 0 0 5 0 0 0
116 15 0 0 0 0 0 0 0 0 5 0 0 0
119 10 0 0 0 0 0 0 0 0 5 3 0 0
123 10 0 0 0 0 0 0 0 0 5 2 0 0
130 10 1 1 0 0 0 0 0 0 5 0 0 0
131 10 0 0 0 0 0 0 0 0 5 2 0 0
134 30 0 0 0 0 0 5 0 0 0 0 0 0
135 5 0 0 0 0 0 5 0 0 0 0 0 0
136 5 0 0 0 0 0 5 0 0 0 0 0 0
137 5 0 0 0 0 0 5 0 0 0 0 0 0
157 25 1 1 0 0 0 0 0 0 0 0 0 0
161 5 0 0 5 0 0 0 0 0 0 0 0 0
fn=__GI___tunables_init
71 210 0 0 42 0 0 0 0 0 84 4 0 0
74 82 0 0 0 0 0 0 0 0 0 0 0 0
77 3122 1 1 446 19 19 0 0 0 851 60 0 0
81 82 1 1 0 0 0 0 0 0 41 0 0 0
86 164 0 0 0 0 0 0 0 0 0 0 0 0
273 7 0 0 1 0 0 0 0 0 1 0 0 0
282 9 2 2 0 0 0 6 0 0 0 0 0 0
305 5740 0 0 0 0 0 0 0 0 1435 41 0 0
311 9020 1 1 2870 35 35 0 0 0 2870 416 0 0
323 164 0 0 41 0 0 0 0 0 0 0 0 0
357 8 0 0 7 0 0 0 0 0 0 0 0 0
fn=__tunable_get_val
405 35 1 1 0 0 0 0 0 0 0 0 0 0
408 379 1 1 35 28 17 0 0 0 45 24 0 0
417 45 0 0 35 3 0 10 0 0 0 0 0 0
427 25 0 0 0 0 0 25 0 0 0 0 0 0
428 25 0 0 0 0 0 0 0 0 0 0 0 0
434 175 0 0 35 7 0 0 0 0 35 30 0 0
436 35 1 1 35 0 0 0 0 0 0 0 0 0
fl=./elf/./elf/dl-tunables.h
fn=__GI___tunable_set_val
121 10 0 0 0 0 0 0 0 0 5 0 0 0
122 5 0 0 0 0 0 0 0 0 0 0 0 0
131 20 1 1 0 0 0 0 0 0 0 0 0 0
fn=__GI___tunables_init
140 706 0 0 478 1 1 0 0 0 34 8 0 0
141 1776 1 1 0 0 0 0 0 0 485 47 0 0
fl=./elf/./elf/dl-version.c
fn=_dl_check_all_versions
361 6 1 1 0 0 0 4 0 0 0 0 0 0
363 2 0 0 0 0 0 0 0 0 0 0 0 0
365 23 0 0 6 0 0 0 0 0 7 5 0 0
366 6 0 0 0 0 0 0 0 0 0 0 0 0
367 54 1 1 6 0 0 6 0 0 6 5 0 0
370 7 0 0 5 0 0 0 0 0 0 0 0 0
fn=_dl_check_map_versions
36 103 1 1 14 0 0 0 0 0 34 5 0 0
37 27 0 0 27 0 0 0 0 0 0 0 0 0
38 170 1 1 0 0 0 34 0 0 34 8 0 0
56 128 0 0 96 0 0 0 0 0 32 10 0 0
64 96 1 1 32 0 0 0 0 0 32 0 0 0
70 96 0 0 32 0 0 0 0 0 32 0 0 0
86 32 0 0 32 1 0 0 0 0 0 0 0 0
87 64 0 0 0 0 0 0 0 0 32 2 0 0
89 32 0 0 32 0 0 0 0 0 0 0 0 0
94 1154 1 1 465 24 24 64 0 0 465 8 0 0
108 930 0 0 465 7 7 0 0 0 465 34 0 0
110 32 1 1 32 0 0 0 0 0 0 0 0 0
113 263 0 0 39 2 1 32 0 0 32 0 0 0
120 1299 0 0 433 7 7 0 0 0 433 0 0 0
124 433 0 0 0 0 0 0 0 0 0 0 0 0
142 14 0 0 0 0 0 14 0 0 0 0 0 0
155 60 2 2 0 0 0 48 1 0 0 0 0 0
156 6 0 0 0 0 0 6 0 0 0 0 0 0
164 6 1 1 0 0 0 0 0 0 0 0 0 0
170 18 0 0 6 0 0 0 0 0 6 0 0 0
172 30 0 0 12 1 0 6 1 0 6 0 0 0
174 12 0 0 6 1 0 6 0 0 0 0 0 0
175 12 1 1 6 0 0 6 0 0 0 0 0 0
177 12 0 0 0 0 0 0 0 0 6 2 0 0
180 12 0 0 8 0 0 4 0 0 0 0 0 0
184 12 0 0 4 3 3 0 0 0 4 0 0 0
197 3 0 0 0 0 0 0 0 0 0 0 0 0
198 3 0 0 0 0 0 0 0 0 0 0 0 0
200 14 0 0 14 0 0 0 0 0 0 0 0 0
208 21 0 0 7 0 0 0 0 0 7 0 0 0
213 28 0 0 14 2 2 0 0 0 0 0 0 0
217 366 1 1 268 1 0 0 0 0 32 8 0 0
219 32 0 0 32 6 6 0 0 0 0 0 0 0
221 89 0 0 32 2 2 32 0 0 0 0 0 0
224 128 1 1 32 0 0 0 0 0 0 0 0 0
227 96 0 0 32 0 0 0 0 0 32 9 0 0
232 25 0 0 0 0 0 0 0 0 0 0 0 0
236 28 1 1 14 0 0 0 0 0 7 4 0 0
241 6 0 0 0 0 0 3 0 0 0 0 0 0
250 13 2 2 6 0 0 0 0 0 6 2 0 0
253 16 0 0 12 0 0 0 0 0 0 0 0 0
256 296 0 0 74 2 2 0 0 0 0 0 0 0
259 222 0 0 74 2 2 0 0 0 74 23 0 0
263 70 0 0 0 0 0 0 0 0 0 0 0 0
267 10 1 1 0 0 0 0 0 0 5 0 0 0
272 5 0 0 0 0 0 5 1 0 0 0 0 0
273 10 0 0 0 0 0 0 0 0 0 0 0 0
274 10 0 0 0 0 0 0 0 0 5 0 0 0
284 5 0 0 0 0 0 5 0 0 0 0 0 0
287 25 1 1 15 2 0 5 1 0 5 0 0 0
289 15 0 0 5 0 0 0 0 0 5 1 0 0
292 16 0 0 12 0 0 0 0 0 0 0 0 0
294 3 0 0 0 0 0 0 0 0 0 0 0 0
296 21 0 0 7 0 0 0 0 0 0 0 0 0
299 96 2 2 32 0 0 0 0 0 0 0 0 0
301 128 0 0 0 0 0 0 0 0 32 16 0 0
303 160 0 0 32 0 0 32 0 0 0 0 0 0
304 64 0 0 0 0 0 32 12 12 0 0 0 0
305 96 0 0 32 0 0 32 3 3 0 0 0 0
306 96 0 0 32 0 0 32 0 0 0 0 0 0
309 96 0 0 32 0 0 0 0 0 32 8 0 0
314 25 0 0 0 0 0 0 0 0 0 0 0 0
317 21 0 0 7 0 0 0 0 0 7 2 0 0
322 3 0 0 0 0 0 0 0 0 0 0 0 0
327 15 1 1 5 0 0 0 0 0 5 1 0 0
330 16 0 0 12 0 0 0 0 0 0 0 0 0
334 70 0 0 70 0 0 0 0 0 0 0 0 0
336 148 0 0 74 0 0 0 0 0 74 12 0 0
340 70 0 0 70 0 0 0 0 0 0 0 0 0
341 350 0 0 70 0 0 70 19 19 0 0 0 0
342 210 0 0 70 0 0 70 0 0 0 0 0 0
343 70 0 0 0 0 0 70 8 8 0 0 0 0
346 222 0 0 74 0 0 0 0 0 74 7 0 0
350 70 0 0 0 0 0 0 0 0 0 0 0 0
356 54 1 1 48 0 0 0 0 0 0 0 0 0
fl=./elf/./elf/do-rel.h
fn=_dl_relocate_object
49 36 0 0 12 0 0 12 0 0 0 0 0 0
50 12 1 1 6 1 0 0 0 0 0 0 0 0
52 8 0 0 0 0 0 5 0 0 0 0 0 0
53 10 1 1 0 0 0 7 2 0 0 0 0 0
60 36 0 0 12 0 0 0 0 0 12 7 0 0
63 423 1 1 3 0 0 0 0 0 136 10 0 0
65 532 1 1 133 49 49 0 0 0 133 9 0 0
67 171 0 0 0 0 0 0 0 0 0 0 0 0
76 18 0 0 0 0 0 0 0 0 0 0 0 0
77 191 0 0 2 0 0 0 0 0 62 39 0 0
78 114 0 0 57 0 0 0 0 0 57 1 0 0
86 54 1 1 27 0 0 9 0 0 0 0 0 0
88 18 0 0 0 0 0 0 0 0 0 0 0 0
100 27 1 1 0 0 0 0 0 0 9 3 0 0
110 14 0 0 0 0 0 0 0 0 7 0 0 0
113 45007 0 0 0 0 0 0 0 0 15003 16 0 0
114 29992 0 0 14996 1877 1874 0 0 0 0 0 0 0
120 36 0 0 9 7 0 9 2 0 9 2 0 0
124 28 0 0 14 5 0 7 0 0 7 0 0 0
126 767 1 1 258 0 0 0 0 0 258 24 0 0
128 1255 0 0 753 127 117 0 0 0 0 0 0 0
129 1004 0 0 251 2 0 251 0 0 0 0 0 0
130 753 1 1 502 0 0 251 0 0 0 0 0 0
131 1004 0 0 251 1 0 0 0 0 0 0 0 0
133 753 1 1 0 0 0 0 0 0 251 2 0 0
135 10 1 1 2 0 0 4 0 0 0 0 0 0
138 2 0 0 0 0 0 0 0 0 0 0 0 0
142 249 0 0 0 0 0 249 0 0 0 0 0 0
145 797 2 2 249 0 0 0 0 0 249 5 0 0
146 18 1 1 6 1 0 0 0 0 6 2 0 0
158 25 1 1 10 0 0 0 0 0 5 3 0 0
159 16 1 1 2 0 0 0 0 0 4 1 0 0
160 6 1 1 2 0 0 0 0 0 2 0 0 0
163 6 0 0 4 0 0 0 0 0 0 0 0 0
165 8 0 0 2 0 0 2 0 0 0 0 0 0
166 2 0 0 2 0 0 0 0 0 0 0 0 0
167 6 0 0 4 0 0 2 0 0 0 0 0 0
175 25 0 0 8 0 0 1 0 0 8 6 0 0
177 42 1 1 12 1 1 6 0 0 0 0 0 0
178 12 0 0 12 0 0 0 0 0 0 0 0 0
180 18 0 0 0 0 0 0 0 0 6 1 0 0
188 6 0 0 0 0 0 6 0 0 0 0 0 0
191 18 0 0 6 0 0 0 0 0 6 0 0 0
205 4 0 0 1 0 0 0 0 0 1 1 0 0
fn=_dl_start
49 4 0 0 2 0 0 0 0 0 0 0 0 0
50 1 0 0 1 0 0 0 0 0 0 0 0 0
86 10 0 0 4 0 0 0 0 0 0 0 0 0
88 4 0 0 0 0 0 0 0 0 0 0 0 0
113 431 0 0 0 0 0 0 0 0 144 7 0 0
114 284 1 1 142 18 18 0 0 0 0 0 0 0
118 4 0 0 2 0 0 0 0 0 2 0 0 0
126 28 0 0 0 0 0 0 0 0 9 2 0 0
128 21 1 1 7 2 2 0 0 0 0 0 0 0
129 14 0 0 0 0 0 0 0 0 0 0 0 0
130 14 0 0 7 0 0 0 0 0 0 0 0 0
fl=./elf/./elf/get-dynamic-info.h
fn=_dl_map_object_from_fd
39 8 0 0 0 0 0 0 0 0 4 0 0 0
43 4 0 0 0 0 0 0 0 0 0 0 0 0
45 380 0 0 96 28 28 0 0 0 96 8 0 0
49 184 0 0 0 0 0 0 0 0 92 28 0 0
54 100 1 1 0 0 0 0 0 0 24 8 0 0
55 68 0 0 0 0 0 0 0 0 0 0 0 0
56 20 0 0 0 0 0 0 0 0 4 2 0 0
58 4 0 0 0 0 0 0 0 0 0 0 0 0
59 20 1 1 0 0 0 0 0 0 4 2 0 0
61 4 0 0 0 0 0 0 0 0 0 0 0 0
62 20 2 2 0 0 0 0 0 0 4 0 0 0
64 20 0 0 0 0 0 0 0 0 0 0 0 0
68 92 0 0 0 0 0 92 22 22 0 0 0 0
72 16 0 0 4 0 0 0 0 0 8 0 0 0
82 14 1 1 6 0 0 0 0 0 4 3 0 0
83 16 0 0 8 0 0 0 0 0 4 0 0 0
84 16 0 0 8 0 0 0 0 0 4 0 0 0
85 16 0 0 8 0 0 0 0 0 4 0 0 0
87 16 0 0 8 0 0 0 0 0 4 0 0 0
92 15 1 1 7 1 1 0 0 0 4 1 0 0
93 15 0 0 7 1 1 0 0 0 4 1 0 0
94 16 0 0 8 0 0 0 0 0 4 0 0 0
97 12 0 0 4 0 0 0 0 0 4 1 0 0
102 6 0 0 3 0 0 0 0 0 3 0 0 0
109 8 1 1 4 0 0 0 0 0 4 0 0 0
110 12 0 0 8 0 0 0 0 0 4 0 0 0
132 12 0 0 4 1 1 0 0 0 4 2 0 0
137 4 0 0 2 0 0 2 0 0 0 0 0 0
139 4 0 0 0 0 0 0 0 0 2 2 0 0
141 4 0 0 0 0 0 0 0 0 2 2 0 0
143 4 0 0 0 0 0 0 0 0 2 0 0 0
147 12 1 1 4 0 0 0 0 0 4 3 0 0
149 3 0 0 1 0 0 1 0 0 0 0 0 0
150 2 0 0 0 0 0 0 0 0 1 1 0 0
159 2 1 1 1 0 0 0 0 0 0 0 0 0
160 3 1 1 0 0 0 0 0 0 1 1 0 0
165 3 0 0 0 0 0 1 0 0 1 0 0 0
169 8 0 0 4 0 0 0 0 0 4 4 0 0
fl=./elf/./elf/libc_early_init.c
fn=__libc_early_init
33 7 2 2 1 0 0 2 0 0 0 0 0 0
35 1 0 0 0 0 0 1 0 0 0 0 0 0
38 2 0 0 1 1 0 1 1 1 0 0 0 0
41 1 0 0 0 0 0 1 1 1 0 0 0 0
47 4 0 0 2 0 0 0 0 0 1 0 0 0
49 2 1 1 1 0 0 0 0 0 0 0 0 0
fl=./elf/./elf/rtld.c
fn=_dl_start
85 8 1 1 0 0 0 2 1 1 0 0 0 0
488 3 0 0 0 0 0 1 0 0 0 0 0 0
489 1 0 0 0 0 0 1 0 0 0 0 0 0
490 6 0 0 0 0 0 1 0 0 0 0 0 0
492 2 1 1 0 0 0 1 1 1 0 0 0 0
501 1 0 0 0 0 0 1 0 0 0 0 0 0
507 4 1 0 1 0 0 1 0 0 0 0 0 0
509 2 0 0 1 0 0 0 0 0 1 0 0 0
527 10 2 2 0 0 0 7 2 2 0 0 0 0
553 1 0 0 0 0 0 1 1 1 0 0 0 0
556 2 1 1 0 0 0 1 1 1 0 0 0 0
557 1 0 0 1 1 1 0 0 0 0 0 0 0
573 56 3 3 12 0 0 8 1 1 7 2 0 0
575 1 1 1 1 0 0 0 0 0 0 0 0 0
588 1 0 0 0 0 0 1 0 0 0 0 0 0
592 2 0 0 0 0 0 1 0 0 0 0 0 0
607 9 0 0 7 2 0 0 0 0 0 0 0 0
fn=dl_main
85 16 3 3 0 0 0 1 0 0 0 0 0 0
92 12 1 1 0 0 0 0 0 0 0 0 0 0
93 2 0 0 1 0 0 1 0 0 0 0 0 0
101 7 0 0 3 0 0 0 0 0 0 0 0 0
205 2 0 0 0 0 0 1 0 0 0 0 0 0
207 1 1 1 0 0 0 1 0 0 0 0 0 0
232 2 1 1 2 1 1 0 0 0 0 0 0 0
233 4 1 1 3 0 0 0 0 0 1 1 0 0
234 4 0 0 0 0 0 0 0 0 2 2 0 0
304 3 0 0 0 0 0 3 0 0 0 0 0 0
310 1 0 0 0 0 0 1 0 0 0 0 0 0
311 2 0 0 0 0 0 1 0 0 0 0 0 0
862 1 0 0 1 0 0 0 0 0 0 0 0 0
864 1 1 1 0 0 0 1 0 0 0 0 0 0
870 1 0 0 1 0 0 0 0 0 0 0 0 0
873 1 0 0 0 0 0 1 0 0 0 0 0 0
875 1 0 0 0 0 0 1 0 0 0 0 0 0
880 1 0 0 0 0 0 1 0 0 0 0 0 0
1140 2 0 0 1 0 0 1 0 0 0 0 0 0
1143 1 0 0 0 0 0 1 0 0 0 0 0 0
1146 1 0 0 0 0 0 1 0 0 0 0 0 0
1148 2 0 0 1 1 1 1 1 1 0 0 0 0
1150 1 0 0 1 0 0 0 0 0 0 0 0 0
1151 1 0 0 1 0 0 0 0 0 0 0 0 0
1166 1 0 0 0 0 0 0 0 0 0 0 0 0
1169 50 4 4 2 0 0 1 0 0 15 13 0 0
1170 127 1 1 24 7 7 0 0 0 31 7 10 6
1174 4 1 1 3 0 0 1 0 0 0 0 0 0
1179 3 1 1 2 0 0 1 0 0 0 0 0 0
1180 9 0 0 2 0 0 1 0 0 0 0 0 0
1189 2 0 0 0 0 0 1 0 0 0 0 0 0
1190 2 0 0 2 1 1 0 0 0 0 0 0 0
1192 1 0 0 0 0 0 1 0 0 0 0 0 0
1199 3 1 1 1 0 0 0 0 0 1 1 0 0
1211 1 0 0 0 0 0 0 0 0 0 0 0 0
1217 1 0 0 0 0 0 1 0 0 0 0 0 0
1225 8 0 0 4 0 0 0 0 0 0 0 0 0
1226 18 2 2 5 1 1 0 0 0 0 0 0 0
1227 8 0 0 4 0 0 0 0 0 4 3 0 0
1228 1 0 0 0 0 0 1 0 0 0 0 0 0
1230 12 0 0 4 0 0 0 0 0 0 0 0 0
1231 14 1 1 0 0 0 0 0 0 7 4 0 0
1235 8 0 0 4 3 3 0 0 0 0 0 0 0
1236 8 0 0 4 0 0 0 0 0 4 0 0 0
1237 4 0 0 0 0 0 4 0 0 0 0 0 0
1238 10 0 0 5 0 0 0 0 0 5 3 0 0
1239 1 0 0 0 0 0 1 0 0 0 0 0 0
1243 12 1 1 0 0 0 0 0 0 0 0 0 0
1249 3 2 2 1 1 1 0 0 0 1 0 0 0
1255 4 0 0 0 0 0 1 1 1 0 0 0 0
1256 1 0 0 1 0 0 0 0 0 0 0 0 0
1261 4 0 0 0 0 0 0 0 0 0 0 0 0
1262 2 0 0 1 0 0 1 0 0 0 0 0 0
1263 1 0 0 0 0 0 1 0 0 0 0 0 0
1266 2 0 0 0 0 0 2 1 1 0 0 0 0
1271 2 0 0 1 0 0 1 0 0 0 0 0 0
1275 4 0 0 2 1 1 1 0 0 0 0 0 0
1277 1 0 0 0 0 0 0 0 0 0 0 0 0
1281 28 0 0 14 0 0 0 0 0 14 1 0 0
1282 66 1 1 14 0 0 0 0 0 26 15 0 0
1288 18 0 0 0 0 0 1 0 0 0 0 0 0
1294 3 0 0 1 0 0 0 0 0 1 0 0 0
1296 2 0 0 1 0 0 1 0 0 0 0 0 0
1297 4 0 0 2 0 0 0 0 0 1 1 0 0
1299 3 1 1 1 0 0 0 0 0 1 1 0 0
1301 2 0 0 1 0 0 0 0 0 1 0 0 0
1320 14 2 2 0 0 0 10 1 1 0 0 0 0
1325 1 0 0 0 0 0 0 0 0 0 0 0 0
1326 1 0 0 0 0 0 1 0 0 0 0 0 0
1332 1 0 0 0 0 0 1 1 1 0 0 0 0
1348 3 0 0 2 0 0 1 0 0 0 0 0 0
1349 4 1 1 2 0 0 0 0 0 1 1 0 0
1627 10 2 2 0 0 0 2 0 0 0 0 0 0
1629 2 0 0 0 0 0 0 0 0 1 0 0 0
1630 2 0 0 1 0 0 1 0 0 0 0 0 0
1631 2 0 0 1 0 0 1 0 0 0 0 0 0
1632 3 1 1 2 0 0 1 0 0 0 0 0 0
1636 3 0 0 0 0 0 1 0 0 0 0 0 0
1637 2 0 0 1 0 0 0 0 0 1 0 0 0
1662 3 0 0 1 0 0 0 0 0 1 0 0 0
1663 6 0 0 2 0 0 1 0 0 1 0 0 0
1664 3 1 1 2 0 0 0 0 0 0 0 0 0
1665 3 0 0 3 0 0 0 0 0 0 0 0 0
1668 1 0 0 0 0 0 1 0 0 0 0 0 0
1670 1 0 0 0 0 0 1 1 1 0 0 0 0
1671 1 1 1 0 0 0 1 1 1 0 0 0 0
1673 2 0 0 1 0 0 0 0 0 1 0 0 0
1674 2 0 0 0 0 0 1 0 0 0 0 0 0
1678 2 0 0 1 0 0 0 0 0 1 0 0 0
1680 2 0 0 1 0 0 0 0 0 1 0 0 0
1688 3 0 0 1 0 0 0 0 0 1 1 0 0
1695 2 1 1 0 0 0 1 0 0 0 0 0 0
1698 2 0 0 1 0 0 0 0 0 1 0 0 0
1723 9 0 0 1 0 0 2 0 0 3 0 0 0
1731 4 0 0 1 0 0 2 0 0 0 0 0 0
1733 1 0 0 0 0 0 1 0 0 0 0 0 0
1738 2 0 0 1 0 0 0 0 0 1 1 0 0
1741 4 1 1 2 0 0 1 0 0 0 0 0 0
1742 4 0 0 1 0 0 1 0 0 0 0 0 0
1743 2 0 0 0 0 0 1 0 0 0 0 0 0
1744 1 0 0 0 0 0 1 0 0 0 0 0 0
1745 1 1 1 1 0 0 0 0 0 0 0 0 0
1746 1 0 0 1 0 0 0 0 0 0 0 0 0
1751 2 0 0 1 0 0 0 0 0 1 0 0 0
1752 3 1 1 1 0 0 1 0 0 0 0 0 0
1764 2 0 0 1 1 1 0 0 0 1 0 0 0
1765 2 0 0 1 0 0 0 0 0 1 0 0 0
1767 2 0 0 1 0 0 0 0 0 0 0 0 0
1769 1 0 0 0 0 0 1 0 0 0 0 0 0
1770 3 1 1 1 0 0 1 0 0 0 0 0 0
1775 5 0 0 0 0 0 0 0 0 1 1 0 0
1776 5 0 0 1 1 1 0 0 0 1 1 0 0
1778 4 1 1 2 1 1 1 1 1 0 0 0 0
1784 2 0 0 1 1 1 0 0 0 1 1 0 0
1786 3 1 1 2 0 0 0 0 0 0 0 0 0
1793 2 1 1 1 0 0 0 0 0 1 0 0 0
1797 1 1 1 0 0 0 1 0 0 0 0 0 0
1798 2 0 0 1 0 0 0 0 0 1 0 0 0
1822 2 0 0 0 0 0 2 0 0 0 0 0 0
1828 2 0 0 1 0 0 1 0 0 0 0 0 0
1829 1 0 0 0 0 0 1 0 0 0 0 0 0
1830 1 1 1 0 0 0 0 0 0 0 0 0 0
1834 3 0 0 0 0 0 1 0 0 0 0 0 0
1839 3 0 0 2 0 0 0 0 0 1 1 0 0
1841 1 0 0 0 0 0 0 0 0 0 0 0 0
1843 2 0 0 1 0 0 0 0 0 1 1 0 0
1847 5 0 0 1 0 0 1 0 0 0 0 0 0
1852 2 0 0 1 0 0 0 0 0 1 0 0 0
1868 6 1 1 0 0 0 1 0 0 1 0 0 0
1944 4 0 0 2 0 0 0 0 0 1 1 0 0
1948 19 3 3 1 0 0 0 0 0 2 1 0 0
1949 1 0 0 0 0 0 0 0 0 0 0 0 0
1952 3 0 0 0 0 0 1 0 0 0 0 0 0
1953 1 0 0 1 0 0 0 0 0 0 0 0 0
1954 2 0 0 0 0 0 0 0 0 1 0 0 0
1955 2 0 0 0 0 0 0 0 0 1 0 0 0
1960 3 0 0 1 0 0 0 0 0 1 1 0 0
1970 8 0 0 1 0 0 1 0 0 0 0 0 0
1976 27 1 1 1 0 0 0 0 0 7 5 0 0
1977 15 0 0 13 0 0 0 0 0 0 0 0 0
1980 4 0 0 3 0 0 1 0 0 0 0 0 0
1981 3 1 1 1 0 0 0 0 0 1 0 0 0
1982 1 0 0 0 0 0 1 0 0 0 0 0 0
1984 19 0 0 0 0 0 0 0 0 5 0 0 0
1985 19 1 1 6 0 0 0 0 0 5 4 0 0
1995 2 1 1 0 0 0 1 0 0 0 0 0 0
1997 3 0 0 1 0 0 1 0 0 0 0 0 0
1998 2 0 0 0 0 0 0 0 0 1 0 0 0
2000 2 0 0 0 0 0 1 0 0 0 0 0 0
2002 3 0 0 0 0 0 0 0 0 1 1 0 0
2004 3 0 0 1 0 0 0 0 0 0 0 0 0
2005 1 0 0 1 0 0 0 0 0 0 0 0 0
2006 2 1 1 0 0 0 0 0 0 1 1 0 0
2018 2 0 0 0 0 0 0 0 0 1 0 0 0
2019 2 0 0 0 0 0 1 0 0 0 0 0 0
2020 3 0 0 1 0 0 0 0 0 1 1 0 0
2031 4 1 1 0 0 0 1 1 1 0 0 0 0
2032 4 0 0 0 0 0 1 0 0 0 0 0 0
2033 5 1 1 0 0 0 1 0 0 0 0 0 0
2043 2 0 0 1 1 0 1 0 0 0 0 0 0
2044 2 0 0 0 0 0 0 0 0 1 1 0 0
2045 4 1 1 0 0 0 1 0 0 0 0 0 0
2047 2 0 0 1 1 0 0 0 0 1 0 0 0
2052 3 0 0 1 1 0 0 0 0 1 0 0 0
2282 3 0 0 1 0 0 0 0 0 1 1 0 0
2331 1 0 0 1 0 0 0 0 0 0 0 0 0
2338 2 0 0 0 0 0 1 0 0 0 0 0 0
2342 2 1 1 1 0 0 1 0 0 0 0 0 0
2348 2 0 0 1 0 0 1 0 0 0 0 0 0
2351 2 0 0 0 0 0 0 0 0 1 0 0 0
2359 2 0 0 2 0 0 0 0 0 0 0 0 0
2361 2 0 0 0 0 0 0 0 0 1 1 0 0
2415 3 1 1 1 0 0 0 0 0 0 0 0 0
2418 1 1 1 1 0 0 0 0 0 0 0 0 0
2422 1 0 0 1 0 0 0 0 0 0 0 0 0
2423 32 2 2 1 1 0 1 0 0 7 1 0 0
2425 12 0 0 12 1 0 0 0 0 0 0 0 0
2430 12 0 0 12 4 0 0 0 0 0 0 0 0
2432 14 0 0 0 0 0 0 0 0 7 2 0 0
2434 1 1 1 0 0 0 1 0 0 0 0 0 0
2435 1 0 0 1 0 0 0 0 0 0 0 0 0
2438 6 0 0 6 0 0 0 0 0 0 0 0 0
2440 18 1 1 0 0 0 0 0 0 6 1 0 0
2441 40 0 0 10 5 0 5 0 0 0 0 0 0
2445 16 0 0 8 3 0 0 0 0 8 4 0 0
2446 6 0 0 0 0 0 2 0 0 0 0 0 0
2454 2 1 1 1 0 0 0 0 0 1 0 0 0
2459 4 0 0 2 1 0 0 0 0 2 1 0 0
2461 1 0 0 1 0 0 0 0 0 0 0 0 0
2468 3 0 0 0 0 0 1 0 0 0 0 0 0
2471 2 1 1 1 0 0 0 0 0 1 1 0 0
2481 3 1 1 2 1 0 0 0 0 1 0 0 0
2483 4 0 0 1 0 0 0 0 0 2 0 0 0
2493 1 0 0 0 0 0 1 0 0 0 0 0 0
2498 2 0 0 0 0 0 1 0 0 0 0 0 0
2501 1 0 0 0 0 0 1 0 0 0 0 0 0
2507 1 0 0 1 0 0 0 0 0 0 0 0 0
2508 5 0 0 1 0 0 1 0 0 0 0 0 0
2516 3 0 0 1 0 0 1 0 0 0 0 0 0
2523 1 0 0 0 0 0 1 0 0 0 0 0 0
2527 3 1 1 0 0 0 1 0 0 0 0 0 0
2532 3 0 0 0 0 0 1 0 0 0 0 0 0
2533 1 0 0 0 0 0 1 0 0 0 0 0 0
2534 1 0 0 0 0 0 1 0 0 0 0 0 0
2535 1 0 0 0 0 0 0 0 0 0 0 0 0
2539 1 0 0 0 0 0 1 0 0 0 0 0 0
2544 8 0 0 7 1 0 0 0 0 0 0 0 0
2677 3 0 0 1 0 0 2 0 0 0 0 0 0
2679 1 0 0 0 0 0 0 0 0 0 0 0 0
2683 6 1 1 1 0 0 1 1 1 0 0 0 0
2685 16 0 0 0 0 0 3 0 0 3 1 0 0
2687 2 0 0 0 0 0 0 0 0 0 0 0 0
2689 107 0 0 21 0 0 0 0 0 40 10 0 0
2690 19 1 1 0 0 0 0 0 0 0 0 0 0
2698 13 0 0 2 1 1 0 0 0 2 0 2 2
2719 2 1 1 1 0 0 0 0 0 1 0 0 0
2726 6 1 1 3 0 0 0 0 0 3 1 0 0
2728 2 0 0 0 0 0 1 0 0 0 0 0 0
2729 1 0 0 0 0 0 0 0 0 0 0 0 0
2774 3 1 1 1 0 0 0 0 0 1 0 0 0
2775 5 1 1 2 0 0 0 0 0 2 1 0 0
2777 2 1 1 0 0 0 1 0 0 0 0 0 0
2778 2 0 0 0 0 0 1 0 0 0 0 0 0
2779 1 0 0 0 0 0 0 0 0 0 0 0 0
2818 1 0 0 0 0 0 0 0 0 0 0 0 0
2829 1 0 0 0 0 0 0 0 0 0 0 0 0
2845 4 1 1 1 0 0 0 0 0 1 0 0 0
2877 2 0 0 0 0 0 0 0 0 1 1 0 0
fn=handle_preload_list
191 3 1 1 1 0 0 0 0 0 1 0 0 0
831 1 1 1 0 0 0 1 0 0 0 0 0 0
835 1 0 0 0 0 0 1 0 0 0 0 0 0
836 2 0 0 1 0 0 1 0 0 0 0 0 0
837 1 0 0 0 0 0 1 0 0 0 0 0 0
839 1 0 0 1 0 0 0 0 0 0 0 0 0
841 7 0 0 0 0 0 1 0 0 0 0 0 0
842 3 0 0 1 0 0 0 0 0 1 0 0 0
850 3 0 0 1 0 0 0 0 0 0 0 0 0
894 12 1 1 1 1 1 8 1 1 0 0 0 0
895 3 1 1 0 0 0 0 0 0 0 0 0 0
899 5 0 0 2 0 0 0 0 0 2 0 0 0
902 4 0 0 0 0 0 1 0 0 0 0 0 0
903 3 0 0 0 0 0 0 0 0 1 1 0 0
905 5 1 1 0 0 0 1 0 0 0 0 0 0
906 2 0 0 0 0 0 1 0 0 0 0 0 0
912 1 0 0 0 0 0 0 0 0 0 0 0 0
914 2 0 0 1 0 0 0 0 0 0 0 0 0
916 2 0 0 1 0 0 0 0 0 1 0 0 0
917 1 0 0 0 0 0 0 0 0 0 0 0 0
920 9 0 0 7 0 0 0 0 0 0 0 0 0
fn=init_tls
756 3 1 1 0 0 0 2 0 0 0 0 0 0
758 2 0 0 1 0 0 1 0 0 0 0 0 0
762 3 0 0 1 0 0 0 0 0 1 0 0 0
768 2 1 1 0 0 0 1 1 1 0 0 0 0
771 1 0 0 0 0 0 1 0 0 0 0 0 0
772 1 0 0 0 0 0 0 0 0 0 0 0 0
773 1 0 0 0 0 0 0 0 0 0 0 0 0
777 1 0 0 0 0 0 0 0 0 0 0 0 0
779 1 0 0 0 0 0 1 0 0 0 0 0 0
783 2 0 0 1 1 1 0 0 0 1 0 0 0
784 2 0 0 0 0 0 0 0 0 0 0 0 0
785 16 1 1 1 0 0 0 0 0 7 6 0 0
786 6 1 1 6 0 0 0 0 0 0 0 0 0
787 12 0 0 6 2 0 0 0 0 6 4 0 0
791 6 0 0 0 0 0 2 0 0 0 0 0 0
793 2 0 0 0 0 0 0 0 0 0 0 0 0
795 3 0 0 1 0 0 0 0 0 1 0 0 0
798 2 1 1 0 0 0 1 0 0 0 0 0 0
801 1 0 0 0 0 0 1 0 0 0 0 0 0
808 2 0 0 0 0 0 1 0 0 0 0 0 0
809 2 0 0 0 0 0 0 0 0 1 0 0 0
815 2 0 0 1 0 0 1 0 0 0 0 0 0
818 8 0 0 0 0 0 2 0 0 1 0 0 0
821 1 0 0 0 0 0 1 0 0 0 0 0 0
822 1 0 0 0 0 0 1 0 0 0 0 0 0
825 5 0 0 3 0 0 0 0 0 0 0 0 0
fn=map_doit
663 3 1 1 0 0 0 1 0 0 0 0 0 0
665 4 0 0 1 0 0 0 0 0 0 0 0 0
666 6 1 1 2 0 0 2 0 0 0 0 0 0
668 2 0 0 2 0 0 0 0 0 0 0 0 0
fn=version_check_doit
696 3 1 1 0 0 0 1 0 0 0 0 0 0
698 6 1 1 2 0 0 1 0 0 1 1 0 0
702 2 0 0 2 0 0 0 0 0 0 0 0 0
fl=./elf/./get-dynamic-info.h
fn=_dl_start
45 75 0 0 19 5 5 0 0 0 19 1 0 0
49 36 1 1 0 0 0 0 0 0 18 8 0 0
54 21 0 0 0 0 0 0 0 0 5 3 0 0
55 14 0 0 0 0 0 0 0 0 0 0 0 0
56 5 0 0 0 0 0 0 0 0 1 1 0 0
58 1 0 0 0 0 0 0 0 0 0 0 0 0
59 5 1 1 0 0 0 0 0 0 1 1 0 0
61 1 0 0 0 0 0 0 0 0 0 0 0 0
62 5 1 1 0 0 0 0 0 0 1 0 0 0
64 5 0 0 0 0 0 0 0 0 0 0 0 0
68 19 0 0 0 0 0 18 6 6 0 0 0 0
72 3 0 0 0 0 0 0 0 0 1 0 0 0
82 4 1 1 2 0 0 0 0 0 1 0 0 0
83 4 0 0 2 0 0 0 0 0 1 0 0 0
84 4 0 0 2 0 0 0 0 0 1 0 0 0
85 4 0 0 2 0 0 0 0 0 1 0 0 0
87 4 1 1 2 0 0 0 0 0 1 0 0 0
92 4 0 0 2 0 0 0 0 0 1 0 0 0
93 4 0 0 2 0 0 0 0 0 1 0 0 0
94 4 0 0 2 0 0 0 0 0 1 0 0 0
97 3 1 1 1 0 0 0 0 0 1 0 0 0
102 2 0 0 1 0 0 0 0 0 1 0 0 0
109 3 0 0 1 0 0 0 0 0 1 0 0 0
110 3 0 0 2 0 0 0 0 0 1 0 0 0
118 2 0 0 1 1 1 0 0 0 1 0 0 0
119 2 1 1 1 0 0 0 0 0 1 0 0 0
124 3 0 0 1 0 0 0 0 0 1 1 0 0
127 3 0 0 1 0 0 0 0 0 1 1 0 0
fn=dl_main
39 3 1 1 1 0 0 0 0 0 1 0 0 0
43 1 0 0 0 0 0 0 0 0 0 0 0 0
45 115 0 0 29 8 8 0 0 0 29 2 0 0
49 56 1 1 0 0 0 0 0 0 28 10 0 0
54 25 0 0 0 0 0 0 0 0 6 3 0 0
55 17 0 0 0 0 0 0 0 0 0 0 0 0
56 5 0 0 0 0 0 0 0 0 1 1 0 0
58 1 0 0 0 0 0 0 0 0 0 0 0 0
59 5 1 1 0 0 0 0 0 0 1 0 0 0
61 1 0 0 0 0 0 0 0 0 0 0 0 0
62 5 0 0 0 0 0 0 0 0 1 0 0 0
64 5 0 0 0 0 0 0 0 0 0 0 0 0
68 28 0 0 0 0 0 28 6 6 0 0 0 0
72 5 2 2 2 0 0 0 0 0 2 1 0 0
82 3 0 0 1 0 0 0 0 0 1 1 0 0
83 4 0 0 2 0 0 0 0 0 1 0 0 0
84 4 1 1 2 0 0 0 0 0 1 0 0 0
85 4 0 0 2 0 0 0 0 0 1 0 0 0
87 4 0 0 2 0 0 0 0 0 1 0 0 0
92 4 0 0 2 0 0 0 0 0 1 0 0 0
93 4 1 1 2 0 0 0 0 0 1 0 0 0
94 5 0 0 2 0 0 0 0 0 1 0 0 0
97 3 0 0 1 0 0 0 0 0 1 0 0 0
102 2 0 0 1 0 0 0 0 0 1 0 0 0
109 2 0 0 1 0 0 0 0 0 1 0 0 0
110 3 0 0 2 0 0 0 0 0 1 0 0 0
132 3 1 1 1 0 0 0 0 0 1 0 0 0
137 2 0 0 1 0 0 1 0 0 0 0 0 0
139 2 0 0 0 0 0 0 0 0 1 1 0 0
141 2 0 0 0 0 0 0 0 0 1 1 0 0
143 2 0 0 0 0 0 0 0 0 1 0 0 0
144 1 0 0 0 0 0 1 0 0 0 0 0 0
147 3 1 1 1 0 0 0 0 0 1 0 0 0
149 3 0 0 1 0 0 1 0 0 0 0 0 0
150 2 0 0 0 0 0 0 0 0 1 1 0 0
159 2 0 0 1 0 0 0 0 0 0 0 0 0
160 3 1 1 0 0 0 0 0 0 1 1 0 0
165 2 0 0 0 0 0 0 0 0 1 0 0 0
166 2 0 0 1 0 0 1 0 0 0 0 0 0
169 2 1 1 1 0 0 0 0 0 1 1 0 0
fl=./elf/./setup-vdso.h
fn=dl_main
24 2 0 0 1 1 1 0 0 0 1 1 0 0
fl=./io/../sysdeps/posix/isatty.c
fn=isatty
24 40 16 2 8 0 0 8 0 0 0 0 0 0
27 32 0 0 0 0 0 8 0 0 0 0 0 0
28 48 0 0 24 0 0 0 0 0 8 8 0 0
fl=./io/../sysdeps/unix/syscall-template.S
fn=pipe2
120 10 2 2 0 0 0 0 0 0 2 0 0 0
122 2 0 0 2 0 0 0 0 0 0 0 0 0
fl=./io/../sysdeps/unix/sysv/linux/access.c
fn=access
25 1 1 1 0 0 0 0 0 0 0 0 0 0
27 7 0 0 0 0 0 1 0 0 1 1 0 0
31 1 0 0 1 0 0 0 0 0 0 0 0 0
fl=./io/../sysdeps/unix/sysv/linux/close.c
fn=close
26 7 2 1 0 0 0 0 0 0 0 0 0 0
27 49 0 0 7 0 0 0 0 0 14 1 0 0
28 7 0 0 7 0 0 0 0 0 0 0 0 0
fl=./io/../sysdeps/unix/sysv/linux/close_nocancel.c
fn=__GI___close_nocancel
25 5 1 1 0 0 0 0 0 0 0 0 0 0
26 20 0 0 0 0 0 0 0 0 5 0 0 0
27 5 0 0 5 0 0 0 0 0 0 0 0 0
fn=__close_nocancel
25 1 1 1 0 0 0 0 0 0 0 0 0 0
26 4 0 0 0 0 0 0 0 0 1 0 0 0
27 1 0 0 1 0 0 0 0 0 0 0 0 0
fl=./io/../sysdeps/unix/sysv/linux/fstat64.c
fn=fstat
29 12 2 2 0 0 0 0 0 0 0 0 0 0
30 12 0 0 0 0 0 0 0 0 6 0 0 0
35 18 0 0 0 0 0 0 0 0 0 0 0 0
fl=./io/../sysdeps/unix/sysv/linux/fstatat64.c
fn=fstatat
98 30 0 0 0 0 0 0 0 0 0 0 0 0
153 30 2 2 0 0 0 0 0 0 0 0 0 0
167 16 0 0 0 0 0 8 0 0 0 0 0 0
168 53 1 1 8 0 0 0 0 0 15 4 0 0
169 7 0 0 7 0 0 0 0 0 0 0 0 0
fl=./io/../sysdeps/unix/sysv/linux/lseek64.c
fn=lseek
28 2 1 1 0 0 0 0 0 0 0 0 0 0
36 8 0 0 0 0 0 0 0 0 2 0 0 0
38 2 0 0 2 0 0 0 0 0 0 0 0 0
fl=./io/../sysdeps/unix/sysv/linux/open64.c
fn=open
30 60 4 2 6 0 0 24 2 1 0 0 0 0
33 42 0 0 0 0 0 0 0 0 12 2 0 0
41 75 3 2 9 0 0 3 0 0 12 4 0 0
43 42 0 0 30 0 0 0 0 0 6 0 0 0
fl=./io/../sysdeps/unix/sysv/linux/open64_nocancel.c
fn=__open_nocancel
28 72 2 2 1 0 0 18 2 2 0 0 0 0
31 119 2 2 0 0 0 0 0 0 34 0 0 0
39 152 0 0 0 0 0 11 0 0 17 4 0 0
41 21 0 0 19 0 0 0 0 0 1 0 0 0
fl=./io/../sysdeps/unix/sysv/linux/poll.c
fn=poll
27 2 2 1 0 0 0 0 0 0 0 0 0 0
29 14 0 0 2 0 0 0 0 0 4 0 0 0
43 2 0 0 2 0 0 0 0 0 0 0 0 0
fl=./io/../sysdeps/unix/sysv/linux/pread64_nocancel.c
fn=__pread64_nocancel
25 8 1 1 0 0 0 0 0 0 0 0 0 0
26 16 0 0 0 0 0 0 0 0 4 0 0 0
27 4 0 0 4 0 0 0 0 0 0 0 0 0
fl=./io/../sysdeps/unix/sysv/linux/read.c
fn=read
25 7 2 1 0 0 0 0 0 0 0 0 0 0
26 42 0 0 7 0 0 0 0 0 14 2 0 0
27 7 0 0 7 0 0 0 0 0 0 0 0 0
fl=./io/../sysdeps/unix/sysv/linux/read_nocancel.c
fn=__read_nocancel
25 10 2 2 0 0 0 0 0 0 0 0 0 0
26 40 0 0 0 0 0 0 0 0 10 0 0 0
27 10 0 0 10 0 0 0 0 0 0 0 0 0
fl=./io/../sysdeps/unix/sysv/linux/stat64.c
fn=stat
28 18 1 1 0 0 0 0 0 0 0 0 0 0
29 36 0 0 0 0 0 0 0 0 0 0 0 0
fl=./io/../sysdeps/unix/sysv/linux/statx.c
fn=statx
27 6 1 1 0 0 0 0 0 0 0 0 0 0
28 15 1 1 0 0 0 0 0 0 3 2 0 0
32 6 0 0 0 0 0 0 0 0 3 3 0 0
38 6 0 0 3 0 0 0 0 0 0 0 0 0
fl=./io/../sysdeps/unix/sysv/linux/write.c
fn=write
25 3 2 1 0 0 0 0 0 0 0 0 0 0
26 21 2 1 3 0 0 0 0 0 6 0 0 0
27 3 0 0 3 0 0 0 0 0 0 0 0 0
fl=./libio/./libio/filedoalloc.c
fn=_IO_file_doallocate
78 9 1 1 1 0 0 4 0 0 0 0 0 0
84 9 1 1 3 1 0 1 0 0 2 0 1 1
86 4 1 1 1 0 0 0 0 0 1 0 0 0
97 4 0 0 1 0 0 0 0 0 1 0 0 0
101 3 0 0 0 0 0 1 0 0 0 0 0 0
102 2 0 0 0 0 0 0 0 0 1 0 0 0
104 4 0 0 0 0 0 1 0 0 0 0 0 0
105 1 1 1 0 0 0 0 0 0 0 0 0 0
106 8 0 0 6 0 0 0 0 0 1 0 0 0
fl=./libio/./libio/fileops.c
fn=_IO_file_close
1164 1 1 1 0 0 0 0 0 0 0 0 0 0
1167 2 0 0 1 0 0 0 0 0 0 0 0 0
fn=_IO_file_close_it@@GLIBC_2.2.5
128 4 1 1 0 0 0 3 0 0 0 0 0 0
130 3 0 0 1 0 0 0 0 0 1 1 0 0
133 2 0 0 0 0 0 0 0 0 1 0 0 0
134 3 0 0 1 0 0 0 0 0 0 0 0 0
137 1 0 0 0 0 0 0 0 0 0 0 0 0
139 2 0 0 0 0 0 1 0 0 0 0 0 0
142 7 2 2 3 0 0 1 0 0 1 0 1 1
145 3 0 0 1 0 0 0 0 0 1 1 0 0
153 5 1 1 0 0 0 1 0 0 0 0 0 0
154 4 0 0 0 0 0 3 0 0 0 0 0 0
157 2 0 0 0 0 0 1 0 0 0 0 0 0
158 1 0 0 0 0 0 1 0 0 0 0 0 0
159 1 0 0 0 0 0 1 0 0 0 0 0 0
160 1 0 0 0 0 0 1 0 0 0 0 0 0
162 2 1 1 0 0 0 0 0 0 0 0 0 0
163 5 0 0 4 0 0 0 0 0 0 0 0 0
fn=_IO_file_finish@@GLIBC_2.2.5
168 5 1 1 0 0 0 2 0 0 0 0 0 0
169 2 1 1 1 0 0 0 0 0 1 1 0 0
175 3 0 0 0 0 0 0 0 0 0 0 0 0
176 3 1 1 2 0 0 0 0 0 0 0 0 0
fn=_IO_file_fopen@@GLIBC_2.2.5
213 11 1 1 1 0 0 7 0 0 0 0 0 0
214 2 0 0 0 0 0 0 0 0 0 0 0 0
222 2 0 0 1 0 0 0 0 0 1 0 0 0
224 6 0 0 1 1 1 0 0 0 1 1 0 0
227 1 0 0 0 0 0 0 0 0 0 0 0 0
228 1 1 1 0 0 0 0 0 0 0 0 0 0
247 37 5 5 5 2 2 0 0 0 9 3 2 2
267 3 1 1 1 0 0 0 0 0 0 0 0 0
270 1 0 0 0 0 0 0 0 0 0 0 0 0
271 1 0 0 1 0 0 0 0 0 0 0 0 0
272 1 0 0 0 0 0 0 0 0 0 0 0 0
280 5 0 0 0 0 0 1 0 0 0 0 0 0
283 2 0 0 0 0 0 0 0 0 1 0 0 0
286 4 0 0 0 0 0 1 0 0 0 0 0 0
287 2 0 0 0 0 0 0 0 0 1 1 0 0
356 12 1 1 9 0 0 0 0 0 1 0 0 0
fn=_IO_file_open
182 9 1 1 0 0 0 3 0 0 0 0 0 0
184 2 0 0 1 0 0 0 0 0 1 1 0 0
185 4 1 1 0 0 0 1 0 0 0 0 0 0
189 2 1 1 0 0 0 0 0 0 1 0 0 0
191 1 0 0 0 0 0 1 0 0 0 0 0 0
192 6 0 0 1 0 0 1 0 0 0 0 0 0
195 3 0 0 0 0 0 0 0 0 1 1 0 0
205 2 1 1 0 0 0 1 0 0 0 0 0 0
206 1 0 0 0 0 0 0 0 0 0 0 0 0
207 4 0 0 4 0 0 0 0 0 0 0 0 0
fn=_IO_file_read
1130 6 1 1 0 0 0 0 0 0 0 0 0 0
1131 6 0 0 6 0 0 0 0 0 0 0 0 0
1132 12 0 0 0 0 0 0 0 0 0 0 0 0
1133 12 1 1 6 0 0 0 0 0 6 2 0 0
fn=_IO_file_stat
1146 1 1 1 0 0 0 0 0 0 0 0 0 0
1147 2 0 0 1 0 0 0 0 0 0 0 0 0
fn=_IO_file_underflow@@GLIBC_2.2.5
461 54 2 2 0 0 0 36 0 0 0 0 0 0
465 18 0 0 6 0 0 0 0 0 6 0 0 0
468 12 0 0 0 0 0 0 0 0 6 0 0 0
474 18 0 0 12 0 0 0 0 0 6 0 0 0
477 12 0 0 6 0 0 0 0 0 6 1 0 0
480 3 1 1 1 0 0 0 0 0 1 1 0 0
485 2 0 0 0 0 0 1 0 0 0 0 0 0
489 14 0 0 1 0 0 0 0 0 6 2 0 0
498 12 1 1 0 0 0 0 0 0 0 0 0 0
505 12 0 0 0 0 0 6 0 0 0 0 0 0
511 36 0 0 6 0 0 18 0 0 0 0 0 0
516 30 1 1 18 0 0 6 0 0 0 0 6 1
518 12 0 0 0 0 0 0 0 0 6 0 0 0
525 6 0 0 6 0 0 0 0 0 0 0 0 0
534 18 1 1 6 0 0 0 0 0 6 1 0 0
536 12 0 0 12 1 1 0 0 0 0 0 0 0
537 48 0 0 42 0 0 0 0 0 0 0 0 0
fn=_IO_new_file_init_internal
106 3 1 1 0 0 0 1 0 0 0 0 0 0
110 1 0 0 0 0 0 1 0 0 0 0 0 0
111 1 0 0 1 0 0 0 0 0 0 0 0 0
113 1 0 0 0 0 0 1 0 0 0 0 0 0
114 1 0 0 0 0 0 1 0 0 0 0 0 0
115 2 0 0 2 0 0 0 0 0 0 0 0 0
fl=./libio/./libio/genops.c
fn=_IO_cleanup
786 6 1 1 0 0 0 3 0 0 0 0 0 0
787 11 1 1 4 0 0 2 0 0 2 0 0 0
790 12 0 0 4 0 0 0 0 0 4 1 0 0
799 9 1 1 3 1 1 0 0 0 3 2 0 0
801 6 0 0 2 0 0 0 0 0 2 2 0 0
838 3 0 0 0 0 0 3 0 0 0 0 0 0
842 9 1 1 3 0 0 2 0 0 3 0 0 0
843 2 0 0 0 0 0 1 0 0 0 0 0 0
863 11 1 1 1 0 0 7 0 0 0 0 0 0
866 3 0 0 0 0 0 1 0 0 0 0 0 0
878 12 1 1 9 0 0 0 0 0 1 0 0 0
fn=_IO_default_finish
54 2 0 0 1 0 0 0 0 0 1 0 0 0
601 3 1 1 0 0 0 1 0 0 0 0 0 0
603 3 1 1 1 0 0 0 0 0 1 1 0 0
609 3 0 0 1 0 0 0 0 0 1 0 0 0
612 3 0 0 1 0 0 0 0 0 1 1 0 0
624 2 0 0 2 0 0 0 0 0 0 0 0 0
fn=_IO_doallocbuf
343 4 1 1 0 0 0 3 0 0 0 0 0 0
344 2 0 0 1 0 0 0 0 0 1 1 0 0
346 4 0 0 1 0 0 0 0 0 1 1 0 0
347 5 0 0 2 1 0 1 0 0 1 1 1 1
350 4 1 1 4 0 0 0 0 0 0 0 0 0
fn=_IO_enable_locks
518 1 1 1 0 0 0 0 0 0 0 0 0 0
521 3 0 0 1 1 0 0 0 0 1 0 0 0
523 1 0 0 0 0 0 1 0 0 0 0 0 0
524 9 1 0 0 0 0 0 0 0 4 2 0 0
525 3 0 0 3 3 0 0 0 0 0 0 0 0
526 1 0 0 1 0 0 0 0 0 0 0 0 0
1067 1 0 0 1 1 0 0 0 0 0 0 0 0
1081 3 0 0 3 0 0 0 0 0 0 0 0 0
fn=_IO_flush_all_lockp
686 12 2 2 1 0 0 7 0 0 0 0 0 0
687 1 0 0 0 0 0 0 0 0 0 0 0 0
691 6 0 0 0 0 0 3 0 0 0 0 0 0
692 11 1 1 4 1 1 2 0 0 2 0 0 0
695 12 0 0 4 4 2 0 0 0 4 2 0 0
697 3 1 1 0 0 0 3 0 0 0 0 0 0
698 6 0 0 0 0 0 0 0 0 3 3 0 0
701 21 2 2 9 6 6 0 0 0 6 0 0 0
709 6 1 1 0 0 0 0 0 0 3 3 0 0
711 3 0 0 0 0 0 3 0 0 0 0 0 0
715 9 0 0 3 0 0 2 0 0 3 0 0 0
716 2 1 1 0 0 0 1 0 0 0 0 0 0
720 12 0 0 9 0 0 0 0 0 1 1 0 0
fn=_IO_link_in
87 20 1 1 2 0 0 12 0 0 0 0 0 0
88 8 0 0 2 0 0 0 0 0 2 1 0 0
90 2 1 1 0 0 0 1 0 0 0 0 0 0
92 7 1 1 0 0 0 3 0 0 0 0 0 0
93 12 1 1 4 1 1 2 0 0 2 0 0 0
94 1 0 0 0 0 0 1 0 0 0 0 0 0
95 13 1 1 7 0 0 1 0 0 3 0 0 0
97 2 0 0 1 1 0 1 0 0 0 0 0 0
98 1 0 0 0 0 0 1 0 0 0 0 0 0
100 13 1 1 6 0 0 2 0 0 4 1 0 0
101 1 1 1 0 0 0 1 0 0 0 0 0 0
102 7 0 0 2 0 0 2 0 0 3 1 0 0
103 2 0 0 0 0 0 1 0 0 0 0 0 0
106 21 0 0 16 0 0 0 0 0 2 0 0 0
fn=_IO_no_init
563 550 1 1 0 0 0 220 0 0 0 0 0 0
564 55 0 0 0 0 0 55 0 0 0 0 0 0
565 55 0 0 0 0 0 55 1 1 0 0 0 0
566 110 0 0 0 0 0 0 0 0 55 6 0 0
568 1 1 1 0 0 0 1 0 0 0 0 0 0
572 6 0 0 0 0 0 5 0 0 0 0 0 0
579 1 0 0 0 0 0 1 1 1 0 0 0 0
581 1 0 0 0 0 0 1 0 0 0 0 0 0
586 108 1 1 0 0 0 54 0 0 0 0 0 0
587 55 0 0 0 0 0 55 0 0 0 0 0 0
588 330 0 0 275 0 0 0 0 0 0 0 0 0
fn=_IO_old_init
531 55 1 1 0 0 0 0 0 0 0 0 0 0
532 110 0 0 0 0 0 55 0 0 0 0 0 0
534 330 0 0 55 1 1 55 0 0 0 0 0 0
539 385 0 0 0 0 0 330 1 1 0 0 0 0
544 55 1 1 0 0 0 55 0 0 0 0 0 0
550 110 0 0 0 0 0 55 0 0 0 0 0 0
555 165 0 0 55 0 0 0 0 0 55 7 0 0
556 2 0 0 0 0 0 2 1 1 0 0 0 0
558 55 0 0 55 0 0 0 0 0 0 0 0 0
fn=_IO_setb
329 504 1 1 0 0 0 112 0 0 0 0 0 0
330 226 1 1 112 0 0 0 0 0 57 7 0 0
331 1 0 0 0 0 0 1 0 0 0 0 0 0
332 56 0 0 0 0 0 56 0 0 0 0 0 0
335 339 0 0 2 0 0 56 0 0 0 0 0 0
338 225 0 0 168 0 0 1 0 0 0 0 0 0
fn=_IO_sputbackc
635 1080 1 1 0 0 0 432 0 0 0 0 0 0
638 648 1 1 432 0 0 0 0 0 216 0 0 0
639 432 0 0 216 0 0 0 0 0 216 4 0 0
641 432 1 1 0 0 0 216 0 0 0 0 0 0
642 216 0 0 0 0 0 0 0 0 0 0 0 0
647 216 0 0 0 0 0 0 0 0 0 0 0 0
648 216 0 0 216 0 0 0 0 0 0 0 0 0
651 864 0 0 648 0 0 0 0 0 0 0 0 0
fn=_IO_switch_to_get_mode
164 30 1 1 0 0 0 12 0 0 0 0 0 0
165 18 0 0 12 0 0 0 0 0 6 1 0 0
168 18 1 1 6 0 0 0 0 0 6 1 0 0
172 12 0 0 6 0 0 6 0 0 0 0 0 0
173 12 1 1 6 0 0 0 0 0 6 3 0 0
176 6 0 0 0 0 0 6 0 0 0 0 0 0
178 12 0 0 0 0 0 12 0 0 0 0 0 0
180 12 0 0 0 0 0 6 0 0 0 0 0 0
181 6 0 0 0 0 0 0 0 0 0 0 0 0
182 24 0 0 18 0 0 0 0 0 0 0 0 0
fn=_IO_un_link
53 2 1 1 0 0 0 0 0 0 0 0 0 0
54 4 0 0 2 0 0 0 0 0 2 1 0 0
82 2 0 0 1 0 0 0 0 0 0 0 0 0
fn=_IO_unsave_markers
960 3 1 1 0 0 0 1 0 0 0 0 0 0
962 2 0 0 1 0 0 0 0 0 1 1 0 0
967 3 1 1 1 0 0 0 0 0 1 1 0 0
969 2 0 0 2 0 0 0 0 0 0 0 0 0
fn=__GI__IO_un_link.part.0
52 9 2 2 1 0 0 5 0 0 0 0 0 0
58 6 0 0 0 0 0 3 0 0 0 0 0 0
59 12 1 1 4 0 0 2 0 0 2 0 0 0
60 1 0 0 0 0 0 1 0 0 0 0 0 0
61 4 1 1 1 0 0 0 0 0 1 1 0 0
63 3 2 2 1 0 0 0 0 0 1 1 0 0
65 2 0 0 0 0 0 0 0 0 1 0 0 0
66 2 1 1 1 0 0 1 0 0 0 0 0 0
74 2 0 0 0 0 0 1 0 0 0 0 0 0
76 2 0 0 0 0 0 0 0 0 1 1 0 0
77 1 0 0 0 0 0 1 0 0 0 0 0 0
78 9 1 1 3 0 0 2 0 0 3 1 0 0
79 2 0 0 0 0 0 1 0 0 0 0 0 0
82 9 0 0 7 0 0 0 0 0 1 0 0 0
fn=__underflow
173 6 0 0 6 0 0 0 0 0 0 0 0 0
269 30 1 1 0 0 0 12 0 0 0 0 0 0
270 29 1 1 6 0 0 1 0 0 11 10 0 0
275 18 0 0 6 0 0 0 0 0 6 1 0 0
278 18 0 0 6 0 0 0 0 0 6 0 0 0
280 12 0 0 0 0 0 0 0 0 6 0 0 0
286 12 0 0 6 0 0 0 0 0 6 5 0 0
291 18 1 1 6 0 0 0 0 0 6 3 0 0
293 24 1 1 12 1 0 0 0 0 0 0 6 1
294 18 0 0 12 0 0 0 0 0 0 0 0 0
fl=./libio/./libio/iofclose.c
fn=fclose@@GLIBC_2.2.5
34 5 1 1 0 0 0 3 0 0 0 0 0 0
48 3 1 1 1 0 0 0 0 0 1 1 0 0
49 1 1 1 0 0 0 1 0 0 0 0 0 0
51 3 0 0 1 0 0 0 0 0 1 1 0 0
52 2 1 1 0 0 0 0 0 0 1 0 0 0
53 3 0 0 0 0 0 1 0 0 0 0 0 0
57 4 0 0 2 0 0 1 0 0 0 0 1 1
58 3 0 0 1 0 0 0 0 0 1 0 0 0
71 2 0 0 1 0 0 0 0 0 1 1 0 0
76 5 0 0 4 0 0 0 0 0 0 0 0 0
fl=./libio/./libio/iofopen.c
fn=fopen@@GLIBC_2.2.5
37 2 0 0 1 0 0 0 0 0 1 1 0 0
65 2 1 1 0 0 0 1 0 0 0 0 0 0
67 3 0 0 0 0 0 0 0 0 1 0 0 0
70 2 0 0 0 0 0 1 1 1 0 0 0 0
72 7 1 1 0 0 0 1 0 0 0 0 0 0
73 2 0 0 0 0 0 1 0 0 0 0 0 0
74 2 0 0 0 0 0 1 0 0 0 0 0 0
75 7 0 0 0 0 0 1 0 0 1 0 0 0
85 8 1 1 0 0 0 4 0 0 0 0 0 0
87 7 1 1 5 0 0 0 0 0 0 0 0 0
fl=./libio/./libio/iogetdelim.c
fn=getdelim
41 648 2 2 0 0 0 432 0 0 0 0 0 0
46 216 0 0 0 0 0 0 0 0 55 1 0 0
52 324 0 0 54 0 0 0 0 0 54 0 0 0
53 108 0 0 0 0 0 0 0 0 54 0 0 0
59 267 1 1 160 0 0 0 0 0 107 3 0 0
61 2 0 0 1 0 0 1 0 0 0 0 0 0
62 3 0 0 0 0 0 2 0 0 0 0 0 0
63 2 0 0 0 0 0 0 0 0 1 0 0 0
70 162 0 0 108 0 0 0 0 0 0 0 0 0
71 108 1 1 0 0 0 0 0 0 54 1 0 0
73 4 1 1 0 0 0 1 0 0 1 0 0 0
78 4 0 0 2 0 0 0 0 0 0 0 0 0
85 354 1 1 59 0 0 118 0 0 0 0 0 0
87 295 1 1 59 0 0 0 0 0 0 0 0 0
88 236 0 0 0 0 0 0 0 0 59 15 0 0
95 123 0 0 0 0 0 0 0 0 0 0 0 0
96 236 0 0 118 0 0 0 0 0 59 15 0 0
100 3 0 0 0 0 0 0 0 0 0 0 0 0
102 62 0 0 59 0 0 2 0 0 0 0 0 0
103 3 1 1 1 0 0 0 0 0 1 0 0 0
108 1 0 0 0 0 0 1 0 0 0 0 0 0
109 2 0 0 1 0 0 1 0 0 0 0 0 0
111 237 0 0 1 0 0 59 0 0 0 0 0 0
112 59 0 0 59 0 0 0 0 0 0 0 0 0
114 138 0 0 0 0 0 5 0 0 64 9 0 0
116 15 0 0 10 0 0 0 0 0 0 0 0 0
118 108 1 1 54 0 0 54 0 0 0 0 0 0
124 486 1 1 378 0 0 0 0 0 0 0 0 0
fl=./libio/./libio/libioP.h
fn=_IO_cleanup
940 4 0 0 0 0 0 0 0 0 0 0 0 0
fn=_IO_doallocbuf
940 3 1 1 0 0 0 0 0 0 0 0 0 0
942 2 0 0 0 0 0 0 0 0 0 0 0 0
943 2 0 0 0 0 0 0 0 0 1 0 0 0
fn=_IO_file_close_it@@GLIBC_2.2.5
940 3 0 0 0 0 0 0 0 0 0 0 0 0
942 2 0 0 0 0 0 0 0 0 0 0 0 0
943 2 0 0 0 0 0 0 0 0 1 0 0 0
fn=_IO_file_doallocate
940 3 0 0 0 0 0 0 0 0 0 0 0 0
942 2 0 0 0 0 0 0 0 0 0 0 0 0
943 2 0 0 0 0 0 0 0 0 1 0 0 0
fn=_IO_file_underflow@@GLIBC_2.2.5
940 12 0 0 0 0 0 0 0 0 0 0 0 0
942 24 0 0 0 0 0 0 0 0 0 0 0 0
943 12 0 0 0 0 0 0 0 0 6 0 0 0
fn=_IO_flush_all_lockp
940 4 1 1 0 0 0 0 0 0 0 0 0 0
fn=__underflow
940 18 0 0 0 0 0 0 0 0 0 0 0 0
942 12 0 0 0 0 0 0 0 0 0 0 0 0
943 12 0 0 0 0 0 0 0 0 6 0 0 0
fn=fclose@@GLIBC_2.2.5
855 4 0 0 2 0 0 0 0 0 0 0 0 0
856 4 0 0 1 0 0 0 0 0 2 0 0 0
862 2 0 0 0 0 0 1 0 0 0 0 0 0
883 7 1 1 1 0 0 0 0 0 1 0 0 0
884 3 0 0 2 0 0 0 0 0 1 0 0 0
940 3 1 1 0 0 0 0 0 0 0 0 0 0
942 2 0 0 0 0 0 0 0 0 0 0 0 0
943 2 0 0 0 0 0 0 0 0 1 0 0 0
fn=getdelim
883 216 0 0 54 0 0 0 0 0 54 8 0 0
fl=./libio/./libio/strops.c
fn=_IO_str_init_static_internal
36 756 2 2 0 0 0 324 0 0 0 0 0 0
40 108 0 0 0 0 0 0 0 0 54 0 0 0
41 216 0 0 0 0 0 54 0 0 0 0 0 0
46 270 0 0 0 0 0 54 0 0 0 0 0 0
50 540 1 1 54 0 0 162 0 0 0 0 0 0
51 270 1 1 0 0 0 0 0 0 54 4 0 0
64 54 0 0 0 0 0 54 0 0 0 0 0 0
65 378 0 0 324 0 0 0 0 0 0 0 0 0
fl=./libio/./libio/vtables.c
fn=check_stdfiles_vtables
83 1 1 1 0 0 0 0 0 0 0 0 0 0
84 4 0 0 2 1 0 0 0 0 1 1 0 0
85 3 1 1 2 1 0 0 0 0 1 0 0 0
86 3 0 0 2 2 0 0 0 0 1 0 0 0
88 1 0 0 1 0 0 0 0 0 0 0 0 0
fl=./malloc/./malloc/arena.c
fn=_int_free
61 25 0 0 5 0 0 0 0 0 5 5 0 0
156 10 5 0 0 0 0 0 0 0 0 0 0 0
645 5 0 0 0 0 0 0 0 0 0 0 0 0
651 15 5 1 0 0 0 0 0 0 5 2 0 0
691 20 8 1 5 0 0 0 0 0 0 0 0 0
692 10 5 1 5 0 0 0 0 0 5 2 0 0
fn=alloc_new_heap
51 128 2 1 32 0 0 0 0 0 32 5 0 0
61 64 0 0 0 0 0 0 0 0 0 0 0 0
484 256 1 1 0 0 0 192 32 32 0 0 0 0
491 96 0 0 0 0 0 0 0 0 32 0 0 0
493 96 0 0 0 0 0 0 0 0 32 0 0 0
499 224 1 1 0 0 0 32 0 0 0 0 0 0
506 96 0 0 32 0 0 0 0 0 32 26 0 0
508 154 0 0 0 0 0 15 0 0 0 0 0 0
509 15 0 0 0 0 0 15 0 0 0 0 0 0
510 90 0 0 0 0 0 0 0 0 30 3 0 0
518 136 2 2 0 0 0 17 0 0 0 0 0 0
519 34 0 0 0 0 0 0 0 0 17 0 0 0
521 34 0 0 0 0 0 0 0 0 0 0 0 0
522 51 0 0 0 0 0 0 0 0 0 0 0 0
524 51 0 0 0 0 0 0 0 0 17 3 0 0
525 10 1 1 2 0 0 4 0 0 0 0 0 0
527 32 0 0 0 0 0 15 0 0 0 0 0 0
528 68 1 1 0 0 0 17 0 0 0 0 0 0
545 192 0 0 0 0 0 32 0 0 32 2 0 0
554 64 0 0 32 0 0 32 0 0 0 0 0 0
556 32 0 0 0 0 0 32 32 32 0 0 0 0
557 32 0 0 0 0 0 0 0 0 0 0 0 0
559 288 1 1 224 0 0 0 0 0 0 0 0 0
fn=arena_get2.part.0
565 96 1 1 32 0 0 0 0 0 32 1 0 0
576 256 0 0 64 0 0 32 0 0 0 0 0 0
725 64 0 0 0 0 0 0 0 0 32 2 0 0
744 64 1 1 32 0 0 0 0 0 0 0 0 0
746 64 0 0 0 0 0 0 0 0 32 4 0 0
755 96 1 1 0 0 0 32 0 0 0 0 0 0
757 32 0 0 0 0 0 32 0 0 0 0 0 0
759 96 0 0 32 0 0 64 32 32 0 0 0 0
762 32 0 0 0 0 0 0 0 0 0 0 0 0
763 32 32 1 0 0 0 0 0 0 0 0 0 0
764 64 0 0 0 0 0 0 0 0 32 1 0 0
765 64 0 0 0 0 0 0 0 0 0 0 0 0
766 32 2 1 0 0 0 32 0 0 0 0 0 0
767 128 0 0 0 0 0 32 0 0 0 0 0 0
769 32 0 0 0 0 0 0 0 0 0 0 0 0
770 64 0 0 64 0 0 0 0 0 0 0 0 0
771 32 0 0 0 0 0 32 0 0 0 0 0 0
772 32 0 0 0 0 0 32 0 0 0 0 0 0
774 128 0 0 32 0 0 0 0 0 32 0 0 0
777 64 2 1 32 0 0 32 0 0 0 0 0 0
782 32 0 0 0 0 0 32 0 0 0 0 0 0
784 128 0 0 64 0 0 0 0 0 64 2 0 0
786 128 0 0 32 0 0 0 0 0 32 2 0 0
788 128 2 1 64 0 0 0 0 0 64 2 0 0
800 128 0 0 32 0 0 0 0 0 32 2 0 0
924 224 0 0 0 0 0 160 32 32 0 0 0 0
934 96 2 2 32 0 0 0 0 0 32 2 0 0
936 27 0 0 9 1 0 0 0 0 9 2 0 0
938 50 1 1 41 1 0 0 0 0 9 3 0 0
940 1 0 0 0 0 0 1 0 0 0 0 0 0
942 2 0 0 0 0 0 0 0 0 1 1 0 0
943 4 1 1 0 0 0 1 0 0 0 0 0 0
951 1 0 0 1 0 0 0 0 0 0 0 0 0
959 96 0 0 0 0 0 0 0 0 32 5 0 0
961 224 1 1 64 0 0 0 0 0 64 7 0 0
971 224 1 1 192 0 0 0 0 0 0 0 0 0
fn=calloc
61 280 13 0 280 8 0 0 0 0 0 0 0 0
156 1540 0 0 0 0 0 0 0 0 0 0 0 0
162 2103 13 1 140 0 0 0 0 0 561 9 0 0
fn=free
61 1117 0 0 1117 80 0 0 0 0 0 0 0 0
156 5585 12 0 0 0 0 0 0 0 0 0 0 0
162 353717 0 0 1117 111 0 0 0 0 117161 716 0 0
fn=get_free_list
809 96 1 1 0 0 0 96 0 0 0 0 0 0
810 64 0 0 64 0 0 0 0 0 0 0 0 0
811 32 1 1 0 0 0 0 0 0 0 0 0 0
812 64 0 0 32 0 0 0 0 0 32 2 0 0
837 160 0 0 128 0 0 0 0 0 0 0 0 0
fn=malloc
61 431 0 0 431 152 0 0 0 0 0 0 0 0
156 2155 0 0 0 0 0 0 0 0 0 0 0 0
162 186007 4 1 431 0 0 0 0 0 62571 379 0 0
315 1 1 1 0 0 0 1 0 0 0 0 0 0
fn=posix_memalign
61 64 32 0 64 0 0 0 0 0 0 0 0 0
156 320 0 0 0 0 0 0 0 0 0 0 0 0
162 873 0 0 64 0 0 0 0 0 255 25 0 0
fn=ptmalloc_init.part.0
313 6 1 1 1 0 0 3 0 0 0 0 0 0
318 1 0 0 0 0 0 1 0 0 0 0 0 0
343 2 2 2 1 0 0 0 0 0 1 1 0 0
347 3 0 0 1 1 0 1 1 0 0 0 0 0
352 4 0 0 0 0 0 1 0 0 0 0 0 0
353 4 1 1 0 0 0 1 0 0 0 0 0 0
354 4 0 0 0 0 0 1 0 0 0 0 0 0
355 4 0 0 0 0 0 1 0 0 0 0 0 0
356 4 1 1 0 0 0 1 0 0 0 0 0 0
357 4 0 0 0 0 0 1 0 0 0 0 0 0
358 4 0 0 0 0 0 1 0 0 0 0 0 0
360 4 1 1 0 0 0 1 0 0 0 0 0 0
361 4 0 0 0 0 0 1 0 0 0 0 0 0
362 4 0 0 0 0 0 1 0 0 0 0 0 0
365 4 0 0 0 0 0 1 0 0 0 0 0 0
366 4 1 1 0 0 0 1 0 0 0 0 0 0
367 2 0 0 1 1 1 0 0 0 1 1 0 0
430 7 0 0 5 0 0 0 0 0 1 0 0 0
fn=realloc
61 12 0 0 12 0 0 0 0 0 0 0 0 0
156 60 0 0 0 0 0 0 0 0 0 0 0 0
162 125082 307 1 12 3 0 0 0 0 41686 702 0 0
fn=sysmalloc
565 66 17 1 0 0 0 66 0 0 0 0 0 0
fn=tcache_init.part.0
930 64 32 0 0 0 0 32 0 0 0 0 0 0
931 160 32 1 0 0 0 32 0 0 32 0 0 0
fl=./malloc/./malloc/malloc.c
fn=_int_free
2012 297108 246 1 99036 489 0 0 0 0 99036 53 0 0
3181 76716 152 1 38358 0 0 38358 0 0 0 0 0 0
3183 153432 0 0 38358 1856 0 38358 0 0 0 0 0 0
3184 38358 0 0 0 0 0 38358 0 0 0 0 0 0
3185 76716 0 0 0 0 0 38358 0 0 0 0 0 0
4421 1511334 209 2 137394 909 0 961758 1202 32 0 0 0 0
4431 412182 0 0 137394 415 0 0 0 0 0 0 0 0
4437 686970 0 0 0 0 0 0 0 0 137394 1304 0 0
4438 274788 0 0 0 0 0 0 0 0 137394 172 0 0
4442 549576 0 0 0 0 0 0 0 0 137394 0 0 0
4449 274788 0 0 0 0 0 0 0 0 0 0 0 0
4450 961758 153 1 412182 1724 0 0 0 0 274788 9156 0 0
4453 128266 0 0 0 0 0 0 0 0 0 0 0 0
4459 384798 0 0 256532 13830 13 0 0 0 128266 215 0 0
4479 641330 57 1 256532 1445 0 0 0 0 128266 13668 0 0
4482 38358 0 0 0 0 0 0 0 0 0 0 0 0
4493 198072 0 0 99036 917 0 0 0 0 99036 11293 0 0
4504 269816 0 0 67454 39413 22 0 0 0 67454 18 0 0
4506 202362 0 0 67454 204 0 0 0 0 67454 7 0 0
4527 67454 0 0 0 0 0 67454 40 0 0 0 0 0
4528 67454 0 0 0 0 0 0 0 0 0 0 0 0
4529 129756 855 2 0 0 0 0 0 0 0 0 0 0
4532 202362 0 0 67454 106 0 0 0 0 0 0 0 0
4534 202362 0 0 67454 0 0 0 0 0 67454 86 0 0
4538 5152 0 0 0 0 0 0 0 0 2576 4 0 0
4540 10304 0 0 0 0 0 2576 0 0 0 0 0 0
4541 2576 0 0 0 0 0 2576 0 0 0 0 0 0
4548 129756 0 0 0 0 0 0 0 0 64878 190 0 0
4551 389268 0 0 0 0 0 64878 0 0 0 0 0 0
4553 259512 0 0 129756 0 0 0 0 0 64878 4 0 0
4554 129756 0 0 0 0 0 0 0 0 64878 2 0 0
4560 269816 0 0 0 0 0 0 0 0 67454 624 0 0
4561 2144 0 0 536 0 0 0 0 0 536 4 0 0
4569 63164 4 0 31582 0 0 0 0 0 31582 5 0 0
4572 31582 0 0 31582 0 0 0 0 0 0 0 0 0
4575 139556 0 0 0 0 0 13228 51 0 31582 2699 0 0
4576 91770 216 0 18354 139 0 18354 43 0 18354 2 0 0
4578 31582 542 1 0 0 0 0 0 0 0 0 0 0
4582 94746 0 0 31582 667 0 0 0 0 31582 28 0 0
4585 119832 0 0 31582 511 0 0 0 0 59916 649 0 0
4587 85002 129 1 28334 1126 0 0 0 0 0 0 0 0
4590 94746 0 0 31582 9039 2 0 0 0 31582 3 0 0
4593 63164 0 0 0 0 0 0 0 0 0 0 0 0
4594 63164 0 0 0 0 0 0 0 0 31582 2 0 0
4595 63164 467 1 31582 721 0 0 0 0 31582 27 0 0
4601 63164 0 0 31582 0 0 0 0 0 31582 2886 0 0
4602 2707 0 0 2707 0 0 0 0 0 0 0 0 0
4603 2707 0 0 0 0 0 0 0 0 0 0 0 0
4604 2707 0 0 0 0 0 0 0 0 0 0 0 0
4605 10828 0 0 2707 1074 1 0 0 0 2707 3 0 0
4607 5414 0 0 0 0 0 2707 192 0 0 0 0 0
4610 63164 733 1 31582 0 0 0 0 0 31582 222 0 0
4615 62960 0 0 31480 11938 2 0 0 0 31480 10371 0 0
4616 20192 229 1 0 0 0 10096 214 0 0 0 0 0
4617 20192 0 0 0 0 0 0 0 0 0 0 0 0
4619 21384 0 0 21384 0 0 0 0 0 0 0 0 0
4627 31480 0 0 0 0 0 0 0 0 0 0 0 0
4628 125920 0 0 31480 0 0 0 0 0 0 0 0 0
4629 62960 0 0 31480 496 0 0 0 0 31480 946 0 0
4631 31480 0 0 0 0 0 31480 692 2 0 0 0 0
4633 62960 321 1 0 0 0 0 0 0 31480 7017 0 0
4635 33126 320 1 0 0 0 11042 865 2 0 0 0 0
4638 31480 0 0 0 0 0 31480 0 0 0 0 0 0
4639 31480 0 0 0 0 0 31480 0 0 0 0 0 0
4641 94440 0 0 0 0 0 31480 0 0 0 0 0 0
4642 31480 0 0 0 0 0 31480 0 0 0 0 0 0
4653 102 7 1 0 0 0 0 0 0 0 0 0 0
4654 306 0 0 0 0 0 102 0 0 0 0 0 0
4655 204 0 0 0 0 0 102 0 0 0 0 0 0
4672 63164 4 0 0 0 0 0 0 0 31582 978 0 0
4673 2640 153 1 880 0 0 0 0 0 880 184 0 0
4674 258 44 0 0 0 0 86 1 0 0 0 0 0
4676 2640 153 1 0 0 0 0 0 0 880 187 0 0
4678 4380 104 1 2630 584 0 0 0 0 875 46 0 0
4680 33 8 1 11 0 0 11 0 0 0 0 0 0
4687 15 0 0 5 0 0 0 0 0 5 0 0 0
4688 10 0 0 5 5 0 5 0 0 0 0 0 0
4692 94746 0 0 31582 22 0 0 0 0 31582 4361 0 0
4693 73416 94 0 36708 3 0 0 0 0 36708 821 0 0
4702 1511334 10 2 1236546 48 0 0 0 0 137394 606 0 0
fn=_int_malloc
1343 163456 175 1 0 0 0 0 0 0 81728 215 0 0
1362 408415 229 1 0 0 0 0 0 0 81728 384 0 0
2005 237720 1049 2 79439 38 0 0 0 0 78842 784 0 0
3177 31675 0 0 15329 0 0 16346 0 0 0 0 0 0
3181 244668 42 0 90930 84 0 90930 657 2 0 0 0 0
3183 230150 561 1 23483 287 0 97543 0 0 0 0 0 0
3184 3060 0 0 0 0 0 3060 0 0 0 0 0 0
3185 39829 51 0 1017 0 0 19406 0 0 0 0 0 0
3186 30658 0 0 0 0 0 0 0 0 0 0 0 0
3193 8658 395 1 5772 1 0 0 0 0 0 0 0 0
3194 5772 0 0 0 0 0 0 0 0 2886 3 0 0
3196 11544 0 0 2886 0 0 2886 0 0 0 0 0 0
3197 2886 0 0 2886 0 0 0 0 0 0 0 0 0
3198 2886 0 0 0 0 0 2886 0 0 0 0 0 0
3771 735552 45 1 0 0 0 490368 1355 46 0 0 0 0
3811 163456 303 1 0 0 0 0 0 0 81728 215 0 0
3838 163906 0 0 81728 503 0 0 0 0 81728 10443 0 0
3841 822 0 0 0 0 0 0 0 0 0 0 0 0
3843 52913 0 0 52688 189 32 0 0 0 0 0 0 0
3845 260974 296 2 0 0 0 0 0 0 52688 974 0 0
3847 1644 255 0 0 0 0 0 0 0 822 0 0 0
3850 2466 0 0 822 0 0 0 0 0 822 8 0 0
3851 1307 0 0 822 147 0 97 0 0 0 0 0 0
3853 169171 401 1 2175 0 0 0 0 0 2583 333 0 0
3856 1644 0 0 822 36 0 0 0 0 0 0 0 0
3857 1644 216 1 0 0 0 0 0 0 822 1 0 0
3863 1644 0 0 0 0 0 0 0 0 0 0 0 0
3864 4932 0 0 2466 0 0 0 0 0 1644 0 0 0
3869 1839 0 0 822 0 0 0 0 0 0 0 0 0
3870 7964 457 2 3136 0 0 0 0 0 3136 609 0 0
3872 2034 0 0 0 0 0 0 0 0 1017 6 0 0
3874 3923 8 1 1017 0 0 0 0 0 1017 11 0 0
3875 1742 0 0 1017 670 0 145 0 0 0 0 0 0
3878 15440 46 0 2616 0 0 0 0 0 3424 343 0 0
3901 58080 0 0 0 0 0 0 0 0 29040 7064 0 0
3903 63384 0 0 0 0 0 63384 979 109 0 0 0 0
3904 204902 678 2 0 0 0 0 0 0 0 0 0 0
3906 216300 0 0 72100 3284 0 0 0 0 72100 8033 0 0
3908 8716 0 0 8716 2573 0 0 0 0 0 0 0 0
3909 17432 0 0 8716 3632 0 0 0 0 8716 616 0 0
3911 8716 0 0 8716 4566 0 0 0 0 0 0 0 0
3912 8716 0 0 0 0 0 8716 0 0 0 0 0 0
3913 8716 0 0 0 0 0 8716 0 0 0 0 0 0
3915 26148 405 1 0 0 0 0 0 0 8716 25 0 0
3921 17432 0 0 0 0 0 0 0 0 0 0 0 0
3922 52296 0 0 26148 0 0 0 0 0 17432 0 0 0
3927 89567 0 0 17432 62 0 0 0 0 15329 2321 0 0
3928 43748 0 0 0 0 0 0 0 0 21874 2828 0 0
3932 15329 0 0 15329 0 0 0 0 0 0 0 0 0
3933 15329 0 0 15329 9122 0 0 0 0 0 0 0 0
3934 30658 0 0 0 0 0 0 0 0 15329 9 0 0
3936 15329 0 0 0 0 0 15329 0 0 0 0 0 0
3937 15329 0 0 0 0 0 15329 10640 0 0 0 0 0
3944 8716 0 0 0 0 0 0 0 0 0 0 0 0
3963 293128 564 2 0 0 0 91591 1514 70 11974 3225 0 0
3964 26418 207 1 8806 20 0 0 0 0 8806 1510 0 0
3965 3702 66 0 0 0 0 1159 309 0 0 0 0 0
3982 360851 0 0 72157 175 0 144347 1044 69 0 0 0 0
3983 216570 12 0 0 0 0 0 0 0 0 0 0 0
3984 216570 0 0 144380 176 0 0 0 0 72190 48 0 0
3988 72190 0 0 0 0 0 72190 0 0 0 0 0 0
3993 62808 0 0 0 0 0 0 0 0 0 0 0 0
3994 541013 363 1 153507 219 0 0 0 0 156567 18976 0 0
3996 114611 0 0 114611 113 0 0 0 0 0 0 0 0
3997 458444 0 0 114611 5263 0 0 0 0 0 0 0 0
3998 114611 0 0 0 0 0 0 0 0 0 0 0 0
4000 229222 150 1 0 0 0 0 0 0 114611 56 0 0
4001 343833 0 0 114611 344 0 0 0 0 114611 12 0 0
4003 114611 0 0 114611 19475 0 0 0 0 0 0 0 0
4004 458444 0 0 0 0 0 0 0 0 114611 274 0 0
4006 458444 0 0 114611 0 0 0 0 0 114611 168 0 0
4008 229222 216 1 114611 17011 0 0 0 0 114611 622 0 0
4009 229222 0 0 114611 0 0 0 0 0 114611 605 0 0
4011 229222 0 0 0 0 0 0 0 0 114611 49 0 0
4022 458444 0 0 0 0 0 0 0 0 114611 12325 0 0
4023 108984 138 1 54492 0 0 0 0 0 54492 6340 0 0
4024 95282 0 0 47641 0 0 0 0 0 47641 10497 0 0
4025 125616 0 0 0 0 0 62808 0 0 0 0 0 0
4028 59274 0 0 29637 0 0 0 0 0 0 0 0 0
4029 29637 0 0 0 0 0 0 0 0 0 0 0 0
4030 29637 0 0 0 0 0 29637 0 0 0 0 0 0
4031 88911 0 0 0 0 0 29637 0 0 0 0 0 0
4032 29637 0 0 0 0 0 29637 21639 47 0 0 0 0
4033 59274 0 0 0 0 0 0 0 0 29637 3549 0 0
4035 23920 3 1 0 0 0 11960 2791 12 0 0 0 0
4039 237096 210 0 0 0 0 29637 0 0 0 0 0 0
4041 88911 0 0 0 0 0 29637 3593 7 0 0 0 0
4042 29637 0 0 0 0 0 29637 0 0 0 0 0 0
4045 33294 0 0 0 0 0 0 0 0 0 0 0 0
4053 84974 0 0 0 0 0 84974 0 0 0 0 0 0
4054 84974 0 0 0 0 0 84974 0 0 0 0 0 0
4058 169948 0 0 0 0 0 0 0 0 84974 3689 0 0
4060 7314 543 1 0 0 0 3657 0 0 0 0 0 0
4061 299731 428 1 0 0 0 144380 78 0 3657 386 0 0
4062 21 0 0 21 0 0 0 0 0 0 0 0 0
4066 7314 0 0 3657 0 0 0 0 0 3657 243 0 0
4067 202064 189 1 132436 14 0 62808 0 0 3410 387 0 0
4071 6120 205 1 0 0 0 0 0 0 0 0 0 0
4087 162634 201 1 0 0 0 0 0 0 81317 11818 0 0
4089 133992 0 0 0 0 0 0 0 0 0 0 0 0
4090 267984 0 0 0 0 0 0 0 0 0 0 0 0
4091 66996 0 0 66996 5906 6 0 0 0 0 0 0 0
4095 118616 366 2 0 0 0 0 0 0 23103 7877 0 0
4096 57284 275 1 0 0 0 0 0 0 0 0 0 0
4097 14321 0 0 14321 5076 0 0 0 0 0 0 0 0
4100 28642 0 0 0 0 0 0 0 0 14321 4245 0 0
4103 9084 428 1 0 0 0 4542 72 0 0 0 0 0
4105 18168 0 0 9084 1662 0 0 0 0 4542 65 0 0
4106 9084 0 0 4542 0 0 0 0 0 4542 1182 0 0
4112 4376 0 0 0 0 0 1094 124 0 0 0 0 0
4113 1094 0 0 1094 246 0 0 0 0 0 0 0 0
4114 3282 0 0 0 0 0 2188 56 0 0 0 0 0
4118 17240 398 1 6896 596 0 0 0 0 3448 2 0 0
4119 8944 0 0 0 0 0 0 0 0 4472 1290 0 0
4121 1024 0 0 1024 228 0 0 0 0 0 0 0 0
4122 3072 0 0 1024 228 0 0 0 0 1024 140 0 0
4125 3448 0 0 0 0 0 0 0 0 3448 1429 0 0
4128 3884 28 0 1942 197 0 0 0 0 0 0 0 0
4131 4518 0 0 1506 336 0 1506 167 0 0 0 0 0
4133 4518 13 0 3012 110 0 0 0 0 1506 10 0 0
4135 1506 0 0 0 0 0 1506 0 0 0 0 0 0
4136 4518 0 0 1506 0 0 1506 0 0 0 0 0 0
4138 3448 0 0 3448 147 0 0 0 0 0 0 0 0
4139 6896 0 0 3448 4 0 0 0 0 3448 228 0 0
4144 29337 185 1 0 0 0 9779 705 0 0 0 0 0
4147 487902 173 1 81317 1222 0 0 0 0 0 0 0 0
4149 325268 0 0 0 0 0 81317 0 0 0 0 0 0
4150 81317 0 0 0 0 0 81317 6141 0 0 0 0 0
4151 81317 0 0 0 0 0 81317 8 0 0 0 0 0
4156 162634 0 0 162634 0 0 0 0 0 0 0 0 0
4157 162634 0 0 0 0 0 0 0 0 81317 854 0 0
4158 188424 0 0 62808 0 0 62808 0 0 0 0 0 0
4159 3668 0 0 917 0 0 0 0 0 1834 230 0 0
4166 243951 41 0 0 0 0 0 0 0 81317 89 0 0
4174 2886 0 0 0 0 0 0 0 0 0 0 0 0
4183 78140 8 1 0 0 0 0 0 0 39070 2332 0 0
4185 34236 2 0 8559 0 0 0 0 0 0 0 0 0
4188 25677 0 0 8559 2857 0 0 0 0 8559 2892 0 0
4189 6210 0 0 3105 1342 0 0 0 0 3105 1527 0 0
4192 4518 265 1 4518 666 0 0 0 0 0 0 0 0
4193 17229 0 0 2994 810 0 0 0 0 2994 668 0 0
4195 735 0 0 735 165 0 0 0 0 0 0 0 0
4199 4518 0 0 2259 0 0 0 0 0 2259 617 0 0
4200 2188 0 0 1094 388 0 0 0 0 0 0 0 0
4201 1094 0 0 1094 110 0 0 0 0 0 0 0 0
4204 4518 0 0 0 0 0 0 0 0 0 0 0 0
4205 6777 284 1 0 0 0 4518 45 1 0 0 0 0
4208 6777 0 0 2259 0 0 0 0 0 2259 364 0 0
4210 1895 0 0 1895 0 0 0 0 0 0 0 0 0
4211 5685 348 1 0 0 0 0 0 0 1895 128 0 0
4217 364 0 0 0 0 0 0 0 0 0 0 0 0
4221 1456 0 0 364 0 0 0 0 0 0 0 0 0
4222 728 0 0 364 0 0 0 0 0 364 19 0 0
4225 364 0 0 0 0 0 364 205 2 0 0 0 0
4226 364 0 0 0 0 0 364 0 0 0 0 0 0
4227 364 0 0 0 0 0 364 0 0 0 0 0 0
4228 728 40 0 0 0 0 0 0 0 364 300 0 0
4230 38 0 0 0 0 0 19 3 0 0 0 0 0
4233 2912 0 0 0 0 0 364 0 0 0 0 0 0
4235 1092 0 0 0 0 0 364 54 0 0 0 0 0
4236 364 0 0 0 0 0 364 0 0 0 0 0 0
4239 2259 0 0 0 0 0 0 0 0 0 0 0 0
4256 73622 152 1 36811 4 0 0 0 0 0 0 0 0
4257 73622 0 0 0 0 0 0 0 0 0 0 0 0
4258 73622 0 0 0 0 0 0 0 0 0 0 0 0
4259 73622 0 0 36811 90 0 0 0 0 0 0 0 0
4260 110433 0 0 0 0 0 0 0 0 0 0 0 0
4265 226090 161 1 0 0 0 0 0 0 103122 9399 0 0
4269 37348 261 1 0 0 0 0 0 0 12683 406 0 0
4272 57338 122 3 12233 0 0 0 0 0 12233 1694 0 0
4274 35804 0 0 0 0 0 0 0 0 0 0 0 0
4275 17902 0 0 0 0 0 0 0 0 0 0 0 0
4279 541674 0 0 0 0 0 0 0 0 270837 53307 0 0
4281 215421 0 0 0 0 0 0 0 0 0 0 0 0
4283 430842 0 0 0 0 0 0 0 0 215421 97 0 0
4287 55416 0 0 55416 4726 0 0 0 0 0 0 0 0
4290 110832 0 0 0 0 0 0 0 0 55416 21943 0 0
4292 98000 101 1 0 0 0 19600 0 0 0 0 0 0
4293 19600 0 0 0 0 0 0 0 0 0 0 0 0
4294 19600 0 0 0 0 0 0 0 0 0 0 0 0
4299 107448 326 1 71632 11997 0 0 0 0 0 0 0 0
4302 71632 0 0 0 0 0 0 0 0 35816 252 0 0
4304 71632 0 0 0 0 0 0 0 0 0 0 0 0
4307 143264 0 0 0 0 0 107448 371 1 0 0 0 0
4310 143264 0 0 71632 0 0 0 0 0 35816 5887 0 0
4312 5935 0 0 5935 0 0 0 0 0 0 0 0 0
4313 17805 355 0 0 0 0 0 0 0 5935 33 0 0
4320 29881 0 0 0 0 0 0 0 0 0 0 0 0
4325 119524 185 1 29881 0 0 0 0 0 0 0 0 0
4326 59762 0 0 29881 0 0 0 0 0 29881 155 0 0
4329 29881 0 0 0 0 0 29881 21179 28 0 0 0 0
4330 29881 0 0 0 0 0 29881 0 0 0 0 0 0
4331 29881 0 0 0 0 0 29881 0 0 0 0 0 0
4334 59762 0 0 0 0 0 0 0 0 29881 2994 0 0
4335 24006 0 0 0 0 0 24006 0 0 0 0 0 0
4336 59762 0 0 0 0 0 0 0 0 29881 3166 0 0
4338 9494 3 1 0 0 0 4747 1144 3 0 0 0 0
4341 239048 109 0 0 0 0 29881 0 0 0 0 0 0
4343 89643 0 0 0 0 0 29881 6048 6 0 0 0 0
4344 29881 0 0 0 0 0 29881 0 0 0 0 0 0
4347 35816 0 0 0 0 0 0 0 0 0 0 0 0
4369 995 7 0 995 0 0 0 0 0 0 0 0 0
4370 1990 0 0 995 108 0 0 0 0 0 0 0 0
4372 1990 0 0 995 0 0 0 0 0 995 14 0 0
4375 3159 16 1 0 0 0 174 0 0 995 246 0 0
4377 908 0 0 0 0 0 0 0 0 0 0 0 0
4378 1816 100 1 908 0 0 0 0 0 0 0 0 0
4379 908 0 0 0 0 0 908 0 0 0 0 0 0
4380 7264 31 1 0 0 0 908 0 0 0 0 0 0
4382 1816 0 0 0 0 0 908 872 532 0 0 0 0
4385 908 0 0 0 0 0 0 0 0 0 0 0 0
4392 261 0 0 87 1 0 0 0 0 87 27 0 0
4397 163006 0 0 0 0 0 0 0 0 0 0 0 0
4399 950760 628 3 0 0 0 570456 822 44 0 0 0 0
4407 435 27 1 87 0 0 87 6 0 0 0 0 0
4408 174 0 0 0 0 0 0 0 0 87 15 0 0
4413 735552 28 3 572096 143 0 0 0 0 0 0 0 0
fn=_int_memalign
1343 510 0 0 0 0 0 0 0 0 255 2 0 0
1362 2040 179 1 0 0 0 0 0 0 0 0 0 0
4941 1785 177 1 0 0 0 1530 158 1 0 0 0 0
4968 765 0 0 0 0 0 255 0 0 0 0 0 0
4970 510 0 0 0 0 0 0 0 0 255 3 0 0
4973 255 0 0 0 0 0 0 0 0 0 0 0 0
4975 1020 0 0 0 0 0 0 0 0 255 83 0 0
4984 835 0 0 0 0 0 0 0 0 0 0 0 0
4986 668 96 1 0 0 0 0 0 0 167 20 0 0
4987 17 15 2 0 0 0 0 0 0 0 0 0 0
4990 51 0 0 0 0 0 0 0 0 0 0 0 0
4991 668 0 0 167 0 0 0 0 0 0 0 0 0
4994 334 0 0 0 0 0 0 0 0 167 0 0 0
5002 1503 96 1 0 0 0 167 75 32 0 0 0 0
5004 167 0 0 167 0 0 0 0 0 0 0 0 0
5005 835 0 0 167 0 0 167 0 0 0 0 0 0
5006 501 0 0 0 0 0 167 0 0 0 0 0 0
5009 1503 92 1 0 0 0 0 0 0 334 33 0 0
5014 765 84 0 255 0 0 0 0 0 255 0 0 0
5016 255 0 0 0 0 0 0 0 0 0 0 0 0
5017 765 0 0 0 0 0 0 0 0 255 86 0 0
5019 247 0 0 0 0 0 0 0 0 0 0 0 0
5020 247 0 0 0 0 0 0 0 0 0 0 0 0
5021 1976 172 0 0 0 0 247 180 64 0 0 0 0
5023 988 0 0 247 0 0 247 0 0 0 0 0 0
5024 988 0 0 0 0 0 247 0 0 0 0 0 0
5030 2295 5 1 1785 67 0 0 0 0 0 0 0 0
fn=_int_realloc
4818 145971 391 1 0 0 0 125118 410 2 0 0 0 0
4829 83412 457 1 20853 0 0 0 0 0 20853 1284 0 0
4830 104265 0 0 20853 222 0 0 0 0 20853 0 0 0
4836 41706 0 0 0 0 0 0 0 0 20853 63 0 0
4838 41706 0 0 0 0 0 0 0 0 0 0 0 0
4839 62559 0 0 20853 838 0 0 0 0 0 0 0 0
4841 83412 433 1 0 0 0 0 0 0 20853 1 0 0
4844 41706 0 0 0 0 0 0 0 0 20853 2333 0 0
4854 40854 122 1 20327 271 0 0 0 0 20427 1074 0 0
4855 100 28 1 0 0 0 0 0 0 0 0 0 0
4856 100 0 0 0 0 0 0 0 0 0 0 0 0
4858 15591 0 0 0 0 0 95 0 0 0 0 0 0
4859 190 27 1 0 0 0 95 0 0 0 0 0 0
4860 285 0 0 0 0 0 95 95 12 0 0 0 0
4862 190 0 0 0 0 0 0 0 0 0 0 0 0
4866 40454 0 0 20227 8192 0 0 0 0 0 0 0 0
4867 40454 0 0 0 0 0 0 0 0 20227 2330 0 0
4868 20227 178 1 0 0 0 0 0 0 0 0 0 0
4872 11550 0 0 1925 0 0 1925 14 0 0 0 0 0
4878 73228 352 1 0 0 0 18307 67 0 0 0 0 0
4879 36614 0 0 0 0 0 0 0 0 18307 368 0 0
4882 18307 0 0 0 0 0 0 0 0 0 0 0 0
4883 18312 4 1 18307 551 0 0 0 0 0 0 0 0
4888 36614 0 0 0 0 0 0 0 0 18307 321 0 0
4890 5 0 0 0 0 0 0 0 0 0 0 0 0
4895 18302 0 0 0 0 0 0 0 0 0 0 0 0
4896 128114 267 1 18302 8 0 0 0 0 0 0 0 0
4899 36604 0 0 0 0 0 18302 0 0 0 0 0 0
4900 73208 0 0 0 0 0 18302 0 0 0 0 0 0
4902 18302 0 0 0 0 0 0 0 0 0 0 0 0
4909 25 0 0 5 0 0 0 0 0 5 0 0 0
4911 4912 0 0 0 0 0 0 0 0 0 0 0 0
4913 4912 168 0 0 0 0 0 0 0 2456 691 0 0
4915 4342 0 0 0 0 0 943 0 0 0 0 0 0
4916 943 0 0 943 0 0 0 0 0 0 0 0 0
4920 1513 0 0 0 0 0 0 0 0 0 0 0 0
4923 3026 0 0 0 0 0 1513 0 0 0 0 0 0
4924 4539 42 0 0 0 0 1513 1090 4 0 0 0 0
4927 1513 8 0 1513 0 0 0 0 0 0 0 0 0
4928 6052 0 0 0 0 0 1513 0 0 0 0 0 0
4932 2456 0 0 0 0 0 0 0 0 0 0 0 0
4933 187677 0 0 145971 478 0 0 0 0 0 0 0 0
fn=alloc_new_heap
2028 128 0 0 32 0 0 0 0 0 32 0 0 0
fn=arena_get2.part.0
1966 12256 0 0 0 0 0 0 0 0 4064 65 0 0
1969 12192 0 0 0 0 0 4064 1056 1056 0 0 0 0
1973 96 0 0 0 0 0 0 0 0 32 0 0 0
1975 32 0 0 32 0 0 0 0 0 0 0 0 0
1978 32 0 0 0 0 0 32 0 0 0 0 0 0
fn=calloc
3624 3366 146 1 0 0 0 2244 26 0 0 0 0 0
3634 5049 150 1 0 0 0 0 0 0 561 6 0 0
3642 1122 0 0 561 0 0 0 0 0 561 11 0 0
3645 1683 0 0 1122 0 0 0 0 0 561 7 0 0
3647 1683 0 0 561 73 0 0 0 0 561 10 0 0
3650 4416 139 1 1656 42 0 0 0 0 1104 3 0 0
3657 561 8 1 561 92 0 0 0 0 0 0 0 0
3658 1131 8 1 561 151 0 0 0 0 0 0 0 0
3665 1665 0 0 0 0 0 0 0 0 552 73 0 0
3668 560 0 0 140 0 0 0 0 0 0 0 0 0
3679 1683 146 1 0 0 0 561 40 32 0 0 0 0
3681 4067 146 1 561 9 0 0 0 0 1683 23 0 0
3684 1683 0 0 561 0 0 0 0 0 561 33 0 0
3686 1104 0 0 0 0 0 0 0 0 552 22 0 0
3693 1104 139 0 0 0 0 0 0 0 552 0 0 0
3694 2208 151 0 1104 0 0 0 0 0 1104 41 0 0
3698 1122 158 1 0 0 0 0 0 0 561 24 0 0
3701 2244 156 1 0 0 0 0 0 0 0 0 0 0
3709 1122 0 0 561 0 0 0 0 0 0 0 0 0
3712 1122 0 0 0 0 0 0 0 0 561 53 0 0
3714 561 0 0 561 0 0 0 0 0 0 0 0 0
3721 2244 0 0 0 0 0 0 0 0 561 0 0 0
3732 561 0 0 0 0 0 0 0 0 0 0 0 0
3734 1122 0 0 0 0 0 0 0 0 561 0 0 0
3736 1122 0 0 0 0 0 0 0 0 561 67 0 0
3737 1362 0 0 0 0 0 0 0 0 0 0 0 0
3741 214 0 0 0 0 0 107 0 0 0 0 0 0
3743 107 0 0 0 0 0 107 0 0 0 0 0 0
3744 214 0 0 0 0 0 0 0 0 107 2 0 0
3746 107 0 0 0 0 0 107 0 0 0 0 0 0
3748 214 7 1 0 0 0 0 0 0 107 3 0 0
3750 8 0 0 0 0 0 8 0 0 0 0 0 0
3752 16 0 0 0 0 0 0 0 0 8 1 0 0
3754 10 0 0 0 0 0 5 0 0 0 0 0 0
3762 2912 138 1 2351 0 0 0 0 0 0 0 0 0
fn=free
3352 468728 29 2 0 0 0 234364 1 0 0 0 0 0
3356 234364 0 0 0 0 0 0 0 0 117182 2148 0 0
3364 234364 0 0 234364 2272 0 0 0 0 0 0 0 0
3366 117182 0 0 0 0 0 0 0 0 0 0 0 0
3368 351546 29 1 117182 55986 12 0 0 0 117182 53 0 0
3372 63 0 0 21 2 0 0 0 0 21 0 0 0
3374 84 0 0 21 2 0 0 0 0 21 10 0 0
3376 4 0 0 0 0 0 2 0 0 0 0 0 0
3377 4 2 2 0 0 0 2 0 0 0 0 0 0
3378 2 0 0 0 0 0 0 0 0 0 0 0 0
3381 42 0 0 0 0 0 21 0 0 0 0 0 0
3385 351483 0 0 234322 567 0 0 0 0 117161 2849 0 0
3391 234322 153 1 0 0 0 117161 247 0 0 0 0 0
3394 117182 0 0 0 0 0 117182 18 0 0 0 0 0
3395 468728 0 0 351546 22 0 0 0 0 0 0 0 0
fn=malloc
1343 233758 3 0 0 0 0 0 0 0 116879 2705 0 0
1362 583848 2 2 0 0 0 0 0 0 116879 1309 0 0
3193 108614 0 0 54307 3522 0 0 0 0 0 0 0 0
3194 108614 0 0 0 0 0 0 0 0 54307 0 0 0
3196 217228 0 0 54307 18831 1 54307 0 0 0 0 0 0
3197 108614 0 0 0 0 0 54307 0 0 0 0 0 0
3198 54307 0 0 0 0 0 54307 0 0 0 0 0 0
3241 132 0 0 66 0 0 33 0 0 33 0 0 0
3287 701274 1 1 0 0 0 350637 447 2 0 0 0 0
3294 233758 0 0 116879 433 1 0 0 0 116879 791 0 0
3304 348996 1 1 0 0 0 0 0 0 0 0 0 0
3306 467516 0 0 233758 968 0 0 0 0 116879 179 0 0
3309 233758 0 0 116879 442 0 0 0 0 116879 3399 0 0
3310 132 0 0 33 0 0 0 0 0 33 0 0 0
3311 343071 1 1 114357 951 0 0 0 0 114357 14098 0 0
3319 187716 234 1 62572 296 0 0 0 0 62572 63 0 0
3321 10272 2 1 0 0 0 2568 22 2 0 0 0 0
3322 12840 0 0 2568 6 0 0 0 0 2568 10 0 0
3327 480032 0 0 180012 265 0 0 0 0 120008 2 0 0
3329 180012 0 0 0 0 0 60004 432 0 0 0 0 0
3332 120008 125 1 0 0 0 0 0 0 60004 656 0 0
3340 240016 0 0 120008 28 0 0 0 0 120008 722 0 0
3344 420457 0 0 60004 514 0 0 0 0 180011 165 0 0
3347 584395 23 0 467516 47 0 0 0 0 0 0 0 0
fn=malloc_consolidate
4715 9960 433 1 0 0 0 7470 393 0 0 0 0 0
4730 1245 0 0 0 0 0 1245 0 0 0 0 0 0
4732 2490 0 0 0 0 0 1245 672 1 0 0 0 0
4743 1245 355 1 0 0 0 0 0 0 0 0 0 0
4745 24900 0 0 24900 53 0 0 0 0 12450 369 0 0
4746 24900 0 0 0 0 0 0 0 0 12450 2335 0 0
4749 130790 529 1 0 0 0 0 0 0 65395 40 0 0
4753 196185 0 0 65395 29837 0 0 0 0 0 0 0 0
4754 261580 0 0 0 0 0 0 0 0 65395 9 0 0
4759 326975 612 1 65395 9738 0 0 0 0 0 0 0 0
4762 130790 0 0 0 0 0 0 0 0 0 0 0 0
4763 65395 0 0 0 0 0 0 0 0 0 0 0 0
4764 196185 0 0 65395 19753 0 0 0 0 0 0 0 0
4766 130790 0 0 0 0 0 0 0 0 65395 13460 0 0
4767 21297 0 0 21297 0 0 0 0 0 0 0 0 0
4768 21297 0 0 0 0 0 0 0 0 0 0 0 0
4769 21297 0 0 0 0 0 0 0 0 0 0 0 0
4770 85188 0 0 21297 5323 0 0 0 0 21297 53 0 0
4772 212970 66 0 85188 0 0 106485 4 0 0 0 0 0
4775 130790 528 1 65395 2 0 0 0 0 65395 1134 0 0
4778 130746 599 1 65373 33012 4 0 0 0 65373 15397 0 0
4779 25082 462 1 0 0 0 0 0 0 0 0 0 0
4780 175574 0 0 50164 0 0 75246 33 0 0 0 0 0
4782 80582 0 0 0 0 0 40291 0 0 0 0 0 0
4784 65373 0 0 65373 0 0 0 0 0 0 0 0 0
4785 130746 0 0 0 0 0 65373 0 0 0 0 0 0
4786 130746 0 0 65373 0 0 65373 8 0 0 0 0 0
4788 130746 0 0 0 0 0 0 0 0 65373 6889 0 0
4789 17702 0 0 0 0 0 8851 687 0 0 0 0 0
4793 196119 0 0 0 0 0 65373 0 0 0 0 0 0
4795 65373 0 0 0 0 0 65373 0 0 0 0 0 0
4796 90455 0 0 0 0 0 65373 0 0 0 0 0 0
4800 22 0 0 0 0 0 0 0 0 0 0 0 0
4801 44 0 0 0 0 0 22 0 0 0 0 0 0
4802 44 0 0 0 0 0 22 0 0 0 0 0 0
4805 193818 0 0 0 0 0 0 0 0 65395 2792 0 0
4808 37350 0 0 12450 0 0 0 0 0 12450 1479 0 0
4809 9960 0 0 8715 86 0 0 0 0 0 0 0 0
fn=munmap_chunk
3044 21 2 2 0 0 0 0 0 0 0 0 0 0
3045 42 0 0 42 5 0 0 0 0 0 0 0 0
3046 63 0 0 21 0 0 0 0 0 0 0 0 0
3048 42 0 0 0 0 0 0 0 0 21 0 0 0
3050 21 0 0 0 0 0 0 0 0 0 0 0 0
3051 42 0 0 21 0 0 0 0 0 0 0 0 0
3052 42 2 2 21 0 0 0 0 0 0 0 0 0
3058 84 0 0 0 0 0 0 0 0 0 0 0 0
3059 105 0 0 0 0 0 0 0 0 21 6 0 0
3062 21 0 0 42 0 0 0 0 0 21 2 0 0
3063 63 0 0 42 0 0 0 0 0 21 4 0 0
3068 42 2 2 0 0 0 0 0 0 0 0 0 0
3069 21 0 0 0 0 0 0 0 0 0 0 0 0
fn=posix_memalign
3535 510 0 0 0 0 0 0 0 0 255 23 0 0
3539 510 0 0 0 0 0 0 0 0 255 184 0 0
3544 765 174 1 0 0 0 0 0 0 255 110 0 0
3552 765 0 0 0 0 0 0 0 0 255 15 0 0
3560 765 175 1 255 10 0 0 0 0 255 81 0 0
3562 120 13 1 0 0 0 20 0 0 0 0 0 0
3563 100 0 0 20 0 0 0 0 0 20 3 0 0
3568 1880 0 0 705 30 0 0 0 0 470 22 0 0
3570 1175 162 1 0 0 0 235 0 0 0 0 0 0
3571 470 0 0 0 0 0 0 0 0 235 108 0 0
3579 1450 176 1 470 0 0 0 0 0 470 16 0 0
3581 1709 161 1 235 0 0 0 0 0 705 184 0 0
5675 2295 175 1 0 0 0 1275 0 0 0 0 0 0
5678 510 173 1 255 10 0 0 0 0 255 23 0 0
5683 510 0 0 0 0 0 0 0 0 0 0 0 0
5684 1020 0 0 0 0 0 0 0 0 0 0 0 0
5685 1020 0 0 0 0 0 0 0 0 255 5 0 0
5694 255 176 1 0 0 0 255 74 0 0 0 0 0
5695 255 0 0 0 0 0 0 0 0 0 0 0 0
5699 1530 0 0 1530 0 0 0 0 0 0 0 0 0
fn=ptmalloc_init.part.0
1966 385 1 1 0 0 0 0 0 0 127 8 0 0
1969 381 0 0 0 0 0 127 33 32 0 0 0 0
1977 1 0 0 0 0 0 1 1 1 0 0 0 0
1978 1 0 0 0 0 0 1 1 1 0 0 0 0
1980 1 0 0 0 0 0 1 0 0 0 0 0 0
3162 7 1 1 0 0 0 1 0 0 1 1 0 0
fn=realloc
1343 41730 0 0 0 0 0 0 0 0 20865 0 0 0
1362 125190 0 0 0 0 0 0 0 0 0 0 0 0
2028 72 7 1 36 7 0 0 0 0 12 0 0 0
3076 24 0 0 24 20 0 0 0 0 0 0 0 0
3077 12 0 0 12 0 0 0 0 0 0 0 0 0
3078 12 0 0 0 0 0 0 0 0 0 0 0 0
3083 24 0 0 0 0 0 0 0 0 0 0 0 0
3085 12 0 0 0 0 0 0 0 0 0 0 0 0
3086 48 6 1 0 0 0 0 0 0 0 0 0 0
3087 72 0 0 0 0 0 0 0 0 12 0 0 0
3091 96 0 0 0 0 0 36 1 0 0 0 0 0
3094 24 0 0 0 0 0 0 0 0 12 0 0 0
3097 84 7 1 0 0 0 24 0 0 0 0 0 0
3100 24 0 0 0 0 0 0 0 0 12 1 0 0
3105 12 0 0 0 0 0 0 0 0 0 0 0 0
3107 36 0 0 0 0 0 0 0 0 12 0 0 0
3109 24 0 0 12 9 8 0 0 0 12 0 0 0
3110 48 0 0 0 0 0 12 0 0 0 0 0 0
3113 48 0 0 24 0 0 0 0 0 12 0 0 0
3115 58 7 1 23 0 0 0 0 0 23 1 0 0
3400 209320 353 1 0 0 0 125592 318 33 0 0 0 0
3406 41864 0 0 20932 194 0 0 0 0 20932 502 0 0
3410 41864 0 0 0 0 0 0 0 0 20932 116 0 0
3417 41864 242 1 0 0 0 0 0 0 20932 18 0 0
3418 134 0 0 0 0 0 0 0 0 0 0 0 0
3426 20865 0 0 0 0 0 0 0 0 0 0 0 0
3428 62595 0 0 20865 2259 0 0 0 0 0 0 0 0
3430 41730 0 0 0 0 0 0 0 0 20865 14 0 0
3431 20865 0 0 0 0 0 0 0 0 0 0 0 0
3434 62559 0 0 41706 392 0 0 0 0 20853 7 0 0
3442 83460 0 0 0 0 0 0 0 0 0 0 0 0
3443 41730 211 1 0 0 0 0 0 0 20865 0 0 0
3452 41730 0 0 0 0 0 0 0 0 20865 5 0 0
3466 24 0 0 0 0 0 0 0 0 0 0 0 0
3483 62559 0 0 20853 212 0 0 0 0 20853 3 0 0
3485 8544 55 2 0 0 0 1424 28 2 0 0 0 0
3486 9956 15 1 1424 6 0 0 0 0 4266 237 0 0
3492 77716 371 1 19429 174 0 0 0 0 19429 16 0 0
3494 116574 0 0 0 0 0 19429 51 0 0 0 0 0
3496 77716 0 0 38858 1 0 0 0 0 38858 505 0 0
3497 135981 1240 1 19429 107 0 0 0 0 58273 94 0 0
3515 188254 708 1 146457 840 0 0 0 0 0 0 0 0
fn=sysmalloc
2028 252 0 0 63 0 0 0 0 0 63 15 0 0
2548 783 26 1 0 0 0 522 57 0 0 0 0 0
2568 348 0 0 261 139 0 87 6 0 0 0 0 0
2579 174 29 1 0 0 0 0 0 0 87 3 0 0
2580 240 0 0 87 50 1 66 39 0 87 15 0 0
2581 63 4 0 42 18 0 0 0 0 21 2 0 0
2585 105 0 0 21 0 0 0 0 0 21 0 0 0
2594 84 4 0 0 0 0 21 14 0 0 0 0 0
2595 42 0 0 0 0 0 0 0 0 21 2 0 0
2606 66 0 0 66 0 0 0 0 0 0 0 0 0
2607 198 0 0 66 0 0 0 0 0 0 0 0 0
2608 66 0 0 0 0 0 0 0 0 0 0 0 0
2610 124 15 1 0 0 0 0 0 0 0 0 0 0
2617 719 22 0 0 0 0 0 0 0 196 13 0 0
2623 198 1 1 0 0 0 0 0 0 66 8 0 0
2626 198 0 0 0 0 0 0 0 0 66 3 0 0
2687 132 16 1 66 0 0 0 0 0 0 0 0 0
2696 264 0 0 66 0 0 0 0 0 0 0 0 0
2709 198 0 0 66 51 0 0 0 0 66 0 0 0
2713 3 1 1 0 0 0 1 0 0 0 0 0 0
2717 330 0 0 0 0 0 66 0 0 0 0 0 0
2725 132 18 1 0 0 0 0 0 0 66 22 0 0
2727 132 21 1 0 0 0 66 6 0 0 0 0 0
2728 198 0 0 66 0 0 0 0 0 66 2 0 0
2729 132 2 0 66 0 0 0 0 0 0 0 0 0
2730 66 0 0 0 0 0 0 0 0 0 0 0 0
2733 132 0 0 0 0 0 0 0 0 66 3 0 0
2746 16 0 0 4 0 0 0 0 0 4 0 0 0
2752 32 1 0 0 0 0 8 0 0 0 0 0 0
2754 12 0 0 4 0 0 0 0 0 4 0 0 0
2758 4 0 0 4 0 0 0 0 0 0 0 0 0
2762 8 0 0 0 0 0 0 0 0 4 0 0 0
2764 132 16 1 66 1 0 0 0 0 66 4 0 0
2765 2 1 1 0 0 0 1 0 0 0 0 0 0
2766 322 0 0 128 0 0 66 0 0 0 0 0 0
2772 274 17 1 0 0 0 0 0 0 66 3 0 0
2773 244 0 0 0 0 0 61 0 0 0 0 0 0
2775 12 4 2 5 0 0 0 0 0 6 2 0 0
2802 4 0 0 0 0 0 0 0 0 0 0 0 0
2815 3 1 1 0 0 0 0 0 0 1 1 0 0
2837 2 0 0 0 0 0 0 0 0 0 0 0 0
2838 7 0 0 0 0 0 0 0 0 0 0 0 0
2840 2 1 1 0 0 0 0 0 0 1 0 0 0
2841 4 0 0 0 0 0 2 0 0 0 0 0 0
2853 3 0 0 1 0 0 0 0 0 1 0 0 0
2867 8 0 0 0 0 0 0 0 0 4 0 0 0
2886 8 0 0 0 0 0 0 0 0 4 0 0 0
2895 5 0 0 0 0 0 5 0 0 0 0 0 0
2896 20 0 0 0 0 0 5 5 4 0 0 0 0
2897 9 1 1 2 0 0 5 0 0 0 0 0 0
2908 10 3 1 0 0 0 0 0 0 5 4 0 0
2915 8 0 0 0 0 0 0 0 0 0 0 0 0
2916 12 0 0 0 0 0 4 0 0 0 0 0 0
2924 4 0 0 0 0 0 4 4 3 0 0 0 0
2926 4 0 0 0 0 0 4 0 0 0 0 0 0
2931 8 0 0 0 0 0 0 0 0 4 0 0 0
2933 20 2 1 0 0 0 4 0 0 0 0 0 0
2941 136 24 1 70 0 0 0 0 0 66 19 0 0
2942 46 0 0 0 0 0 46 0 0 0 0 0 0
2946 69 0 0 65 0 0 0 0 0 0 0 0 0
2947 132 0 0 66 0 0 0 0 0 0 0 0 0
2950 132 0 0 0 0 0 0 0 0 66 9 0 0
2952 66 0 0 0 0 0 0 0 0 0 0 0 0
2953 66 0 0 0 0 0 0 0 0 0 0 0 0
2954 66 0 0 0 0 0 66 0 0 0 0 0 0
2955 528 12 1 0 0 0 66 0 0 0 0 0 0
2956 132 0 0 0 0 0 66 66 48 0 0 0 0
2958 132 0 0 0 0 0 0 0 0 0 0 0 0
2964 957 12 1 783 0 0 0 0 0 87 20 0 0
fn=sysmalloc_mmap.constprop.0
2028 84 0 0 21 0 0 0 0 0 21 3 0 0
2420 63 6 1 0 0 0 63 4 0 0 0 0 0
2433 63 0 0 0 0 0 0 0 0 0 0 0 0
2438 42 5 1 0 0 0 0 0 0 21 11 0 0
2441 210 0 0 0 0 0 21 5 0 0 0 0 0
2444 42 5 1 0 0 0 0 0 0 21 6 0 0
2448 42 0 0 0 0 0 0 0 0 21 0 0 0
2466 63 0 0 0 0 0 0 0 0 21 1 0 0
2484 21 0 0 0 0 0 21 19 13 0 0 0 0
2485 63 0 0 0 0 0 21 0 0 0 0 0 0
2489 63 5 1 42 0 0 0 0 0 21 8 0 0
2490 93 0 0 36 0 0 0 0 0 36 4 0 0
2493 63 0 0 42 0 0 0 0 0 21 7 0 0
2494 103 4 1 41 0 0 0 0 0 41 7 0 0
2499 105 0 0 84 0 0 0 0 0 0 0 0 0
fn=sysmalloc_mmap_fallback.constprop.0
2028 16 2 1 4 0 0 0 0 0 4 4 0 0
2508 36 2 1 0 0 0 20 0 0 0 0 0 0
2512 4 0 0 4 0 0 0 0 0 0 0 0 0
2515 8 0 0 4 0 0 0 0 0 4 1 0 0
2516 5 0 0 0 0 0 0 0 0 0 0 0 0
2519 8 0 0 0 0 0 0 0 0 4 1 0 0
2523 8 2 1 0 0 0 0 0 0 4 0 0 0
2524 4 0 0 0 0 0 0 0 0 0 0 0 0
2526 36 0 0 0 0 0 4 0 0 0 0 0 0
2529 8 0 0 0 0 0 0 0 0 4 0 0 0
2533 8 0 0 0 0 0 0 0 0 4 3 0 0
2540 4 0 0 4 0 0 0 0 0 0 0 0 0
2542 4 0 0 0 0 0 4 0 0 0 0 0 0
2544 28 0 0 24 0 0 0 0 0 0 0 0 0
fn=systrim.constprop.0
2977 33 0 0 0 0 0 33 0 0 0 0 0 0
2986 33 8 1 22 0 0 0 0 0 0 0 0 0
2988 11 0 0 0 0 0 0 0 0 0 0 0 0
2989 22 0 0 0 0 0 0 0 0 11 2 0 0
2990 4 0 0 0 0 0 0 0 0 0 0 0 0
2994 33 0 0 11 10 0 0 0 0 11 0 0 0
2995 11 0 0 0 0 0 0 0 0 0 0 0 0
2998 55 0 0 22 20 0 0 0 0 0 0 0 0
3000 22 0 0 0 0 0 0 0 0 11 3 0 0
3007 27 8 1 0 0 0 9 0 0 0 0 0 0
3008 36 0 0 9 0 0 0 0 0 9 3 0 0
3020 21 0 0 0 0 0 7 0 0 0 0 0 0
3021 14 0 0 0 0 0 7 0 0 0 0 0 0
3023 7 0 0 0 0 0 0 0 0 0 0 0 0
3025 14 0 0 0 0 0 0 0 0 0 0 0 0
3029 14 0 0 0 0 0 0 0 0 7 0 0 0
3032 7 0 0 7 0 0 0 0 0 0 0 0 0
3033 28 0 0 7 0 0 7 0 0 0 0 0 0
3035 14 0 0 0 0 0 0 0 0 0 0 0 0
3040 44 0 0 44 0 0 0 0 0 0 0 0 0
fn=tcache_init.part.0
3235 99 2 1 0 0 0 66 0 0 0 0 0 0
3244 136 0 0 67 0 0 0 0 0 34 0 0 0
3245 164 1 1 0 0 0 33 0 0 0 0 0 0
3246 66 0 0 0 0 0 0 0 0 33 2 0 0
3253 96 28 0 0 0 0 0 0 0 32 0 0 0
3254 132 1 0 66 0 0 0 0 0 66 2 0 0
3261 66 0 0 0 0 0 0 0 0 33 0 0 0
3263 66 0 0 33 0 0 33 0 0 0 0 0 0
3264 2904 1 1 0 0 0 2673 297 297 2640 50 0 0
3267 132 0 0 99 0 0 0 0 0 0 0 0 0
fn=unlink_chunk.constprop.0
1626 99182 208 1 0 0 0 0 0 0 0 0 0 0
1628 495910 0 0 198364 22158 0 0 0 0 99182 1192 0 0
1631 495910 190 1 198364 5382 0 0 0 0 0 0 0 0
1632 99182 0 0 99182 0 0 0 0 0 0 0 0 0
1634 396728 0 0 198364 36573 2 0 0 0 198364 1808 0 0
1637 99182 0 0 0 0 0 99182 0 0 0 0 0 0
1638 99182 0 0 0 0 0 99182 0 0 0 0 0 0
1639 268192 0 0 23276 2093 0 0 0 0 122458 25035 0 0
1641 24894 0 0 12447 521 1 0 0 0 12447 5 0 0
1642 74682 4 1 24894 278 0 0 0 0 12447 6 0 0
1645 24894 0 0 12447 1451 0 0 0 0 12447 145 0 0
1647 266 0 0 0 0 0 0 0 0 133 86 0 0
1648 176 33 0 0 0 0 88 0 0 0 0 0 0
1651 45 0 0 0 0 0 45 0 0 0 0 0 0
1653 90 0 0 45 0 0 45 0 0 0 0 0 0
1654 135 0 0 45 0 0 45 0 0 0 0 0 0
1659 12314 0 0 0 0 0 12314 0 0 0 0 0 0
1660 24628 0 0 12314 0 0 12314 0 0 0 0 0 0
1663 198364 93 0 99182 0 0 0 0 0 0 0 0 0
fl=./malloc/./malloc/morecore.c
fn=__glibc_morecore
25 180 34 2 0 0 0 0 0 0 0 0 0 0
26 180 0 0 90 0 0 0 0 0 90 0 0 0
27 4 0 0 0 0 0 0 0 0 0 0 0 0
29 90 0 0 0 0 0 90 4 0 0 0 0 0
30 180 0 0 0 0 0 0 0 0 90 2 0 0
34 180 0 0 90 0 0 0 0 0 0 0 0 0
fl=./malloc/./malloc/scratch_buffer_set_array_size.c
fn=__libc_scratch_buffer_set_array_size
30 40 2 2 0 0 0 12 0 0 0 0 0 0
34 4 0 0 0 0 0 0 0 0 0 0 0 0
35 8 0 0 0 0 0 0 0 0 4 2 0 0
45 8 0 0 4 0 0 0 0 0 4 2 0 0
46 4 0 0 0 0 0 0 0 0 0 0 0 0
63 16 1 1 16 0 0 0 0 0 0 0 0 0
fl=./math/../sysdeps/ieee754/dbl-64/e_log2.c
fn=log2@@GLIBC_2.29
39 58312 0 0 0 0 0 0 0 0 0 0 0 0
44 29156 5 1 0 0 0 0 0 0 0 0 0 0
56 145780 5 1 0 0 0 0 0 0 29156 1233 0 0
60 3543 0 0 0 0 0 0 0 0 1181 2 0 0
62 2362 0 0 1181 3 1 0 0 0 0 0 0 0
69 2362 0 0 0 0 0 0 0 0 0 0 0 0
70 3543 0 0 1181 0 0 0 0 0 0 0 0 0
71 4724 5 1 1181 0 0 0 0 0 0 0 0 0
73 2362 0 0 0 0 0 0 0 0 0 0 0 0
74 2362 0 0 0 0 0 0 0 0 0 0 0 0
76 4724 5 1 2362 0 0 0 0 0 0 0 0 0
77 2362 0 0 0 0 0 0 0 0 0 0 0 0
78 4724 0 0 0 0 0 0 0 0 0 0 0 0
79 10629 5 1 4724 0 0 0 0 0 0 0 0 0
80 11810 0 0 4724 3 1 0 0 0 0 0 0 0
81 1181 0 0 0 0 0 0 0 0 0 0 0 0
82 1181 0 0 1181 0 0 0 0 0 0 0 0 0
84 83925 0 0 0 0 0 0 0 0 27975 2 0 0
101 55950 0 0 0 0 0 0 0 0 0 0 0 0
102 55950 0 0 0 0 0 0 0 0 0 0 0 0
103 27975 0 0 0 0 0 0 0 0 0 0 0 0
104 111900 5 1 0 0 0 0 0 0 0 0 0 0
105 83925 0 0 0 0 0 0 0 0 0 0 0 0
108 55950 0 0 0 0 0 0 0 0 0 0 0 0
120 251775 0 0 83925 53 33 0 0 0 0 0 0 0
122 55950 0 0 0 0 0 0 0 0 0 0 0 0
123 83925 0 0 27975 0 0 0 0 0 0 0 0 0
124 83925 5 1 27975 0 0 0 0 0 0 0 0 0
128 27975 5 1 27975 0 0 0 0 0 0 0 0 0
129 55950 0 0 0 0 0 0 0 0 0 0 0 0
130 83925 0 0 0 0 0 0 0 0 0 0 0 0
134 55950 0 0 0 0 0 0 0 0 0 0 0 0
135 55950 5 1 0 0 0 0 0 0 0 0 0 0
138 363675 5 1 167850 2 1 0 0 0 0 0 0 0
139 83925 0 0 0 0 0 0 0 0 0 0 0 0
140 27975 0 0 27975 0 0 0 0 0 0 0 0 0
fl=./math/../sysdeps/ieee754/dbl-64/math_config.h
fn=log2@@GLIBC_2.29
67 29156 0 0 0 0 0 0 0 0 0 0 0 0
79 116624 5 1 0 0 0 0 0 0 0 0 0 0
fl=./math/../sysdeps/x86_64/fpu/multiarch/e_asin.c
fn=__acos_finite@GLIBC_2.15
35 1 1 1 0 0 0 0 0 0 0 0 0 0
fn=__asin_finite@GLIBC_2.15
27 2 1 1 1 0 0 0 0 0 0 0 0 0
fl=./math/../sysdeps/x86_64/fpu/multiarch/e_atan2.c
fn=__atan2_finite@GLIBC_2.15
26 2 1 1 1 0 0 0 0 0 0 0 0 0
fl=./math/../sysdeps/x86_64/fpu/multiarch/e_exp.c
fn=__exp_finite@GLIBC_2.15
27 2 1 1 1 0 0 0 0 0 0 0 0 0
fl=./math/../sysdeps/x86_64/fpu/multiarch/e_exp2f.c
fn=exp2f@@GLIBC_2.27
27 2 2 2 1 0 0 0 0 0 0 0 0 0
fl=./math/../sysdeps/x86_64/fpu/multiarch/e_expf.c
fn=expf@@GLIBC_2.27
27 2 1 1 1 0 0 0 0 0 0 0 0 0
fl=./math/../sysdeps/x86_64/fpu/multiarch/e_log.c
fn=__log_finite@GLIBC_2.15
27 2 1 1 1 0 0 0 0 0 0 0 0 0
fl=./math/../sysdeps/x86_64/fpu/multiarch/e_log2f.c
fn=log2f@@GLIBC_2.27
27 2 2 2 1 0 0 0 0 0 0 0 0 0
fl=./math/../sysdeps/x86_64/fpu/multiarch/e_logf.c
fn=logf@@GLIBC_2.27
27 2 1 1 1 0 0 0 0 0 0 0 0 0
fl=./math/../sysdeps/x86_64/fpu/multiarch/e_pow.c
fn=__pow_finite@GLIBC_2.15
27 2 1 1 1 0 0 0 0 0 0 0 0 0
fl=./math/../sysdeps/x86_64/fpu/multiarch/e_powf.c
fn=powf@@GLIBC_2.27
30 1 1 1 0 0 0 0 0 0 0 0 0 0
fl=./math/../sysdeps/x86_64/fpu/multiarch/ifunc-avx-fma4.h
fn=__atan2_finite@GLIBC_2.15
32 4 1 1 2 0 0 0 0 0 1 1 0 0
36 3 0 0 1 0 0 0 0 0 1 0 0 0
39 4 0 0 0 0 0 0 0 0 0 0 0 0
fn=__exp_finite@GLIBC_2.15
32 4 0 0 2 0 0 0 0 0 1 1 0 0
36 3 1 1 1 0 0 0 0 0 1 0 0 0
39 4 0 0 0 0 0 0 0 0 0 0 0 0
fn=__log_finite@GLIBC_2.15
32 4 0 0 2 0 0 0 0 0 1 1 0 0
36 3 0 0 1 0 0 0 0 0 1 0 0 0
39 4 1 1 0 0 0 0 0 0 0 0 0 0
fn=cos
32 4 1 1 2 0 0 0 0 0 1 1 0 0
36 3 0 0 1 0 0 0 0 0 1 0 0 0
39 4 0 0 0 0 0 0 0 0 0 0 0 0
fn=sin
32 4 0 0 2 0 0 0 0 0 1 1 0 0
36 3 0 0 1 0 0 0 0 0 1 0 0 0
39 4 0 0 0 0 0 0 0 0 0 0 0 0
fl=./math/../sysdeps/x86_64/fpu/multiarch/ifunc-fma.h
fn=cosf
29 4 1 1 2 0 0 0 0 0 1 1 0 0
fn=exp2f@@GLIBC_2.27
29 4 0 0 2 0 0 0 0 0 1 1 0 0
fn=expf@@GLIBC_2.27
29 4 1 1 2 0 0 0 0 0 1 1 0 0
fn=log2f@@GLIBC_2.27
29 4 0 0 2 0 0 0 0 0 1 1 0 0
fn=logf@@GLIBC_2.27
29 4 0 0 2 0 0 0 0 0 1 1 0 0
fn=powf@@GLIBC_2.27
29 4 0 0 2 0 0 0 0 0 1 1 0 0
30 1 0 0 1 0 0 0 0 0 0 0 0 0
fn=sincosf
29 4 1 1 2 0 0 0 0 0 1 1 0 0
fn=sinf
29 4 0 0 2 0 0 0 0 0 1 1 0 0
fl=./math/../sysdeps/x86_64/fpu/multiarch/ifunc-fma4.h
fn=__acos_finite@GLIBC_2.15
31 3 0 0 2 0 0 0 0 0 1 1 0 0
35 5 1 1 2 0 0 0 0 0 0 0 0 0
fn=__asin_finite@GLIBC_2.15
31 3 0 0 2 0 0 0 0 0 1 1 0 0
35 4 0 0 1 0 0 0 0 0 0 0 0 0
fn=__pow_finite@GLIBC_2.15
31 3 0 0 2 0 0 0 0 0 1 1 0 0
35 4 0 0 1 0 0 0 0 0 0 0 0 0
fl=./math/../sysdeps/x86_64/fpu/multiarch/ifunc-sse4_1.h
fn=ceil
29 5 1 1 2 0 0 0 0 0 0 0 0 0
fn=floor
29 5 0 0 2 1 0 0 0 0 0 0 0 0
fl=./math/../sysdeps/x86_64/fpu/multiarch/s_ceil.c
fn=ceil
31 2 1 1 1 0 0 0 0 0 0 0 0 0
fl=./math/../sysdeps/x86_64/fpu/multiarch/s_cosf.c
fn=cosf
26 2 1 1 1 0 0 0 0 0 0 0 0 0
fl=./math/../sysdeps/x86_64/fpu/multiarch/s_floor.c
fn=floor
31 2 1 1 1 0 0 0 0 0 0 0 0 0
fl=./math/../sysdeps/x86_64/fpu/multiarch/s_fma.c
fn=fma
49 10 1 1 4 0 0 0 0 0 1 0 0 0
fl=./math/../sysdeps/x86_64/fpu/multiarch/s_sin.c
fn=cos
34 2 1 1 1 0 0 0 0 0 0 0 0 0
fn=sin
27 2 1 1 1 0 0 0 0 0 0 0 0 0
fl=./math/../sysdeps/x86_64/fpu/multiarch/s_sincosf.c
fn=sincosf
26 2 1 1 1 0 0 0 0 0 0 0 0 0
fl=./math/../sysdeps/x86_64/fpu/multiarch/s_sinf.c
fn=sinf
26 2 1 1 1 0 0 0 0 0 0 0 0 0
fl=./misc/../sysdeps/posix/getdtsz.c
fn=getdtablesize
26 30 1 1 6 0 0 6 0 0 0 0 0 0
32 36 0 0 6 0 0 6 0 0 0 0 0 0
33 30 1 1 18 0 0 0 0 0 6 0 0 0
fl=./misc/../sysdeps/unix/syscall-template.S
fn=mprotect
117 525 17 1 0 0 0 0 0 0 105 0 0 0
122 105 0 0 105 0 0 0 0 0 0 0 0 0
fn=munmap
117 225 43 3 0 0 0 0 0 0 45 1 0 0
122 45 0 0 45 0 0 0 0 0 0 0 0 0
fl=./misc/../sysdeps/unix/sysv/linux/brk.c
fn=brk
35 74 18 1 0 0 0 0 0 0 0 0 0 0
36 296 0 0 74 0 0 74 0 0 0 0 0 0
37 148 0 0 0 0 0 0 0 0 74 5 0 0
39 8 0 0 4 4 0 4 4 0 0 0 0 0
40 8 0 0 4 0 0 0 0 0 0 0 0 0
43 70 0 0 0 0 0 0 0 0 0 0 0 0
44 70 0 0 70 0 0 0 0 0 0 0 0 0
fl=./misc/../sysdeps/unix/sysv/linux/clone-internal.c
fn=__clone_internal
49 297 4 2 0 0 0 165 1 1 0 0 0 0
53 66 0 0 66 0 0 0 0 0 0 0 0 0
54 132 0 0 0 0 0 33 0 0 0 0 0 0
55 132 0 0 33 0 0 0 0 0 66 5 0 0
60 33 2 1 0 0 0 33 0 0 0 0 0 0
66 66 0 0 66 0 0 0 0 0 0 0 0 0
81 66 0 0 66 0 0 0 0 0 0 0 0 0
83 264 0 0 99 0 0 66 0 0 0 0 0 0
88 66 0 0 66 0 0 0 0 0 0 0 0 0
89 198 0 0 198 0 0 0 0 0 0 0 0 0
fl=./misc/../sysdeps/unix/sysv/linux/getpagesize.c
fn=getpagesize
27 98 34 1 0 0 0 0 0 0 0 0 0 0
28 392 0 0 196 2 0 0 0 0 98 2 0 0
30 98 0 0 98 0 0 0 0 0 0 0 0 0
fl=./misc/../sysdeps/unix/sysv/linux/getsysstats.c
fn=__get_nprocs_sched
35 7 2 2 2 1 1 1 0 0 0 0 0 0
44 5 0 0 0 0 0 0 0 0 0 0 0 0
46 2 0 0 0 0 0 0 0 0 1 1 0 0
47 4 1 1 0 0 0 1 0 0 0 0 0 0
55 5 0 0 3 0 0 0 0 0 1 0 0 0
fl=./misc/../sysdeps/unix/sysv/linux/ioctl.c
fn=ioctl
26 18 1 1 3 0 0 6 0 0 0 0 0 0
28 15 1 1 0 0 0 9 0 0 0 0 0 0
35 6 0 0 0 0 0 0 0 0 0 0 0 0
36 9 0 0 0 0 0 0 0 0 3 0 0 0
43 18 0 0 9 0 0 0 0 0 3 0 0 0
fl=./misc/../sysdeps/unix/sysv/linux/mmap64.c
fn=mmap
47 284 41 2 0 0 0 0 0 0 0 0 0 0
50 284 0 0 0 0 0 0 0 0 142 2 0 0
58 568 0 0 0 0 0 0 0 0 142 2 0 0
60 142 0 0 142 0 0 0 0 0 0 0 0 0
fl=./misc/../sysdeps/unix/sysv/linux/mremap.c
fn=mremap
26 84 7 1 12 6 0 24 5 0 0 0 0 0
30 36 0 0 0 0 0 0 0 0 12 4 0 0
37 48 0 0 0 0 0 0 0 0 12 0 0 0
39 60 7 1 36 0 0 0 0 0 12 0 0 0
fl=./misc/../sysdeps/unix/sysv/linux/prctl.c
fn=prctl
30 288 4 2 32 0 0 160 0 0 0 0 0 0
32 160 0 0 0 0 0 96 0 0 0 0 0 0
38 160 1 1 0 0 0 0 0 0 32 0 0 0
39 160 0 0 96 0 0 0 0 0 32 5 0 0
fl=./misc/../sysdeps/unix/sysv/linux/x86_64/clone.S
fn=clone
52 33 2 1 0 0 0 0 0 0 0 0 0 0
54 33 0 0 0 0 0 0 0 0 0 0 0 0
55 33 0 0 0 0 0 0 0 0 0 0 0 0
56 33 0 0 0 0 0 0 0 0 33 0 0 0
59 33 0 0 0 0 0 0 0 0 0 0 0 0
60 33 0 0 0 0 0 0 0 0 33 0 0 0
63 33 0 0 0 0 0 33 33 33 0 0 0 0
65 33 0 0 0 0 0 0 0 0 0 0 0 0
69 33 0 0 0 0 0 33 0 0 0 0 0 0
72 33 0 0 0 0 0 0 0 0 0 0 0 0
73 33 0 0 0 0 0 0 0 0 0 0 0 0
74 33 0 0 0 0 0 0 0 0 0 0 0 0
75 33 0 0 33 0 0 0 0 0 0 0 0 0
76 33 0 0 0 0 0 0 0 0 0 0 0 0
81 33 0 0 0 0 0 0 0 0 0 0 0 0
83 65 0 0 0 0 0 0 0 0 0 0 0 0
84 65 0 0 0 0 0 0 0 0 65 0 0 0
85 65 0 0 0 0 0 0 0 0 65 32 0 0
87 33 0 0 33 0 0 0 0 0 0 0 0 0
95 32 0 0 0 0 0 0 0 0 0 0 0 0
98 32 32 1 32 32 0 0 0 0 0 0 0 0
99 32 0 0 32 0 0 0 0 0 0 0 0 0
100 32 0 0 0 0 0 32 0 0 0 0 32 1
fl=./misc/../sysdeps/unix/sysv/linux/x86_64/clone3.S
fn=clone3
42 33 2 1 0 0 0 0 0 0 0 0 0 0
44 33 0 0 0 0 0 0 0 0 0 0 0 0
45 33 0 0 0 0 0 0 0 0 0 0 0 0
46 33 0 0 0 0 0 0 0 0 0 0 0 0
47 33 0 0 0 0 0 0 0 0 0 0 0 0
48 33 0 0 0 0 0 0 0 0 33 0 0 0
52 33 0 0 0 0 0 0 0 0 0 0 0 0
55 33 0 0 0 0 0 0 0 0 0 0 0 0
60 33 0 0 0 0 0 0 0 0 0 0 0 0
62 33 0 0 0 0 0 0 0 0 0 0 0 0
63 33 0 0 0 0 0 0 0 0 33 3 0 0
89 165 0 0 66 0 0 33 0 0 0 0 0 0
fl=./misc/../sysdeps/unix/sysv/linux/x86_64/syscall.S
fn=syscall
29 807 140 1 0 0 0 0 0 0 0 0 0 0
30 807 0 0 0 0 0 0 0 0 0 0 0 0
31 807 0 0 0 0 0 0 0 0 0 0 0 0
32 807 0 0 0 0 0 0 0 0 0 0 0 0
33 807 0 0 0 0 0 0 0 0 0 0 0 0
34 807 140 1 0 0 0 0 0 0 0 0 0 0
35 807 0 0 0 0 0 0 0 0 0 0 0 0
36 807 0 0 807 0 0 0 0 0 0 0 0 0
37 807 0 0 0 0 0 0 0 0 0 0 0 0
38 775 0 0 0 0 0 0 0 0 0 0 0 0
39 775 0 0 0 0 0 0 0 0 775 264 0 0
40 775 0 0 775 387 0 0 0 0 0 0 0 0
fl=./misc/./misc/getauxval.c
fn=getauxval
30 68 0 0 0 0 0 0 0 0 34 1 0 0
32 34 0 0 34 1 0 0 0 0 0 0 0 0
35 68 0 0 0 0 0 0 0 0 34 0 0 0
42 2856 0 0 748 19 5 0 0 0 714 43 0 0
43 1360 3 2 0 0 0 0 0 0 680 13 0 0
56 34 4 2 0 0 0 0 0 0 0 0 0 0
62 68 0 0 34 0 0 34 0 0 0 0 0 0
63 34 0 0 0 0 0 0 0 0 0 0 0 0
64 34 0 0 34 0 0 0 0 0 0 0 0 0
fl=./misc/./misc/init-misc.c
fn=__init_misc
30 5 2 2 0 0 0 2 0 0 0 0 0 0
31 5 0 0 1 0 0 0 0 0 2 0 0 0
33 3 0 0 0 0 0 1 0 0 0 0 0 0
37 5 0 0 1 0 0 1 1 0 0 0 0 0
38 3 0 0 2 0 0 1 0 0 0 0 0 0
40 4 0 0 3 0 0 0 0 0 0 0 0 0
fl=./misc/./misc/sbrk.c
fn=sbrk
37 450 28 1 0 0 0 270 9 0 0 0 0 0
40 180 0 0 180 125 0 0 0 0 0 0 0 0
43 180 0 0 90 63 0 0 0 0 90 6 0 0
58 180 28 1 0 0 0 0 0 0 90 12 0 0
59 4 0 0 0 0 0 1 0 0 1 0 0 0
60 4 0 0 0 0 0 0 0 0 0 0 0 0
62 180 0 0 0 0 0 0 0 0 90 5 0 0
63 18 0 0 18 0 0 0 0 0 0 0 0 0
66 292 29 1 0 0 0 0 0 0 146 5 0 0
68 14 1 0 0 0 0 0 0 0 0 0 0 0
74 219 0 0 0 0 0 73 32 0 73 4 0 0
78 450 2 0 360 0 0 0 0 0 0 0 0 0
fl=./nptl/../include/list.h
fn=__nptl_stack_list_add
45 32 0 0 0 0 0 32 0 0 0 0 0 0
47 32 0 0 0 0 0 32 0 0 0 0 0 0
fl=./nptl/../sysdeps/nptl/pthreadP.h
fn=pthread_attr_setstacksize@@GLIBC_2.34
716 64 0 0 0 0 0 0 0 0 32 0 0 0
719 32 0 0 0 0 0 0 0 0 0 0 0 0
fl=./nptl/../sysdeps/unix/sysv/linux/internal-signals.h
fn=pthread_create@@GLIBC_2.34
76 224 1 1 0 0 0 0 0 0 0 0 0 0
110 192 0 0 0 0 0 0 0 0 0 0 0 0
fn=start_thread
110 160 1 1 0 0 0 0 0 0 0 0 0 0
fl=./nptl/../sysdeps/unix/sysv/linux/rseq-internal.h
fn=start_thread
32 96 4 1 0 0 0 0 0 0 32 0 0 0
40 32 0 0 0 0 0 32 32 32 0 0 0 0
fl=./nptl/../sysdeps/unix/sysv/linux/sigsetops.h
fn=pthread_create@@GLIBC_2.34
54 1 0 0 0 0 0 1 0 0 0 0 0 0
104 2 0 0 1 0 0 0 0 0 0 0 0 0
112 32 1 1 32 0 0 0 0 0 0 0 0 0
113 32 0 0 0 0 0 0 0 0 0 0 0 0
fl=./nptl/../sysdeps/unix/sysv/linux/x86/elision-conf.c
fn=__lll_elision_init
96 6 1 1 1 0 0 2 0 0 0 0 0 0
101 5 1 1 0 0 0 1 0 0 0 0 0 0
103 4 0 0 0 0 0 1 0 0 0 0 0 0
105 4 0 0 0 0 0 1 0 0 0 0 0 0
107 4 0 0 0 0 0 1 0 0 0 0 0 0
109 4 1 1 0 0 0 1 0 0 0 0 0 0
113 3 0 0 1 1 1 0 0 0 1 0 0 0
114 1 0 0 0 0 0 1 1 1 0 0 0 0
115 6 0 0 4 0 0 0 0 0 1 0 0 0
fl=./nptl/../sysdeps/x86/nptl/tls-setup.h
fn=pthread_create@@GLIBC_2.34
22 64 0 0 32 0 0 32 32 32 0 0 0 0
fl=./nptl/./nptl-stack.h
fn=__pthread_get_minstack
58 256 1 1 96 1 0 0 0 0 0 0 0 0
fn=pthread_create@@GLIBC_2.34
58 320 1 1 96 0 0 32 0 0 0 0 0 0
fl=./nptl/./nptl/allocatestack.c
fn=pthread_create@@GLIBC_2.34
63 128 0 0 32 1 0 0 0 0 32 0 0 0
71 128 1 1 32 1 0 0 0 0 32 2 0 0
96 128 1 1 64 0 0 0 0 0 64 3 0 0
167 64 0 0 0 0 0 0 0 0 0 0 0 0
171 224 0 0 64 0 0 64 0 0 32 0 0 0
220 128 0 0 0 0 0 32 0 0 0 0 0 0
224 64 0 0 0 0 0 0 0 0 32 2 0 0
229 96 0 0 32 0 0 0 0 0 32 0 0 0
239 64 0 0 32 0 0 0 0 0 32 0 0 0
332 64 0 0 0 0 0 32 0 0 0 0 0 0
333 192 0 0 64 1 0 0 0 0 0 0 0 0
337 64 0 0 0 0 0 0 0 0 32 0 0 0
347 192 1 1 32 0 0 32 0 0 0 0 0 0
351 128 0 0 0 0 0 0 0 0 64 0 0 0
355 64 0 0 0 0 0 0 0 0 32 0 0 0
356 96 0 0 32 0 0 0 0 0 0 0 0 0
357 32 0 0 0 0 0 0 0 0 0 0 0 0
370 416 1 1 96 0 0 160 0 0 0 0 0 0
373 160 0 0 96 0 0 0 0 0 32 0 0 0
378 64 0 0 32 0 0 0 0 0 32 0 0 0
383 64 0 0 32 0 0 0 0 0 0 0 0 0
384 32 0 0 0 0 0 0 0 0 0 0 0 0
393 96 1 1 32 0 0 0 0 0 32 0 0 0
405 64 0 0 32 0 0 32 32 32 0 0 0 0
406 32 0 0 0 0 0 32 0 0 0 0 0 0
414 64 0 0 0 0 0 32 32 32 0 0 0 0
417 32 0 0 0 0 0 32 32 32 0 0 0 0
419 32 0 0 0 0 0 32 1 0 0 0 0 0
427 32 1 1 0 0 0 32 32 32 0 0 0 0
430 128 0 0 0 0 0 32 0 0 32 0 0 0
443 128 1 1 32 0 0 0 0 0 32 1 0 0
446 160 0 0 0 0 0 64 0 0 0 0 0 0
448 128 0 0 64 0 0 0 0 0 64 2 0 0
455 224 1 1 64 0 0 32 0 0 32 0 0 0
478 96 1 1 64 0 0 0 0 0 32 0 0 0
507 160 1 1 96 0 0 0 0 0 32 0 0 0
545 64 0 0 32 0 0 32 0 0 0 0 0 0
550 32 1 1 0 0 0 32 0 0 0 0 0 0
555 32 0 0 0 0 0 32 0 0 0 0 0 0
558 32 0 0 0 0 0 32 0 0 0 0 0 0
560 128 1 1 0 0 0 32 0 0 0 0 0 0
571 96 0 0 32 0 0 0 0 0 0 0 0 0
576 64 0 0 32 0 0 0 0 0 0 0 0 0
fl=./nptl/./nptl/libc-cleanup.c
fn=__libc_cleanup_pop_restore
39 58 3 2 0 0 0 0 0 0 0 0 0 0
42 116 0 0 58 0 0 58 0 0 0 0 0 0
44 116 0 0 58 0 0 58 0 0 0 0 0 0
45 116 0 0 0 0 0 0 0 0 58 3 0 0
47 58 0 0 58 0 0 0 0 0 0 0 0 0
fn=__libc_cleanup_push_defer
24 58 2 2 0 0 0 0 0 0 0 0 0 0
27 116 0 0 58 0 0 58 0 0 0 0 0 0
30 232 0 0 58 2 1 58 0 0 0 0 0 0
31 58 0 0 0 0 0 58 0 0 0 0 0 0
33 58 0 0 0 0 0 58 0 0 0 0 0 0
34 58 0 0 58 0 0 0 0 0 0 0 0 0
fl=./nptl/./nptl/nptl-stack.c
fn=__nptl_stack_list_add
42 32 1 1 0 0 0 0 0 0 0 0 0 0
43 288 1 1 64 0 0 64 32 32 0 0 0 0
51 32 0 0 0 0 0 32 0 0 0 0 0 0
52 32 0 0 32 0 0 0 0 0 0 0 0 0
fn=__pthread_get_minstack
142 32 1 1 0 0 0 0 0 0 0 0 0 0
144 64 0 0 32 0 0 0 0 0 0 0 0 0
145 32 0 0 32 0 0 0 0 0 0 0 0 0
fl=./nptl/./nptl/pthread_attr_destroy.c
fn=pthread_attr_destroy
26 131 3 1 0 0 0 33 0 0 0 0 0 0
36 195 0 0 65 0 0 0 0 0 65 0 0 0
38 66 0 0 33 0 0 33 0 0 0 0 0 0
39 66 0 0 33 0 0 33 0 0 0 0 0 0
44 163 0 0 98 0 0 0 0 0 0 0 0 0
fl=./nptl/./nptl/pthread_attr_extension.c
fn=__pthread_attr_extension
25 66 2 1 0 0 0 33 0 0 0 0 0 0
26 66 0 0 33 0 0 0 0 0 33 3 0 0
27 33 0 0 0 0 0 0 0 0 0 0 0 0
28 165 0 0 0 0 0 66 0 0 0 0 0 0
29 66 0 0 0 0 0 0 0 0 33 0 0 0
32 66 0 0 66 0 0 0 0 0 0 0 0 0
fl=./nptl/./nptl/pthread_attr_getguardsize.c
fn=pthread_attr_getguardsize@@GLIBC_2.34
23 32 2 1 0 0 0 0 0 0 0 0 0 0
28 64 0 0 32 0 0 32 0 0 0 0 0 0
31 64 0 0 32 0 0 0 0 0 0 0 0 0
fl=./nptl/./nptl/pthread_attr_getstack.c
fn=pthread_attr_getstack@@GLIBC_2.34
24 66 3 1 0 0 0 0 0 0 0 0 0 0
31 132 0 0 66 0 0 33 0 0 0 0 0 0
35 33 0 0 0 0 0 33 0 0 0 0 0 0
38 66 0 0 33 0 0 0 0 0 0 0 0 0
fl=./nptl/./nptl/pthread_attr_init.c
fn=pthread_attr_init@@GLIBC_2.2.5
32 195 3 1 0 0 0 65 0 0 0 0 0 0
41 325 0 0 0 0 0 260 0 0 0 0 0 0
46 195 0 0 0 0 0 130 0 0 0 0 0 0
49 195 0 0 130 0 0 0 0 0 0 0 0 0
fl=./nptl/./nptl/pthread_attr_setaffinity.c
fn=pthread_attr_setaffinity_np@@GLIBC_2.32
29 231 3 1 0 0 0 132 0 0 0 0 0 0
34 165 0 0 0 0 0 0 0 0 66 1 0 0
45 66 0 0 0 0 0 33 0 0 0 0 0 0
46 66 0 0 0 0 0 0 0 0 33 2 0 0
49 99 0 0 66 0 0 0 0 0 33 2 0 0
51 132 0 0 33 0 0 33 0 0 0 0 0 0
52 66 0 0 0 0 0 0 0 0 33 0 0 0
55 66 0 0 33 0 0 33 0 0 0 0 0 0
56 33 0 0 0 0 0 33 0 0 0 0 0 0
59 99 2 1 0 0 0 33 0 0 0 0 0 0
63 264 3 1 165 0 0 0 0 0 0 0 0 0
fl=./nptl/./nptl/pthread_attr_setstacksize.c
fn=pthread_attr_setstacksize@@GLIBC_2.34
30 32 1 1 0 0 0 0 0 0 0 0 0 0
40 32 0 0 0 0 0 32 0 0 0 0 0 0
42 32 0 0 0 0 0 0 0 0 0 0 0 0
43 32 0 0 32 0 0 0 0 0 0 0 0 0
fl=./nptl/./nptl/pthread_create.c
fn=create_thread
234 448 2 2 32 0 0 224 0 0 0 0 0 0
238 96 0 0 32 0 0 0 0 0 32 1 0 0
239 64 0 0 0 0 0 0 0 0 32 0 0 0
242 64 1 1 32 0 0 0 0 0 32 0 0 0
245 96 0 0 32 0 0 32 0 0 0 0 0 0
246 64 0 0 0 0 0 0 0 0 32 0 0 0
285 384 1 1 32 0 0 288 0 0 0 0 0 0
288 32 0 0 0 0 0 0 0 0 0 0 0 0
295 128 1 1 0 0 0 32 0 0 0 0 0 0
296 64 0 0 0 0 0 0 0 0 32 0 0 0
301 32 0 0 0 0 0 32 0 0 0 0 0 0
304 64 0 0 0 0 0 0 0 0 32 0 0 0
307 64 0 0 0 0 0 0 0 0 32 0 0 0
319 64 1 1 32 0 0 0 0 0 32 0 0 0
330 32 0 0 0 0 0 0 0 0 0 0 0 0
331 320 0 0 256 0 0 0 0 0 32 0 0 0
fn=pthread_create@@GLIBC_2.34
79 2 0 0 0 0 0 1 0 0 0 0 0 0
80 1 1 1 0 0 0 1 0 0 0 0 0 0
81 4 1 1 0 0 0 1 0 0 0 0 0 0
88 6 0 0 0 0 0 0 0 0 0 0 0 0
604 128 1 1 32 0 0 0 0 0 32 0 0 0
621 480 2 2 32 0 0 352 0 0 0 0 0 0
627 96 0 0 64 1 0 0 0 0 32 1 0 0
630 2 1 1 0 0 0 1 0 0 0 0 0 0
635 64 1 1 32 0 0 32 0 0 0 0 0 0
636 32 0 0 32 0 0 0 0 0 0 0 0 0
637 128 0 0 32 0 0 0 0 0 32 3 0 0
666 32 0 0 0 0 0 32 0 0 0 0 0 0
669 32 0 0 0 0 0 32 0 0 0 0 0 0
675 64 0 0 32 0 0 32 32 32 0 0 0 0
676 64 0 0 32 0 0 32 0 0 0 0 0 0
677 32 0 0 0 0 0 32 32 32 0 0 0 0
680 32 0 0 32 0 0 0 0 0 0 0 0 0
681 256 1 1 32 0 0 32 32 32 0 0 0 0
682 96 0 0 32 1 0 0 0 0 0 0 0 0
686 32 0 0 32 1 0 0 0 0 0 0 0 0
692 128 0 0 0 0 0 32 0 0 0 0 0 0
695 128 0 0 64 1 0 64 0 0 0 0 0 0
700 64 1 1 32 1 0 32 0 0 0 0 0 0
701 64 0 0 32 0 0 32 0 0 0 0 0 0
705 64 0 0 32 0 0 32 0 0 0 0 0 0
710 64 0 0 32 0 0 32 0 0 0 0 0 0
722 64 1 1 0 0 0 0 0 0 0 0 0 0
723 64 1 1 0 0 0 0 0 0 32 2 0 0
743 64 0 0 32 1 0 0 0 0 32 2 0 0
744 3 0 0 1 0 0 1 0 0 0 0 0 0
747 96 0 0 32 0 0 32 0 0 0 0 0 0
749 32 0 0 0 0 0 0 0 0 0 0 0 0
759 32 0 0 64 0 0 0 0 0 32 1 0 0
764 64 0 0 0 0 0 64 0 0 0 0 0 0
772 96 0 0 32 0 0 0 0 0 32 32 0 0
783 512 2 2 256 0 0 256 64 64 0 0 0 0
828 224 1 1 0 0 0 32 0 0 0 0 0 0
835 65 0 0 0 0 0 1 0 0 32 0 0 0
875 64 0 0 32 0 0 0 0 0 32 0 0 0
885 64 0 0 0 0 0 32 0 0 0 0 0 0
889 64 0 0 32 0 0 0 0 0 32 2 0 0
893 640 2 2 288 0 0 32 0 0 32 1 0 0
fn=start_thread
336 256 1 1 32 32 0 128 32 32 0 0 0 0
343 64 0 0 32 32 0 0 0 0 32 1 0 0
365 128 1 1 64 1 0 32 32 0 0 0 0 0
368 32 0 0 0 0 0 32 0 0 0 0 0 0
372 32 0 0 32 32 0 0 0 0 0 0 0 0
373 64 0 0 0 0 0 0 0 0 32 0 0 0
383 160 0 0 32 0 0 0 0 0 0 0 0 0
400 128 1 1 0 0 0 32 0 0 0 0 0 0
414 64 0 0 0 0 0 32 0 0 0 0 0 0
418 160 0 0 96 0 0 0 0 0 64 0 0 0
421 64 0 0 0 0 0 0 0 0 32 0 0 0
424 64 0 0 0 0 0 32 0 0 0 0 0 0
426 64 0 0 32 0 0 0 0 0 0 0 0 0
428 32 0 0 0 0 0 0 0 0 0 0 0 0
432 64 0 0 32 32 0 0 0 0 32 31 0 0
442 96 64 2 96 32 0 32 0 0 0 0 32 1
fl=./nptl/./nptl/pthread_getaffinity.c
fn=pthread_getaffinity_np@@GLIBC_2.32
30 99 2 1 0 0 0 0 0 0 0 0 0 0
33 198 0 0 33 32 0 0 0 0 0 0 0 0
35 66 0 0 0 0 0 0 0 0 33 33 0 0
39 198 2 1 0 0 0 33 0 0 0 0 0 0
41 33 0 0 0 0 0 0 0 0 0 0 0 0
42 66 0 0 33 0 0 0 0 0 0 0 0 0
fl=./nptl/./nptl/pthread_getattr_np.c
fn=pthread_getattr_np@@GLIBC_2.32
33 429 4 2 33 0 0 231 32 32 0 0 0 0
37 99 0 0 0 0 0 33 32 32 0 0 0 0
38 66 0 0 0 0 0 0 0 0 33 33 0 0
43 231 2 1 33 1 0 33 0 0 33 0 0 0
47 66 0 0 33 0 0 33 0 0 0 0 0 0
49 132 2 1 33 0 0 33 0 0 0 0 0 0
52 33 0 0 33 0 0 0 0 0 0 0 0 0
55 66 0 0 33 0 0 0 0 0 33 2 0 0
59 66 0 0 33 33 0 33 0 0 0 0 0 0
62 99 0 0 33 0 0 0 0 0 33 1 0 0
66 128 1 0 64 0 0 32 0 0 0 0 0 0
69 64 0 0 0 0 0 32 0 0 0 0 0 0
85 4 1 1 0 0 0 1 0 0 0 0 0 0
86 2 0 0 0 0 0 0 0 0 1 0 0 0
91 5 1 1 0 0 0 1 0 0 1 1 0 0
102 5 0 0 3 0 0 1 0 0 0 0 0 0
103 8 2 2 4 0 0 1 0 0 0 0 0 0
105 1 0 0 0 0 0 0 0 0 0 0 0 0
108 4 1 1 1 0 0 1 0 0 0 0 0 0
112 99 1 1 0 0 0 0 0 0 0 0 0 0
114 1 0 0 0 0 0 1 0 0 0 0 0 0
115 1 0 0 0 0 0 1 0 0 0 0 0 0
117 3 0 0 0 0 0 0 0 0 0 0 0 0
120 112 0 0 53 0 0 2 0 0 54 0 0 0
122 324 2 2 0 0 0 54 0 0 54 6 0 0
127 432 0 0 54 0 0 54 0 0 54 0 0 0
129 216 0 0 162 0 0 0 0 0 0 0 0 0
130 215 0 0 54 0 0 0 0 0 54 1 0 0
133 1 0 0 0 0 0 1 0 0 0 0 0 0
135 4 0 0 1 0 0 0 0 0 0 0 0 0
140 4 0 0 0 0 0 1 0 0 0 0 0 0
141 1 0 0 0 0 0 0 0 0 0 0 0 0
145 1 0 0 0 0 0 0 0 0 0 0 0 0
162 3 0 0 1 0 0 1 0 0 0 0 0 0
165 2 0 0 0 0 0 1 0 0 0 0 0 0
169 65 0 0 1 0 0 32 0 0 0 0 0 0
171 3 0 0 1 0 0 0 0 0 1 1 0 0
178 33 0 0 0 0 0 0 0 0 0 0 0 0
180 165 0 0 0 0 0 33 0 0 0 0 0 0
181 66 2 1 0 0 0 0 0 0 33 0 0 0
188 132 0 0 0 0 0 33 0 0 0 0 0 0
191 132 0 0 0 0 0 0 0 0 33 4 0 0
193 66 0 0 0 0 0 0 0 0 33 3 0 0
194 198 2 1 0 0 0 33 0 0 0 0 0 0
198 66 0 0 0 0 0 33 0 0 0 0 0 0
201 132 0 0 66 0 0 0 0 0 66 0 0 0
203 66 0 0 0 0 0 0 0 0 33 3 0 0
207 396 0 0 297 0 0 0 0 0 33 0 0 0
fl=./nptl/./nptl/pthread_mutex_conf.c
fn=__pthread_tunables_init
50 6 2 2 1 0 0 2 0 0 0 0 0 0
51 5 0 0 0 0 0 1 0 0 0 0 0 0
53 4 0 0 0 0 0 1 0 0 0 0 0 0
55 6 0 0 4 0 0 0 0 0 1 0 0 0
fl=./nptl/./nptl/pthread_mutex_lock.c
fn=pthread_mutex_lock@@GLIBC_2.2.5
44 134 4 2 134 0 0 0 0 0 0 0 0 0
45 682 0 0 138 0 0 0 0 0 272 4 0 0
46 4 0 0 0 0 0 4 0 0 0 0 0 0
48 520 1 1 130 0 0 0 0 0 130 0 0 0
77 402 4 2 0 0 0 134 0 0 0 0 0 0
80 402 0 0 134 4 1 0 0 0 0 0 0 0
82 134 0 0 0 0 0 0 0 0 0 0 0 0
84 268 4 2 0 0 0 0 0 0 134 0 0 0
88 268 0 0 0 0 0 0 0 0 134 6 0 0
97 268 4 2 0 0 0 0 0 0 134 2 0 0
108 536 4 2 134 0 0 0 0 0 134 1 0 0
112 134 0 0 134 3 1 0 0 0 0 0 0 0
115 268 0 0 134 0 0 0 0 0 134 3 0 0
130 402 0 0 134 0 0 0 0 0 134 0 0 0
131 268 3 1 0 0 0 134 0 0 0 0 0 0
167 134 4 2 134 0 0 0 0 0 0 0 0 0
170 134 0 0 0 0 0 134 0 0 0 0 0 0
172 134 0 0 134 0 0 0 0 0 0 0 0 0
175 134 0 0 0 0 0 0 0 0 0 0 0 0
177 134 0 0 0 0 0 0 0 0 0 0 0 0
178 402 0 0 268 0 0 0 0 0 0 0 0 0
fl=./nptl/./nptl/pthread_mutex_unlock.c
fn=pthread_mutex_unlock@@GLIBC_2.2.5
39 134 0 0 134 0 0 0 0 0 0 0 0 0
40 670 0 0 134 0 0 0 0 0 268 4 0 0
41 8 0 0 0 0 0 4 0 0 0 0 0 0
43 520 0 0 260 0 0 0 0 0 260 0 0 0
51 402 0 0 134 0 0 0 0 0 0 0 0 0
52 268 35 2 0 0 0 0 0 0 134 1 0 0
57 268 0 0 0 0 0 0 0 0 134 3 0 0
62 134 0 0 0 0 0 134 0 0 0 0 0 0
65 134 0 0 134 0 0 0 0 0 0 0 0 0
70 134 0 0 0 0 0 0 0 0 0 0 0 0
74 268 35 2 0 0 0 0 0 0 134 7 0 0
80 536 5 2 134 0 0 0 0 0 134 0 0 0
84 402 0 0 268 0 0 0 0 0 134 6 0 0
87 402 4 2 134 0 0 0 0 0 134 0 0 0
367 268 35 2 0 0 0 0 0 0 0 0 0 0
369 268 0 0 134 0 0 0 0 0 0 0 0 0
fl=./nptl/./nptl/pthread_self.c
fn=pthread_self
23 66 3 2 0 0 0 0 0 0 0 0 0 0
25 132 0 0 132 0 0 0 0 0 0 0 0 0
fl=./nptl/./nptl/pthread_setcancelstate.c
fn=pthread_setcancelstate
25 2 1 1 0 0 0 0 0 0 0 0 0 0
28 4 0 0 0 0 0 0 0 0 2 0 0 0
29 2 0 0 0 0 0 0 0 0 0 0 0 0
31 2 0 0 2 0 0 0 0 0 0 0 0 0
33 4 0 0 0 0 0 0 0 0 2 1 0 0
34 2 1 1 1 0 0 1 1 1 0 0 0 0
35 2 0 0 0 0 0 2 0 0 0 0 0 0
37 2 0 0 0 0 0 0 0 0 0 0 0 0
38 2 0 0 2 0 0 0 0 0 0 0 0 0
fl=./nptl/./nptl/pthread_setname.c
fn=pthread_setname_np@@GLIBC_2.34
32 352 1 1 32 0 0 160 0 0 0 0 0 0
38 64 0 0 0 0 0 32 0 0 0 0 0 0
39 64 0 0 0 0 0 0 0 0 32 22 0 0
40 32 0 0 0 0 0 0 0 0 0 0 0 0
42 64 1 1 32 0 0 0 0 0 32 2 0 0
43 224 5 2 0 0 0 32 0 0 32 0 0 0
63 320 0 0 224 0 0 0 0 0 32 0 0 0
fl=./posix/../malloc/dynarray-skeleton.c
fn=__unregister_atfork
243 4 0 0 4 0 0 0 0 0 0 0 0 0
fl=./posix/../sysdeps/posix/sysconf.c
fn=sysconf
56 98 4 2 7 2 2 0 0 0 28 0 7 2
89 18 1 1 0 0 0 6 0 0 0 0 0 0
217 3 1 1 0 0 0 1 0 0 0 0 0 0
fl=./posix/../sysdeps/unix/syscall-template.S
fn=uname
120 5 1 1 0 0 0 0 0 0 1 0 0 0
122 1 0 0 1 0 0 0 0 0 0 0 0 0
fl=./posix/../sysdeps/unix/sysv/linux/_exit.c
fn=_Exit
27 2 1 1 1 0 0 0 0 0 0 0 0 0
30 3 0 0 0 0 0 0 0 0 0 0 0 0
31 2 0 0 0 0 0 0 0 0 0 0 0 0
fl=./posix/../sysdeps/unix/sysv/linux/internal-signals.h
fn=__spawnix
76 7 1 1 0 0 0 0 0 0 0 0 0 0
110 6 1 1 0 0 0 0 0 0 0 0 0 0
fl=./posix/../sysdeps/unix/sysv/linux/sched_getaffinity.c
fn=sched_getaffinity@@GLIBC_2.3.4
34 3 1 1 0 0 0 0 0 0 0 0 0 0
35 8 0 0 0 0 0 0 0 0 1 1 0 0
37 2 0 0 0 0 0 0 0 0 1 0 0 0
40 6 1 1 0 0 0 1 0 0 0 0 0 0
45 3 0 0 1 0 0 0 0 0 0 0 0 0
fl=./posix/../sysdeps/unix/sysv/linux/spawni.c
fn=__spawni
433 3 1 1 1 0 0 0 0 0 0 0 0 0
436 7 1 1 0 0 0 3 0 0 0 0 0 0
438 2 0 0 1 0 0 0 0 0 0 0 0 0
fn=__spawnix
315 17 1 1 2 0 0 11 1 1 0 0 0 0
323 1 0 0 0 0 0 0 0 0 0 0 0 0
330 13 1 1 3 0 0 0 0 0 3 1 0 0
331 4 0 0 0 0 0 0 0 0 2 0 0 0
337 1 0 0 0 0 0 0 0 0 0 0 0 0
338 4 1 1 2 1 0 0 0 0 0 0 0 0
349 5 0 0 2 0 0 0 0 0 0 0 0 0
350 7 0 0 0 0 0 1 0 0 0 0 0 0
352 2 0 0 0 0 0 0 0 0 1 0 0 0
357 3 0 0 0 0 0 1 0 0 0 0 0 0
361 1 0 0 0 0 0 1 1 1 0 0 0 0
362 2 0 0 1 0 0 1 0 0 0 0 0 0
363 1 1 1 0 0 0 1 1 1 0 0 0 0
364 2 0 0 1 0 0 1 0 0 0 0 0 0
365 6 0 0 0 0 0 1 0 0 1 0 0 0
367 1 0 0 0 0 0 1 0 0 0 0 0 0
368 2 0 0 1 0 0 1 0 0 0 0 0 0
369 2 0 0 1 0 0 1 0 0 0 0 0 0
381 9 1 1 0 0 0 8 1 1 0 0 0 0
388 4 1 1 0 0 0 1 0 0 0 0 0 0
393 2 0 0 0 0 0 0 0 0 1 0 0 0
401 1 0 0 1 0 0 0 0 0 0 0 0 0
402 2 0 0 0 0 0 0 0 0 1 0 0 0
414 3 0 0 0 0 0 1 0 0 0 0 0 0
416 5 0 0 1 0 0 0 0 0 2 0 0 0
417 1 0 0 0 0 0 1 0 0 0 0 0 0
421 3 0 0 1 0 0 1 0 0 0 0 0 0
424 12 1 1 9 0 0 0 0 0 1 0 0 0
fl=./posix/../sysdeps/unix/sysv/linux/wait4.c
fn=wait4
27 2 1 1 0 0 0 0 0 0 0 0 0 0
30 7 0 0 1 0 0 0 0 0 2 0 0 0
109 1 0 0 1 0 0 0 0 0 0 0 0 0
fl=./posix/../sysdeps/unix/sysv/linux/x86/../sysconf.c
fn=sysconf
49 70 4 2 0 0 0 0 0 0 35 8 0 0
fl=./posix/../sysdeps/unix/sysv/linux/x86/sysconf.c
fn=sysconf
32 70 2 1 7 0 0 35 0 0 0 0 0 0
33 21 0 0 0 0 0 0 0 0 7 0 0 0
37 63 2 1 49 0 0 0 0 0 7 0 0 0
fl=./posix/./posix/register-atfork.c
fn=__unregister_atfork
65 8 0 0 0 0 0 0 0 0 4 0 0 0
76 12 1 1 0 0 0 4 0 0 0 0 0 0
77 16 0 0 4 1 1 0 0 0 4 0 0 0
103 16 1 1 8 0 0 0 0 0 8 1 0 0
104 8 0 0 8 0 0 0 0 0 0 0 0 0
fl=./posix/./posix/sched_cpucount.c
fn=__sched_cpucount
27 2 0 0 0 0 0 0 0 0 0 0 0 0
28 98 1 1 0 0 0 0 0 0 33 8 0 0
29 32 0 0 0 0 0 0 0 0 0 0 0 0
35 1 1 1 0 0 0 0 0 0 0 0 0 0
36 2 0 0 0 0 0 0 0 0 0 0 0 0
37 6 0 0 0 0 0 0 0 0 2 0 0 0
38 2 0 0 1 0 0 0 0 0 0 0 0 0
40 2 0 0 1 0 0 0 0 0 0 0 0 0
fl=./posix/./posix/spawn_faction_adddup2.c
fn=posix_spawn_file_actions_adddup2
29 33 1 1 0 0 0 9 0 0 0 0 0 0
32 21 1 1 0 0 0 6 0 0 6 0 0 0
36 9 0 0 6 0 0 0 0 0 3 1 0 0
37 5 0 0 0 0 0 1 0 0 1 0 0 0
39 1 0 0 0 0 0 0 0 0 0 0 0 0
42 11 0 0 4 0 0 0 0 0 0 0 0 0
43 3 0 0 0 0 0 3 1 1 0 0 0 0
44 3 0 0 0 0 0 3 0 0 0 0 0 0
48 9 0 0 0 0 0 3 0 0 0 0 0 0
51 12 0 0 12 0 0 0 0 0 0 0 0 0
fl=./posix/./posix/spawn_faction_destroy.c
fn=posix_spawn_file_actions_destroy
26 5 0 0 0 0 0 2 0 0 0 0 0 0
28 14 0 0 1 0 0 0 0 0 4 1 0 0
30 9 0 0 0 0 0 0 0 0 0 0 0 0
31 15 0 0 3 0 0 0 0 0 6 6 0 0
50 2 2 2 1 0 0 1 0 0 0 0 0 0
52 5 0 0 3 0 0 0 0 0 0 0 0 0
fl=./posix/./posix/spawn_faction_init.c
fn=__posix_spawn_file_actions_realloc
30 5 1 1 0 0 0 2 0 0 0 0 0 0
31 2 0 0 1 0 0 0 0 0 0 0 0 0
32 4 0 0 1 0 0 1 0 0 0 0 0 0
35 2 0 0 0 0 0 0 0 0 1 0 0 0
39 1 0 0 0 0 0 1 0 0 0 0 0 0
40 1 0 0 0 0 0 1 0 0 0 0 0 0
42 1 0 0 0 0 0 0 0 0 0 0 0 0
43 4 0 0 3 0 0 0 0 0 0 0 0 0
fn=posix_spawn_file_actions_init
49 1 1 1 0 0 0 0 0 0 0 0 0 0
51 6 0 0 0 0 0 5 0 0 0 0 0 0
53 2 0 0 1 0 0 0 0 0 0 0 0 0
fl=./posix/./posix/spawn_valid_fd.c
fn=__spawn_valid_fd
25 18 1 1 0 0 0 6 0 0 0 0 0 0
26 12 0 0 0 0 0 6 0 0 0 0 0 0
28 24 0 0 0 0 0 0 0 0 12 2 0 0
29 12 1 1 0 0 0 0 0 0 0 0 0 0
30 12 0 0 12 0 0 0 0 0 0 0 0 0
fl=./posix/./posix/spawnattr_destroy.c
fn=posix_spawnattr_destroy
23 1 0 0 0 0 0 0 0 0 0 0 0 0
26 2 0 0 1 0 0 0 0 0 0 0 0 0
fl=./posix/./posix/spawnattr_init.c
fn=posix_spawnattr_init
24 2 1 1 0 0 0 0 0 0 0 0 0 0
27 50 1 1 0 0 0 43 4 4 42 9 0 0
30 1 0 0 1 0 0 0 0 0 0 0 0 0
fl=./posix/./posix/spawnattr_setdefault.c
fn=posix_spawnattr_setsigdefault
25 1 1 1 0 0 0 0 0 0 0 0 0 0
27 16 1 1 8 0 0 8 0 0 0 0 0 0
30 2 0 0 1 0 0 0 0 0 0 0 0 0
fl=./posix/./posix/spawnattr_setflags.c
fn=posix_spawnattr_setflags
34 1 0 0 0 0 0 0 0 0 0 0 0 0
36 2 0 0 0 0 0 0 0 0 1 0 0 0
37 1 0 0 0 0 0 0 0 0 0 0 0 0
40 1 0 0 0 0 0 1 0 0 0 0 0 0
42 1 0 0 0 0 0 0 0 0 0 0 0 0
43 1 0 0 1 0 0 0 0 0 0 0 0 0
fl=./posix/./posix/spawnp.c
fn=posix_spawnp@@GLIBC_2.15
29 2 1 1 0 0 0 0 0 0 0 0 0 0
30 2 0 0 0 0 0 2 0 0 0 0 0 0
32 2 0 0 1 0 0 0 0 0 0 0 0 0
fl=./posix/./posix/waitpid.c
fn=waitpid
37 1 1 1 0 0 0 0 0 0 0 0 0 0
38 2 0 0 0 0 0 0 0 0 0 0 0 0
fl=./resource/../sysdeps/unix/sysv/linux/getrlimit64.c
fn=getrlimit
38 16 2 1 0 0 0 0 0 0 0 0 0 0
39 56 0 0 0 0 0 0 0 0 8 0 0 0
40 8 0 0 8 0 0 0 0 0 0 0 0 0
fl=./setjmp/../sysdeps/x86_64/bsd-_setjmp.S
fn=_setjmp
28 33 33 1 0 0 0 0 0 0 0 0 0 0
30 33 0 0 0 0 0 0 0 0 0 0 0 0
32 33 0 0 0 0 0 0 0 0 0 0 0 0
fl=./setjmp/../sysdeps/x86_64/setjmp.S
fn=__sigsetjmp
30 43 5 2 0 0 0 0 0 0 0 0 0 0
32 43 0 0 0 0 0 43 0 0 0 0 0 0
41 43 0 0 0 0 0 0 0 0 0 0 0 0
42 86 1 1 43 0 0 0 0 0 0 0 0 0
43 43 0 0 0 0 0 43 0 0 0 0 0 0
47 43 0 0 0 0 0 43 32 32 0 0 0 0
48 43 0 0 0 0 0 43 0 0 0 0 0 0
49 43 0 0 0 0 0 43 1 1 0 0 0 0
50 43 0 0 0 0 0 43 0 0 0 0 0 0
51 43 0 0 0 0 0 0 0 0 0 0 0 0
53 86 4 1 43 0 0 0 0 0 0 0 0 0
55 43 0 0 0 0 0 43 0 0 0 0 0 0
56 43 0 0 43 0 0 0 0 0 0 0 0 0
57 43 0 0 0 0 0 0 0 0 0 0 0 0
59 86 0 0 43 0 0 0 0 0 0 0 0 0
61 43 1 1 0 0 0 43 0 0 0 0 0 0
66 35 0 0 35 35 0 0 0 0 0 0 0 0
67 35 0 0 0 0 0 0 0 0 35 4 0 0
69 8 0 0 0 0 0 0 0 0 0 0 0 0
72 8 0 0 0 0 0 0 0 0 0 0 0 0
73 8 0 0 0 0 0 8 0 0 0 0 0 0
80 8 0 0 0 0 0 0 0 0 0 0 0 0
81 8 0 0 8 0 0 0 0 0 0 0 0 0
84 35 4 1 0 0 0 0 0 0 0 0 0 0
fl=./setjmp/./setjmp/sigjmp.c
fn=__sigjmp_save
28 105 0 0 0 0 0 35 0 0 0 0 0 0
29 35 0 0 0 0 0 35 0 0 0 0 0 0
30 70 0 0 0 0 0 0 0 0 35 0 0 0
34 105 0 0 70 0 0 0 0 0 0 0 0 0
fl=./signal/../sysdeps/posix/signal.c
fn=__bsd_signal.part.0
29 4 1 1 1 0 0 1 0 0 0 0 0 0
41 1 0 0 0 0 0 1 0 0 0 0 0 0
44 4 0 0 0 0 0 1 0 0 0 0 0 0
45 3 0 0 0 0 0 1 1 0 0 0 0 0
48 3 0 0 1 0 0 0 0 0 0 0 0 0
49 5 0 0 3 0 0 0 0 0 1 0 0 0
fn=signal
30 1 1 1 0 0 0 0 0 0 0 0 0 0
34 5 0 0 0 0 0 0 0 0 1 0 0 0
35 3 0 0 0 0 0 0 0 0 1 0 0 0
fl=./signal/../sysdeps/unix/syscall-template.S
fn=sigaltstack
120 335 4 2 0 0 0 0 0 0 67 0 0 0
122 67 0 0 67 0 0 0 0 0 0 0 0 0
fl=./signal/../sysdeps/unix/sysv/linux/internal-signals.h
fn=sigaction
52 5 0 0 0 0 0 0 0 0 0 0 0 0
fn=sigaddset
52 1 0 0 0 0 0 0 0 0 0 0 0 0
fn=signal
52 1 0 0 0 0 0 0 0 0 0 0 0 0
fl=./signal/../sysdeps/unix/sysv/linux/libc_sigaction.c
fn=__libc_sigaction
43 36 4 2 6 0 0 6 0 0 0 0 0 0
48 12 0 0 0 0 0 0 0 0 6 2 0 0
50 8 2 1 4 0 0 4 0 0 0 0 0 0
51 64 0 0 32 0 0 32 0 0 0 0 0 0
53 24 2 1 4 0 0 8 0 0 0 0 0 0
58 66 2 1 0 0 0 0 0 0 6 0 0 0
63 24 0 0 0 0 0 0 0 0 6 4 0 0
65 6 1 1 3 0 0 3 0 0 0 0 0 0
66 48 0 0 24 0 0 24 0 0 0 0 0 0
67 6 0 0 3 0 0 3 0 0 0 0 0 0
68 6 1 1 3 0 0 3 0 0 0 0 0 0
71 36 3 1 18 0 0 0 0 0 6 0 0 0
fl=./signal/../sysdeps/unix/sysv/linux/sigsetops.h
fn=__bsd_signal.part.0
96 1 0 0 1 1 0 0 0 0 0 0 0 0
102 3 1 1 0 0 0 0 0 0 0 0 0 0
104 1 0 0 0 0 0 1 0 0 0 0 0 0
fn=sigaddset
102 2 1 1 0 0 0 0 0 0 0 0 0 0
104 1 0 0 1 0 0 0 0 0 0 0 0 0
fn=sigemptyset
54 1 0 0 0 0 0 1 0 0 0 0 0 0
fl=./signal/./signal/sigaction.c
fn=sigaction
26 5 1 1 0 0 0 0 0 0 0 0 0 0
27 25 0 0 0 0 0 0 0 0 5 0 0 0
33 5 0 0 0 0 0 0 0 0 0 0 0 0
fl=./signal/./signal/sigaddset.c
fn=sigaddset
26 1 1 1 0 0 0 0 0 0 0 0 0 0
27 5 0 0 0 0 0 0 0 0 1 0 0 0
28 2 0 0 0 0 0 0 0 0 1 0 0 0
35 1 0 0 0 0 0 0 0 0 0 0 0 0
36 1 0 0 1 0 0 0 0 0 0 0 0 0
fl=./signal/./signal/sigempty.c
fn=sigemptyset
26 1 1 1 0 0 0 0 0 0 0 0 0 0
27 2 0 0 0 0 0 0 0 0 1 0 0 0
34 1 0 0 0 0 0 0 0 0 0 0 0 0
35 1 0 0 1 0 0 0 0 0 0 0 0 0
fl=./stdio-common/../include/scratch_buffer.h
fn=__vfscanf_internal
77 162 1 1 0 0 0 108 0 0 0 0 0 0
78 54 0 0 0 0 0 54 0 0 0 0 0 0
85 162 0 0 108 0 0 0 0 0 54 2 0 0
113 756 1 1 108 0 0 108 0 0 0 0 0 0
fl=./stdio-common/../libio/strfile.h
fn=__isoc99_sscanf
92 54 0 0 0 0 0 54 0 0 0 0 0 0
93 378 2 2 0 0 0 54 0 0 0 0 0 0
94 108 0 0 0 0 0 54 0 0 0 0 0 0
95 270 0 0 0 0 0 54 0 0 0 0 0 0
fl=./stdio-common/./stdio-common/getline.c
fn=getline
27 108 1 1 0 0 0 0 0 0 0 0 0 0
28 108 1 1 0 0 0 0 0 0 0 0 0 0
fl=./stdio-common/./stdio-common/isoc99_sscanf.c
fn=__isoc99_sscanf
24 864 2 2 54 0 0 432 0 0 54 8 0 0
30 324 1 1 0 0 0 216 0 0 0 0 0 0
31 270 0 0 0 0 0 54 0 0 0 0 0 0
35 432 1 1 324 0 0 0 0 0 54 0 0 0
fl=./stdio-common/./stdio-common/vfscanf-internal.c
fn=__vfscanf_internal
206 216 0 0 216 0 0 0 0 0 0 0 0 0
214 216 0 0 0 0 0 0 0 0 0 0 0 0
222 540 1 1 108 0 0 108 0 0 0 0 0 0
223 216 0 0 216 0 0 0 0 0 0 0 0 0
260 4004 2 2 2056 0 0 0 0 0 1028 0 0 0
263 3084 0 0 0 0 0 2056 0 0 0 0 0 0
278 702 2 2 0 0 0 432 1 0 0 0 0 0
282 54 0 0 0 0 0 54 0 0 0 0 0 0
283 54 0 0 0 0 0 0 0 0 0 0 0 0
284 54 0 0 0 0 0 0 0 0 0 0 0 0
288 270 0 0 162 0 0 108 0 0 0 0 0 0
289 108 0 0 54 0 0 54 1 0 0 0 0 0
293 54 0 0 0 0 0 54 0 0 0 0 0 0
313 54 0 0 0 0 0 54 0 0 0 0 0 0
325 54 0 0 0 0 0 54 0 0 0 0 0 0
326 54 1 1 0 0 0 54 0 0 0 0 0 0
327 54 0 0 0 0 0 54 0 0 0 0 0 0
328 108 0 0 0 0 0 108 0 0 0 0 0 0
332 54 0 0 0 0 0 0 0 0 0 0 0 0
339 270 0 0 108 0 0 162 0 0 0 0 0 0
345 270 2 2 54 0 0 0 0 0 108 8 0 0
348 216 1 1 108 0 0 0 0 0 108 2 0 0
352 108 0 0 108 0 0 0 0 0 0 0 0 0
359 108 1 1 54 0 0 54 0 0 0 0 0 0
365 54 0 0 54 1 0 0 0 0 0 0 0 0
367 216 0 0 54 1 1 54 0 0 0 0 0 0
372 540 1 1 108 0 0 216 1 0 54 0 0 0
377 54 0 0 0 0 0 54 0 0 0 0 0 0
381 864 1 1 432 1 1 0 0 0 216 54 0 0
418 324 0 0 0 0 0 0 0 0 162 2 0 0
442 432 1 1 162 0 0 108 0 0 0 0 0 0
443 324 0 0 0 0 0 0 0 0 162 4 0 0
446 270 0 0 162 0 0 0 0 0 54 0 0 0
453 486 0 0 162 0 0 54 0 0 108 0 0 0
461 162 0 0 54 0 0 0 0 0 54 0 0 0
469 162 0 0 0 0 0 0 0 0 54 0 0 0
482 108 1 1 0 0 0 108 0 0 0 0 0 0
488 540 0 0 108 0 0 0 0 0 108 2 0 0
504 432 0 0 0 0 0 108 0 0 108 4 0 0
525 432 0 0 0 0 0 0 0 0 108 0 0 0
529 108 1 1 0 0 0 108 0 0 0 0 0 0
532 1296 1 1 216 1 1 108 0 0 108 0 108 1
545 324 1 1 108 0 0 0 0 0 108 0 0 0
553 108 0 0 108 0 0 0 0 0 0 0 0 0
570 162 1 1 0 0 0 54 0 0 0 0 0 0
612 216 1 1 0 0 0 0 0 0 108 0 0 0
616 216 0 0 0 0 0 108 0 0 0 0 0 0
617 324 0 0 108 0 0 0 0 0 0 0 0 0
618 324 1 1 0 0 0 0 0 0 108 2 0 0
621 324 0 0 216 0 0 108 0 0 0 0 0 0
622 864 0 0 216 0 0 324 0 0 0 0 0 0
628 972 1 1 324 0 0 108 0 0 216 0 0 0
631 648 0 0 216 2 1 0 0 0 108 1 0 0
632 756 2 2 324 0 0 216 0 0 0 0 0 0
633 756 0 0 0 0 0 216 0 0 108 0 0 0
637 1080 1 1 216 1 1 108 0 0 108 0 108 1
1377 108 1 1 0 0 0 108 0 0 0 0 0 0
1398 1080 1 1 432 0 0 108 0 0 216 0 0 0
1403 324 0 0 0 0 0 0 0 0 108 2 0 0
1412 864 1 1 108 0 0 0 0 0 108 2 0 0
1415 350 0 0 0 0 0 70 0 0 0 0 0 0
1418 490 1 1 210 0 0 70 0 0 70 0 0 0
1420 560 0 0 280 1 1 0 0 0 140 0 0 0
1431 210 1 1 70 0 0 0 0 0 70 2 0 0
1435 114 1 1 38 0 0 0 0 0 38 2 0 0
1438 324 1 1 108 0 0 0 0 0 108 0 0 0
1669 324 1 1 108 0 0 0 0 0 0 0 0 0
1733 2056 0 0 0 0 0 0 0 0 958 0 0 0
1735 1916 1 1 958 0 0 0 0 0 958 0 0 0
1737 5330 1 1 2982 1 1 108 0 0 958 114 0 0
1742 324 0 0 108 0 0 108 0 0 0 0 0 0
1797 850 0 0 0 0 0 0 0 0 0 0 0 0
1799 3400 0 0 0 0 0 0 0 0 0 0 0 0
1801 7650 0 0 2550 0 0 850 0 0 1700 6 0 0
1804 216 0 0 0 0 0 0 0 0 108 0 0 0
1811 216 0 0 0 0 0 0 0 0 108 0 0 0
1812 216 0 0 0 0 0 0 0 0 108 0 0 0
1840 648 1 1 0 0 0 108 0 0 108 0 0 0
1844 216 0 0 108 0 0 0 0 0 108 0 0 0
1861 324 0 0 0 0 0 0 0 0 108 2 0 0
1862 216 0 0 108 0 0 0 0 0 0 0 0 0
1865 324 1 1 0 0 0 108 0 0 0 0 0 0
1868 324 1 1 216 0 0 0 0 0 108 0 0 0
1871 540 0 0 108 0 0 108 0 0 108 1 0 0
1873 216 0 0 0 0 0 0 0 0 108 2 0 0
1877 108 0 0 0 0 0 0 0 0 0 0 0 0
1890 216 1 1 0 0 0 0 0 0 108 0 0 0
1891 1296 1 1 432 0 0 216 0 0 216 2 0 0
1900 216 0 0 108 0 0 0 0 0 0 0 0 0
2180 324 0 0 0 0 0 54 0 0 0 0 0 0
2429 270 0 0 0 0 0 54 0 0 0 0 0 0
3015 270 0 0 54 0 0 0 0 0 54 2 0 0
3025 216 2 2 108 0 0 54 0 0 54 2 0 0
3029 108 0 0 54 0 0 0 0 0 54 0 0 0
3046 108 0 0 54 0 0 0 0 0 54 0 0 0
3052 648 1 1 540 0 0 0 0 0 54 0 0 0
fl=./stdlib/../stdlib/strtol.c
fn=__strtoul_internal
97 108 1 1 0 0 0 0 0 0 0 0 0 0
98 324 0 0 216 0 0 0 0 0 0 0 0 0
fl=./stdlib/../stdlib/strtol_l.c
fn=____strtoul_l_internal
225 1188 2 2 0 0 0 756 1 0 0 0 0 0
239 108 0 0 108 0 0 0 0 0 0 0 0 0
244 108 0 0 0 0 0 0 0 0 0 0 0 0
245 108 0 0 0 0 0 0 0 0 0 0 0 0
251 216 0 0 0 0 0 0 0 0 108 0 0 0
279 108 0 0 0 0 0 0 0 0 0 0 0 0
282 432 0 0 0 0 0 0 0 0 108 0 0 0
291 648 1 1 324 0 0 0 0 0 108 2 0 0
293 216 0 0 0 0 0 0 0 0 108 0 0 0
297 108 0 0 0 0 0 108 0 0 0 0 0 0
298 216 0 0 0 0 0 0 0 0 108 0 0 0
303 216 1 1 0 0 0 0 0 0 108 0 0 0
307 216 0 0 0 0 0 0 0 0 108 4 0 0
309 528 2 2 318 2 1 0 0 0 140 2 0 0
314 140 0 0 0 0 0 0 0 0 70 1 0 0
317 76 0 0 0 0 0 0 0 0 0 0 0 0
324 216 0 0 0 0 0 0 0 0 108 1 0 0
369 146 0 0 0 0 0 0 0 0 0 0 0 0
372 432 0 0 108 1 1 0 0 0 0 0 0 0
373 324 0 0 108 1 1 108 0 0 0 0 0 0
377 178 1 1 0 0 0 0 0 0 0 0 0 0
431 1840 0 0 920 0 0 0 0 0 0 0 0 0
433 3832 0 0 0 0 0 0 0 0 996 108 0 0
435 2760 0 0 0 0 0 0 0 0 920 126 0 0
442 210 0 0 0 0 0 0 0 0 105 0 0 0
449 216 1 1 0 0 0 108 0 0 0 0 0 0
459 642 0 0 213 0 0 0 0 0 105 0 0 0
460 210 0 0 105 1 1 0 0 0 0 0 0 0
463 2760 1 1 0 0 0 0 0 0 920 0 0 0
466 2760 0 0 0 0 0 0 0 0 1840 17 0 0
471 1136 1 1 0 0 0 0 0 0 0 0 0 0
472 2760 0 0 0 0 0 0 0 0 0 0 0 0
477 216 0 0 0 0 0 0 0 0 108 0 0 0
482 324 1 1 108 0 0 0 0 0 108 0 0 0
483 108 0 0 0 0 0 108 0 0 0 0 0 0
495 216 0 0 0 0 0 0 0 0 108 0 0 0
506 648 0 0 108 0 0 0 0 0 0 0 0 0
524 972 1 1 756 0 0 0 0 0 0 0 0 0
fl=./stdlib/../sysdeps/unix/sysv/linux/getrandom.c
fn=getrandom
28 4 3 1 0 0 0 0 0 0 0 0 0 0
29 28 3 1 4 0 0 0 0 0 8 2 0 0
30 4 0 0 4 0 0 0 0 0 0 0 0 0
fl=./stdlib/./stdlib/cxa_atexit.c
fn=__cxa_atexit
41 2 0 0 0 0 0 0 0 0 1 0 0 0
43 6 0 0 1 1 0 0 0 0 1 0 0 0
44 2 1 1 0 0 0 1 0 0 0 0 0 0
46 2 0 0 0 0 0 0 0 0 1 0 0 0
53 3 0 0 1 0 0 0 0 0 0 0 0 0
55 1 0 0 0 0 0 1 0 0 0 0 0 0
56 2 0 0 1 0 0 1 0 0 0 0 0 0
58 1 0 0 0 0 0 1 0 0 0 0 0 0
59 4 1 1 2 0 0 0 0 0 2 0 0 0
60 1 0 0 0 0 0 0 0 0 0 0 0 0
69 9 1 1 0 0 0 4 0 0 0 0 0 0
71 6 0 0 4 0 0 0 0 0 0 0 0 0
fn=__new_exitfn
82 5 1 1 0 0 0 2 0 0 0 0 0 0
83 2 0 0 0 0 0 0 0 0 0 0 0 0
88 2 0 0 1 0 0 0 0 0 1 0 0 0
93 8 0 0 2 1 0 0 0 0 2 1 0 0
95 4 1 1 1 1 0 0 0 0 1 0 0 0
103 1 0 0 0 0 0 1 0 0 0 0 0 0
124 1 0 0 0 0 0 0 0 0 0 0 0 0
125 2 1 1 0 0 0 1 0 0 0 0 0 0
138 1 1 1 0 0 0 1 0 0 0 0 0 0
139 1 0 0 1 0 0 0 0 0 0 0 0 0
143 5 0 0 3 0 0 0 0 0 0 0 0 0
fl=./stdlib/./stdlib/cxa_finalize.c
fn=__cxa_finalize
30 36 1 1 0 0 0 24 0 0 0 0 0 0
33 24 1 1 4 0 0 0 0 0 4 1 0 0
36 24 1 1 8 0 0 0 0 0 8 5 0 0
40 24 0 0 4 0 0 0 0 0 4 3 0 0
94 28 1 1 8 1 1 0 0 0 8 2 0 0
98 24 0 0 4 1 1 0 0 0 4 0 0 0
105 8 0 0 0 0 0 0 0 0 4 0 0 0
106 8 0 0 0 0 0 4 0 0 0 0 0 0
107 16 0 0 8 0 0 0 0 0 8 0 0 0
108 32 1 1 28 0 0 0 0 0 0 0 0 0
fl=./stdlib/./stdlib/cxa_thread_atexit_impl.c
fn=__call_tls_dtors
149 4 1 1 0 0 0 2 0 0 0 0 0 0
150 14 0 0 5 0 0 0 0 0 4 1 0 0
155 9 0 0 6 0 0 0 0 0 0 0 0 0
158 6 1 1 3 2 0 3 0 0 0 0 0 0
159 6 0 0 3 0 0 3 0 0 0 0 3 3
165 6 0 0 9 1 0 0 0 0 3 0 0 0
166 6 0 0 0 0 0 3 0 0 0 0 0 0
168 4 1 1 3 0 0 0 0 0 0 0 0 0
fn=__cxa_thread_atexit_impl
101 792 2 1 0 0 0 396 0 0 0 0 0 0
103 297 0 0 99 0 0 0 0 0 0 0 0 0
107 297 0 0 0 0 0 99 32 32 0 0 0 0
108 198 0 0 0 0 0 0 0 0 99 0 0 0
111 198 0 0 0 0 0 99 0 0 0 0 0 0
112 99 0 0 0 0 0 99 0 0 0 0 0 0
113 297 0 0 198 0 0 99 0 0 0 0 0 0
114 99 0 0 0 0 0 99 0 0 0 0 0 0
118 297 2 1 99 28 0 99 0 0 0 0 0 0
121 198 0 0 0 0 0 0 0 0 99 3 0 0
125 198 2 1 0 0 0 99 0 0 0 0 0 0
129 495 3 1 99 0 0 99 0 0 99 3 0 0
137 99 0 0 198 0 0 0 0 0 99 0 0 0
138 198 0 0 0 0 0 99 0 0 0 0 0 0
140 198 0 0 99 0 0 99 0 0 0 0 0 0
143 693 0 0 495 0 0 0 0 0 0 0 0 0
fl=./stdlib/./stdlib/exit.c
fn=__run_exit_handlers
40 11 1 1 0 0 0 7 0 0 0 0 0 0
45 2 0 0 0 0 0 0 0 0 1 1 0 0
46 2 0 0 0 0 0 1 1 1 0 0 0 0
48 5 1 1 1 1 1 0 0 0 1 0 0 0
56 1 0 0 1 1 1 0 0 0 0 0 0 0
58 3 0 0 0 0 0 0 0 0 1 1 0 0
62 1 0 0 0 0 0 1 0 0 0 0 0 0
66 6 0 0 2 1 1 0 0 0 2 1 0 0
68 2 0 0 0 0 0 1 0 0 0 0 0 0
71 7 1 1 1 0 0 0 0 0 2 1 0 0
98 1 0 0 0 0 0 0 0 0 0 0 0 0
105 2 1 1 0 0 0 1 0 0 0 0 0 0
106 1 0 0 1 0 0 0 0 0 0 0 0 0
107 1 0 0 1 0 0 0 0 0 0 0 0 0
109 2 1 1 1 0 0 0 0 0 0 0 0 0
112 4 0 0 2 0 0 0 0 0 2 0 0 0
113 3 0 0 0 0 0 1 0 0 0 0 1 1
114 4 0 0 1 0 0 0 0 0 1 1 0 0
124 2 1 1 1 0 0 1 0 0 0 0 0 0
125 2 0 0 0 0 0 0 0 0 1 0 0 0
131 4 0 0 2 0 0 0 0 0 2 0 0 0
133 2 0 0 1 0 0 0 0 0 1 0 0 0
134 9 1 1 1 1 1 1 0 0 2 0 1 1
136 2 0 0 0 0 0 1 0 0 0 0 0 0
fn=exit
142 4 1 1 1 0 0 1 0 0 0 0 0 0
143 4 1 1 0 0 0 1 0 0 0 0 0 0
fl=./stdlib/./stdlib/getenv.c
fn=getenv
34 48 6 2 0 0 0 36 0 0 0 0 0 0
38 48 0 0 18 6 0 0 0 0 12 0 0 0
41 12 0 0 6 0 0 0 0 0 6 2 0 0
65 12 6 2 0 0 0 6 0 0 0 0 0 0
67 6 0 0 6 0 0 0 0 0 0 0 0 0
72 6 0 0 0 0 0 0 0 0 0 0 0 0
73 6 0 0 0 0 0 0 0 0 0 0 0 0
75 1002 0 0 252 18 0 0 0 0 252 9 0 0
84 492 0 0 246 49 0 0 0 0 246 16 0 0
91 54 0 0 42 0 0 0 0 0 0 0 0 0
fl=./string/../include/rtld-malloc.h
fn=strdup
56 10 0 0 5 0 0 5 0 0 0 0 5 1
fl=./string/../string/strstr.c
fn=__GI_strstr
77 11 1 1 1 0 0 7 0 0 0 0 0 0
82 3 0 0 1 1 1 0 0 0 1 1 0 0
84 5 1 1 0 0 0 1 0 0 0 0 0 0
85 2 0 0 0 0 0 0 0 0 1 1 0 0
129 1 1 1 0 0 0 0 0 0 0 0 0 0
161 12 0 0 9 0 0 0 0 0 1 0 0 0
fl=./string/../sysdeps/x86/cacheinfo.c
fn=__x86_cacheinfo
86 3 1 1 1 0 0 0 0 0 0 0 0 0
fl=./string/../sysdeps/x86/cacheinfo.h
fn=__x86_cacheinfo
61 1 0 0 1 0 0 0 0 0 0 0 0 0
64 3 0 0 1 1 0 0 0 0 1 0 0 0
66 3 0 0 0 0 0 1 0 0 0 0 0 0
67 1 1 1 0 0 0 1 1 1 0 0 0 0
73 3 0 0 1 0 0 0 0 0 1 0 0 0
75 3 0 0 0 0 0 1 0 0 0 0 0 0
76 1 0 0 0 0 0 1 0 0 0 0 0 0
80 2 1 1 1 0 0 1 1 1 0 0 0 0
82 2 0 0 1 0 0 1 1 1 0 0 0 0
83 2 0 0 1 1 0 1 0 0 0 0 0 0
84 2 0 0 1 0 0 1 0 0 0 0 0 0
86 2 0 0 1 0 0 0 0 0 1 1 0 0
fl=./string/../sysdeps/x86_64/multiarch/../memchr.S
fn=__memchr_sse2
33 59 1 1 0 0 0 0 0 0 0 0 0 0
34 59 0 0 0 0 0 0 0 0 0 0 0 0
35 59 0 0 0 0 0 0 0 0 0 0 0 0
45 59 0 0 0 0 0 0 0 0 0 0 0 0
46 59 0 0 0 0 0 0 0 0 0 0 0 0
47 59 0 0 0 0 0 0 0 0 59 0 0 0
48 59 0 0 0 0 0 0 0 0 0 0 0 0
51 59 0 0 0 0 0 0 0 0 0 0 0 0
52 59 0 0 0 0 0 0 0 0 0 0 0 0
54 59 0 0 0 0 0 0 0 0 0 0 0 0
55 59 0 0 0 0 0 0 0 0 59 14 0 0
57 48 0 0 48 0 0 0 0 0 0 0 0 0
58 48 0 0 0 0 0 0 0 0 0 0 0 0
59 48 0 0 0 0 0 0 0 0 0 0 0 0
60 48 0 0 0 0 0 0 0 0 0 0 0 0
62 48 0 0 0 0 0 0 0 0 48 0 0 0
63 48 0 0 0 0 0 0 0 0 0 0 0 0
64 48 1 1 0 0 0 0 0 0 48 0 0 0
65 48 0 0 0 0 0 0 0 0 0 0 0 0
66 48 0 0 0 0 0 0 0 0 0 0 0 0
67 48 0 0 0 0 0 0 0 0 0 0 0 0
71 48 0 0 0 0 0 0 0 0 0 0 0 0
72 48 0 0 0 0 0 0 0 0 0 0 0 0
73 48 0 0 0 0 0 0 0 0 48 3 0 0
74 45 0 0 0 0 0 0 0 0 0 0 0 0
78 11 0 0 0 0 0 0 0 0 0 0 0 0
79 11 0 0 0 0 0 0 0 0 0 0 0 0
80 11 0 0 11 0 0 0 0 0 0 0 0 0
82 11 0 0 0 0 0 0 0 0 0 0 0 0
84 11 0 0 0 0 0 0 0 0 0 0 0 0
86 11 0 0 0 0 0 0 0 0 0 0 0 0
87 11 0 0 0 0 0 0 0 0 0 0 0 0
88 11 0 0 0 0 0 0 0 0 11 2 0 0
108 11 0 0 0 0 0 0 0 0 0 0 0 0
109 11 0 0 0 0 0 0 0 0 0 0 0 0
113 11 0 0 0 0 0 0 0 0 0 0 0 0
114 11 0 0 0 0 0 0 0 0 11 1 0 0
115 10 0 0 0 0 0 0 0 0 0 0 0 0
116 10 0 0 0 0 0 0 0 0 0 0 0 0
117 19 0 0 0 0 0 0 0 0 10 1 0 0
121 54 1 1 54 2 2 0 0 0 0 0 0 0
122 54 0 0 0 0 0 0 0 0 0 0 0 0
123 54 0 0 0 0 0 0 0 0 0 0 0 0
124 54 0 0 0 0 0 0 0 0 0 0 0 0
125 54 1 1 0 0 0 0 0 0 54 1 0 0
127 53 0 0 53 2 2 0 0 0 0 0 0 0
128 53 0 0 0 0 0 0 0 0 0 0 0 0
129 53 0 0 0 0 0 0 0 0 0 0 0 0
130 53 0 0 0 0 0 0 0 0 0 0 0 0
131 53 0 0 0 0 0 0 0 0 53 8 0 0
133 46 0 0 46 1 1 0 0 0 0 0 0 0
134 46 0 0 0 0 0 0 0 0 0 0 0 0
135 46 0 0 0 0 0 0 0 0 0 0 0 0
136 46 0 0 0 0 0 0 0 0 0 0 0 0
137 46 0 0 0 0 0 0 0 0 46 9 0 0
139 34 0 0 34 1 1 0 0 0 0 0 0 0
140 34 0 0 0 0 0 0 0 0 0 0 0 0
141 34 0 0 0 0 0 0 0 0 0 0 0 0
142 34 0 0 0 0 0 0 0 0 0 0 0 0
143 34 1 1 0 0 0 0 0 0 0 0 0 0
144 34 0 0 0 0 0 0 0 0 34 1 0 0
146 33 0 0 0 0 0 0 0 0 0 0 0 0
147 33 0 0 0 0 0 0 0 0 33 2 0 0
149 28 0 0 0 0 0 0 0 0 0 0 0 0
150 28 0 0 0 0 0 0 0 0 28 3 0 0
152 27 0 0 27 0 0 0 0 0 0 0 0 0
153 27 0 0 0 0 0 0 0 0 0 0 0 0
154 27 0 0 0 0 0 0 0 0 0 0 0 0
155 27 0 0 0 0 0 0 0 0 0 0 0 0
156 27 0 0 0 0 0 0 0 0 27 0 0 0
158 27 0 0 27 2 2 0 0 0 0 0 0 0
159 27 0 0 0 0 0 0 0 0 0 0 0 0
160 27 0 0 0 0 0 0 0 0 0 0 0 0
161 27 0 0 0 0 0 0 0 0 0 0 0 0
162 27 1 1 0 0 0 0 0 0 27 5 0 0
164 23 0 0 23 1 1 0 0 0 0 0 0 0
165 23 0 0 0 0 0 0 0 0 0 0 0 0
166 23 0 0 0 0 0 0 0 0 0 0 0 0
167 23 0 0 0 0 0 0 0 0 0 0 0 0
168 23 0 0 0 0 0 0 0 0 23 7 0 0
170 9 0 0 9 1 1 0 0 0 0 0 0 0
171 9 0 0 0 0 0 0 0 0 0 0 0 0
172 9 0 0 0 0 0 0 0 0 0 0 0 0
174 9 0 0 0 0 0 0 0 0 0 0 0 0
175 9 0 0 0 0 0 0 0 0 0 0 0 0
176 9 0 0 0 0 0 0 0 0 9 3 0 0
178 4 0 0 0 0 0 0 0 0 0 0 0 0
179 4 0 0 0 0 0 0 0 0 0 0 0 0
180 4 0 0 0 0 0 0 0 0 0 0 0 0
184 8 0 0 0 0 0 0 0 0 0 0 0 0
188 12 1 1 0 0 0 0 0 0 0 0 0 0
189 12 0 0 0 0 0 0 0 0 12 1 0 0
190 11 0 0 11 4 4 0 0 0 0 0 0 0
191 11 0 0 11 0 0 0 0 0 0 0 0 0
192 11 0 0 11 0 0 0 0 0 0 0 0 0
193 11 0 0 11 0 0 0 0 0 0 0 0 0
195 11 0 0 0 0 0 0 0 0 0 0 0 0
196 11 0 0 0 0 0 0 0 0 0 0 0 0
197 11 0 0 0 0 0 0 0 0 0 0 0 0
198 11 0 0 0 0 0 0 0 0 0 0 0 0
200 11 0 0 0 0 0 0 0 0 0 0 0 0
201 11 0 0 0 0 0 0 0 0 0 0 0 0
202 11 0 0 0 0 0 0 0 0 0 0 0 0
203 11 0 0 0 0 0 0 0 0 0 0 0 0
205 11 1 1 0 0 0 0 0 0 0 0 0 0
207 11 0 0 0 0 0 0 0 0 0 0 0 0
208 11 0 0 0 0 0 0 0 0 11 5 0 0
210 8 0 0 0 0 0 0 0 0 0 0 0 0
212 8 0 0 0 0 0 0 0 0 0 0 0 0
213 8 0 0 0 0 0 0 0 0 0 0 0 0
214 8 0 0 0 0 0 0 0 0 8 2 0 0
216 7 0 0 0 0 0 0 0 0 0 0 0 0
217 7 0 0 0 0 0 0 0 0 0 0 0 0
218 7 0 0 0 0 0 0 0 0 7 2 0 0
220 6 0 0 6 0 0 0 0 0 0 0 0 0
221 6 0 0 0 0 0 0 0 0 0 0 0 0
223 6 0 0 6 0 0 0 0 0 0 0 0 0
224 6 0 0 0 0 0 0 0 0 0 0 0 0
225 6 0 0 0 0 0 0 0 0 0 0 0 0
226 6 0 0 0 0 0 0 0 0 6 4 0 0
228 1 0 0 0 0 0 0 0 0 0 0 0 0
229 1 1 1 0 0 0 0 0 0 0 0 0 0
230 1 0 0 0 0 0 0 0 0 0 0 0 0
231 1 0 0 1 0 0 0 0 0 0 0 0 0
235 6 0 0 0 0 0 0 0 0 0 0 0 0
236 6 0 0 0 0 0 0 0 0 6 1 0 0
238 4 0 0 4 1 1 0 0 0 0 0 0 0
239 4 0 0 0 0 0 0 0 0 0 0 0 0
240 4 0 0 0 0 0 0 0 0 0 0 0 0
241 4 0 0 0 0 0 0 0 0 0 0 0 0
242 4 0 0 0 0 0 0 0 0 4 0 0 0
244 4 0 0 4 0 0 0 0 0 0 0 0 0
245 4 0 0 0 0 0 0 0 0 0 0 0 0
246 4 0 0 0 0 0 0 0 0 0 0 0 0
247 4 0 0 0 0 0 0 0 0 0 0 0 0
248 4 0 0 0 0 0 0 0 0 4 0 0 0
250 4 1 1 4 0 0 0 0 0 0 0 0 0
251 4 0 0 0 0 0 0 0 0 0 0 0 0
252 4 0 0 0 0 0 0 0 0 0 0 0 0
253 4 0 0 0 0 0 0 0 0 0 0 0 0
254 4 0 0 0 0 0 0 0 0 4 2 0 0
255 2 0 0 0 0 0 0 0 0 0 0 0 0
256 2 0 0 0 0 0 0 0 0 2 1 0 0
258 1 0 0 1 0 0 0 0 0 0 0 0 0
259 1 0 0 0 0 0 0 0 0 0 0 0 0
260 1 0 0 0 0 0 0 0 0 0 0 0 0
261 1 0 0 0 0 0 0 0 0 1 0 0 0
262 1 0 0 0 0 0 0 0 0 0 0 0 0
263 1 0 0 1 0 0 0 0 0 0 0 0 0
267 2 0 0 0 0 0 0 0 0 0 0 0 0
268 2 0 0 2 0 0 0 0 0 0 0 0 0
269 2 0 0 0 0 0 0 0 0 0 0 0 0
270 2 0 0 0 0 0 0 0 0 0 0 0 0
271 2 0 0 0 0 0 0 0 0 0 0 0 0
272 2 0 0 0 0 0 0 0 0 2 0 0 0
273 2 0 0 0 0 0 0 0 0 0 0 0 0
274 2 0 0 0 0 0 0 0 0 2 1 0 0
276 1 0 0 1 0 0 0 0 0 0 0 0 0
277 1 0 0 0 0 0 0 0 0 0 0 0 0
278 1 0 0 0 0 0 0 0 0 0 0 0 0
279 1 0 0 0 0 0 0 0 0 1 0 0 0
280 1 0 0 0 0 0 0 0 0 0 0 0 0
281 1 0 0 1 0 0 0 0 0 0 0 0 0
285 6 0 0 0 0 0 0 0 0 0 0 0 0
286 6 0 0 0 0 0 0 0 0 0 0 0 0
287 6 0 0 6 0 0 0 0 0 0 0 0 0
291 2 1 1 0 0 0 0 0 0 0 0 0 0
292 2 0 0 0 0 0 0 0 0 0 0 0 0
293 2 0 0 2 0 0 0 0 0 0 0 0 0
297 12 0 0 0 0 0 0 0 0 0 0 0 0
298 12 0 0 0 0 0 0 0 0 0 0 0 0
299 12 0 0 12 0 0 0 0 0 0 0 0 0
303 31 1 1 0 0 0 0 0 0 0 0 0 0
304 31 0 0 0 0 0 0 0 0 0 0 0 0
305 31 0 0 31 0 0 0 0 0 0 0 0 0
337 2 0 0 0 0 0 0 0 0 0 0 0 0
343 2 0 0 0 0 0 0 0 0 0 0 0 0
345 2 0 0 0 0 0 0 0 0 2 0 0 0
346 2 0 0 0 0 0 0 0 0 0 0 0 0
347 2 0 0 2 0 0 0 0 0 0 0 0 0
365 3 0 0 0 0 0 0 0 0 0 0 0 0
366 3 0 0 3 0 0 0 0 0 0 0 0 0
fl=./string/../sysdeps/x86_64/multiarch/../rawmemchr.S
fn=__rawmemchr_sse2
23 54 1 1 0 0 0 0 0 0 0 0 0 0
24 54 0 0 0 0 0 0 0 0 0 0 0 0
25 54 0 0 0 0 0 0 0 0 0 0 0 0
27 54 0 0 0 0 0 0 0 0 0 0 0 0
28 54 1 1 0 0 0 0 0 0 0 0 0 0
30 54 0 0 0 0 0 0 0 0 0 0 0 0
31 54 0 0 0 0 0 0 0 0 0 0 0 0
33 54 0 0 0 0 0 0 0 0 0 0 0 0
34 54 0 0 0 0 0 0 0 0 54 0 0 0
36 54 0 0 54 0 0 0 0 0 0 0 0 0
37 54 0 0 0 0 0 0 0 0 0 0 0 0
39 54 0 0 0 0 0 0 0 0 0 0 0 0
40 54 0 0 0 0 0 0 0 0 0 0 0 0
42 54 0 0 0 0 0 0 0 0 54 0 0 0
43 54 0 0 0 0 0 0 0 0 0 0 0 0
44 54 0 0 0 0 0 0 0 0 0 0 0 0
45 54 0 0 0 0 0 0 0 0 0 0 0 0
73 54 1 1 54 0 0 0 0 0 0 0 0 0
74 54 0 0 0 0 0 0 0 0 0 0 0 0
75 54 0 0 0 0 0 0 0 0 0 0 0 0
76 54 0 0 0 0 0 0 0 0 0 0 0 0
77 54 0 0 0 0 0 0 0 0 54 0 0 0
79 54 0 0 54 0 0 0 0 0 0 0 0 0
80 54 0 0 0 0 0 0 0 0 0 0 0 0
81 54 0 0 0 0 0 0 0 0 0 0 0 0
82 54 0 0 0 0 0 0 0 0 0 0 0 0
83 54 0 0 0 0 0 0 0 0 54 11 0 0
85 35 0 0 35 0 0 0 0 0 0 0 0 0
86 35 0 0 0 0 0 0 0 0 0 0 0 0
87 35 0 0 0 0 0 0 0 0 0 0 0 0
88 35 0 0 0 0 0 0 0 0 0 0 0 0
89 35 0 0 0 0 0 0 0 0 35 0 0 0
91 35 1 1 35 0 0 0 0 0 0 0 0 0
92 35 0 0 0 0 0 0 0 0 0 0 0 0
93 35 0 0 0 0 0 0 0 0 0 0 0 0
94 35 0 0 0 0 0 0 0 0 0 0 0 0
95 35 0 0 0 0 0 0 0 0 0 0 0 0
96 35 0 0 0 0 0 0 0 0 35 0 0 0
98 35 0 0 0 0 0 0 0 0 0 0 0 0
99 35 0 0 0 0 0 0 0 0 35 0 0 0
101 35 0 0 35 0 0 0 0 0 0 0 0 0
102 35 0 0 0 0 0 0 0 0 0 0 0 0
103 35 0 0 0 0 0 0 0 0 0 0 0 0
104 35 0 0 0 0 0 0 0 0 0 0 0 0
105 35 0 0 0 0 0 0 0 0 35 0 0 0
107 35 0 0 35 0 0 0 0 0 0 0 0 0
108 35 0 0 0 0 0 0 0 0 0 0 0 0
109 35 1 1 0 0 0 0 0 0 0 0 0 0
110 35 0 0 0 0 0 0 0 0 0 0 0 0
111 35 0 0 0 0 0 0 0 0 35 8 0 0
113 24 0 0 24 0 0 0 0 0 0 0 0 0
114 24 0 0 0 0 0 0 0 0 0 0 0 0
115 24 0 0 0 0 0 0 0 0 0 0 0 0
116 24 0 0 0 0 0 0 0 0 0 0 0 0
117 24 0 0 0 0 0 0 0 0 24 3 0 0
119 6 0 0 6 0 0 0 0 0 0 0 0 0
120 6 0 0 0 0 0 0 0 0 0 0 0 0
121 6 0 0 0 0 0 0 0 0 0 0 0 0
123 6 0 0 0 0 0 0 0 0 0 0 0 0
124 6 0 0 0 0 0 0 0 0 0 0 0 0
125 6 0 0 0 0 0 0 0 0 6 1 0 0
127 10 0 0 0 0 0 0 0 0 0 0 0 0
131 5 1 1 5 0 0 0 0 0 0 0 0 0
132 5 0 0 5 0 0 0 0 0 0 0 0 0
133 5 0 0 5 0 0 0 0 0 0 0 0 0
134 5 0 0 5 0 0 0 0 0 0 0 0 0
136 5 0 0 0 0 0 0 0 0 0 0 0 0
137 5 0 0 0 0 0 0 0 0 0 0 0 0
138 5 0 0 0 0 0 0 0 0 0 0 0 0
139 5 0 0 0 0 0 0 0 0 0 0 0 0
141 5 0 0 0 0 0 0 0 0 0 0 0 0
142 5 0 0 0 0 0 0 0 0 0 0 0 0
143 5 0 0 0 0 0 0 0 0 0 0 0 0
144 5 0 0 0 0 0 0 0 0 0 0 0 0
146 5 0 0 0 0 0 0 0 0 0 0 0 0
148 5 0 0 0 0 0 0 0 0 0 0 0 0
149 5 0 0 0 0 0 0 0 0 5 0 0 0
151 5 0 0 0 0 0 0 0 0 0 0 0 0
153 5 1 1 0 0 0 0 0 0 0 0 0 0
154 5 0 0 0 0 0 0 0 0 0 0 0 0
155 5 0 0 0 0 0 0 0 0 5 0 0 0
157 5 0 0 0 0 0 0 0 0 0 0 0 0
158 5 0 0 0 0 0 0 0 0 0 0 0 0
159 5 0 0 0 0 0 0 0 0 5 0 0 0
161 5 0 0 5 0 0 0 0 0 0 0 0 0
162 5 0 0 0 0 0 0 0 0 0 0 0 0
164 5 0 0 5 0 0 0 0 0 0 0 0 0
165 5 0 0 0 0 0 0 0 0 0 0 0 0
166 5 0 0 0 0 0 0 0 0 0 0 0 0
167 5 0 0 0 0 0 0 0 0 5 0 0 0
169 5 0 0 0 0 0 0 0 0 0 0 0 0
170 5 0 0 0 0 0 0 0 0 0 0 0 0
171 5 0 0 0 0 0 0 0 0 0 0 0 0
172 5 0 0 5 0 0 0 0 0 0 0 0 0
176 1 0 0 0 0 0 0 0 0 0 0 0 0
177 1 0 0 0 0 0 0 0 0 0 0 0 0
178 1 0 0 1 0 0 0 0 0 0 0 0 0
188 30 1 1 0 0 0 0 0 0 0 0 0 0
189 30 0 0 0 0 0 0 0 0 0 0 0 0
190 30 0 0 30 0 0 0 0 0 0 0 0 0
194 18 0 0 0 0 0 0 0 0 0 0 0 0
195 18 0 0 0 0 0 0 0 0 0 0 0 0
196 18 0 0 18 0 0 0 0 0 0 0 0 0
fl=./string/../sysdeps/x86_64/multiarch/../strchr.S
fn=__strchr_sse2
23 1 1 1 0 0 0 0 0 0 0 0 0 0
24 1 0 0 0 0 0 0 0 0 0 0 0 0
25 1 0 0 0 0 0 0 0 0 0 0 0 0
26 1 0 0 0 0 0 0 0 0 0 0 0 0
27 1 0 0 0 0 0 0 0 0 0 0 0 0
28 1 0 0 0 0 0 0 0 0 0 0 0 0
29 1 0 0 0 0 0 0 0 0 0 0 0 0
30 1 0 0 0 0 0 0 0 0 0 0 0 0
31 1 0 0 0 0 0 0 0 0 1 0 0 0
32 1 0 0 1 0 0 0 0 0 0 0 0 0
33 1 0 0 0 0 0 0 0 0 0 0 0 0
34 1 1 1 0 0 0 0 0 0 0 0 0 0
35 1 0 0 0 0 0 0 0 0 0 0 0 0
36 1 0 0 0 0 0 0 0 0 0 0 0 0
37 1 0 0 0 0 0 0 0 0 0 0 0 0
38 1 0 0 0 0 0 0 0 0 0 0 0 0
39 1 0 0 0 0 0 0 0 0 0 0 0 0
40 1 0 0 0 0 0 0 0 0 1 0 0 0
41 1 0 0 0 0 0 0 0 0 0 0 0 0
45 1 0 0 0 0 0 0 0 0 0 0 0 0
46 1 0 0 0 0 0 0 0 0 0 0 0 0
47 1 0 0 1 0 0 0 0 0 0 0 0 0
48 1 0 0 0 0 0 0 0 0 0 0 0 0
50 1 0 0 1 0 0 0 0 0 0 0 0 0
fn=index
23 22 1 1 0 0 0 0 0 0 0 0 0 0
24 22 0 0 0 0 0 0 0 0 0 0 0 0
25 22 0 0 0 0 0 0 0 0 0 0 0 0
26 22 0 0 0 0 0 0 0 0 0 0 0 0
27 22 0 0 0 0 0 0 0 0 0 0 0 0
28 22 0 0 0 0 0 0 0 0 0 0 0 0
29 22 0 0 0 0 0 0 0 0 0 0 0 0
30 22 0 0 0 0 0 0 0 0 0 0 0 0
31 22 0 0 0 0 0 0 0 0 22 0 0 0
32 22 0 0 22 4 4 0 0 0 0 0 0 0
33 22 0 0 0 0 0 0 0 0 0 0 0 0
34 22 1 1 0 0 0 0 0 0 0 0 0 0
35 22 0 0 0 0 0 0 0 0 0 0 0 0
36 22 0 0 0 0 0 0 0 0 0 0 0 0
37 22 0 0 0 0 0 0 0 0 0 0 0 0
38 22 0 0 0 0 0 0 0 0 0 0 0 0
39 22 0 0 0 0 0 0 0 0 0 0 0 0
40 22 0 0 0 0 0 0 0 0 22 3 0 0
41 19 0 0 0 0 0 0 0 0 0 0 0 0
45 19 0 0 0 0 0 0 0 0 0 0 0 0
46 19 0 0 0 0 0 0 0 0 0 0 0 0
47 19 0 0 19 0 0 0 0 0 0 0 0 0
48 19 0 0 0 0 0 0 0 0 0 0 0 0
50 19 0 0 19 0 0 0 0 0 0 0 0 0
54 3 0 0 3 0 0 0 0 0 0 0 0 0
55 3 0 0 0 0 0 0 0 0 0 0 0 0
56 3 0 0 0 0 0 0 0 0 0 0 0 0
57 3 1 1 0 0 0 0 0 0 0 0 0 0
58 3 0 0 0 0 0 0 0 0 0 0 0 0
59 3 0 0 0 0 0 0 0 0 0 0 0 0
60 3 0 0 3 0 0 0 0 0 0 0 0 0
61 3 0 0 0 0 0 0 0 0 0 0 0 0
62 3 0 0 0 0 0 0 0 0 0 0 0 0
63 3 0 0 0 0 0 0 0 0 0 0 0 0
64 3 0 0 0 0 0 0 0 0 0 0 0 0
65 3 0 0 0 0 0 0 0 0 0 0 0 0
66 3 0 0 0 0 0 0 0 0 0 0 0 0
67 3 0 0 3 0 0 0 0 0 0 0 0 0
68 3 0 0 0 0 0 0 0 0 0 0 0 0
69 3 0 0 0 0 0 0 0 0 0 0 0 0
70 3 0 0 0 0 0 0 0 0 0 0 0 0
71 3 0 0 0 0 0 0 0 0 0 0 0 0
72 3 0 0 0 0 0 0 0 0 0 0 0 0
73 3 1 1 0 0 0 0 0 0 0 0 0 0
74 3 0 0 0 0 0 0 0 0 0 0 0 0
75 3 0 0 0 0 0 0 0 0 0 0 0 0
76 3 0 0 0 0 0 0 0 0 0 0 0 0
77 3 0 0 0 0 0 0 0 0 3 3 0 0
129 3 2 1 0 0 0 0 0 0 0 0 0 0
133 3 0 0 0 0 0 0 0 0 0 0 0 0
134 3 0 0 0 0 0 0 0 0 0 0 0 0
135 3 0 0 3 0 0 0 0 0 0 0 0 0
136 3 0 0 0 0 0 0 0 0 0 0 0 0
138 3 0 0 3 0 0 0 0 0 0 0 0 0
fl=./string/../sysdeps/x86_64/multiarch/../strrchr.S
fn=__strrchr_sse2
23 1 1 1 0 0 0 0 0 0 0 0 0 0
24 1 0 0 0 0 0 0 0 0 0 0 0 0
25 1 0 0 0 0 0 0 0 0 0 0 0 0
26 1 0 0 0 0 0 0 0 0 0 0 0 0
27 1 0 0 0 0 0 0 0 0 0 0 0 0
28 1 0 0 0 0 0 0 0 0 0 0 0 0
29 1 0 0 0 0 0 0 0 0 0 0 0 0
30 1 0 0 0 0 0 0 0 0 0 0 0 0
31 1 0 0 0 0 0 0 0 0 1 0 0 0
32 1 0 0 1 1 1 0 0 0 0 0 0 0
33 1 1 1 0 0 0 0 0 0 0 0 0 0
34 1 0 0 0 0 0 0 0 0 0 0 0 0
35 1 0 0 0 0 0 0 0 0 0 0 0 0
36 1 0 0 0 0 0 0 0 0 0 0 0 0
37 1 0 0 0 0 0 0 0 0 0 0 0 0
38 1 0 0 0 0 0 0 0 0 0 0 0 0
39 1 0 0 0 0 0 0 0 0 0 0 0 0
40 1 0 0 0 0 0 0 0 0 1 1 0 0
51 1 1 1 1 0 0 0 0 0 0 0 0 0
52 1 0 0 0 0 0 0 0 0 0 0 0 0
53 1 0 0 1 0 0 0 0 0 0 0 0 0
54 1 0 0 0 0 0 0 0 0 0 0 0 0
55 1 0 0 0 0 0 0 0 0 0 0 0 0
56 1 0 0 1 0 0 0 0 0 0 0 0 0
57 1 0 0 0 0 0 0 0 0 0 0 0 0
58 1 0 0 0 0 0 0 0 0 0 0 0 0
59 1 0 0 0 0 0 0 0 0 0 0 0 0
60 1 0 0 0 0 0 0 0 0 0 0 0 0
61 1 0 0 0 0 0 0 0 0 0 0 0 0
62 1 0 0 0 0 0 0 0 0 0 0 0 0
63 1 0 0 0 0 0 0 0 0 0 0 0 0
64 1 0 0 0 0 0 0 0 0 0 0 0 0
65 1 0 0 0 0 0 0 0 0 0 0 0 0
66 1 1 1 0 0 0 0 0 0 0 0 0 0
67 1 0 0 0 0 0 0 0 0 0 0 0 0
68 1 0 0 0 0 0 0 0 0 0 0 0 0
69 1 0 0 0 0 0 0 0 0 0 0 0 0
70 1 0 0 0 0 0 0 0 0 0 0 0 0
71 1 0 0 0 0 0 0 0 0 0 0 0 0
72 1 0 0 0 0 0 0 0 0 0 0 0 0
73 1 0 0 0 0 0 0 0 0 0 0 0 0
74 1 0 0 0 0 0 0 0 0 0 0 0 0
75 1 0 0 0 0 0 0 0 0 0 0 0 0
76 1 0 0 0 0 0 0 0 0 0 0 0 0
77 1 0 0 0 0 0 0 0 0 0 0 0 0
78 1 0 0 0 0 0 0 0 0 0 0 0 0
79 1 0 0 0 0 0 0 0 0 0 0 0 0
80 1 0 0 0 0 0 0 0 0 1 0 0 0
81 1 0 0 0 0 0 0 0 0 0 0 0 0
82 1 0 0 0 0 0 0 0 0 0 0 0 0
83 1 0 0 0 0 0 0 0 0 0 0 0 0
84 1 1 1 0 0 0 0 0 0 1 0 0 0
85 1 0 0 0 0 0 0 0 0 0 0 0 0
86 1 0 0 0 0 0 0 0 0 0 0 0 0
87 1 0 0 1 0 0 0 0 0 0 0 0 0
fl=./string/../sysdeps/x86_64/multiarch/ifunc-avx2.h
fn=memrchr
32 2 0 0 0 0 0 0 0 0 1 0 0 0
33 5 1 1 2 0 0 0 0 0 0 0 0 0
fn=rindex
32 2 1 1 0 0 0 0 0 0 1 0 0 0
33 5 0 0 2 0 0 0 0 0 0 0 0 0
fn=strchrnul
32 2 0 0 0 0 0 0 0 0 1 0 0 0
33 5 0 0 2 0 0 0 0 0 0 0 0 0
fn=strlen
32 4 1 1 0 0 0 0 0 0 2 0 0 0
33 10 0 0 4 2 0 0 0 0 0 0 0 0
fn=strnlen
32 4 1 1 0 0 0 0 0 0 2 1 0 0
33 10 0 0 4 1 0 0 0 0 0 0 0 0
fl=./string/../sysdeps/x86_64/multiarch/ifunc-evex.h
fn=memchr
34 2 0 0 0 0 0 0 0 0 1 0 0 0
35 5 1 1 2 0 0 0 0 0 0 0 0 0
fn=rawmemchr
34 2 0 0 0 0 0 0 0 0 1 0 0 0
35 5 0 0 2 0 0 0 0 0 0 0 0 0
fl=./string/../sysdeps/x86_64/multiarch/ifunc-memcmp.h
fn=bcmp
34 12 0 0 6 0 0 0 0 0 0 0 0 0
35 9 0 0 3 1 0 0 0 0 3 0 0 0
50 9 0 0 0 0 0 0 0 0 3 3 0 0
fl=./string/../sysdeps/x86_64/multiarch/ifunc-memmove.h
fn=memcpy@@GLIBC_2.14
52 4 0 0 0 0 0 0 0 0 2 0 0 0
53 6 0 0 4 1 0 0 0 0 0 0 0 0
56 6 0 0 2 0 0 0 0 0 0 0 0 0
57 4 1 1 0 0 0 0 0 0 2 2 0 0
70 4 0 0 0 0 0 0 0 0 2 2 0 0
97 4 0 0 2 0 0 0 0 0 0 0 0 0
98 4 0 0 0 0 0 0 0 0 2 2 0 0
100 10 1 1 2 0 0 0 0 0 0 0 0 0
fn=memmove
52 6 0 0 0 0 0 0 0 0 3 0 0 0
53 9 0 0 6 0 0 0 0 0 0 0 0 0
56 9 1 1 3 0 0 0 0 0 0 0 0 0
57 6 1 1 0 0 0 0 0 0 3 3 0 0
70 6 0 0 0 0 0 0 0 0 3 3 0 0
97 6 0 0 3 0 0 0 0 0 0 0 0 0
98 6 0 0 0 0 0 0 0 0 3 3 0 0
100 15 2 2 3 0 0 0 0 0 0 0 0 0
fn=mempcpy
52 2 0 0 0 0 0 0 0 0 1 0 0 0
53 3 0 0 2 0 0 0 0 0 0 0 0 0
56 3 0 0 1 0 0 0 0 0 0 0 0 0
57 2 1 1 0 0 0 0 0 0 1 1 0 0
70 2 0 0 0 0 0 0 0 0 1 1 0 0
97 2 0 0 1 0 0 0 0 0 0 0 0 0
98 2 0 0 0 0 0 0 0 0 1 1 0 0
100 5 1 1 1 0 0 0 0 0 0 0 0 0
fl=./string/../sysdeps/x86_64/multiarch/ifunc-memset.h
fn=memset
50 10 0 0 4 1 0 0 0 0 2 0 0 0
53 6 0 0 2 0 0 0 0 0 0 0 0 0
54 4 1 1 0 0 0 0 0 0 2 2 0 0
60 4 1 1 0 0 0 0 0 0 0 0 0 0
69 4 0 0 0 0 0 0 0 0 2 2 0 0
98 8 0 0 0 0 0 0 0 0 0 0 0 0
fl=./string/../sysdeps/x86_64/multiarch/ifunc-sse4_2.h
fn=strcspn
30 5 1 1 2 0 0 0 0 0 0 0 0 0
fn=strpbrk
30 5 1 1 2 1 0 0 0 0 0 0 0 0
fn=strspn
30 5 0 0 2 0 0 0 0 0 0 0 0 0
fl=./string/../sysdeps/x86_64/multiarch/ifunc-strcasecmp.h
fn=strcasecmp
32 5 1 1 2 0 0 0 0 0 1 1 0 0
fn=strcasecmp_l
32 5 0 0 2 0 0 0 0 0 1 1 0 0
fn=strncasecmp
32 5 0 0 2 0 0 0 0 0 1 1 0 0
fn=strncasecmp_l
32 5 0 0 2 0 0 0 0 0 1 1 0 0
fl=./string/../sysdeps/x86_64/multiarch/ifunc-strcpy.h
fn=stpcpy
36 4 0 0 2 0 0 0 0 0 0 0 0 0
37 3 0 0 1 0 0 0 0 0 1 0 0 0
50 3 0 0 0 0 0 0 0 0 1 1 0 0
fn=stpncpy
36 4 0 0 2 0 0 0 0 0 0 0 0 0
37 3 1 1 1 0 0 0 0 0 1 0 0 0
50 3 0 0 0 0 0 0 0 0 1 1 0 0
fn=strcat
36 4 0 0 2 0 0 0 0 0 0 0 0 0
37 3 0 0 1 0 0 0 0 0 1 0 0 0
50 3 0 0 0 0 0 0 0 0 1 1 0 0
fn=strcpy
36 4 0 0 2 0 0 0 0 0 0 0 0 0
37 3 0 0 1 0 0 0 0 0 1 0 0 0
50 3 0 0 0 0 0 0 0 0 1 1 0 0
fn=strncpy
36 4 0 0 2 0 0 0 0 0 0 0 0 0
37 3 0 0 1 0 0 0 0 0 1 0 0 0
50 3 0 0 0 0 0 0 0 0 1 1 0 0
fl=./string/../sysdeps/x86_64/multiarch/memchr.c
fn=memchr
29 2 1 1 1 0 0 0 0 0 0 0 0 0
fl=./string/../sysdeps/x86_64/multiarch/memcmp-sse4.S
fn=__memcmp_sse4_1
42 9100 192 1 0 0 0 0 0 0 0 0 0 0
49 9100 0 0 0 0 0 0 0 0 0 0 0 0
50 9100 0 0 0 0 0 0 0 0 9100 28 0 0
52 9100 186 1 0 0 0 0 0 0 0 0 0 0
53 9100 0 0 0 0 0 0 0 0 9100 278 0 0
56 4912 0 0 0 0 0 0 0 0 0 0 0 0
57 4912 0 0 0 0 0 0 0 0 4912 30 0 0
59 4749 0 0 0 0 0 0 0 0 0 0 0 0
60 4749 0 0 0 0 0 0 0 0 4749 399 0 0
63 3038 0 0 0 0 0 0 0 0 0 0 0 0
64 3038 0 0 0 0 0 0 0 0 3038 241 0 0
66 294 0 0 0 0 0 0 0 0 0 0 0 0
67 294 0 0 0 0 0 0 0 0 294 99 0 0
69 199 0 0 199 12 1 0 0 0 0 0 0 0
70 199 0 0 199 0 0 0 0 0 0 0 0 0
72 199 0 0 0 0 0 0 0 0 0 0 0 0
73 199 0 0 0 0 0 0 0 0 0 0 0 0
75 199 0 0 0 0 0 0 0 0 0 0 0 0
76 199 0 0 0 0 0 0 0 0 0 0 0 0
78 199 0 0 199 0 0 0 0 0 0 0 0 0
79 199 0 0 199 0 0 0 0 0 0 0 0 0
81 199 0 0 0 0 0 0 0 0 0 0 0 0
82 199 0 0 0 0 0 0 0 0 0 0 0 0
84 199 0 0 0 0 0 0 0 0 0 0 0 0
85 199 0 0 0 0 0 0 0 0 0 0 0 0
86 199 0 0 0 0 0 0 0 0 0 0 0 0
87 199 0 0 0 0 0 0 0 0 0 0 0 0
88 199 0 0 0 0 0 0 0 0 0 0 0 0
89 199 0 0 0 0 0 0 0 0 0 0 0 0
90 199 0 0 199 0 0 0 0 0 0 0 0 0
94 95 7 1 95 5 0 0 0 0 0 0 0 0
95 95 0 0 95 0 0 0 0 0 0 0 0 0
96 95 0 0 0 0 0 0 0 0 0 0 0 0
97 95 0 0 0 0 0 0 0 0 0 0 0 0
98 95 0 0 0 0 0 0 0 0 0 0 0 0
99 95 0 0 0 0 0 0 0 0 0 0 0 0
100 95 0 0 95 0 0 0 0 0 0 0 0 0
101 95 0 0 95 0 0 0 0 0 0 0 0 0
102 95 0 0 0 0 0 0 0 0 0 0 0 0
103 95 0 0 0 0 0 0 0 0 0 0 0 0
104 95 0 0 0 0 0 0 0 0 0 0 0 0
105 95 0 0 95 0 0 0 0 0 0 0 0 0
109 2744 176 0 2744 1998 2 0 0 0 0 0 0 0
110 2744 0 0 2744 8 2 0 0 0 0 0 0 0
112 2744 0 0 0 0 0 0 0 0 0 0 0 0
113 2744 0 0 0 0 0 0 0 0 0 0 0 0
115 2744 184 0 0 0 0 0 0 0 0 0 0 0
116 2744 0 0 0 0 0 0 0 0 2744 431 0 0
118 1533 0 0 1533 0 0 0 0 0 0 0 0 0
119 1533 0 0 1533 0 0 0 0 0 0 0 0 0
121 1533 0 0 0 0 0 0 0 0 0 0 0 0
122 1533 0 0 0 0 0 0 0 0 0 0 0 0
124 1533 0 0 0 0 0 0 0 0 0 0 0 0
127 2744 0 0 0 0 0 0 0 0 0 0 0 0
128 2744 0 0 0 0 0 0 0 0 0 0 0 0
129 2744 0 0 0 0 0 0 0 0 0 0 0 0
130 2744 0 0 2744 0 0 0 0 0 0 0 0 0
147 1104 0 0 0 0 0 0 0 0 0 0 0 0
149 1104 0 0 1104 0 0 0 0 0 0 0 0 0
153 4188 5 1 0 0 0 0 0 0 4188 916 0 0
163 3084 0 0 3084 0 0 0 0 0 0 0 0 0
164 3084 0 0 3084 0 0 0 0 0 0 0 0 0
165 3084 0 0 0 0 0 0 0 0 0 0 0 0
167 3084 0 0 3084 0 0 0 0 0 0 0 0 0
193 623 51 1 0 0 0 0 0 0 0 0 0 0
201 623 0 0 623 0 0 0 0 0 0 0 0 0
202 623 0 0 623 0 0 0 0 0 0 0 0 0
203 623 0 0 0 0 0 0 0 0 0 0 0 0
205 623 0 0 623 0 0 0 0 0 0 0 0 0
211 4 1 0 0 0 0 0 0 0 0 0 0 0
212 4 0 0 0 0 0 0 0 0 0 0 0 0
220 4 0 0 4 0 0 0 0 0 0 0 0 0
221 4 1 0 4 0 0 0 0 0 0 0 0 0
222 4 0 0 0 0 0 0 0 0 0 0 0 0
224 4 0 0 4 0 0 0 0 0 0 0 0 0
228 163 114 1 163 0 0 0 0 0 0 0 0 0
229 163 0 0 163 1 0 0 0 0 0 0 0 0
230 163 0 0 0 0 0 0 0 0 0 0 0 0
231 163 0 0 0 0 0 0 0 0 0 0 0 0
232 163 0 0 0 0 0 0 0 0 0 0 0 0
233 163 0 0 0 0 0 0 0 0 163 3 0 0
235 161 0 0 161 0 0 0 0 0 0 0 0 0
236 161 0 0 161 0 0 0 0 0 0 0 0 0
237 161 0 0 0 0 0 0 0 0 0 0 0 0
238 161 0 0 0 0 0 0 0 0 0 0 0 0
239 161 0 0 0 0 0 0 0 0 0 0 0 0
240 161 0 0 0 0 0 0 0 0 161 0 0 0
242 161 0 0 0 0 0 0 0 0 0 0 0 0
243 161 0 0 0 0 0 0 0 0 161 47 0 0
253 161 102 1 161 0 0 0 0 0 0 0 0 0
254 161 0 0 161 0 0 0 0 0 0 0 0 0
255 161 0 0 0 0 0 0 0 0 0 0 0 0
256 161 0 0 0 0 0 0 0 0 0 0 0 0
257 161 0 0 0 0 0 0 0 0 0 0 0 0
258 161 0 0 0 0 0 0 0 0 161 52 0 0
260 161 0 0 161 0 0 0 0 0 0 0 0 0
261 161 0 0 161 0 0 0 0 0 0 0 0 0
262 161 0 0 0 0 0 0 0 0 0 0 0 0
263 161 0 0 0 0 0 0 0 0 0 0 0 0
264 161 98 0 0 0 0 0 0 0 0 0 0 0
265 161 0 0 0 0 0 0 0 0 161 1 0 0
266 161 0 0 161 0 0 0 0 0 0 0 0 0
270 1711 78 1 1711 1365 0 0 0 0 0 0 0 0
271 1711 0 0 1711 1 0 0 0 0 0 0 0 0
272 1711 0 0 0 0 0 0 0 0 0 0 0 0
273 1711 0 0 0 0 0 0 0 0 0 0 0 0
274 1711 0 0 0 0 0 0 0 0 0 0 0 0
275 1711 0 0 0 0 0 0 0 0 1711 29 0 0
277 1090 0 0 1090 251 0 0 0 0 0 0 0 0
278 1090 0 0 1090 0 0 0 0 0 0 0 0 0
279 1090 0 0 0 0 0 0 0 0 0 0 0 0
280 1090 0 0 0 0 0 0 0 0 0 0 0 0
281 1090 0 0 0 0 0 0 0 0 0 0 0 0
282 1090 124 2 0 0 0 0 0 0 1090 8 0 0
283 1086 0 0 1086 0 0 0 0 0 0 0 0 0
fl=./string/../sysdeps/x86_64/multiarch/memcmp.c
fn=bcmp
29 6 2 2 3 0 0 0 0 0 0 0 0 0
fl=./string/../sysdeps/x86_64/multiarch/memcpy.c
fn=memcpy@@GLIBC_2.14
29 2 1 1 0 0 0 0 0 0 0 0 0 0
fl=./string/../sysdeps/x86_64/multiarch/memmove-vec-unaligned-erms.S
fn=__memcpy_sse2_unaligned_erms
360 1023669 433 1 0 0 0 0 0 0 0 0 0 0
361 1023669 0 0 0 0 0 0 0 0 1023669 1447 0 0
363 1021834 0 0 0 0 0 0 0 0 0 0 0 0
367 1021834 0 0 0 0 0 0 0 0 1021834 194 0 0
368 61596 0 0 0 0 0 0 0 0 0 0 0 0
369 61596 0 0 0 0 0 0 0 0 61596 1015 0 0
370 1393 1 0 1393 210 10 0 0 0 0 0 0 0
371 1393 0 0 0 0 0 0 0 0 1393 188 0 0
372 316 0 0 316 0 0 0 0 0 0 0 0 0
373 316 0 0 0 0 0 316 0 0 0 0 0 0
375 1393 0 0 0 0 0 1393 6 0 0 0 0 0
377 61596 24 0 61596 0 0 0 0 0 0 0 0 0
383 960238 1 0 960238 1879 1 0 0 0 0 0 0 0
384 960238 0 0 960238 0 0 0 0 0 0 0 0 0
385 960238 0 0 0 0 0 960238 58805 22176 0 0 0 0
386 960238 0 0 0 0 0 960238 0 0 0 0 0 0
387 960238 0 0 960238 0 0 0 0 0 0 0 0 0
416 1835 4 0 1835 325 24 0 0 0 0 0 0 0
417 1835 0 0 1835 1 1 0 0 0 0 0 0 0
418 1835 0 0 0 0 0 1835 8 0 0 0 0 0
419 1835 0 0 0 0 0 1835 0 0 0 0 0 0
420 1835 0 0 1835 0 0 0 0 0 0 0 0 0
427 2588 128 1 2588 50 13 0 0 0 0 0 0 0
428 2588 0 0 2588 0 0 0 0 0 0 0 0 0
429 2588 0 0 0 0 0 2588 53 0 0 0 0 0
430 2588 0 0 0 0 0 2588 374 0 0 0 0 0
431 2588 0 0 0 0 0 2588 385 0 0 0 0 0
432 2588 0 0 0 0 0 2588 0 0 0 0 0 0
433 2588 0 0 2588 0 0 0 0 0 0 0 0 0
444 53599 251 1 0 0 0 0 0 0 0 0 0 0
445 53599 0 0 0 0 0 0 0 0 53599 6491 0 0
447 6118 0 0 6118 16 5 0 0 0 0 0 0 0
448 6118 0 0 0 0 0 0 0 0 0 0 0 0
449 6118 0 0 0 0 0 0 0 0 6118 2346 0 0
451 3530 0 0 3530 8 0 0 0 0 0 0 0 0
452 3530 0 0 3530 5 0 0 0 0 0 0 0 0
453 3530 0 0 3530 6 0 0 0 0 0 0 0 0
454 3530 1 1 3530 0 0 0 0 0 0 0 0 0
455 3530 0 0 3530 0 0 0 0 0 0 0 0 0
456 3530 0 0 3530 0 0 0 0 0 0 0 0 0
457 3530 0 0 0 0 0 3530 54 0 0 0 0 0
458 3530 0 0 0 0 0 3530 679 2 0 0 0 0
459 3530 0 0 0 0 0 3530 638 4 0 0 0 0
460 3530 0 0 0 0 0 3530 848 3 0 0 0 0
461 3530 0 0 0 0 0 3530 1789 4 0 0 0 0
462 3530 0 0 0 0 0 3530 0 0 0 0 0 0
463 3530 0 0 0 0 0 3530 0 0 0 0 0 0
464 3530 0 0 0 0 0 3530 0 0 0 0 0 0
465 3530 0 0 3530 0 0 0 0 0 0 0 0 0
469 47481 203 0 0 0 0 0 0 0 0 0 0 0
470 47481 0 0 0 0 0 0 0 0 0 0 0 0
474 47481 0 0 0 0 0 0 0 0 0 0 0 0
476 47481 0 0 0 0 0 0 0 0 47481 4833 0 0
480 47481 194 1 47481 1298 0 0 0 0 0 0 0 0
481 47481 0 0 0 0 0 0 0 0 47481 0 0 0
492 47481 0 0 0 0 0 0 0 0 0 0 0 0
495 47481 0 0 0 0 0 0 0 0 0 0 0 0
497 47481 0 0 0 0 0 0 0 0 0 0 0 0
499 47481 0 0 0 0 0 0 0 0 0 0 0 0
503 47481 0 0 0 0 0 0 0 0 0 0 0 0
504 47481 0 0 0 0 0 0 0 0 47481 2461 0 0
513 45252 0 0 45252 956 35 0 0 0 0 0 0 0
514 45252 0 0 45252 201 0 0 0 0 0 0 0 0
516 45252 0 0 0 0 0 0 0 0 0 0 0 0
518 45252 0 0 0 0 0 0 0 0 0 0 0 0
519 45252 0 0 45252 325 0 0 0 0 0 0 0 0
520 45252 0 0 45252 141 0 0 0 0 0 0 0 0
523 45252 257 1 0 0 0 0 0 0 0 0 0 0
525 45252 0 0 0 0 0 0 0 0 0 0 0 0
527 45252 0 0 0 0 0 0 0 0 0 0 0 0
529 90504 0 0 0 0 0 0 0 0 0 0 0 0
535 730005 0 0 730005 128857 8 0 0 0 0 0 0 0
536 730005 0 0 730005 140033 69 0 0 0 0 0 0 0
537 730005 0 0 730005 101756 12 0 0 0 0 0 0 0
538 730005 0 0 730005 93394 53 0 0 0 0 0 0 0
539 730005 0 0 0 0 0 0 0 0 0 0 0 0
540 730005 0 0 0 0 0 730005 179946 12444 0 0 0 0
541 730005 0 0 0 0 0 730005 140031 13724 0 0 0 0
542 730005 0 0 0 0 0 730005 191927 65018 0 0 0 0
543 730005 0 0 0 0 0 730005 149752 13448 0 0 0 0
544 730005 0 0 0 0 0 0 0 0 0 0 0 0
545 730005 0 0 0 0 0 0 0 0 0 0 0 0
546 730005 0 0 0 0 0 0 0 0 730005 31195 0 0
548 45252 0 0 0 0 0 45252 13767 110 0 0 0 0
549 45252 233 1 0 0 0 45252 0 0 0 0 0 0
550 45252 0 0 0 0 0 45252 0 0 0 0 0 0
551 45252 0 0 0 0 0 45252 0 0 0 0 0 0
553 45252 0 0 0 0 0 45252 958 2 0 0 0 0
557 45252 0 0 45252 436 0 0 0 0 0 0 0 0
570 2229 0 0 2229 19 0 0 0 0 0 0 0 0
571 2229 0 0 2229 17 0 0 0 0 0 0 0 0
573 2229 0 0 0 0 0 0 0 0 0 0 0 0
574 2229 0 0 2229 28 0 0 0 0 0 0 0 0
575 2229 0 0 2229 23 0 0 0 0 0 0 0 0
577 2229 0 0 0 0 0 0 0 0 0 0 0 0
579 2229 0 0 0 0 0 0 0 0 0 0 0 0
581 4458 0 0 0 0 0 0 0 0 0 0 0 0
587 55198 388 1 55198 15216 0 0 0 0 0 0 0 0
588 55198 0 0 55198 11038 0 0 0 0 0 0 0 0
589 55198 0 0 55198 3790 0 0 0 0 0 0 0 0
590 55198 0 0 55198 8206 0 0 0 0 0 0 0 0
591 55198 0 0 0 0 0 0 0 0 0 0 0 0
592 55198 0 0 0 0 0 55198 11999 2200 0 0 0 0
593 55198 0 0 0 0 0 55198 22546 4928 0 0 0 0
594 55198 0 0 0 0 0 55198 8391 1611 0 0 0 0
595 55198 0 0 0 0 0 55198 11106 1973 0 0 0 0
596 55198 0 0 0 0 0 0 0 0 0 0 0 0
597 55198 0 0 0 0 0 0 0 0 0 0 0 0
598 55198 0 0 0 0 0 0 0 0 55198 2063 0 0
600 2229 0 0 0 0 0 2229 80 6 0 0 0 0
601 2229 0 0 0 0 0 2229 0 0 0 0 0 0
602 2229 0 0 0 0 0 2229 0 0 0 0 0 0
603 2229 0 0 0 0 0 2229 0 0 0 0 0 0
605 2229 0 0 0 0 0 2229 356 6 0 0 0 0
606 2229 431 1 2229 37 0 0 0 0 0 0 0 0
fn=memcpy
212 26 2 2 0 0 0 0 0 0 0 0 0 0
213 26 0 0 0 0 0 0 0 0 0 0 0 0
219 128 0 0 0 0 0 0 0 0 0 0 0 0
220 128 0 0 0 0 0 0 0 0 128 30 0 0
222 90 0 0 90 4 1 0 0 0 0 0 0 0
223 90 2 1 0 0 0 0 0 0 0 0 0 0
224 90 0 0 0 0 0 0 0 0 90 77 0 0
226 47 0 0 47 0 0 0 0 0 0 0 0 0
227 47 0 0 0 0 0 47 36 36 0 0 0 0
228 47 0 0 0 0 0 47 1 1 0 0 0 0
230 47 0 0 47 0 0 0 0 0 0 0 0 0
360 38 1 1 0 0 0 0 0 0 0 0 0 0
361 38 0 0 0 0 0 0 0 0 38 22 0 0
363 12 0 0 0 0 0 0 0 0 0 0 0 0
367 12 0 0 0 0 0 0 0 0 12 6 0 0
368 6 0 0 0 0 0 0 0 0 0 0 0 0
369 6 0 0 0 0 0 0 0 0 6 3 0 0
370 3 0 0 3 2 2 0 0 0 0 0 0 0
371 3 0 0 0 0 0 0 0 0 3 1 0 0
372 2 0 0 2 0 0 0 0 0 0 0 0 0
373 2 0 0 0 0 0 2 0 0 0 0 0 0
375 3 0 0 0 0 0 3 1 1 0 0 0 0
377 6 0 0 6 0 0 0 0 0 0 0 0 0
383 6 0 0 6 0 0 0 0 0 0 0 0 0
384 6 0 0 6 0 0 0 0 0 0 0 0 0
385 6 0 0 0 0 0 6 0 0 0 0 0 0
386 6 0 0 0 0 0 6 0 0 0 0 0 0
387 6 0 0 6 0 0 0 0 0 0 0 0 0
416 26 1 1 26 0 0 0 0 0 0 0 0 0
417 26 0 0 26 0 0 0 0 0 0 0 0 0
418 26 0 0 0 0 0 26 6 6 0 0 0 0
419 26 0 0 0 0 0 26 1 1 0 0 0 0
420 26 0 0 26 0 0 0 0 0 0 0 0 0
427 43 3 1 43 0 0 0 0 0 0 0 0 0
428 43 0 0 43 0 0 0 0 0 0 0 0 0
429 43 0 0 0 0 0 43 34 34 0 0 0 0
430 43 0 0 0 0 0 43 3 3 0 0 0 0
431 43 0 0 0 0 0 43 2 2 0 0 0 0
432 43 0 0 0 0 0 43 0 0 0 0 0 0
433 43 0 0 43 0 0 0 0 0 0 0 0 0
444 43 3 2 0 0 0 0 0 0 0 0 0 0
445 43 0 0 0 0 0 0 0 0 43 1 0 0
447 43 0 0 43 2 0 0 0 0 0 0 0 0
448 43 0 0 0 0 0 0 0 0 0 0 0 0
449 43 0 0 0 0 0 0 0 0 43 8 0 0
fn=memcpy@GLIBC_2.2.5
212 1116069 58 1 0 0 0 0 0 0 0 0 0 0
213 1116069 0 0 0 0 0 0 0 0 0 0 0 0
219 1116069 0 0 0 0 0 0 0 0 0 0 0 0
220 1116069 1 1 0 0 0 0 0 0 1116069 3903 0 0
222 92400 0 0 92400 1377 22 0 0 0 0 0 0 0
223 92400 0 0 0 0 0 0 0 0 0 0 0 0
224 92400 0 0 0 0 0 0 0 0 92400 4385 0 0
226 38801 0 0 38801 1 1 0 0 0 0 0 0 0
227 38801 0 0 0 0 0 38801 4923 12 0 0 0 0
228 38801 0 0 0 0 0 38801 85 0 0 0 0 0
232 38801 0 0 38801 0 0 0 0 0 0 0 0 0
fn=mempcpy
199 102 1 0 0 0 0 0 0 0 0 0 0 0
200 102 0 0 0 0 0 0 0 0 0 0 0 0
201 102 0 0 0 0 0 0 0 0 0 0 0 0
202 102 0 0 0 0 0 0 0 0 0 0 0 0
fl=./string/../sysdeps/x86_64/multiarch/memmove.c
fn=memmove
29 3 1 1 0 0 0 0 0 0 0 0 0 0
fl=./string/../sysdeps/x86_64/multiarch/mempcpy.c
fn=mempcpy
33 1 1 1 0 0 0 0 0 0 0 0 0 0
fl=./string/../sysdeps/x86_64/multiarch/memrchr.c
fn=memrchr
29 2 1 1 1 0 0 0 0 0 0 0 0 0
fl=./string/../sysdeps/x86_64/multiarch/memset-vec-unaligned-erms.S
fn=__memset_sse2_unaligned
125 33492 129 1 0 0 0 0 0 0 0 0 0 0
126 167460 0 0 0 0 0 0 0 0 0 0 0 0
132 33492 0 0 0 0 0 0 0 0 0 0 0 0
133 33492 120 1 0 0 0 0 0 0 33492 357 0 0
134 33398 0 0 0 0 0 0 0 0 0 0 0 0
135 33398 0 0 0 0 0 0 0 0 33398 3147 0 0
137 28515 0 0 0 0 0 28515 5565 1 0 0 0 0
138 28515 0 0 0 0 0 28515 527 0 0 0 0 0
139 28515 0 0 28515 0 0 0 0 0 0 0 0 0
fn=__memset_sse2_unaligned_erms
204 1957 232 1 0 0 0 1957 0 0 0 0 0 0
205 1957 0 0 0 0 0 1957 471 0 0 0 0 0
207 1957 0 0 1957 0 0 0 0 0 0 0 0 0
283 4883 296 1 0 0 0 4883 3515 3 0 0 0 0
284 4883 0 0 0 0 0 4883 862 1 0 0 0 0
289 4883 0 0 0 0 0 0 0 0 0 0 0 0
292 4883 0 0 0 0 0 0 0 0 0 0 0 0
293 4883 0 0 0 0 0 0 0 0 4883 1643 0 0
296 2926 0 0 0 0 0 2926 530 34 0 0 0 0
297 2926 0 0 0 0 0 2926 460 2 0 0 0 0
310 2926 0 0 0 0 0 0 0 0 0 0 0 0
311 2926 0 0 0 0 0 0 0 0 0 0 0 0
313 2926 0 0 0 0 0 0 0 0 2926 99 0 0
316 1508 0 0 0 0 0 0 0 0 0 0 0 0
319 3016 0 0 0 0 0 0 0 0 0 0 0 0
322 3733 206 1 0 0 0 3733 1251 13 0 0 0 0
323 3733 0 0 0 0 0 3733 0 0 0 0 0 0
324 3733 0 0 0 0 0 3733 1545 18 0 0 0 0
325 3733 0 0 0 0 0 3733 0 0 0 0 0 0
326 3733 0 0 0 0 0 0 0 0 0 0 0 0
327 3733 0 0 0 0 0 0 0 0 0 0 0 0
328 3733 0 0 0 0 0 0 0 0 3733 222 0 0
331 2926 142 0 0 0 0 2926 0 0 0 0 0 0
332 2926 0 0 0 0 0 2926 0 0 0 0 0 0
333 2926 0 0 0 0 0 2926 0 0 0 0 0 0
334 2926 0 0 0 0 0 2926 251 0 0 0 0 0
339 2926 0 0 2926 0 0 0 0 0 0 0 0 0
368 94 23 1 0 0 0 0 0 0 0 0 0 0
369 94 0 0 0 0 0 0 0 0 0 0 0 0
370 94 0 0 0 0 0 0 0 0 94 14 0 0
402 94 0 0 0 0 0 94 4 0 0 0 0 0
403 94 0 0 0 0 0 94 0 0 0 0 0 0
404 94 0 0 94 0 0 0 0 0 0 0 0 0
fn=memset
125 74 2 1 0 0 0 0 0 0 0 0 0 0
126 370 0 0 0 0 0 0 0 0 0 0 0 0
132 74 0 0 0 0 0 0 0 0 0 0 0 0
133 74 2 1 0 0 0 0 0 0 74 3 0 0
134 73 0 0 0 0 0 0 0 0 0 0 0 0
135 73 0 0 0 0 0 0 0 0 73 4 0 0
137 1 0 0 0 0 0 1 1 1 0 0 0 0
138 1 0 0 0 0 0 1 0 0 0 0 0 0
139 1 0 0 1 0 0 0 0 0 0 0 0 0
204 4 0 0 0 0 0 4 0 0 0 0 0 0
205 4 0 0 0 0 0 4 0 0 0 0 0 0
207 4 0 0 4 0 0 0 0 0 0 0 0 0
283 72 0 0 0 0 0 72 36 36 0 0 0 0
284 72 0 0 0 0 0 72 1 1 0 0 0 0
289 72 0 0 0 0 0 0 0 0 0 0 0 0
292 72 0 0 0 0 0 0 0 0 0 0 0 0
293 72 0 0 0 0 0 0 0 0 72 4 0 0
296 68 0 0 0 0 0 68 0 0 0 0 0 0
297 68 0 0 0 0 0 68 35 35 0 0 0 0
310 68 0 0 0 0 0 0 0 0 0 0 0 0
311 68 0 0 0 0 0 0 0 0 0 0 0 0
313 68 0 0 0 0 0 0 0 0 68 3 0 0
316 35 2 1 0 0 0 0 0 0 0 0 0 0
319 70 0 0 0 0 0 0 0 0 0 0 0 0
322 172 0 0 0 0 0 172 38 38 0 0 0 0
323 172 0 0 0 0 0 172 0 0 0 0 0 0
324 172 0 0 0 0 0 172 132 132 0 0 0 0
325 172 0 0 0 0 0 172 0 0 0 0 0 0
326 172 0 0 0 0 0 0 0 0 0 0 0 0
327 172 0 0 0 0 0 0 0 0 0 0 0 0
328 172 0 0 0 0 0 0 0 0 172 26 0 0
331 68 0 0 0 0 0 68 1 1 0 0 0 0
332 68 0 0 0 0 0 68 1 1 0 0 0 0
333 68 0 0 0 0 0 68 0 0 0 0 0 0
334 68 0 0 0 0 0 68 0 0 0 0 0 0
339 68 0 0 68 0 0 0 0 0 0 0 0 0
368 1 1 1 0 0 0 0 0 0 0 0 0 0
369 1 0 0 0 0 0 0 0 0 0 0 0 0
370 1 0 0 0 0 0 0 0 0 1 1 0 0
402 1 0 0 0 0 0 1 1 1 0 0 0 0
403 1 0 0 0 0 0 1 0 0 0 0 0 0
404 1 0 0 1 0 0 0 0 0 0 0 0 0
fl=./string/../sysdeps/x86_64/multiarch/memset.c
fn=memset
29 4 1 1 2 0 0 0 0 0 0 0 0 0
fl=./string/../sysdeps/x86_64/multiarch/rawmemchr.c
fn=rawmemchr
31 2 1 1 1 0 0 0 0 0 0 0 0 0
fl=./string/../sysdeps/x86_64/multiarch/stpcpy.c
fn=stpcpy
33 2 2 2 1 0 0 0 0 0 0 0 0 0
fl=./string/../sysdeps/x86_64/multiarch/stpncpy.c
fn=stpncpy
31 2 1 1 1 0 0 0 0 0 0 0 0 0
fl=./string/../sysdeps/x86_64/multiarch/strcasecmp.c
fn=strcasecmp
31 2 1 1 1 0 0 0 0 0 0 0 0 0
fl=./string/../sysdeps/x86_64/multiarch/strcasecmp_l.c
fn=strcasecmp_l
31 2 1 1 1 0 0 0 0 0 0 0 0 0
fl=./string/../sysdeps/x86_64/multiarch/strcat.c
fn=strcat
29 2 2 2 1 0 0 0 0 0 0 0 0 0
fl=./string/../sysdeps/x86_64/multiarch/strchr.c
fn=index
40 2 1 1 0 0 0 0 0 0 0 0 0 0
41 4 0 0 2 0 0 0 0 0 0 0 0 0
42 3 0 0 1 0 0 0 0 0 1 1 0 0
55 4 0 0 0 0 0 0 0 0 0 0 0 0
61 2 1 1 1 0 0 0 0 0 0 0 0 0
fl=./string/../sysdeps/x86_64/multiarch/strchrnul.c
fn=strchrnul
31 2 1 1 1 0 0 0 0 0 0 0 0 0
fl=./string/../sysdeps/x86_64/multiarch/strcmp.c
fn=strcmp
41 4 0 0 2 0 0 0 0 0 0 0 0 0
42 3 1 1 1 0 0 0 0 0 1 0 0 0
56 3 0 0 0 0 0 0 0 0 1 1 0 0
65 2 1 1 1 0 0 0 0 0 0 0 0 0
fl=./string/../sysdeps/x86_64/multiarch/strcpy.c
fn=strcpy
29 2 2 2 1 0 0 0 0 0 0 0 0 0
fl=./string/../sysdeps/x86_64/multiarch/strcspn.c
fn=strcspn
29 2 1 1 1 0 0 0 0 0 0 0 0 0
fl=./string/../sysdeps/x86_64/multiarch/strlen-vec.S
fn=__strlen_sse2
41 63 11 2 0 0 0 0 0 0 0 0 0 0
85 63 0 0 0 0 0 0 0 0 0 0 0 0
86 63 0 0 0 0 0 0 0 0 0 0 0 0
87 63 0 0 0 0 0 0 0 0 0 0 0 0
88 63 0 0 0 0 0 0 0 0 0 0 0 0
89 63 0 0 0 0 0 0 0 0 0 0 0 0
90 63 0 0 0 0 0 0 0 0 0 0 0 0
91 63 0 0 0 0 0 0 0 0 0 0 0 0
93 63 0 0 0 0 0 0 0 0 0 0 0 0
95 63 0 0 0 0 0 0 0 0 63 11 0 0
126 63 0 0 63 9 2 0 0 0 0 0 0 0
127 63 11 2 0 0 0 0 0 0 0 0 0 0
128 63 0 0 0 0 0 0 0 0 0 0 0 0
129 63 0 0 0 0 0 0 0 0 0 0 0 0
130 63 0 0 0 0 0 0 0 0 63 28 0 0
131 37 0 0 0 0 0 0 0 0 0 0 0 0
133 37 0 0 37 0 0 0 0 0 0 0 0 0
137 26 0 0 0 0 0 0 0 0 0 0 0 0
138 26 0 0 26 0 0 0 0 0 0 0 0 0
139 26 0 0 26 7 1 0 0 0 0 0 0 0
140 26 0 0 26 0 0 0 0 0 0 0 0 0
141 26 0 0 0 0 0 0 0 0 0 0 0 0
142 26 0 0 0 0 0 0 0 0 0 0 0 0
143 26 0 0 0 0 0 0 0 0 0 0 0 0
144 26 0 0 0 0 0 0 0 0 0 0 0 0
145 26 0 0 0 0 0 0 0 0 0 0 0 0
146 26 0 0 0 0 0 0 0 0 0 0 0 0
147 26 0 0 0 0 0 0 0 0 0 0 0 0
148 26 0 0 0 0 0 0 0 0 0 0 0 0
153 208 8 2 26 0 0 0 0 0 26 0 0 0
fn=strlen
41 26 1 1 0 0 0 0 0 0 0 0 0 0
85 26 0 0 0 0 0 0 0 0 0 0 0 0
86 26 0 0 0 0 0 0 0 0 0 0 0 0
87 26 0 0 0 0 0 0 0 0 0 0 0 0
88 26 0 0 0 0 0 0 0 0 0 0 0 0
89 26 0 0 0 0 0 0 0 0 0 0 0 0
90 26 0 0 0 0 0 0 0 0 0 0 0 0
91 26 0 0 0 0 0 0 0 0 0 0 0 0
93 26 0 0 0 0 0 0 0 0 0 0 0 0
95 26 0 0 0 0 0 0 0 0 26 1 0 0
126 25 0 0 25 2 2 0 0 0 0 0 0 0
127 25 0 0 0 0 0 0 0 0 0 0 0 0
128 25 0 0 0 0 0 0 0 0 0 0 0 0
129 25 0 0 0 0 0 0 0 0 0 0 0 0
130 25 0 0 0 0 0 0 0 0 25 10 0 0
131 13 0 0 0 0 0 0 0 0 0 0 0 0
133 13 0 0 13 0 0 0 0 0 0 0 0 0
137 12 1 1 0 0 0 0 0 0 0 0 0 0
138 12 0 0 12 0 0 0 0 0 0 0 0 0
139 12 0 0 12 0 0 0 0 0 0 0 0 0
140 12 0 0 12 0 0 0 0 0 0 0 0 0
141 12 0 0 0 0 0 0 0 0 0 0 0 0
142 12 0 0 0 0 0 0 0 0 0 0 0 0
143 12 0 0 0 0 0 0 0 0 0 0 0 0
144 12 0 0 0 0 0 0 0 0 0 0 0 0
145 12 0 0 0 0 0 0 0 0 0 0 0 0
146 12 0 0 0 0 0 0 0 0 0 0 0 0
147 12 0 0 0 0 0 0 0 0 0 0 0 0
148 12 0 0 0 0 0 0 0 0 0 0 0 0
153 96 0 0 12 0 0 0 0 0 12 0 0 0
157 1 1 1 0 0 0 0 0 0 0 0 0 0
158 14 1 1 4 1 1 0 0 0 0 0 0 0
159 8 0 0 1 0 0 0 0 0 1 0 0 0
fl=./string/../sysdeps/x86_64/multiarch/strlen.c
fn=strlen
29 4 1 1 2 0 0 0 0 0 0 0 0 0
fl=./string/../sysdeps/x86_64/multiarch/strncase.c
fn=strncasecmp
31 2 1 1 1 0 0 0 0 0 0 0 0 0
fl=./string/../sysdeps/x86_64/multiarch/strncase_l.c
fn=strncasecmp_l
31 2 2 2 1 0 0 0 0 0 0 0 0 0
fl=./string/../sysdeps/x86_64/multiarch/strncmp.c
fn=strncmp
41 4 1 1 2 0 0 0 0 0 1 1 0 0
56 4 1 1 1 0 0 0 0 0 1 0 0 0
57 2 0 0 1 0 0 0 0 0 1 1 0 0
66 2 1 1 1 0 0 0 0 0 0 0 0 0
fl=./string/../sysdeps/x86_64/multiarch/strncpy.c
fn=strncpy
29 2 2 2 1 0 0 0 0 0 0 0 0 0
fl=./string/../sysdeps/x86_64/multiarch/strnlen.c
fn=strnlen
31 4 1 1 2 0 0 0 0 0 0 0 0 0
fl=./string/../sysdeps/x86_64/multiarch/strpbrk.c
fn=strpbrk
29 2 1 1 1 0 0 0 0 0 0 0 0 0
fl=./string/../sysdeps/x86_64/multiarch/strrchr.c
fn=rindex
28 2 1 1 1 0 0 0 0 0 0 0 0 0
fl=./string/../sysdeps/x86_64/multiarch/strspn.c
fn=strspn
29 2 1 1 1 0 0 0 0 0 0 0 0 0
fl=./string/../sysdeps/x86_64/strcmp.S
fn=strcmp
108 597 4 1 0 0 0 0 0 0 0 0 0 0
141 597 0 0 0 0 0 0 0 0 0 0 0 0
142 597 0 0 0 0 0 0 0 0 0 0 0 0
144 597 0 0 0 0 0 0 0 0 0 0 0 0
145 597 0 0 0 0 0 0 0 0 0 0 0 0
166 597 0 0 0 0 0 0 0 0 0 0 0 0
167 597 0 0 0 0 0 0 0 0 533 115 0 0
168 490 0 0 0 0 0 0 0 0 0 0 0 0
169 490 0 0 0 0 0 0 0 0 490 81 0 0
170 409 0 0 409 104 66 0 0 0 0 0 0 0
171 409 3 1 409 6 5 0 0 0 0 0 0 0
172 409 0 0 409 0 0 0 0 0 0 0 0 0
173 409 0 0 409 0 0 0 0 0 0 0 0 0
194 409 0 0 0 0 0 0 0 0 0 0 0 0
195 409 0 0 0 0 0 0 0 0 0 0 0 0
196 409 0 0 0 0 0 0 0 0 0 0 0 0
197 409 0 0 0 0 0 0 0 0 0 0 0 0
198 409 0 0 0 0 0 0 0 0 0 0 0 0
199 409 0 0 0 0 0 0 0 0 0 0 0 0
200 409 0 0 0 0 0 0 0 0 409 76 0 0
205 28 0 0 0 0 0 0 0 0 0 0 0 0
206 84 0 0 0 0 0 0 0 0 0 0 0 0
215 216 4 1 0 0 0 0 0 0 0 0 0 0
216 216 0 0 0 0 0 0 0 0 0 0 0 0
217 216 0 0 0 0 0 0 0 0 0 0 0 0
218 216 0 0 0 0 0 0 0 0 0 0 0 0
219 216 0 0 0 0 0 0 0 0 0 0 0 0
220 216 0 0 0 0 0 0 0 0 0 0 0 0
221 216 0 0 0 0 0 0 0 0 0 0 0 0
222 216 0 0 0 0 0 0 0 0 216 14 0 0
223 203 0 0 0 0 0 0 0 0 203 104 0 0
224 107 0 0 0 0 0 0 0 0 0 0 0 0
225 107 0 0 0 0 0 0 0 0 0 0 0 0
226 107 0 0 0 0 0 0 0 0 0 0 0 0
228 203 0 0 0 0 0 0 0 0 0 0 0 0
229 203 0 0 0 0 0 0 0 0 0 0 0 0
230 203 0 0 0 0 0 0 0 0 0 0 0 0
231 203 0 0 203 9 2 0 0 0 0 0 0 0
232 203 0 0 0 0 0 0 0 0 0 0 0 0
233 203 0 0 0 0 0 0 0 0 0 0 203 160
243 13 1 1 13 2 1 0 0 0 0 0 0 0
244 13 0 0 0 0 0 0 0 0 0 0 0 0
245 13 0 0 0 0 0 0 0 0 0 0 0 0
247 13 0 0 13 4 2 0 0 0 0 0 0 0
253 13 0 0 0 0 0 0 0 0 0 0 0 0
254 13 0 0 0 0 0 0 0 0 0 0 0 0
255 13 0 0 0 0 0 0 0 0 0 0 0 0
256 13 0 0 0 0 0 0 0 0 0 0 0 0
257 13 0 0 0 0 0 0 0 0 0 0 0 0
262 13 0 0 0 0 0 0 0 0 13 1 0 0
264 12 0 0 0 0 0 0 0 0 0 0 0 0
265 12 0 0 0 0 0 0 0 0 0 0 0 0
266 24 0 0 0 0 0 0 0 0 0 0 0 0
274 12 1 1 12 3 1 0 0 0 0 0 0 0
275 12 0 0 12 3 1 0 0 0 0 0 0 0
278 12 0 0 0 0 0 0 0 0 0 0 0 0
279 12 0 0 0 0 0 0 0 0 0 0 0 0
280 12 0 0 0 0 0 0 0 0 0 0 0 0
281 12 0 0 0 0 0 0 0 0 0 0 0 0
282 12 0 0 0 0 0 0 0 0 0 0 0 0
283 12 0 0 0 0 0 0 0 0 12 6 0 0
444 1 1 1 0 0 0 0 0 0 0 0 0 0
445 1 0 0 1 1 1 0 0 0 0 0 0 0
446 1 0 0 1 0 0 0 0 0 0 0 0 0
447 1 0 0 0 0 0 0 0 0 0 0 0 0
448 1 0 0 0 0 0 0 0 0 0 0 0 0
450 1 0 0 0 0 0 0 0 0 0 0 0 0
451 1 0 0 0 0 0 0 0 0 0 0 0 0
452 1 1 1 0 0 0 0 0 0 0 0 0 0
453 1 0 0 0 0 0 0 0 0 0 0 0 0
454 1 0 0 0 0 0 0 0 0 0 0 0 0
455 1 0 0 0 0 0 0 0 0 0 0 0 0
456 1 0 0 0 0 0 0 0 0 1 0 0 0
457 1 0 0 1 0 0 0 0 0 0 0 0 0
460 1 0 0 0 0 0 0 0 0 0 0 0 0
461 1 0 0 0 0 0 0 0 0 0 0 0 0
462 1 0 0 0 0 0 0 0 0 0 0 0 0
468 1 0 0 0 0 0 0 0 0 0 0 0 0
469 1 0 0 0 0 0 0 0 0 0 0 0 0
470 2 0 0 0 0 0 0 0 0 0 0 0 0
474 1 1 1 0 0 0 0 0 0 0 0 0 0
475 1 0 0 0 0 0 0 0 0 1 0 0 0
478 1 0 0 1 0 0 0 0 0 0 0 0 0
479 1 0 0 1 0 0 0 0 0 0 0 0 0
480 1 0 0 0 0 0 0 0 0 0 0 0 0
483 1 0 0 0 0 0 0 0 0 0 0 0 0
484 1 0 0 0 0 0 0 0 0 0 0 0 0
485 1 0 0 0 0 0 0 0 0 0 0 0 0
491 1 0 0 0 0 0 0 0 0 0 0 0 0
492 1 0 0 0 0 0 0 0 0 0 0 0 0
493 1 0 0 0 0 0 0 0 0 0 0 0 0
494 1 0 0 0 0 0 0 0 0 0 0 0 0
495 1 0 0 0 0 0 0 0 0 0 0 0 0
496 1 1 1 0 0 0 0 0 0 1 0 0 0
503 1 0 0 0 0 0 0 0 0 0 0 0 0
504 1 0 0 0 0 0 0 0 0 0 0 0 0
506 1 0 0 0 0 0 0 0 0 0 0 0 0
507 1 0 0 0 0 0 0 0 0 1 0 0 0
509 1 0 0 1 0 0 0 0 0 0 0 0 0
510 1 0 0 1 1 1 0 0 0 0 0 0 0
511 1 0 0 0 0 0 0 0 0 0 0 0 0
514 1 0 0 0 0 0 0 0 0 0 0 0 0
515 1 0 0 0 0 0 0 0 0 0 0 0 0
516 1 0 0 0 0 0 0 0 0 0 0 0 0
522 1 0 0 0 0 0 0 0 0 0 0 0 0
523 1 0 0 0 0 0 0 0 0 0 0 0 0
524 1 0 0 0 0 0 0 0 0 0 0 0 0
525 1 0 0 0 0 0 0 0 0 0 0 0 0
526 1 1 1 0 0 0 0 0 0 0 0 0 0
527 1 0 0 0 0 0 0 0 0 1 1 0 0
693 3 1 1 0 0 0 0 0 0 0 0 0 0
694 3 0 0 3 0 0 0 0 0 0 0 0 0
695 3 0 0 3 1 1 0 0 0 0 0 0 0
696 3 0 0 0 0 0 0 0 0 0 0 0 0
697 3 0 0 0 0 0 0 0 0 0 0 0 0
699 3 0 0 0 0 0 0 0 0 0 0 0 0
700 3 0 0 0 0 0 0 0 0 0 0 0 0
701 3 1 1 0 0 0 0 0 0 0 0 0 0
702 3 0 0 0 0 0 0 0 0 0 0 0 0
703 3 0 0 0 0 0 0 0 0 0 0 0 0
704 3 0 0 0 0 0 0 0 0 0 0 0 0
705 3 0 0 0 0 0 0 0 0 3 1 0 0
706 2 0 0 2 0 0 0 0 0 0 0 0 0
710 2 0 0 0 0 0 0 0 0 0 0 0 0
711 2 0 0 0 0 0 0 0 0 0 0 0 0
712 2 0 0 0 0 0 0 0 0 0 0 0 0
718 2 0 0 0 0 0 0 0 0 0 0 0 0
719 2 0 0 0 0 0 0 0 0 0 0 0 0
720 4 0 0 0 0 0 0 0 0 0 0 0 0
724 2 1 1 0 0 0 0 0 0 0 0 0 0
725 2 0 0 0 0 0 0 0 0 2 0 0 0
728 2 0 0 2 1 1 0 0 0 0 0 0 0
729 2 0 0 2 0 0 0 0 0 0 0 0 0
730 2 0 0 0 0 0 0 0 0 0 0 0 0
733 2 0 0 0 0 0 0 0 0 0 0 0 0
734 2 0 0 0 0 0 0 0 0 0 0 0 0
735 2 0 0 0 0 0 0 0 0 0 0 0 0
741 2 0 0 0 0 0 0 0 0 0 0 0 0
742 2 0 0 0 0 0 0 0 0 0 0 0 0
743 2 0 0 0 0 0 0 0 0 0 0 0 0
744 2 0 0 0 0 0 0 0 0 0 0 0 0
745 2 0 0 0 0 0 0 0 0 0 0 0 0
746 2 1 1 0 0 0 0 0 0 2 0 0 0
818 5 1 1 0 0 0 0 0 0 0 0 0 0
819 5 0 0 5 3 1 0 0 0 0 0 0 0
820 5 0 0 5 0 0 0 0 0 0 0 0 0
821 5 0 0 0 0 0 0 0 0 0 0 0 0
822 5 0 0 0 0 0 0 0 0 0 0 0 0
824 5 0 0 0 0 0 0 0 0 0 0 0 0
825 5 0 0 0 0 0 0 0 0 0 0 0 0
826 5 1 1 0 0 0 0 0 0 0 0 0 0
827 5 0 0 0 0 0 0 0 0 0 0 0 0
828 5 0 0 0 0 0 0 0 0 0 0 0 0
829 5 0 0 0 0 0 0 0 0 0 0 0 0
830 5 0 0 0 0 0 0 0 0 5 2 0 0
831 5 0 0 5 0 0 0 0 0 0 0 0 0
835 5 0 0 0 0 0 0 0 0 0 0 0 0
836 5 0 0 0 0 0 0 0 0 0 0 0 0
837 5 0 0 0 0 0 0 0 0 0 0 0 0
843 5 0 0 0 0 0 0 0 0 0 0 0 0
844 5 0 0 0 0 0 0 0 0 0 0 0 0
845 10 0 0 0 0 0 0 0 0 0 0 0 0
849 5 1 1 0 0 0 0 0 0 0 0 0 0
850 5 0 0 0 0 0 0 0 0 5 0 0 0
853 5 0 0 5 0 0 0 0 0 0 0 0 0
854 5 0 0 5 3 2 0 0 0 0 0 0 0
855 5 0 0 0 0 0 0 0 0 0 0 0 0
858 5 0 0 0 0 0 0 0 0 0 0 0 0
859 5 0 0 0 0 0 0 0 0 0 0 0 0
860 5 0 0 0 0 0 0 0 0 0 0 0 0
866 5 0 0 0 0 0 0 0 0 0 0 0 0
867 5 0 0 0 0 0 0 0 0 0 0 0 0
868 5 0 0 0 0 0 0 0 0 0 0 0 0
869 5 0 0 0 0 0 0 0 0 0 0 0 0
870 5 0 0 0 0 0 0 0 0 0 0 0 0
871 5 1 1 0 0 0 0 0 0 5 1 0 0
943 6 2 1 0 0 0 0 0 0 0 0 0 0
944 6 0 0 6 2 1 0 0 0 0 0 0 0
945 6 0 0 6 0 0 0 0 0 0 0 0 0
946 6 0 0 0 0 0 0 0 0 0 0 0 0
947 6 0 0 0 0 0 0 0 0 0 0 0 0
949 6 0 0 0 0 0 0 0 0 0 0 0 0
950 6 0 0 0 0 0 0 0 0 0 0 0 0
951 6 2 1 0 0 0 0 0 0 0 0 0 0
952 6 0 0 0 0 0 0 0 0 0 0 0 0
953 6 0 0 0 0 0 0 0 0 0 0 0 0
954 6 0 0 0 0 0 0 0 0 0 0 0 0
955 6 0 0 0 0 0 0 0 0 6 2 0 0
956 6 0 0 6 0 0 0 0 0 0 0 0 0
960 6 0 0 0 0 0 0 0 0 0 0 0 0
961 6 0 0 0 0 0 0 0 0 0 0 0 0
962 6 0 0 0 0 0 0 0 0 0 0 0 0
968 6 0 0 0 0 0 0 0 0 0 0 0 0
969 6 0 0 0 0 0 0 0 0 0 0 0 0
970 12 0 0 0 0 0 0 0 0 0 0 0 0
974 6 2 1 0 0 0 0 0 0 0 0 0 0
975 6 0 0 0 0 0 0 0 0 6 1 0 0
978 6 0 0 6 1 1 0 0 0 0 0 0 0
979 6 0 0 6 2 2 0 0 0 0 0 0 0
980 6 0 0 0 0 0 0 0 0 0 0 0 0
983 6 0 0 0 0 0 0 0 0 0 0 0 0
984 6 0 0 0 0 0 0 0 0 0 0 0 0
985 6 0 0 0 0 0 0 0 0 0 0 0 0
991 6 0 0 0 0 0 0 0 0 0 0 0 0
992 6 0 0 0 0 0 0 0 0 0 0 0 0
993 6 0 0 0 0 0 0 0 0 0 0 0 0
994 6 0 0 0 0 0 0 0 0 0 0 0 0
995 6 0 0 0 0 0 0 0 0 0 0 0 0
996 6 2 1 0 0 0 0 0 0 6 3 0 0
1003 1 0 0 0 0 0 0 0 0 0 0 0 0
1004 1 0 0 0 0 0 0 0 0 0 0 0 0
1006 1 0 0 0 0 0 0 0 0 0 0 0 0
1007 1 0 0 0 0 0 0 0 0 1 0 0 0
1009 1 0 0 1 0 0 0 0 0 0 0 0 0
1010 1 0 0 1 0 0 0 0 0 0 0 0 0
1011 1 0 0 0 0 0 0 0 0 0 0 0 0
1014 1 0 0 0 0 0 0 0 0 0 0 0 0
1015 1 0 0 0 0 0 0 0 0 0 0 0 0
1016 1 0 0 0 0 0 0 0 0 0 0 0 0
1022 1 0 0 0 0 0 0 0 0 0 0 0 0
1023 1 0 0 0 0 0 0 0 0 0 0 0 0
1024 1 0 0 0 0 0 0 0 0 0 0 0 0
1025 1 0 0 0 0 0 0 0 0 0 0 0 0
1026 1 1 1 0 0 0 0 0 0 0 0 0 0
1027 1 0 0 0 0 0 0 0 0 1 0 0 0
1068 15 1 1 0 0 0 0 0 0 0 0 0 0
1069 15 0 0 15 1 1 0 0 0 0 0 0 0
1070 15 0 0 15 2 2 0 0 0 0 0 0 0
1071 15 0 0 0 0 0 0 0 0 0 0 0 0
1072 15 0 0 0 0 0 0 0 0 0 0 0 0
1074 15 0 0 0 0 0 0 0 0 0 0 0 0
1075 15 0 0 0 0 0 0 0 0 0 0 0 0
1076 15 1 1 0 0 0 0 0 0 0 0 0 0
1077 15 0 0 0 0 0 0 0 0 0 0 0 0
1078 15 0 0 0 0 0 0 0 0 0 0 0 0
1079 15 0 0 0 0 0 0 0 0 0 0 0 0
1080 15 0 0 0 0 0 0 0 0 15 2 0 0
1081 3 0 0 3 0 0 0 0 0 0 0 0 0
1085 3 0 0 0 0 0 0 0 0 0 0 0 0
1086 3 0 0 0 0 0 0 0 0 0 0 0 0
1087 3 0 0 0 0 0 0 0 0 0 0 0 0
1093 3 0 0 0 0 0 0 0 0 0 0 0 0
1094 3 0 0 0 0 0 0 0 0 0 0 0 0
1095 6 0 0 0 0 0 0 0 0 0 0 0 0
1099 3 1 1 0 0 0 0 0 0 0 0 0 0
1100 3 0 0 0 0 0 0 0 0 3 0 0 0
1103 3 0 0 3 1 1 0 0 0 0 0 0 0
1104 3 0 0 3 1 1 0 0 0 0 0 0 0
1105 3 0 0 0 0 0 0 0 0 0 0 0 0
1108 3 0 0 0 0 0 0 0 0 0 0 0 0
1109 3 0 0 0 0 0 0 0 0 0 0 0 0
1110 3 0 0 0 0 0 0 0 0 0 0 0 0
1116 3 0 0 0 0 0 0 0 0 0 0 0 0
1117 3 0 0 0 0 0 0 0 0 0 0 0 0
1118 3 0 0 0 0 0 0 0 0 0 0 0 0
1119 3 0 0 0 0 0 0 0 0 0 0 0 0
1120 3 0 0 0 0 0 0 0 0 0 0 0 0
1121 3 1 1 0 0 0 0 0 0 3 1 0 0
1128 1 0 0 0 0 0 0 0 0 0 0 0 0
1129 1 0 0 0 0 0 0 0 0 0 0 0 0
1131 1 0 0 0 0 0 0 0 0 0 0 0 0
1132 1 0 0 0 0 0 0 0 0 1 0 0 0
1134 1 0 0 1 0 0 0 0 0 0 0 0 0
1135 1 0 0 1 0 0 0 0 0 0 0 0 0
1136 1 0 0 0 0 0 0 0 0 0 0 0 0
1139 1 0 0 0 0 0 0 0 0 0 0 0 0
1140 1 0 0 0 0 0 0 0 0 0 0 0 0
1141 1 0 0 0 0 0 0 0 0 0 0 0 0
1147 1 0 0 0 0 0 0 0 0 0 0 0 0
1148 1 0 0 0 0 0 0 0 0 0 0 0 0
1149 1 0 0 0 0 0 0 0 0 0 0 0 0
1150 1 0 0 0 0 0 0 0 0 0 0 0 0
1151 1 1 1 0 0 0 0 0 0 0 0 0 0
1152 1 0 0 0 0 0 0 0 0 1 1 0 0
1193 10 3 1 0 0 0 0 0 0 0 0 0 0
1194 10 0 0 10 1 1 0 0 0 0 0 0 0
1195 10 0 0 10 5 4 0 0 0 0 0 0 0
1196 10 0 0 0 0 0 0 0 0 0 0 0 0
1197 10 0 0 0 0 0 0 0 0 0 0 0 0
1199 10 0 0 0 0 0 0 0 0 0 0 0 0
1200 10 0 0 0 0 0 0 0 0 0 0 0 0
1201 10 2 1 0 0 0 0 0 0 0 0 0 0
1202 10 0 0 0 0 0 0 0 0 0 0 0 0
1203 10 0 0 0 0 0 0 0 0 0 0 0 0
1204 10 0 0 0 0 0 0 0 0 0 0 0 0
1205 10 0 0 0 0 0 0 0 0 10 4 0 0
1206 6 0 0 6 0 0 0 0 0 0 0 0 0
1210 6 0 0 0 0 0 0 0 0 0 0 0 0
1211 6 0 0 0 0 0 0 0 0 0 0 0 0
1212 6 0 0 0 0 0 0 0 0 0 0 0 0
1218 6 0 0 0 0 0 0 0 0 0 0 0 0
1219 6 0 0 0 0 0 0 0 0 0 0 0 0
1220 12 0 0 0 0 0 0 0 0 0 0 0 0
1224 7 2 1 0 0 0 0 0 0 0 0 0 0
1225 7 0 0 0 0 0 0 0 0 7 0 0 0
1228 7 0 0 7 2 1 0 0 0 0 0 0 0
1229 7 0 0 7 2 2 0 0 0 0 0 0 0
1230 7 0 0 0 0 0 0 0 0 0 0 0 0
1233 7 0 0 0 0 0 0 0 0 0 0 0 0
1234 7 0 0 0 0 0 0 0 0 0 0 0 0
1235 7 0 0 0 0 0 0 0 0 0 0 0 0
1241 7 0 0 0 0 0 0 0 0 0 0 0 0
1242 7 0 0 0 0 0 0 0 0 0 0 0 0
1243 7 0 0 0 0 0 0 0 0 0 0 0 0
1244 7 0 0 0 0 0 0 0 0 0 0 0 0
1245 7 0 0 0 0 0 0 0 0 0 0 0 0
1246 7 2 1 0 0 0 0 0 0 7 5 0 0
1253 1 0 0 0 0 0 0 0 0 0 0 0 0
1254 1 0 0 0 0 0 0 0 0 0 0 0 0
1256 1 0 0 0 0 0 0 0 0 0 0 0 0
1257 1 0 0 0 0 0 0 0 0 1 0 0 0
1259 1 0 0 1 0 0 0 0 0 0 0 0 0
1260 1 0 0 1 0 0 0 0 0 0 0 0 0
1261 1 0 0 0 0 0 0 0 0 0 0 0 0
1264 1 0 0 0 0 0 0 0 0 0 0 0 0
1265 1 0 0 0 0 0 0 0 0 0 0 0 0
1266 1 0 0 0 0 0 0 0 0 0 0 0 0
1272 1 0 0 0 0 0 0 0 0 0 0 0 0
1273 1 0 0 0 0 0 0 0 0 0 0 0 0
1274 1 0 0 0 0 0 0 0 0 0 0 0 0
1275 1 0 0 0 0 0 0 0 0 0 0 0 0
1276 1 1 1 0 0 0 0 0 0 0 0 0 0
1277 1 0 0 0 0 0 0 0 0 1 1 0 0
1284 1 0 0 0 0 0 0 0 0 0 0 0 0
1285 1 0 0 0 0 0 0 0 0 0 0 0 0
1286 1 0 0 0 0 0 0 0 0 0 0 0 0
1318 17 1 1 0 0 0 0 0 0 0 0 0 0
1319 17 0 0 17 4 4 0 0 0 0 0 0 0
1320 17 0 0 17 2 2 0 0 0 0 0 0 0
1321 17 0 0 0 0 0 0 0 0 0 0 0 0
1322 17 0 0 0 0 0 0 0 0 0 0 0 0
1324 17 0 0 0 0 0 0 0 0 0 0 0 0
1325 17 0 0 0 0 0 0 0 0 0 0 0 0
1326 17 1 1 0 0 0 0 0 0 0 0 0 0
1327 17 0 0 0 0 0 0 0 0 0 0 0 0
1328 17 0 0 0 0 0 0 0 0 0 0 0 0
1329 17 0 0 0 0 0 0 0 0 0 0 0 0
1330 17 0 0 0 0 0 0 0 0 17 7 0 0
1331 8 0 0 8 0 0 0 0 0 0 0 0 0
1335 8 0 0 0 0 0 0 0 0 0 0 0 0
1336 8 0 0 0 0 0 0 0 0 0 0 0 0
1337 8 0 0 0 0 0 0 0 0 0 0 0 0
1343 8 0 0 0 0 0 0 0 0 0 0 0 0
1344 8 0 0 0 0 0 0 0 0 0 0 0 0
1345 16 0 0 0 0 0 0 0 0 0 0 0 0
1349 8 1 1 0 0 0 0 0 0 0 0 0 0
1350 8 0 0 0 0 0 0 0 0 8 0 0 0
1353 8 0 0 8 2 2 0 0 0 0 0 0 0
1354 8 0 0 8 3 3 0 0 0 0 0 0 0
1355 8 0 0 0 0 0 0 0 0 0 0 0 0
1358 8 0 0 0 0 0 0 0 0 0 0 0 0
1359 8 0 0 0 0 0 0 0 0 0 0 0 0
1360 8 0 0 0 0 0 0 0 0 0 0 0 0
1366 8 0 0 0 0 0 0 0 0 0 0 0 0
1367 8 0 0 0 0 0 0 0 0 0 0 0 0
1368 8 0 0 0 0 0 0 0 0 0 0 0 0
1369 8 0 0 0 0 0 0 0 0 0 0 0 0
1370 8 0 0 0 0 0 0 0 0 0 0 0 0
1371 8 1 1 0 0 0 0 0 0 8 4 0 0
1378 2 0 0 0 0 0 0 0 0 0 0 0 0
1379 2 0 0 0 0 0 0 0 0 0 0 0 0
1381 2 0 0 0 0 0 0 0 0 0 0 0 0
1382 2 0 0 0 0 0 0 0 0 2 0 0 0
1384 2 0 0 2 0 0 0 0 0 0 0 0 0
1385 2 0 0 2 0 0 0 0 0 0 0 0 0
1386 2 0 0 0 0 0 0 0 0 0 0 0 0
1389 2 0 0 0 0 0 0 0 0 0 0 0 0
1390 2 0 0 0 0 0 0 0 0 0 0 0 0
1391 2 0 0 0 0 0 0 0 0 0 0 0 0
1397 2 0 0 0 0 0 0 0 0 0 0 0 0
1398 2 0 0 0 0 0 0 0 0 0 0 0 0
1399 2 0 0 0 0 0 0 0 0 0 0 0 0
1400 2 0 0 0 0 0 0 0 0 0 0 0 0
1401 2 1 1 0 0 0 0 0 0 0 0 0 0
1402 2 0 0 0 0 0 0 0 0 2 0 0 0
1443 19 2 1 0 0 0 0 0 0 0 0 0 0
1444 19 0 0 19 1 1 0 0 0 0 0 0 0
1445 19 0 0 19 5 3 0 0 0 0 0 0 0
1446 19 0 0 0 0 0 0 0 0 0 0 0 0
1447 19 0 0 0 0 0 0 0 0 0 0 0 0
1449 19 0 0 0 0 0 0 0 0 0 0 0 0
1450 19 0 0 0 0 0 0 0 0 0 0 0 0
1451 19 2 1 0 0 0 0 0 0 0 0 0 0
1452 19 0 0 0 0 0 0 0 0 0 0 0 0
1453 19 0 0 0 0 0 0 0 0 0 0 0 0
1454 19 0 0 0 0 0 0 0 0 0 0 0 0
1455 19 0 0 0 0 0 0 0 0 19 9 0 0
1456 10 0 0 10 0 0 0 0 0 0 0 0 0
1460 10 0 0 0 0 0 0 0 0 0 0 0 0
1461 10 0 0 0 0 0 0 0 0 0 0 0 0
1462 10 0 0 0 0 0 0 0 0 0 0 0 0
1468 10 0 0 0 0 0 0 0 0 0 0 0 0
1469 10 0 0 0 0 0 0 0 0 0 0 0 0
1470 20 0 0 0 0 0 0 0 0 0 0 0 0
1474 10 1 1 0 0 0 0 0 0 0 0 0 0
1475 10 0 0 0 0 0 0 0 0 10 0 0 0
1478 10 0 0 10 3 2 0 0 0 0 0 0 0
1479 10 0 0 10 1 1 0 0 0 0 0 0 0
1480 10 0 0 0 0 0 0 0 0 0 0 0 0
1483 10 0 0 0 0 0 0 0 0 0 0 0 0
1484 10 0 0 0 0 0 0 0 0 0 0 0 0
1485 10 0 0 0 0 0 0 0 0 0 0 0 0
1491 10 0 0 0 0 0 0 0 0 0 0 0 0
1492 10 0 0 0 0 0 0 0 0 0 0 0 0
1493 10 0 0 0 0 0 0 0 0 0 0 0 0
1494 10 0 0 0 0 0 0 0 0 0 0 0 0
1495 10 0 0 0 0 0 0 0 0 0 0 0 0
1496 10 1 1 0 0 0 0 0 0 10 8 0 0
1503 3 0 0 0 0 0 0 0 0 0 0 0 0
1504 3 0 0 0 0 0 0 0 0 0 0 0 0
1506 3 0 0 0 0 0 0 0 0 0 0 0 0
1507 3 0 0 0 0 0 0 0 0 3 0 0 0
1509 3 0 0 3 0 0 0 0 0 0 0 0 0
1510 3 0 0 3 0 0 0 0 0 0 0 0 0
1511 3 0 0 0 0 0 0 0 0 0 0 0 0
1514 3 0 0 0 0 0 0 0 0 0 0 0 0
1515 3 0 0 0 0 0 0 0 0 0 0 0 0
1516 3 0 0 0 0 0 0 0 0 0 0 0 0
1522 3 0 0 0 0 0 0 0 0 0 0 0 0
1523 3 0 0 0 0 0 0 0 0 0 0 0 0
1524 3 0 0 0 0 0 0 0 0 0 0 0 0
1525 3 0 0 0 0 0 0 0 0 0 0 0 0
1526 3 1 1 0 0 0 0 0 0 0 0 0 0
1527 3 0 0 0 0 0 0 0 0 3 3 0 0
1568 21 1 1 0 0 0 0 0 0 0 0 0 0
1569 21 0 0 21 2 2 0 0 0 0 0 0 0
1570 21 0 0 21 4 0 0 0 0 0 0 0 0
1571 21 0 0 0 0 0 0 0 0 0 0 0 0
1572 21 0 0 0 0 0 0 0 0 0 0 0 0
1574 21 0 0 0 0 0 0 0 0 0 0 0 0
1575 21 0 0 0 0 0 0 0 0 0 0 0 0
1576 21 1 1 0 0 0 0 0 0 0 0 0 0
1577 21 0 0 0 0 0 0 0 0 0 0 0 0
1578 21 0 0 0 0 0 0 0 0 0 0 0 0
1579 21 0 0 0 0 0 0 0 0 0 0 0 0
1580 21 0 0 0 0 0 0 0 0 21 6 0 0
1581 17 0 0 17 0 0 0 0 0 0 0 0 0
1585 17 0 0 0 0 0 0 0 0 0 0 0 0
1586 17 0 0 0 0 0 0 0 0 0 0 0 0
1587 17 0 0 0 0 0 0 0 0 0 0 0 0
1593 17 0 0 0 0 0 0 0 0 0 0 0 0
1594 17 0 0 0 0 0 0 0 0 0 0 0 0
1595 34 0 0 0 0 0 0 0 0 0 0 0 0
1599 17 1 1 0 0 0 0 0 0 0 0 0 0
1600 17 0 0 0 0 0 0 0 0 17 0 0 0
1603 17 0 0 17 5 4 0 0 0 0 0 0 0
1604 17 0 0 17 6 3 0 0 0 0 0 0 0
1605 17 0 0 0 0 0 0 0 0 0 0 0 0
1608 17 0 0 0 0 0 0 0 0 0 0 0 0
1609 17 0 0 0 0 0 0 0 0 0 0 0 0
1610 17 0 0 0 0 0 0 0 0 0 0 0 0
1616 17 0 0 0 0 0 0 0 0 0 0 0 0
1617 17 0 0 0 0 0 0 0 0 0 0 0 0
1618 17 0 0 0 0 0 0 0 0 0 0 0 0
1619 17 0 0 0 0 0 0 0 0 0 0 0 0
1620 17 0 0 0 0 0 0 0 0 0 0 0 0
1621 17 1 1 0 0 0 0 0 0 17 8 0 0
1628 4 0 0 0 0 0 0 0 0 0 0 0 0
1629 4 0 0 0 0 0 0 0 0 0 0 0 0
1631 4 0 0 0 0 0 0 0 0 0 0 0 0
1632 4 0 0 0 0 0 0 0 0 4 0 0 0
1634 4 0 0 4 1 0 0 0 0 0 0 0 0
1635 4 0 0 4 0 0 0 0 0 0 0 0 0
1636 4 0 0 0 0 0 0 0 0 0 0 0 0
1639 4 0 0 0 0 0 0 0 0 0 0 0 0
1640 4 0 0 0 0 0 0 0 0 0 0 0 0
1641 4 0 0 0 0 0 0 0 0 0 0 0 0
1647 4 0 0 0 0 0 0 0 0 0 0 0 0
1648 4 0 0 0 0 0 0 0 0 0 0 0 0
1649 4 0 0 0 0 0 0 0 0 0 0 0 0
1650 4 0 0 0 0 0 0 0 0 0 0 0 0
1651 4 1 1 0 0 0 0 0 0 0 0 0 0
1652 4 0 0 0 0 0 0 0 0 4 2 0 0
1693 16 1 1 0 0 0 0 0 0 0 0 0 0
1694 16 0 0 16 0 0 0 0 0 0 0 0 0
1695 16 0 0 16 6 2 0 0 0 0 0 0 0
1696 16 0 0 0 0 0 0 0 0 0 0 0 0
1697 16 0 0 0 0 0 0 0 0 0 0 0 0
1699 16 0 0 0 0 0 0 0 0 0 0 0 0
1700 16 0 0 0 0 0 0 0 0 0 0 0 0
1701 16 1 1 0 0 0 0 0 0 0 0 0 0
1702 16 0 0 0 0 0 0 0 0 0 0 0 0
1703 16 0 0 0 0 0 0 0 0 0 0 0 0
1704 16 0 0 0 0 0 0 0 0 0 0 0 0
1705 16 0 0 0 0 0 0 0 0 16 7 0 0
1706 7 0 0 7 0 0 0 0 0 0 0 0 0
1710 7 0 0 0 0 0 0 0 0 0 0 0 0
1711 7 0 0 0 0 0 0 0 0 0 0 0 0
1712 7 0 0 0 0 0 0 0 0 0 0 0 0
1718 7 0 0 0 0 0 0 0 0 0 0 0 0
1719 7 0 0 0 0 0 0 0 0 0 0 0 0
1720 14 0 0 0 0 0 0 0 0 0 0 0 0
1724 7 1 1 0 0 0 0 0 0 0 0 0 0
1725 7 0 0 0 0 0 0 0 0 7 0 0 0
1728 7 0 0 7 3 3 0 0 0 0 0 0 0
1729 7 0 0 7 0 0 0 0 0 0 0 0 0
1730 7 0 0 0 0 0 0 0 0 0 0 0 0
1733 7 0 0 0 0 0 0 0 0 0 0 0 0
1734 7 0 0 0 0 0 0 0 0 0 0 0 0
1735 7 0 0 0 0 0 0 0 0 0 0 0 0
1741 7 0 0 0 0 0 0 0 0 0 0 0 0
1742 7 0 0 0 0 0 0 0 0 0 0 0 0
1743 7 0 0 0 0 0 0 0 0 0 0 0 0
1744 7 0 0 0 0 0 0 0 0 0 0 0 0
1745 7 0 0 0 0 0 0 0 0 0 0 0 0
1746 7 1 1 0 0 0 0 0 0 7 3 0 0
1818 12 1 1 0 0 0 0 0 0 0 0 0 0
1819 12 0 0 12 3 3 0 0 0 0 0 0 0
1820 12 0 0 12 1 1 0 0 0 0 0 0 0
1821 12 0 0 0 0 0 0 0 0 0 0 0 0
1822 12 0 0 0 0 0 0 0 0 0 0 0 0
1824 12 0 0 0 0 0 0 0 0 0 0 0 0
1825 12 0 0 0 0 0 0 0 0 0 0 0 0
1826 12 1 1 0 0 0 0 0 0 0 0 0 0
1827 12 0 0 0 0 0 0 0 0 0 0 0 0
1828 12 0 0 0 0 0 0 0 0 0 0 0 0
1829 12 0 0 0 0 0 0 0 0 0 0 0 0
1830 12 0 0 0 0 0 0 0 0 12 8 0 0
1831 5 0 0 5 0 0 0 0 0 0 0 0 0
1835 5 0 0 0 0 0 0 0 0 0 0 0 0
1836 5 0 0 0 0 0 0 0 0 0 0 0 0
1837 5 0 0 0 0 0 0 0 0 0 0 0 0
1843 5 0 0 0 0 0 0 0 0 0 0 0 0
1844 5 0 0 0 0 0 0 0 0 0 0 0 0
1845 10 0 0 0 0 0 0 0 0 0 0 0 0
1849 5 1 1 0 0 0 0 0 0 0 0 0 0
1850 5 0 0 0 0 0 0 0 0 5 0 0 0
1853 5 0 0 5 0 0 0 0 0 0 0 0 0
1854 5 0 0 5 1 1 0 0 0 0 0 0 0
1855 5 0 0 0 0 0 0 0 0 0 0 0 0
1858 5 0 0 0 0 0 0 0 0 0 0 0 0
1859 5 0 0 0 0 0 0 0 0 0 0 0 0
1860 5 0 0 0 0 0 0 0 0 0 0 0 0
1866 5 0 0 0 0 0 0 0 0 0 0 0 0
1867 5 0 0 0 0 0 0 0 0 0 0 0 0
1868 5 0 0 0 0 0 0 0 0 0 0 0 0
1869 5 0 0 0 0 0 0 0 0 0 0 0 0
1870 5 0 0 0 0 0 0 0 0 0 0 0 0
1871 5 1 1 0 0 0 0 0 0 5 3 0 0
1943 27 2 1 0 0 0 0 0 0 0 0 0 0
1944 27 0 0 27 6 3 0 0 0 0 0 0 0
1945 27 0 0 27 5 2 0 0 0 0 0 0 0
1946 27 0 0 0 0 0 0 0 0 0 0 0 0
1947 27 0 0 0 0 0 0 0 0 0 0 0 0
1949 27 0 0 0 0 0 0 0 0 0 0 0 0
1950 27 0 0 0 0 0 0 0 0 0 0 0 0
1951 27 3 1 0 0 0 0 0 0 0 0 0 0
1952 27 0 0 0 0 0 0 0 0 0 0 0 0
1953 27 0 0 0 0 0 0 0 0 0 0 0 0
1954 27 0 0 0 0 0 0 0 0 0 0 0 0
1955 27 0 0 0 0 0 0 0 0 27 9 0 0
1956 9 0 0 9 0 0 0 0 0 0 0 0 0
1960 9 0 0 0 0 0 0 0 0 0 0 0 0
1961 9 0 0 0 0 0 0 0 0 0 0 0 0
1962 9 0 0 0 0 0 0 0 0 0 0 0 0
1968 9 0 0 0 0 0 0 0 0 0 0 0 0
1969 9 0 0 0 0 0 0 0 0 0 0 0 0
1970 18 0 0 0 0 0 0 0 0 0 0 0 0
1974 9 3 1 0 0 0 0 0 0 0 0 0 0
1975 9 0 0 0 0 0 0 0 0 9 0 0 0
1978 9 0 0 9 1 1 0 0 0 0 0 0 0
1979 9 0 0 9 4 3 0 0 0 0 0 0 0
1980 9 0 0 0 0 0 0 0 0 0 0 0 0
1983 9 0 0 0 0 0 0 0 0 0 0 0 0
1984 9 0 0 0 0 0 0 0 0 0 0 0 0
1985 9 0 0 0 0 0 0 0 0 0 0 0 0
1991 9 0 0 0 0 0 0 0 0 0 0 0 0
1992 9 0 0 0 0 0 0 0 0 0 0 0 0
1993 9 0 0 0 0 0 0 0 0 0 0 0 0
1994 9 0 0 0 0 0 0 0 0 0 0 0 0
1995 9 0 0 0 0 0 0 0 0 0 0 0 0
1996 9 3 1 0 0 0 0 0 0 9 4 0 0
2068 51 1 1 0 0 0 0 0 0 0 0 0 0
2069 51 0 0 51 3 2 0 0 0 0 0 0 0
2070 51 0 0 51 6 3 0 0 0 0 0 0 0
2071 51 0 0 0 0 0 0 0 0 0 0 0 0
2072 51 0 0 0 0 0 0 0 0 0 0 0 0
2074 51 0 0 0 0 0 0 0 0 0 0 0 0
2075 51 0 0 0 0 0 0 0 0 0 0 0 0
2076 51 1 1 0 0 0 0 0 0 0 0 0 0
2077 51 0 0 0 0 0 0 0 0 0 0 0 0
2078 51 0 0 0 0 0 0 0 0 0 0 0 0
2079 51 0 0 0 0 0 0 0 0 0 0 0 0
2080 51 0 0 0 0 0 0 0 0 51 21 0 0
2082 14 0 0 14 0 0 0 0 0 0 0 0 0
2086 14 0 0 0 0 0 0 0 0 0 0 0 0
2087 14 0 0 0 0 0 0 0 0 0 0 0 0
2088 14 0 0 0 0 0 0 0 0 0 0 0 0
2094 14 0 0 0 0 0 0 0 0 0 0 0 0
2095 14 0 0 0 0 0 0 0 0 0 0 0 0
2097 28 0 0 0 0 0 0 0 0 0 0 0 0
2101 14 1 1 0 0 0 0 0 0 0 0 0 0
2102 14 0 0 0 0 0 0 0 0 14 0 0 0
2105 14 0 0 14 3 1 0 0 0 0 0 0 0
2106 14 0 0 14 4 3 0 0 0 0 0 0 0
2107 14 0 0 0 0 0 0 0 0 0 0 0 0
2110 14 0 0 0 0 0 0 0 0 0 0 0 0
2111 14 0 0 0 0 0 0 0 0 0 0 0 0
2112 14 0 0 0 0 0 0 0 0 0 0 0 0
2118 14 0 0 0 0 0 0 0 0 0 0 0 0
2119 14 0 0 0 0 0 0 0 0 0 0 0 0
2120 14 0 0 0 0 0 0 0 0 0 0 0 0
2121 14 0 0 0 0 0 0 0 0 0 0 0 0
2122 14 0 0 0 0 0 0 0 0 0 0 0 0
2123 14 1 1 0 0 0 0 0 0 14 9 0 0
2130 1 0 0 0 0 0 0 0 0 0 0 0 0
2131 1 0 0 0 0 0 0 0 0 0 0 0 0
2133 1 0 0 0 0 0 0 0 0 0 0 0 0
2134 1 0 0 0 0 0 0 0 0 1 0 0 0
2136 1 0 0 1 0 0 0 0 0 0 0 0 0
2137 1 0 0 1 0 0 0 0 0 0 0 0 0
2138 1 0 0 0 0 0 0 0 0 0 0 0 0
2141 1 0 0 0 0 0 0 0 0 0 0 0 0
2142 1 0 0 0 0 0 0 0 0 0 0 0 0
2143 1 0 0 0 0 0 0 0 0 0 0 0 0
2149 1 0 0 0 0 0 0 0 0 0 0 0 0
2150 1 0 0 0 0 0 0 0 0 0 0 0 0
2151 1 0 0 0 0 0 0 0 0 0 0 0 0
2152 1 0 0 0 0 0 0 0 0 0 0 0 0
2153 1 1 1 0 0 0 0 0 0 0 0 0 0
2154 1 0 0 0 0 0 0 0 0 1 1 0 0
2197 105 2 0 0 0 0 0 0 0 0 0 0 0
2199 216 1 1 0 0 0 0 0 0 0 0 0 0
2200 216 0 0 0 0 0 0 0 0 0 0 0 0
2201 216 0 0 0 0 0 0 0 0 0 0 0 0
2202 216 0 0 0 0 0 0 0 0 216 49 0 0
2203 214 0 0 0 0 0 0 0 0 0 0 0 0
2208 597 3 1 0 0 0 0 0 0 0 0 0 0
2214 597 0 0 597 0 0 0 0 0 0 0 0 0
2215 597 0 0 597 0 0 0 0 0 0 0 0 0
2223 597 0 0 0 0 0 0 0 0 0 0 0 0
2224 597 0 0 597 0 0 0 0 0 0 0 0 0
fl=./string/../sysdeps/x86_64/strcspn.S
fn=strcspn
25 1 1 1 0 0 0 0 0 0 0 0 0 0
27 1 0 0 0 0 0 0 0 0 0 0 0 0
34 1 0 0 0 0 0 0 0 0 0 0 0 0
35 1 1 1 0 0 0 0 0 0 0 0 0 0
37 1 0 0 0 0 0 0 0 0 0 0 0 0
38 1 0 0 0 0 0 0 0 0 0 0 0 0
39 1 0 0 0 0 0 0 0 0 0 0 0 0
40 1 0 0 0 0 0 0 0 0 0 0 0 0
41 33 0 0 0 0 0 32 4 4 32 10 0 0
44 3 0 0 0 0 0 0 0 0 0 0 0 0
51 1 0 0 1 1 1 0 0 0 0 0 0 0
52 1 0 0 0 0 0 0 0 0 0 0 0 0
53 1 0 0 0 0 0 0 0 0 1 0 0 0
54 1 0 0 0 0 0 1 0 0 0 0 0 0
56 1 0 0 1 0 0 0 0 0 0 0 0 0
57 1 0 0 0 0 0 0 0 0 0 0 0 0
58 1 0 0 0 0 0 0 0 0 1 0 0 0
59 1 0 0 0 0 0 1 0 0 0 0 0 0
61 1 0 0 1 0 0 0 0 0 0 0 0 0
62 1 0 0 0 0 0 0 0 0 0 0 0 0
63 1 0 0 0 0 0 0 0 0 1 1 0 0
72 3 1 1 0 0 0 0 0 0 0 0 0 0
84 13 0 0 0 0 0 0 0 0 0 0 0 0
86 13 0 0 13 0 0 0 0 0 0 0 0 0
87 13 0 0 13 0 0 0 0 0 0 0 0 0
88 13 0 0 0 0 0 0 0 0 13 0 0 0
90 13 0 0 13 0 0 0 0 0 0 0 0 0
91 13 0 0 13 0 0 0 0 0 0 0 0 0
92 13 0 0 0 0 0 0 0 0 13 0 0 0
94 13 0 0 13 0 0 0 0 0 0 0 0 0
95 13 0 0 13 0 0 0 0 0 0 0 0 0
96 13 0 0 0 0 0 0 0 0 13 0 0 0
98 13 0 0 13 0 0 0 0 0 0 0 0 0
99 13 0 0 13 0 0 0 0 0 0 0 0 0
100 13 0 0 0 0 0 0 0 0 13 3 0 0
102 1 0 0 0 0 0 0 0 0 0 0 0 0
103 1 0 0 0 0 0 0 0 0 0 0 0 0
104 1 0 0 0 0 0 0 0 0 0 0 0 0
106 1 0 0 0 0 0 0 0 0 0 0 0 0
113 1 0 0 0 0 0 0 0 0 0 0 0 0
117 1 0 0 1 0 0 0 0 0 0 0 0 0
fl=./string/./string/strdup.c
fn=strdup
40 25 1 1 0 0 0 10 0 0 0 0 0 0
41 10 0 0 0 0 0 5 0 0 0 0 0 0
44 10 0 0 0 0 0 0 0 0 5 0 0 0
47 20 0 0 0 0 0 0 0 0 0 0 0 0
48 15 0 0 10 0 0 0 0 0 0 0 0 0
fl=./termios/../sysdeps/unix/sysv/linux/tcgetattr.c
fn=tcgetattr
34 48 8 1 8 0 0 8 0 0 0 0 0 0
38 56 8 2 0 0 0 0 0 0 8 0 0 0
40 16 0 0 0 0 0 0 0 0 8 0 0 0
42 16 8 2 8 0 0 8 0 0 0 0 0 0
46 16 0 0 8 0 0 8 0 0 0 0 0 0
51 48 0 0 0 0 0 8 0 0 0 0 0 0
63 72 0 0 24 0 0 48 0 0 0 0 0 0
77 48 8 2 24 0 0 0 0 0 8 0 0 0
fl=./time/../sysdeps/unix/sysv/linux/clock_gettime.c
fn=clock_gettime@@GLIBC_2.17
30 36 2 1 0 0 0 0 0 0 0 0 0 0
38 72 0 0 72 10 0 0 0 0 0 0 0 0
40 72 0 0 0 0 0 0 0 0 36 8 0 0
44 36 0 0 0 0 0 0 0 0 0 0 0 0
68 72 2 1 0 0 0 0 0 0 0 0 0 0
69 72 0 0 0 0 0 0 0 0 36 7 0 0
86 36 0 0 36 0 0 0 0 0 0 0 0 0
fl=./wcsmbs/../sysdeps/x86_64/multiarch/ifunc-avx2.h
fn=wcschr
32 4 0 0 0 0 0 0 0 0 2 0 0 0
33 10 1 1 4 0 0 0 0 0 0 0 0 0
fn=wcscmp
32 2 0 0 0 0 0 0 0 0 1 0 0 0
33 5 1 1 2 0 0 0 0 0 0 0 0 0
fl=./wcsmbs/../sysdeps/x86_64/multiarch/ifunc-evex.h
fn=wmemchr
34 4 0 0 0 0 0 0 0 0 2 0 0 0
35 10 1 1 4 0 0 0 0 0 0 0 0 0
fl=./wcsmbs/../sysdeps/x86_64/multiarch/ifunc-memcmp.h
fn=wmemcmp
34 4 0 0 2 0 0 0 0 0 0 0 0 0
35 3 0 0 1 0 0 0 0 0 1 0 0 0
50 3 0 0 0 0 0 0 0 0 1 1 0 0
fl=./wcsmbs/../sysdeps/x86_64/multiarch/ifunc-wcslen.h
fn=wcslen
33 2 0 0 0 0 0 0 0 0 1 0 0 0
34 4 0 0 2 0 0 0 0 0 0 0 0 0
48 4 0 0 1 0 0 0 0 0 0 0 0 0
fn=wcsnlen
33 2 0 0 0 0 0 0 0 0 1 0 0 0
34 4 0 0 2 0 0 0 0 0 0 0 0 0
48 4 1 1 1 0 0 0 0 0 0 0 0 0
fl=./wcsmbs/../sysdeps/x86_64/multiarch/ifunc-wmemset.h
fn=wmemset
33 10 0 0 4 0 0 0 0 0 2 2 0 0
fl=./wcsmbs/../sysdeps/x86_64/multiarch/wcschr.c
fn=wcschr
31 4 1 1 2 0 0 0 0 0 0 0 0 0
fl=./wcsmbs/../sysdeps/x86_64/multiarch/wcscmp.c
fn=wcscmp
30 2 1 1 1 0 0 0 0 0 0 0 0 0
fl=./wcsmbs/../sysdeps/x86_64/multiarch/wcscpy.c
fn=wcscpy
37 5 1 1 2 0 0 0 0 0 0 0 0 0
43 2 1 1 1 0 0 0 0 0 0 0 0 0
fl=./wcsmbs/../sysdeps/x86_64/multiarch/wcslen.c
fn=wcslen
29 2 1 1 1 0 0 0 0 0 0 0 0 0
fl=./wcsmbs/../sysdeps/x86_64/multiarch/wcsnlen.c
fn=wcsnlen
29 2 1 1 1 0 0 0 0 0 0 0 0 0
fl=./wcsmbs/../sysdeps/x86_64/multiarch/wmemchr.c
fn=wmemchr
31 4 1 1 2 0 0 0 0 0 0 0 0 0
fl=./wcsmbs/../sysdeps/x86_64/multiarch/wmemcmp.c
fn=wmemcmp
29 2 2 2 1 0 0 0 0 0 0 0 0 0
fl=./wcsmbs/../sysdeps/x86_64/multiarch/wmemset.c
fn=wmemset
31 4 2 2 2 0 0 0 0 0 0 0 0 0
fl=???
fn=(below main)
0 12 2 2 2 1 0 3 0 0 0 0 1 1
fn=<&T as core::fmt::Display>::fmt
0 2112 222 7 1054 0 0 0 0 0 0 0 1 1
fn=<&std::fs::File as std::io::Read>::read_to_string
0 68 7 7 17 0 0 11 0 0 4 3 1 1
fn=<&str as alloc::ffi::c_str::CString::new::SpecNewImpl>::spec_new_impl
0 228 9 9 52 0 0 44 3 3 50 17 4 2
fn=<F as bevy_ecs::schedule::config::IntoSystemConfigs<Marker>>::into_configs
0 570 32 8 50 1 0 370 0 0 10 0 20 1
fn=<T as alloc::slice::hack::ConvertVec>::to_vec
0 38 3 3 9 0 0 10 0 0 4 2 2 2
fn=<T as alloc::vec::spec_from_elem::SpecFromElem>::from_elem
0 111600 1279 18 28971 25 0 29490 2190 0 12882 435 6264 191
fn=<T as bevy_ecs::label::DynEq>::as_any
0 18783 167 2 6261 0 0 0 0 0 0 0 0 0
fn=<T as bevy_ecs::label::DynEq>::dyn_eq
0 79238 422 18 24378 599 8 18286 0 0 2 2 12188 314
fn=<T as core::any::Any>::type_id
0 127311 225 13 42437 0 0 0 0 0 0 0 0 0
fn=<T as core::slice::cmp::SliceContains>::slice_contains
0 73293 1545 11 29755 4156 0 9475 0 0 15884 889 4135 76
fn=<ahash::fallback_hash::AHasher as core::hash::Hasher>::write_usize
0 43701 166 1 12486 0 0 6243 0 0 0 0 0 0
fn=<alloc::borrow::Cow<B> as core::fmt::Display>::fmt
0 40 16 2 16 0 0 0 0 0 0 0 0 0
fn=<alloc::boxed::Box<dyn bevy_ecs::system::system::System+In = ()+Out = ()> as bevy_ecs::schedule::schedule::ProcessNodeConfig>::process_config
0 387993 849 5 134134 14 0 105590 4036 0 24388 750 0 0
fn=<alloc::collections::btree::map::BTreeMap<K,V,A> as core::ops::drop::Drop>::drop
0 5716 898 13 2572 262 0 1908 0 0 380 41 0 0
fn=<alloc::collections::btree::map::Iter<K,V> as core::iter::traits::iterator::Iterator>::next
0 5480 48 6 1200 0 0 1040 0 0 800 147 0 0
fn=<alloc::string::String as core::fmt::Display>::fmt
0 4830 171 1 1932 0 0 0 0 0 0 0 0 0
fn=<alloc::string::String as core::fmt::Write>::write_char
0 5168 462 2 1584 0 0 1490 83 0 396 83 0 0
fn=<alloc::string::String as core::fmt::Write>::write_str
0 91176 368 2 31377 56 0 22497 51 0 2960 292 2960 1
fn=<alloc::vec::Vec<T,A> as core::clone::Clone>::clone
0 696 56 7 176 0 0 200 1 0 64 16 24 6
fn=<alloc::vec::Vec<T,A> as core::ops::drop::Drop>::drop
0 466405 2241 63 154707 12717 3 59315 10 0 83009 2597 25121 224
fn=<alloc::vec::Vec<T> as alloc::vec::spec_from_iter::SpecFromIter<T,I>>::from_iter
0 3400 83 29 744 44 7 888 14 0 375 77 53 14
fn=<alloc::vec::drain::Drain<T,A> as core::ops::drop::Drop>::drop
0 14220 1006 16 5470 0 0 4466 7 0 996 37 0 0
fn=<alloc::vec::into_iter::IntoIter<T,A> as core::ops::drop::Drop>::drop
0 31226 303 5 12010 0 0 6005 0 0 2402 4 1201 8
fn=<async_executor::AsyncCallOnDrop<Fut,Cleanup> as core::future::future::Future>::poll
0 146413 274 2 61399 6007 0 37784 533 0 4723 0 0 0
fn=<async_executor::CallOnDrop<F> as core::ops::drop::Drop>::drop
0 231427 689 5 85014 2041 0 42507 0 0 37784 364 4723 25
fn=<async_executor::Executor as core::ops::drop::Drop>::drop
0 72 7 7 19 2 0 16 0 0 11 6 0 0
fn=<async_executor::Ticker as core::ops::drop::Drop>::drop
0 12058 1096 8 3562 274 0 1782 202 0 1918 189 274 2
fn=<async_task::task::FallibleTask<T,M> as core::future::future::Future>::poll
0 188444 699 5 67355 5602 0 43466 0 0 24163 462 4723 26
fn=<async_task::task::Task<T,M> as core::ops::drop::Drop>::drop
0 240873 685 5 70845 0 0 42507 0 0 33061 233 4723 1
fn=<bevy_app::app::App as core::default::Default>::default
0 2038 221 220 385 30 26 687 28 16 93 40 19 13
fn=<bevy_app::main_schedule::First as bevy_ecs::schedule::set::ScheduleLabel>::as_dyn_eq
0 15 0 0 5 0 0 0 0 0 0 0 0 0
fn=<bevy_app::main_schedule::First as bevy_ecs::schedule::set::ScheduleLabel>::dyn_clone
0 3 0 0 1 0 0 0 0 0 0 0 0 0
fn=<bevy_app::main_schedule::First as bevy_ecs::schedule::set::ScheduleLabel>::dyn_hash
0 28 2 1 7 0 0 0 0 0 0 0 7 2
fn=<bevy_app::main_schedule::FixedFirst as bevy_ecs::schedule::set::ScheduleLabel>::dyn_clone
0 3 1 1 1 0 0 0 0 0 0 0 0 0
fn=<bevy_app::main_schedule::FixedFirst as bevy_ecs::schedule::set::ScheduleLabel>::dyn_hash
0 16 1 1 4 0 0 0 0 0 0 0 4 1
fn=<bevy_app::main_schedule::FixedLast as bevy_ecs::schedule::set::ScheduleLabel>::dyn_clone
0 3 1 1 1 0 0 0 0 0 0 0 0 0
fn=<bevy_app::main_schedule::FixedLast as bevy_ecs::schedule::set::ScheduleLabel>::dyn_hash
0 12 1 1 3 0 0 0 0 0 0 0 3 1
fn=<bevy_app::main_schedule::FixedMain as bevy_ecs::schedule::set::ScheduleLabel>::as_dyn_eq
0 21 1 0 7 0 0 0 0 0 0 0 0 0
fn=<bevy_app::main_schedule::FixedMain as bevy_ecs::schedule::set::ScheduleLabel>::dyn_clone
0 3 0 0 1 0 0 0 0 0 0 0 0 0
fn=<bevy_app::main_schedule::FixedMain as bevy_ecs::schedule::set::ScheduleLabel>::dyn_hash
0 28 1 1 7 0 0 0 0 0 0 0 7 1
fn=<bevy_app::main_schedule::FixedPostUpdate as bevy_ecs::schedule::set::ScheduleLabel>::dyn_clone
0 3 1 1 1 0 0 0 0 0 0 0 0 0
fn=<bevy_app::main_schedule::FixedPostUpdate as bevy_ecs::schedule::set::ScheduleLabel>::dyn_hash
0 12 1 1 3 0 0 0 0 0 0 0 3 1
fn=<bevy_app::main_schedule::FixedPreUpdate as bevy_ecs::schedule::set::ScheduleLabel>::dyn_clone
0 3 1 1 1 0 0 0 0 0 0 0 0 0
fn=<bevy_app::main_schedule::FixedPreUpdate as bevy_ecs::schedule::set::ScheduleLabel>::dyn_hash
0 12 1 1 3 0 0 0 0 0 0 0 3 1
fn=<bevy_app::main_schedule::FixedUpdate as bevy_ecs::schedule::set::ScheduleLabel>::dyn_clone
0 3 1 1 1 0 0 0 0 0 0 0 0 0
fn=<bevy_app::main_schedule::FixedUpdate as bevy_ecs::schedule::set::ScheduleLabel>::dyn_hash
0 12 1 1 3 0 0 0 0 0 0 0 3 0
fn=<bevy_app::main_schedule::Last as bevy_ecs::schedule::set::ScheduleLabel>::dyn_clone
0 3 0 0 1 0 0 0 0 0 0 0 0 0
fn=<bevy_app::main_schedule::Last as bevy_ecs::schedule::set::ScheduleLabel>::dyn_hash
0 16 1 1 4 0 0 0 0 0 0 0 4 0
fn=<bevy_app::main_schedule::Main as bevy_ecs::schedule::set::ScheduleLabel>::dyn_clone
0 3 1 1 1 0 0 0 0 0 0 0 0 0
fn=<bevy_app::main_schedule::Main as bevy_ecs::schedule::set::ScheduleLabel>::dyn_hash
0 32 1 1 8 1 1 0 0 0 0 0 8 1
fn=<bevy_app::main_schedule::MainSchedulePlugin as bevy_app::plugin::Plugin>::build
0 1073 108 108 230 1 0 418 20 0 53 20 45 37
fn=<bevy_app::main_schedule::PostStartup as bevy_ecs::schedule::set::ScheduleLabel>::dyn_clone
0 3 0 0 1 0 0 0 0 0 0 0 0 0
fn=<bevy_app::main_schedule::PostStartup as bevy_ecs::schedule::set::ScheduleLabel>::dyn_hash
0 16 1 1 4 0 0 0 0 0 0 0 4 1
fn=<bevy_app::main_schedule::PostUpdate as bevy_ecs::schedule::set::ScheduleLabel>::dyn_clone
0 3 0 0 1 0 0 0 0 0 0 0 0 0
fn=<bevy_app::main_schedule::PostUpdate as bevy_ecs::schedule::set::ScheduleLabel>::dyn_hash
0 16 1 1 4 0 0 0 0 0 0 0 4 1
fn=<bevy_app::main_schedule::PreStartup as bevy_ecs::schedule::set::ScheduleLabel>::dyn_clone
0 3 0 0 1 0 0 0 0 0 0 0 0 0
fn=<bevy_app::main_schedule::PreStartup as bevy_ecs::schedule::set::ScheduleLabel>::dyn_hash
0 16 1 1 4 0 0 0 0 0 0 0 4 0
fn=<bevy_app::main_schedule::PreUpdate as bevy_ecs::schedule::set::ScheduleLabel>::dyn_clone
0 3 0 0 1 0 0 0 0 0 0 0 0 0
fn=<bevy_app::main_schedule::PreUpdate as bevy_ecs::schedule::set::ScheduleLabel>::dyn_hash
0 20 1 1 5 0 0 0 0 0 0 0 5 1
fn=<bevy_app::main_schedule::RunFixedMainLoop as bevy_ecs::schedule::set::ScheduleLabel>::as_dyn_eq
0 27 1 0 9 0 0 0 0 0 0 0 0 0
fn=<bevy_app::main_schedule::RunFixedMainLoop as bevy_ecs::schedule::set::ScheduleLabel>::dyn_clone
0 3 0 0 1 0 0 0 0 0 0 0 0 0
fn=<bevy_app::main_schedule::RunFixedMainLoop as bevy_ecs::schedule::set::ScheduleLabel>::dyn_hash
0 28 1 1 7 0 0 0 0 0 0 0 7 2
fn=<bevy_app::main_schedule::RunFixedMainLoopSystem as bevy_ecs::schedule::set::SystemSet>::as_dyn_eq
0 21 1 1 7 0 0 0 0 0 0 0 0 0
fn=<bevy_app::main_schedule::RunFixedMainLoopSystem as bevy_ecs::schedule::set::SystemSet>::dyn_clone
0 33 1 1 15 0 0 9 0 0 3 1 3 0
fn=<bevy_app::main_schedule::RunFixedMainLoopSystem as bevy_ecs::schedule::set::SystemSet>::dyn_hash
0 144 1 1 54 1 1 36 0 0 0 0 18 2
fn=<bevy_app::main_schedule::SpawnScene as bevy_ecs::schedule::set::ScheduleLabel>::dyn_clone
0 3 0 0 1 0 0 0 0 0 0 0 0 0
fn=<bevy_app::main_schedule::SpawnScene as bevy_ecs::schedule::set::ScheduleLabel>::dyn_hash
0 16 1 1 4 0 0 0 0 0 0 0 4 1
fn=<bevy_app::main_schedule::Startup as bevy_ecs::schedule::set::ScheduleLabel>::dyn_clone
0 3 0 0 1 0 0 0 0 0 0 0 0 0
fn=<bevy_app::main_schedule::Startup as bevy_ecs::schedule::set::ScheduleLabel>::dyn_hash
0 16 1 1 4 0 0 0 0 0 0 0 4 0
fn=<bevy_app::main_schedule::Update as bevy_ecs::schedule::set::ScheduleLabel>::dyn_clone
0 3 0 0 1 0 0 0 0 0 0 0 0 0
fn=<bevy_app::main_schedule::Update as bevy_ecs::schedule::set::ScheduleLabel>::dyn_hash
0 20 1 1 5 0 0 0 0 0 0 0 5 1
fn=<bevy_ecs::event::update::EventUpdates as bevy_ecs::schedule::set::SystemSet>::dyn_clone
0 3 1 1 1 0 0 0 0 0 0 0 0 0
fn=<bevy_ecs::event::update::EventUpdates as bevy_ecs::schedule::set::SystemSet>::dyn_hash
0 12 1 1 3 0 0 0 0 0 0 0 3 1
fn=<bevy_ecs::query::access::FilteredAccess<T> as core::clone::Clone>::clone
0 455343 1704 24 115962 0 0 126609 0 0 26061 1579 19677 4933
fn=<bevy_ecs::schedule::executor::multi_threaded::MultiThreadedExecutor as bevy_ecs::schedule::executor::SystemExecutor>::init
0 676575 7511 49 234651 4847 0 222273 2710 0 62042 1495 23645 450
fn=<bevy_ecs::schedule::executor::multi_threaded::MultiThreadedExecutor as bevy_ecs::schedule::executor::SystemExecutor>::kind
0 24 4 1 12 0 0 0 0 0 0 0 0 0
fn=<bevy_ecs::schedule::executor::multi_threaded::MultiThreadedExecutor as bevy_ecs::schedule::executor::SystemExecutor>::run
0 70492 7525 50 16765 2662 2 13279 1198 0 7396 1751 1143 309
fn=<bevy_ecs::schedule::executor::single_threaded::SingleThreadedExecutor as bevy_ecs::schedule::executor::SystemExecutor>::init
0 240 24 4 90 6 0 72 3 0 18 8 0 0
fn=<bevy_ecs::schedule::executor::single_threaded::SingleThreadedExecutor as bevy_ecs::schedule::executor::SystemExecutor>::run
0 34120 109 21 12758 104 0 4324 0 0 4224 45 905 12
fn=<bevy_ecs::schedule::schedule::DefaultSchedule as bevy_ecs::schedule::set::ScheduleLabel>::as_dyn_eq
0 501 164 1 167 0 0 0 0 0 0 0 0 0
fn=<bevy_ecs::schedule::schedule::DefaultSchedule as bevy_ecs::schedule::set::ScheduleLabel>::dyn_hash
0 12 1 0 3 0 0 0 0 0 0 0 3 1
fn=<bevy_ecs::schedule::schedule::Schedule as core::default::Default>::default
0 23065 2317 26 5056 1227 1 7062 900 0 1522 121 837 538
fn=<bevy_ecs::schedule::set::SystemTypeSet<T> as bevy_ecs::schedule::set::SystemSet>::as_dyn_eq
0 126714 301 15 42238 0 0 0 0 0 0 0 0 0
fn=<bevy_ecs::schedule::set::SystemTypeSet<T> as bevy_ecs::schedule::set::SystemSet>::dyn_clone
0 45 15 14 15 0 0 0 0 0 0 0 0 0
fn=<bevy_ecs::schedule::set::SystemTypeSet<T> as bevy_ecs::schedule::set::SystemSet>::dyn_hash
0 24596 707 13 6149 232 0 0 0 0 0 0 6149 465
fn=<bevy_ecs::schedule::set::SystemTypeSet<T> as bevy_ecs::schedule::set::SystemSet>::system_type
0 1841 360 15 263 0 0 789 149 0 0 0 0 0
fn=<bevy_ecs::system::exclusive_function_system::ExclusiveFunctionSystem<Marker,F> as bevy_ecs::system::system::System>::default_system_sets
0 69 6 6 15 0 0 30 0 0 3 1 3 2
fn=<bevy_ecs::system::function_system::FunctionSystem<Marker,F> as bevy_ecs::system::system::System>::apply_deferred
0 15519 146 3 10046 3322 0 0 0 0 5023 171 0 0
fn=<bevy_ecs::system::function_system::FunctionSystem<Marker,F> as bevy_ecs::system::system::System>::archetype_component_access
0 35244 63 2 17622 0 0 0 0 0 0 0 0 0
fn=<bevy_ecs::system::function_system::FunctionSystem<Marker,F> as bevy_ecs::system::system::System>::component_access
0 776240 183 3 388120 0 0 0 0 0 0 0 0 0
fn=<bevy_ecs::system::function_system::FunctionSystem<Marker,F> as bevy_ecs::system::system::System>::default_system_sets
0 140162 762 25 30470 91 0 60940 16 0 6094 46 6094 155
fn=<bevy_ecs::system::function_system::FunctionSystem<Marker,F> as bevy_ecs::system::system::System>::has_deferred
0 12188 188 3 12188 5942 0 0 0 0 0 0 0 0
fn=<bevy_ecs::system::function_system::FunctionSystem<Marker,F> as bevy_ecs::system::system::System>::initialize
0 426141 3138 92 96052 12033 0 118954 7432 0 32722 1302 6384 283
fn=<bevy_ecs::system::function_system::FunctionSystem<Marker,F> as bevy_ecs::system::system::System>::is_exclusive
0 788428 163 1 394214 0 0 0 0 0 0 0 0 0
fn=<bevy_ecs::system::function_system::FunctionSystem<Marker,F> as bevy_ecs::system::system::System>::is_send
0 11588 80 0 11588 5564 0 0 0 0 0 0 0 0
fn=<bevy_ecs::system::function_system::FunctionSystem<Marker,F> as bevy_ecs::system::system::System>::run_unsafe
0 38155656 1482 41 10200430 2547175 120 20273266 2534127 292 2565623 2492 0 0
fn=<bevy_ecs::system::function_system::FunctionSystem<Marker,F> as bevy_ecs::system::system::System>::update_archetype_component_access
0 315409 822 18 106939 22714 0 62448 0 0 61313 922 0 0
fn=<bevy_ecs::world::World as core::default::Default>::default
0 10875 1370 92 2610 109 7 5265 569 43 450 57 180 102
fn=<bevy_tasks::task_pool::TaskPool as core::default::Default>::default
0 7487 36 34 2062 3 0 1873 27 0 1653 66 68 4
fn=<clap::args::arg_builder::option::OptBuilder as clap::args::any_arg::AnyArg>::blacklist
0 192 8 1 104 0 0 0 0 0 32 11 0 0
fn=<clap::args::arg_builder::option::OptBuilder as clap::args::any_arg::AnyArg>::overrides
0 96 16 4 48 0 0 0 0 0 16 3 0 0
fn=<clap::args::arg_builder::positional::PosBuilder as clap::args::any_arg::AnyArg>::blacklist
0 48 8 1 24 0 0 0 0 0 8 1 0 0
fn=<clap::args::arg_builder::positional::PosBuilder as clap::args::any_arg::AnyArg>::overrides
0 48 8 1 24 2 0 0 0 0 8 2 0 0
fn=<concurrent_queue::unbounded::Unbounded<T> as core::ops::drop::Drop>::drop
0 21 3 3 9 0 0 5 0 0 2 2 0 0
fn=<core::hash::sip::Hasher<S> as core::hash::Hasher>::write
0 347252 1528 15 46066 792 19 25174 0 0 33356 3511 0 0
fn=<core::iter::adapters::flatten::FlatMap<I,U,F> as core::iter::traits::iterator::Iterator>::next
0 280 48 8 104 0 0 72 5 1 32 9 0 0
fn=<core::iter::adapters::map::Map<I,F> as core::iter::traits::iterator::Iterator>::next
0 189280 128 19 46128 0 0 30104 0 0 36800 3038 504 4
fn=<core::iter::adapters::map::Map<I,F> as core::iter::traits::iterator::Iterator>::try_fold
0 149700 200 3 58800 36 0 32175 0 0 9825 751 0 0
fn=<core::slice::iter::Iter<T> as core::iter::traits::iterator::Iterator>::fold
0 336 16 3 144 0 0 128 0 0 16 2 0 0
fn=<core::str::lossy::Utf8Chunks as core::iter::traits::iterator::Iterator>::next
0 2248 32 8 376 0 0 216 0 0 488 90 0 0
fn=<core::str::pattern::CharSearcher as core::str::pattern::Searcher>::next_match
0 633177 80 20 124972 2458 614 53007 16 0 115728 10023 2505 3
fn=<criterion::Criterion as core::default::Default>::default
0 1666 178 45 544 95 7 737 116 23 96 31 56 36
fn=<criterion::benchmark_group::BenchmarkGroup<M> as core::ops::drop::Drop>::drop
0 1243 150 7 487 14 0 269 0 0 134 34 0 0
fn=<fixedbitset::FixedBitSet as core::clone::Clone>::clone_from
0 1663140 579 5 378830 6786 0 314370 1378 0 104790 652 34030 20
fn=<fixedbitset::FixedBitSet as core::iter::traits::collect::Extend<usize>>::extend
0 552900 450 9 154970 430 0 75170 0 0 61110 4753 0 0
fn=<fixedbitset::FixedBitSet as core::ops::drop::Drop>::drop
0 652 5 0 489 88 0 0 0 0 163 0 163 95
fn=<hashbrown::raw::RawTable<T,A> as core::ops::drop::Drop>::drop
0 29432 104 20 8080 1971 88 1104 0 0 6088 228 3352 1583
fn=<hashbrown::table::HashTable<T,A> as core::clone::Clone>::clone
0 211334 978 6 21889 1019 0 19949 1585 0 27820 2141 652 4
fn=<indexmap::map::IndexMap<K,V,S> as core::clone::Clone>::clone
0 376566 3096 19 126729 4417 0 104109 6354 0 27184 551 12777 144
fn=<regex_automata::meta::strategy::Pre<P> as regex_automata::meta::strategy::Strategy>::create_cache
0 224 21 6 77 9 0 84 4 0 21 3 0 0
fn=<regex_automata::meta::strategy::Pre<P> as regex_automata::meta::strategy::Strategy>::search_half
0 13645 707 4 3720 342 0 1862 0 0 1551 41 310 3
fn=<regex_syntax::ast::Ast as core::ops::drop::Drop>::drop
0 6536 96 14 1880 23 2 1720 9 1 600 82 48 30
fn=<regex_syntax::hir::Hir as core::ops::drop::Drop>::drop
0 384 24 3 144 9 2 96 7 0 0 0 16 8
fn=<regex_syntax::hir::translate::TranslatorI as regex_syntax::ast::visitor::Visitor>::visit_post
0 12408 240 30 3944 16 4 2704 18 0 1280 84 296 56
fn=<std::hash::random::DefaultHasher as core::hash::Hasher>::write
0 40314618 1038 6 6365466 0 0 4950918 0 0 4243644 4685 0 0
fn=<std::io::Write::write_fmt::Adapter<T> as core::fmt::Write>::write_str
0 125 6 3 45 0 0 40 0 0 5 5 0 0
fn=<std::io::buffered::bufwriter::BufWriter<W> as core::ops::drop::Drop>::drop
0 17 1 1 7 0 0 6 0 0 2 2 0 0
fn=<std::io::stdio::StdoutLock as std::io::Write>::write_all
0 284 13 7 75 0 0 59 0 0 28 11 6 2
fn=<std::io::stdio::StdoutRaw as std::io::Write>::write
0 19 2 2 4 1 0 4 0 0 1 0 1 1
fn=<std::io::stdio::StdoutRaw as std::io::Write>::write_all
0 84 4 3 18 1 0 16 0 0 10 0 2 1
fn=<std::path::Component as core::cmp::PartialEq>::eq
0 715 4 4 184 0 0 71 0 0 71 9 14 1
fn=<std::path::Components as core::iter::traits::double_ended::DoubleEndedIterator>::next_back
0 1349 62 10 408 0 0 374 0 0 127 14 0 0
fn=<std::path::Components as core::iter::traits::iterator::Iterator>::next
0 4504 10 10 920 1 1 692 1 0 722 116 10 1
fn=???
0 39263 593 63 19577 1545 9 38 1 1 25 13 19519 396
fn=_ZN102_$LT$bevy_ecs..schedule..set..SystemTypeSet$LT$T$GT$$u20$as$u20$bevy_ecs..schedule..set..SystemSet$GT$9as_dyn_eq17h3e5fb8d2fb25b767E.12438
0 222 24 1 74 0 0 0 0 0 0 0 0 0
fn=_ZN102_$LT$bevy_ecs..schedule..set..SystemTypeSet$LT$T$GT$$u20$as$u20$bevy_ecs..schedule..set..SystemSet$GT$9as_dyn_eq17h487f5f805e88a5b8E.12373
0 3210 20 0 1070 0 0 0 0 0 0 0 0 0
fn=_ZN102_$LT$bevy_ecs..schedule..set..SystemTypeSet$LT$T$GT$$u20$as$u20$bevy_ecs..schedule..set..SystemSet$GT$9as_dyn_eq17h7a185da02a3ecfd7E.12443
0 222 69 1 74 0 0 0 0 0 0 0 0 0
fn=_ZN102_$LT$bevy_ecs..schedule..set..SystemTypeSet$LT$T$GT$$u20$as$u20$bevy_ecs..schedule..set..SystemSet$GT$9as_dyn_eq17h7ddefa20375feee1E.12447
0 222 24 0 74 0 0 0 0 0 0 0 0 0
fn=_ZN102_$LT$bevy_ecs..schedule..set..SystemTypeSet$LT$T$GT$$u20$as$u20$bevy_ecs..schedule..set..SystemSet$GT$9as_dyn_eq17h7e7aa46ac6d3e5feE.12449
0 3177 33 1 1059 0 0 0 0 0 0 0 0 0
fn=_ZN102_$LT$bevy_ecs..schedule..set..SystemTypeSet$LT$T$GT$$u20$as$u20$bevy_ecs..schedule..set..SystemSet$GT$9as_dyn_eq17h935466261e134025E.12405
0 3210 20 1 1070 0 0 0 0 0 0 0 0 0
fn=_ZN102_$LT$bevy_ecs..schedule..set..SystemTypeSet$LT$T$GT$$u20$as$u20$bevy_ecs..schedule..set..SystemSet$GT$9as_dyn_eq17h9429446fa96eba80E.12445
0 222 24 1 74 0 0 0 0 0 0 0 0 0
fn=_ZN102_$LT$bevy_ecs..schedule..set..SystemTypeSet$LT$T$GT$$u20$as$u20$bevy_ecs..schedule..set..SystemSet$GT$9as_dyn_eq17ha7ee8f58dff90b6fE.12426
0 222 24 1 74 0 0 0 0 0 0 0 0 0
fn=_ZN102_$LT$bevy_ecs..schedule..set..SystemTypeSet$LT$T$GT$$u20$as$u20$bevy_ecs..schedule..set..SystemSet$GT$9as_dyn_eq17hba259a885fb23ef4E.12399
0 3210 20 1 1070 0 0 0 0 0 0 0 0 0
fn=_ZN102_$LT$bevy_ecs..schedule..set..SystemTypeSet$LT$T$GT$$u20$as$u20$bevy_ecs..schedule..set..SystemSet$GT$9as_dyn_eq17he526a6169cd80cc0E.12409
0 3210 64 1 1070 0 0 0 0 0 0 0 0 0
fn=_ZN102_$LT$bevy_ecs..schedule..set..SystemTypeSet$LT$T$GT$$u20$as$u20$bevy_ecs..schedule..set..SystemSet$GT$9as_dyn_eq17he91b5e655fea4b75E.12436
0 222 24 1 74 0 0 0 0 0 0 0 0 0
fn=_ZN102_$LT$bevy_ecs..schedule..set..SystemTypeSet$LT$T$GT$$u20$as$u20$bevy_ecs..schedule..set..SystemSet$GT$9as_dyn_eq17hecff70990285a4a8E.12383
0 897 4 0 299 0 0 0 0 0 0 0 0 0
fn=_ZN102_$LT$bevy_ecs..schedule..set..SystemTypeSet$LT$T$GT$$u20$as$u20$bevy_ecs..schedule..set..SystemSet$GT$9as_dyn_eq17hee5b1532c6374e00E.840
0 6 1 1 2 0 0 0 0 0 0 0 0 0
fn=_ZN12bevy_reflect5impls3std1_67_$LT$impl$u20$bevy_reflect..type_path..TypePath$u20$for$u20$u32$GT$10type_ident17hf9fa9e6e4e42ac59E.3677
0 3 1 1 1 0 0 0 0 0 0 0 0 0
fn=_ZN12bevy_reflect5impls3std1_67_$LT$impl$u20$bevy_reflect..type_path..TypePath$u20$for$u20$u64$GT$10type_ident17h5ab7cc39ae021321E.3731
0 3 0 0 1 0 0 0 0 0 0 0 0 0
fn=_ZN12bevy_reflect5impls3std1_69_$LT$impl$u20$bevy_reflect..type_path..TypePath$u20$for$u20$usize$GT$10type_ident17hcd4b0c3dfd6d8126E.3777
0 3 1 1 1 0 0 0 0 0 0 0 0 0
fn=_ZN14async_executor5State6notify17h9e65b1bc8693271eE.2666
0 75215 504 4 29603 806 0 19007 0 0 5873 317 115 115
fn=_ZN4core3ptr100drop_in_place$LT$bevy_ecs..query..access..FilteredAccess$LT$bevy_ecs..component..ComponentId$GT$$GT$17h9d4e00e40b46fe2eE.14542
0 54915 276 2 28245 8088 2 7455 0 0 16002 113 4788 74
fn=_ZN4core3ptr122drop_in_place$LT$alloc..vec..Vec$LT$bevy_ecs..query..access..AccessFilters$LT$bevy_ecs..component..ComponentId$GT$$GT$$GT$17h439afc8d603f557bE.2165
0 77868 276 3 33600 2635 0 14931 0 0 13335 77 4263 1
fn=_ZN4core3ptr35drop_in_place$LT$clap..app..App$GT$17h616052f1aa6b3652E.8832
0 712 80 20 288 0 0 112 0 0 120 31 32 24
fn=_ZN4core3ptr361drop_in_place$LT$regex_automata..util..pool..Pool$LT$regex_automata..meta..regex..Cache$C$alloc..boxed..Box$LT$dyn$u20$core..ops..function..Fn$LT$$LP$$RP$$GT$$u2b$Output$u20$$u3d$$u20$regex_automata..meta..regex..Cache$u2b$core..panic..unwind_safe..UnwindSafe$u2b$core..marker..Send$u2b$core..marker..Sync$u2b$core..panic..unwind_safe..RefUnwindSafe$GT$$GT$$GT$17h98d0ee09da22d63bE.15585
0 140 12 4 64 5 1 40 0 0 16 1 16 13
fn=_ZN4core3ptr41drop_in_place$LT$criterion..Criterion$GT$17hf4df2ad8b9fa33e0E.15584
0 7576 42 16 942 238 10 440 1 0 1241 79 401 8
fn=_ZN4core3ptr41drop_in_place$LT$criterion..Criterion$GT$17hf4df2ad8b9fa33e0E.15933
0 955 13 13 131 26 0 62 0 0 152 14 51 5
fn=_ZN4core3ptr43drop_in_place$LT$regex_syntax..ast..Ast$GT$17hac41a5705ee75222E.18709
0 3040 24 3 1256 8 2 824 0 0 152 2 272 24
fn=_ZN4core3ptr47drop_in_place$LT$criterion..report..Reports$GT$17h1b2ddf3422440890E.15586
0 63 6 4 24 6 2 18 0 0 6 0 6 6
fn=_ZN4core3ptr50drop_in_place$LT$bevy_ecs..observer..Observers$GT$17h737c54d691f9b224E.1052
0 510 90 6 75 29 0 135 0 0 60 11 0 0
fn=_ZN4core3ptr59drop_in_place$LT$regex_syntax..hir..translate..HirFrame$GT$17hafedce2047798ef8E.18442
0 120 16 2 32 0 0 24 0 0 8 5 0 0
fn=_ZN4core3ptr60drop_in_place$LT$clap..args..arg_builder..valued..Valued$GT$17he81bf7b68b603840E.7752
0 6072 40 7 2208 0 0 920 0 0 1104 24 0 0
fn=_ZN4core3ptr60drop_in_place$LT$clap..args..arg_builder..valued..Valued$GT$17he81bf7b68b603840E.7818
0 3792 40 10 1392 11 0 584 0 0 688 82 24 8
fn=_ZN4core3ptr60drop_in_place$LT$clap..args..arg_builder..valued..Valued$GT$17he81bf7b68b603840E.8443
0 264 48 7 96 0 0 40 0 0 48 4 0 0
fn=_ZN4core3ptr85drop_in_place$LT$bevy_ecs..schedule..executor..multi_threaded..SystemTaskMetadata$GT$17h1473dc369dd06bbeE.2219
0 94504 474 3 48152 14413 12 6694 0 0 34764 121 900 51
fn=_ZN4core3ptr93drop_in_place$LT$alloc..vec..Vec$LT$bevy_ecs..component..RequiredComponentConstructor$GT$$GT$17h73e07ab8e35fc978E.14403
0 420 12 6 180 15 0 140 0 0 40 7 0 0
fn=_ZN5alloc6string6String4push17h76e894d23c49512fE.18334
0 208 24 3 64 0 0 64 0 0 16 0 0 0
fn=_ZN81_$LT$core..str..pattern..CharSearcher$u20$as$u20$core..str..pattern..Searcher$GT$10next_match17h137c298f25cba38dE.20608
0 441 14 7 111 0 0 80 0 0 76 23 3 2
fn=_ZN88_$LT$bevy_app..main_schedule..Main$u20$as$u20$bevy_ecs..schedule..set..ScheduleLabel$GT$9as_dyn_eq17h88971bbdbc2a1ab7E.597
0 27 1 0 9 0 0 0 0 0 0 0 0 0
fn=_ZN8bevy_ecs5world13command_queue15RawCommandQueue20apply_or_drop_queued17hf554607b1c552d4bE.2605
0 390 45 3 165 39 0 165 0 0 15 4 0 0
fn=_ZN8bevy_ecs5world5World12resource_mut17h755d685b6d2038b2E.1071
0 434 5 5 147 4 0 63 2 0 49 22 0 0
fn=_ZN8bevy_ecs6bundle14BundleInserter11new_with_id17h5aadbb6d6ea1afa6E.11821
0 850000 10 10 180000 18 0 160000 0 0 110000 14 0 0
fn=_ZN92_$LT$bevy_ecs..event..update..EventUpdates$u20$as$u20$bevy_ecs..schedule..set..SystemSet$GT$9as_dyn_eq17h83d1d22e6a61f4fbE.1806
0 15 0 0 5 0 0 0 0 0 0 0 0 0
fn=_ZN9hashbrown3map9make_hash17h378f1d7b4d0a82edE.6491
0 704 4 4 160 4 4 48 0 0 64 11 0 0
fn=_ZN9hashbrown3map9make_hash17h906cb36c460b0da2E.7459
0 2112 5 5 480 0 0 144 0 0 192 37 0 0
fn=_ZN9hashbrown3raw21RawTable$LT$T$C$A$GT$6insert17hc532d1d23b3689f1E.2600
0 3300 89 6 870 3 0 480 10 0 240 71 0 0
fn=__cpu_indicator_init
0 355 37 37 39 3 2 11 0 0 108 28 1 1
fn=alloc::collections::btree::map::BTreeMap<K,V,A>::insert
0 320 32 7 96 0 0 128 23 3 16 4 16 11
fn=alloc::collections::btree::map::IntoIter<K,V,A>::dying_next
0 696 88 11 216 0 0 216 0 0 80 22 8 8
fn=alloc::ffi::c_str::CString::_from_vec_unchecked
0 1248 5 4 448 0 0 320 0 0 128 0 0 0
fn=alloc::fmt::format::format_inner
0 70900 1316 7 14352 737 15 11124 387 0 8768 802 190 16
fn=alloc::raw_vec::RawVec<T,A>::grow_one
0 1669915 4226 87 272513 227 0 280086 581 10 132417 6607 0 0
fn=alloc::raw_vec::RawVec<T,A>::reserve::do_reserve_and_handle
0 816405 2867 47 135483 25 0 137284 599 4 65952 1099 0 0
fn=alloc::raw_vec::RawVec<T,A>::shrink_unchecked
0 1080 18 4 312 0 0 304 0 0 120 10 40 5
fn=alloc::raw_vec::finish_grow
0 2990921 1586 16 739490 1061 0 718793 875 8 458312 2763 80283 47
fn=alloc::string::String::from_utf8_lossy
0 816 40 9 240 0 0 288 0 0 48 2 0 0
fn=alloc::sync::Arc<T,A>::drop_slow
0 1474 131 34 626 44 2 251 0 0 308 81 105 50
fn=alloc::task::raw_waker::clone_waker
0 3100 22 1 1860 228 0 0 0 0 1240 84 0 0
fn=alloc::task::raw_waker::drop_waker
0 415 138 1 413 4 0 0 0 0 276 26 0 0
fn=alloc::task::raw_waker::wake
0 4268 252 1 1940 0 0 1552 0 0 776 66 0 0
fn=alloc::task::raw_waker::wake_by_ref
0 22 0 0 0 0 0 0 0 0 0 0 0 0
fn=alloc::vec::Vec<T,A>::dedup_by
0 288 24 3 128 0 0 96 0 0 16 7 0 0
fn=alloc::vec::Vec<T,A>::into_boxed_slice
0 3176 60 10 1352 0 0 880 13 1 216 49 24 1
fn=alloc::vec::Vec<T,A>::resize_with
0 450 29 12 85 3 0 76 6 0 56 10 0 0
fn=async_executor::Executor::spawn
0 462858 1101 8 155859 1845 0 122799 2901 18 66122 162 9446 274
fn=async_executor::Executor::state_ptr::alloc_state
0 2584 15 9 612 1 0 1292 1 0 102 2 102 3
fn=async_executor::Runner::new
0 137320 152 23 18784 124 96 35236 4580 4577 33216 53 96 3
fn=async_executor::Ticker::sleep
0 177690 1401 10 44588 2756 0 14514 469 8 38112 1997 451 115
fn=async_executor::Ticker::wake
0 126132 947 7 44173 1666 0 33606 110 0 14509 648 0 0
fn=async_executor::steal
0 914391 2245 16 251872 65750 51902 121062 3 0 147561 2382 0 0
fn=async_task::header::Header<M>::register
0 6302 548 4 1644 16 0 1096 0 0 822 15 137 42
fn=async_task::raw::RawTask<F,T,S,M>::clone_waker
0 33061 137 1 14169 0 0 0 0 0 9446 501 0 0
fn=async_task::raw::RawTask<F,T,S,M>::destroy
0 51953 137 1 28338 65 0 4723 0 0 14169 4 4723 2
fn=async_task::raw::RawTask<F,T,S,M>::drop_waker
0 160582 436 3 56676 344 0 28338 0 0 18892 122 0 0
fn=async_task::raw::RawTask<F,T,S,M>::get_output
0 9446 137 1 4723 0 0 0 0 0 0 0 0 0
fn=async_task::raw::RawTask<F,T,S,M>::run
0 478941 1103 8 123757 2645 0 90011 450 0 61810 326 137 137
fn=async_task::raw::RawTask<F,T,S,M>::schedule
0 113352 280 2 28338 0 0 23615 0 0 14169 243 0 0
fn=bevy_app::app::App::plugins_state
0 55 7 7 20 0 0 14 0 0 5 3 0 0
fn=bevy_app::sub_app::SubApp::new
0 175 19 18 43 0 0 54 7 7 11 7 3 2
fn=bevy_ecs::archetype::Archetypes::get_id_or_insert
0 9198 549 37 2177 76 0 2346 112 7 631 197 46 18
fn=bevy_ecs::bundle::BundleInfo::add_bundle_to_archetype
0 864877 263 58 301662 198 0 241282 75 0 60474 133 10 2
fn=bevy_ecs::bundle::BundleInfo::new
0 2616 115 34 650 42 0 384 9 0 324 91 30 9
fn=bevy_ecs::bundle::BundleSpawner::spawn
0 27825000 260 26 11725000 114 0 6975000 43760 16494 1950000 29 450000 25
fn=bevy_ecs::bundle::Bundles::init_info
0 881255 128 36 280360 116 3 120266 7 0 60074 31 1 1
fn=bevy_ecs::component::ComponentDescriptor::drop_ptr
0 379 31 11 118 19 0 100 0 0 31 16 5 2
fn=bevy_ecs::component::Components::get_or_insert_resource_with
0 76 7 7 17 1 0 26 0 0 3 2 1 1
fn=bevy_ecs::component::Components::init_component
0 90540 1090 62 30104 713 7 13082 29 0 6453 292 10 7
fn=bevy_ecs::entity::Entities::alloc
0 4810096 48 4 1665009 51 1 1110020 57819 40693 555003 60 0 0
fn=bevy_ecs::entity::Entities::flush
0 372627 57 4 110781 13 0 130923 30 0 30213 39 0 0
fn=bevy_ecs::intern::Interner<T>::intern
0 654324 1808 88 215918 2421 42 135623 70 2 55705 1408 24513 2173
fn=bevy_ecs::observer::Observers::update_archetype_flags
0 525 32 5 225 24 0 125 0 0 100 18 0 0
fn=bevy_ecs::query::access::Access<T>::get_conflicts
0 219450 990 18 34200 104 0 55575 10 0 17100 24 0 0
fn=bevy_ecs::query::access::Access<T>::is_compatible
0 11935647 2838 11 5346959 62169 0 1238554 0 0 2263274 355 0 0
fn=bevy_ecs::query::access::FilteredAccess<T>::add_component_read
0 62118 63 3 18207 0 0 8568 0 0 5355 90 0 0
fn=bevy_ecs::query::access::FilteredAccess<T>::add_component_write
0 71400 250 5 21000 0 0 9450 0 0 6300 182 0 0
fn=bevy_ecs::query::access::FilteredAccess<T>::extend
0 399000 1633 23 67032 72 0 11172 0 0 27132 1684 0 0
fn=bevy_ecs::query::access::FilteredAccess<T>::matches_everything
0 225939 460 5 59682 0 0 136416 344 0 4263 171 4263 92
fn=bevy_ecs::query::access::FilteredAccessSet<T>::add
0 459540 1409 16 86919 1071 0 30312 0 0 27195 441 2667 92
fn=bevy_ecs::query::state::QueryState<D,F>::new_archetype_internal
0 759330 2293 36 230193 11084 0 107496 42 0 89319 2636 0 0
fn=bevy_ecs::query::state::QueryState<D,F>::update_archetype_component_access
0 731853 1993 28 170736 8954 0 84819 17 0 77130 1448 0 0
fn=bevy_ecs::removal_detection::RemovedComponentEvents::send
0 440102 8 8 150027 30 0 100034 2500 452 30006 15 1 1
fn=bevy_ecs::schedule::config::NodeConfigs<T>::distributive_run_if_inner
0 144480 220 10 39480 0 0 40320 0 0 14280 1459 0 0
fn=bevy_ecs::schedule::config::NodeConfigs<T>::in_set_inner
0 30 3 3 8 0 0 9 0 0 2 1 0 0
fn=bevy_ecs::schedule::config::NodeConfigs<T>::run_if_dyn
0 2975 255 6 935 0 0 935 0 0 170 5 0 0
fn=bevy_ecs::schedule::config::NodeConfigs<alloc::boxed::Box<dyn bevy_ecs::system::system::System+In = ()+Out = ()>>::new_system
0 170716 492 3 42679 485 5 91455 1541 0 0 0 6097 466
fn=bevy_ecs::schedule::config::new_condition
0 235620 652 28 24633 0 0 157437 2 0 4284 0 11781 71
fn=bevy_ecs::schedule::executor::__rust_begin_short_backtrace::readonly_run_unsafe
0 38556 89 0 12852 0 0 12852 0 0 0 0 4284 24
fn=bevy_ecs::schedule::executor::__rust_begin_short_backtrace::run_unsafe
0 30138 97 1 10046 0 0 10046 0 0 0 0 5023 51
fn=bevy_ecs::schedule::executor::multi_threaded::Context::system_completed
0 321447 1369 11 104015 2765 0 61391 567 0 37768 539 0 0
fn=bevy_ecs::schedule::executor::multi_threaded::Context::tick_executor
0 26920402 16321 150 5950045 40769 1 895229 6635 0 2025300 17108 30350 1356
fn=bevy_ecs::schedule::executor::multi_threaded::apply_deferred
0 103155 1085 7 26427 1100 0 11642 0 0 11310 373 4723 242
fn=bevy_ecs::schedule::executor::single_threaded::SingleThreadedExecutor::apply_deferred
0 6239 41 7 1374 8 1 718 0 0 734 30 305 10
fn=bevy_ecs::schedule::graph_utils::check_graph
0 42197586 24321 120 12425563 48656 2 5411725 296729 4565 5623731 54700 20764 55
fn=bevy_ecs::schedule::schedule::Schedule::add_systems
0 33600 1414 52 5700 93 0 21450 264 0 750 155 1050 109
fn=bevy_ecs::schedule::schedule::Schedule::new
0 177 20 20 21 0 0 102 4 0 0 0 6 5
fn=bevy_ecs::schedule::schedule::Schedule::run
0 593595 6560 62 224630 15618 2 97823 4592 0 80590 1690 11094 1919
fn=bevy_ecs::schedule::schedule::ScheduleGraph::add_set
0 39573 2135 13 11610 154 4 10221 395 0 2160 109 540 422
fn=bevy_ecs::schedule::schedule::ScheduleGraph::build_schedule
0 16848388 19684 127 4707017 104339 3 2683845 5652 12 2811576 10973 787230 1767
fn=bevy_ecs::schedule::schedule::ScheduleGraph::build_schedule_inner
0 1147995 9118 56 347414 5827 0 174736 5106 0 140427 3661 1793 500
fn=bevy_ecs::schedule::schedule::ScheduleGraph::configure_set_inner
0 369 13 13 132 0 0 90 1 0 24 14 7 3
fn=bevy_ecs::schedule::schedule::ScheduleGraph::new
0 13416 1494 9 2408 114 0 8256 751 3 0 0 516 168
fn=bevy_ecs::schedule::schedule::ScheduleGraph::process_configs
0 626928 5270 57 202415 202 0 201649 218 0 50428 4811 3 1
fn=bevy_ecs::schedule::schedule::ScheduleGraph::topsort_graph
0 800471 4564 17 213251 2545 0 103975 3917 0 127748 3809 1956 34
fn=bevy_ecs::schedule::schedule::ScheduleGraph::update_graphs
0 2758136 7735 48 878414 975 2 462125 553 0 216108 2873 77873 5684
fn=bevy_ecs::schedule::schedule::Schedules::insert
0 368 10 10 118 3 2 82 2 0 18 9 9 7
fn=bevy_ecs::schedule::schedule::make_executor
0 12556 1503 10 1204 479 0 7740 919 6 688 209 344 23
fn=bevy_ecs::schedule::set::SystemSet::system_type
0 9 0 0 3 0 0 3 0 0 0 0 0 0
fn=bevy_ecs::storage::blob_vec::BlobVec::grow_exact
0 6831 103 4 1716 210 0 1287 66 0 814 84 143 6
fn=bevy_ecs::storage::sparse_set::SparseSet<I,V>::get_or_insert_with
0 32266 116 29 12197 69 0 6785 11 0 2247 35 21 7
fn=bevy_ecs::storage::sparse_set::SparseSet<I,V>::insert
0 1833 21 5 518 0 0 418 1 0 175 38 25 3
fn=bevy_ecs::storage::sparse_set::SparseSets::get_or_insert
0 6180 135 9 1935 24 0 1605 9 0 660 106 240 36
fn=bevy_ecs::storage::table::Column::with_capacity
0 4615 95 6 1325 18 0 1860 13 0 375 114 120 26
fn=bevy_ecs::storage::table::Table::allocate
0 30643522 71 10 11195600 144 0 7540598 162026 52265 3885433 175203 0 0
fn=bevy_ecs::storage::table::Table::move_to_superset_unchecked
0 1225000 8 8 490000 3807 0 310000 14 0 65000 2 20000 2
fn=bevy_ecs::storage::table::Table::reserve
0 7357 64 7 1365 185 0 1274 274 0 903 83 0 0
fn=bevy_ecs::storage::table::TableBuilder::build
0 1375 127 6 450 0 0 600 0 0 50 12 0 0
fn=bevy_ecs::storage::table::TableBuilder::with_capacity
0 885 55 4 215 0 0 370 6 0 55 21 20 6
fn=bevy_ecs::storage::table::Tables::get_id_or_insert
0 4965 137 28 1570 27 0 1101 70 0 408 120 45 5
fn=bevy_ecs::system::system::System::type_id
0 900 5 1 300 0 0 0 0 0 0 0 0 0
fn=bevy_ecs::system::system_param::assert_component_access_compatibility
0 70224 284 4 17556 0 0 27132 5 0 4788 87 0 0
fn=bevy_ecs::world::entity_ref::EntityWorldMut::remove_bundle
0 4330229 67 67 1545060 10904 0 775049 3111 0 565028 70 20001 3
fn=bevy_reflect::impls::std::_::<impl bevy_reflect::type_path::TypePath for alloc::string::String>::type_ident
0 3 0 0 1 0 0 0 0 0 0 0 0 0
fn=bevy_reflect::impls::std::_::<impl bevy_reflect::type_path::TypePath for bool>::type_ident
0 3 1 1 1 0 0 0 0 0 0 0 0 0
fn=bevy_reflect::impls::std::_::<impl bevy_reflect::type_path::TypePath for char>::type_ident
0 3 1 1 1 0 0 0 0 0 0 0 0 0
fn=bevy_reflect::impls::std::_::<impl bevy_reflect::type_path::TypePath for f32>::type_ident
0 3 0 0 1 0 0 0 0 0 0 0 0 0
fn=bevy_reflect::impls::std::_::<impl bevy_reflect::type_path::TypePath for f64>::type_ident
0 3 0 0 1 0 0 0 0 0 0 0 0 0
fn=bevy_reflect::impls::std::_::<impl bevy_reflect::type_path::TypePath for i128>::type_ident
0 3 0 0 1 0 0 0 0 0 0 0 0 0
fn=bevy_reflect::impls::std::_::<impl bevy_reflect::type_path::TypePath for i16>::type_ident
0 3 0 0 1 0 0 0 0 0 0 0 0 0
fn=bevy_reflect::impls::std::_::<impl bevy_reflect::type_path::TypePath for i32>::type_ident
0 3 0 0 1 0 0 0 0 0 0 0 0 0
fn=bevy_reflect::impls::std::_::<impl bevy_reflect::type_path::TypePath for i64>::type_ident
0 3 0 0 1 0 0 0 0 0 0 0 0 0
fn=bevy_reflect::impls::std::_::<impl bevy_reflect::type_path::TypePath for i8>::type_ident
0 3 0 0 1 0 0 0 0 0 0 0 0 0
fn=bevy_reflect::impls::std::_::<impl bevy_reflect::type_path::TypePath for isize>::type_ident
0 3 0 0 1 0 0 0 0 0 0 0 0 0
fn=bevy_reflect::impls::std::_::<impl bevy_reflect::type_path::TypePath for u128>::type_ident
0 3 0 0 1 0 0 0 0 0 0 0 0 0
fn=bevy_reflect::impls::std::_::<impl bevy_reflect::type_path::TypePath for u16>::type_ident
0 3 1 1 1 0 0 0 0 0 0 0 0 0
fn=bevy_reflect::impls::std::_::<impl bevy_reflect::type_path::TypePath for u8>::type_ident
0 3 1 1 1 0 0 0 0 0 0 0 0 0
fn=bevy_reflect::type_registry::TypeRegistration::insert
0 2006 15 15 544 0 0 527 0 0 170 10 85 5
fn=bevy_reflect::type_registry::TypeRegistry::update_registration_indices
0 1343 9 9 538 0 0 335 0 0 74 22 17 17
fn=bevy_tasks::task_pool::TaskPool::scope_with_executor_inner::{{closure}}::{{closure}}
0 153609 866 6 37034 303 1 26903 1 0 24163 62 274 274
fn=bevy_tasks::thread_executor::ThreadExecutor::new
0 19 2 2 9 3 0 3 0 0 7 2 0 0
fn=bevy_tasks::thread_executor::ThreadExecutor::ticker
0 3425 274 2 1644 529 0 411 0 0 959 292 0 0
fn=bevy_tasks::thread_executor::ThreadExecutorTicker::tick::{{closure}}
0 22470 1238 9 5891 607 2 6851 230 0 959 169 822 407
fn=clap::app::parser::Parser::add_arg
0 22024 248 31 5512 24 6 7952 9 2 2208 212 840 54
fn=clap::app::parser::Parser::add_arg_groups
0 3496 16 2 1472 0 0 1288 16 2 184 23 0 0
fn=clap::app::parser::Parser::add_single_val_to_arg
0 2840 152 21 752 3 0 672 1 1 176 35 8 8
fn=clap::app::parser::Parser::add_val_to_arg
0 1080 32 5 320 1 0 240 0 0 80 0 0 0
fn=clap::app::parser::Parser::create_help_and_version
0 3696 112 14 872 4 0 192 25 2 1176 161 8 0
fn=clap::app::parser::Parser::derive_display_order
0 112 16 2 48 0 0 24 0 0 16 1 0 0
fn=clap::app::parser::Parser::get_matches_with
0 12040 632 102 3016 13 0 1056 0 0 2560 487 56 28
fn=clap::app::parser::Parser::groups_for_arg
0 2352 24 3 896 0 0 784 0 0 112 39 0 0
fn=clap::app::parser::Parser::is_new_arg
0 592 32 6 152 0 0 96 0 0 104 22 0 0
fn=clap::app::parser::Parser::parse_opt
0 744 96 19 152 0 0 144 0 0 88 19 0 0
fn=clap::app::parser::Parser::possible_subcommand
0 592 32 5 176 0 0 160 0 0 48 12 0 0
fn=clap::app::parser::Parser::propagate_globals
0 32 16 2 16 0 0 0 0 0 8 3 0 0
fn=clap::app::parser::Parser::propagate_settings
0 32 8 2 16 0 0 0 0 0 8 2 0 0
fn=clap::app::parser::Parser::with_name
0 568 80 15 80 0 0 464 87 10 0 0 0 0
fn=clap::app::usage::create_help_usage
0 4240 416 95 872 6 0 744 2 0 672 120 40 16
fn=clap::app::usage::create_usage_no_title
0 192 32 4 56 0 0 48 0 0 16 9 0 0
fn=clap::app::usage::create_usage_with_title
0 432 32 4 120 0 0 136 0 0 24 3 24 14
fn=clap::app::usage::get_required_usage_from
0 1528 248 49 280 0 0 488 55 2 152 50 16 9
fn=clap::app::validator::Validator::validate
0 22456 824 133 7232 55 2 2880 0 0 4264 752 200 58
fn=clap::app::validator::Validator::validate_required
0 272 40 8 88 1 0 104 0 0 24 4 0 0
fn=clap::args::arg::Arg::conflicts_with
0 528 32 4 144 0 0 176 0 0 32 8 32 6
fn=clap::args::arg::Arg::conflicts_with_all
0 864 32 4 240 0 0 264 0 0 24 0 24 5
fn=clap::args::arg::Arg::possible_values
0 888 24 3 288 0 0 312 0 0 24 2 24 5
fn=clap::args::arg::Arg::short
0 1440 40 5 240 41 10 144 0 0 240 8 48 2
fn=clap::args::arg::Arg::with_name
0 6072 40 5 184 0 0 5336 64 11 0 0 0 0
fn=clap::args::arg_builder::positional::PosBuilder::name_no_brackets
0 296 48 10 104 6 0 104 2 0 24 6 8 4
fn=clap::args::arg_matcher::ArgMatcher::add_index_to
0 1320 24 3 480 0 0 320 0 0 120 26 80 15
fn=clap::args::arg_matcher::ArgMatcher::add_val_to
0 3844 72 9 1082 0 0 960 39 2 360 40 160 15
fn=clap::args::arg_matcher::ArgMatcher::entry
0 5760 56 7 1752 8 0 1856 18 3 240 63 40 5
fn=clap::args::arg_matcher::ArgMatcher::fill_in_global_values
0 224 40 5 80 0 0 72 0 0 24 5 0 0
fn=clap::args::arg_matcher::ArgMatcher::inc_occurrence_of
0 1024 48 6 368 0 0 224 0 0 64 5 16 8
fn=clap::args::arg_matcher::ArgMatcher::needs_more_vals
0 2560 64 8 896 0 0 448 0 0 224 74 32 3
fn=clap::args::arg_matcher::ArgMatcher::process_arg_overrides
0 1016 32 4 272 16 2 304 0 0 80 21 24 16
fn=clap::args::arg_matches::ArgMatches::is_present
0 4686 88 12 1586 0 0 968 0 0 356 45 0 0
fn=clap::args::arg_matches::ArgMatches::value_of
0 3550 88 10 1250 61 0 736 0 0 268 63 32 3
fn=concurrent_queue::ConcurrentQueue<T>::pop
0 2084760 2462 24 619800 8818 680 302860 700 0 289316 5193 251 0
fn=concurrent_queue::ConcurrentQueue<T>::push
0 542450 2511 18 143108 1839 0 76597 1405 0 95238 994 389 140
fn=core::core_arch::x86::xsave::_xgetbv
0 8 1 1 2 0 0 1 0 0 0 0 0 0
fn=core::ffi::c_str::CStr::from_bytes_with_nul
0 869 15 5 128 3 1 41 0 0 231 60 0 0
fn=core::fmt::Formatter::pad
0 38454 375 2 14586 8 0 7956 66 0 1326 24 1326 9
fn=core::fmt::Formatter::pad_formatted_parts
0 528 24 6 216 0 0 144 0 0 24 2 0 0
fn=core::fmt::Formatter::pad_integral
0 25536 1451 9 6375 170 0 4974 281 0 2717 176 588 103
fn=core::fmt::Formatter::pad_integral::write_prefix
0 7800 352 2 2340 0 0 1950 1 0 780 169 0 0
fn=core::fmt::Formatter::write_formatted_parts
0 1928 48 12 512 0 0 232 0 0 352 45 64 10
fn=core::fmt::float::<impl core::fmt::Display for f64>::fmt
0 288 8 2 96 1 0 24 0 0 24 6 0 0
fn=core::fmt::float::float_to_decimal_common_shortest
0 2376 72 18 216 0 0 408 0 0 144 25 0 0
fn=core::fmt::num::imp::<impl core::fmt::Display for i32>::fmt
0 8593 646 4 1071 172 1 941 131 0 687 61 0 0
fn=core::fmt::num::imp::<impl core::fmt::Display for u16>::fmt
0 413 8 4 48 4 0 43 1 0 31 12 0 0
fn=core::fmt::num::imp::<impl core::fmt::Display for u32>::fmt
0 1158 17 4 116 0 0 114 0 0 92 12 0 0
fn=core::fmt::num::imp::<impl core::fmt::Display for u64>::fmt
0 4672 73 10 522 25 5 470 2 0 402 92 0 0
fn=core::fmt::write
0 74217 1484 8 25509 23 0 17508 393 0 9816 1454 2925 1123
fn=core::hash::BuildHasher::hash_one
0 230860 2743 37 22888 186 1 24900 32 3 0 0 0 0
fn=core::hash::Hasher::write_isize
0 63 1 1 18 0 0 9 0 0 0 0 0 0
fn=core::hash::Hasher::write_usize
0 896 7 7 128 0 0 112 0 0 96 29 0 0
fn=core::iter::traits::iterator::Iterator::try_fold
0 556 6 6 93 0 0 44 0 0 108 29 0 0
fn=core::num::<impl core::str::traits::FromStr for usize>::from_str
0 32 4 4 4 0 0 3 0 0 5 1 0 0
fn=core::num::flt2dec::digits_to_dec_str
0 624 24 6 72 0 0 216 0 0 96 4 0 0
fn=core::num::flt2dec::strategy::grisu::format_shortest
0 7672 192 48 856 8 2 1232 17 3 432 86 0 0
fn=core::ops::function::FnOnce::call_once{{vtable.shim}}
0 1408 128 4 448 89 0 576 0 0 128 2 0 0
fn=core::ops::function::impls::<impl core::ops::function::FnMut<A> for &mut F>::call_mut
0 54621 105 5 16065 730 0 2142 0 0 8568 28 0 0
fn=core::ptr::drop_in_place<(bevy_ecs::intern::Interned<dyn bevy_ecs::schedule::set::ScheduleLabel>,bevy_ecs::schedule::schedule::Schedule)>
0 360 9 9 146 12 0 78 0 0 52 12 30 8
fn=core::ptr::drop_in_place<[regex_syntax::hir::Hir]>
0 136 16 2 56 0 0 56 0 0 8 8 0 0
fn=core::ptr::drop_in_place<alloc::vec::Vec<(bevy_ecs::schedule::graph_utils::NodeId,bevy_ecs::schedule::graph_utils::NodeId,alloc::vec::Vec<bevy_ecs::component::ComponentId>)>>
0 3423 326 1 1630 218 0 815 0 0 326 13 0 0
fn=core::ptr::drop_in_place<async_channel::Receiver<()>>
0 15 2 2 9 0 0 3 0 0 4 0 0 0
fn=core::ptr::drop_in_place<async_channel::Recv<()>>
0 9 2 2 3 0 0 3 0 0 1 1 0 0
fn=core::ptr::drop_in_place<bevy_app::app::App>
0 80 8 8 26 7 0 14 1 0 10 3 3 3
fn=core::ptr::drop_in_place<bevy_ecs::archetype::Archetype>
0 1084 59 8 477 63 0 222 0 0 211 86 46 9
fn=core::ptr::drop_in_place<bevy_ecs::archetype::Archetypes>
0 640 45 3 150 11 0 160 0 0 55 6 15 14
fn=core::ptr::drop_in_place<bevy_ecs::bundle::Bundles>
0 792 105 7 287 42 1 148 0 0 129 40 18 10
fn=core::ptr::drop_in_place<bevy_ecs::component::Components>
0 925 90 6 328 14 0 150 0 0 118 25 43 16
fn=core::ptr::drop_in_place<bevy_ecs::observer::Observers>
0 510 90 6 75 0 0 135 0 0 60 17 0 0
fn=core::ptr::drop_in_place<bevy_ecs::query::access::Access<bevy_ecs::archetype::ArchetypeComponentId>>
0 290170 673 2 153390 33370 2 27845 0 0 97700 492 8305 21
fn=core::ptr::drop_in_place<bevy_ecs::query::access::FilteredAccess<bevy_ecs::component::ComponentId>>
0 111720 548 3 46284 1714 1 22344 0 0 19152 188 6384 94
fn=core::ptr::drop_in_place<bevy_ecs::query::state::QueryState<(&ecs::iteration::iter_simple::Velocity,&mut ecs::iteration::iter_simple::Position)>>
0 3150 50 2 1650 274 0 900 0 0 450 27 450 26
fn=core::ptr::drop_in_place<bevy_ecs::removal_detection::RemovedComponentEvents>
0 390 60 8 187 12 1 78 0 0 63 9 4 4
fn=core::ptr::drop_in_place<bevy_ecs::schedule::executor::SystemSchedule>
0 84961 2626 16 23035 6102 0 3658 0 0 28722 1526 978 221
fn=core::ptr::drop_in_place<bevy_ecs::schedule::executor::multi_threaded::MultiThreadedExecutor>
0 39382 1012 7 5624 720 0 8262 0 0 7858 622 1422 519
fn=core::ptr::drop_in_place<bevy_ecs::schedule::executor::simple::SimpleExecutor>
0 8 1 1 4 0 0 1 0 0 2 2 0 0
fn=core::ptr::drop_in_place<bevy_ecs::schedule::executor::single_threaded::SingleThreadedExecutor>
0 115 13 3 65 12 0 15 0 0 30 10 10 5
fn=core::ptr::drop_in_place<bevy_ecs::schedule::graph_utils::CheckGraphResults<bevy_ecs::schedule::graph_utils::NodeId>>
0 3423 326 2 1467 235 0 652 0 0 652 231 326 29
fn=core::ptr::drop_in_place<bevy_ecs::schedule::schedule::Dag>
0 97268 672 9 25913 10393 5 9089 0 0 27532 1020 7695 448
fn=core::ptr::drop_in_place<bevy_ecs::schedule::schedule::Schedule>
0 26856 1494 9 9071 2136 1 4805 0 0 5029 190 2789 407
fn=core::ptr::drop_in_place<bevy_ecs::storage::Storages>
0 1035 60 4 240 13 0 240 0 0 120 19 45 10
fn=core::ptr::drop_in_place<bevy_ecs::storage::resource::Resources<_>>
0 785 75 5 382 27 0 191 0 0 105 26 39 7
fn=core::ptr::drop_in_place<bevy_ecs::storage::sparse_set::ComponentSparseSet>
0 2460 44 3 1260 139 0 540 0 0 420 69 180 7
fn=core::ptr::drop_in_place<bevy_ecs::storage::table::Table>
0 1845 68 12 795 73 0 380 0 0 275 54 115 12
fn=core::ptr::drop_in_place<bevy_ecs::storage::table::Tables>
0 877 57 6 228 23 0 159 0 0 108 34 29 8
fn=core::ptr::drop_in_place<bevy_ecs::system::exclusive_function_system::ExclusiveFunctionSystem<fn(),bevy_app::main_schedule::FixedMain::run_fixed_main>>
0 2 1 1 0 0 0 0 0 0 0 0 0 0
fn=core::ptr::drop_in_place<bevy_ecs::system::exclusive_function_system::ExclusiveFunctionSystem<fn(bevy_ecs::system::system_param::Local<bevy_ecs::component::Tick>),bevy_ecs::event::update::event_update_system>>
0 37 4 3 13 3 0 5 0 0 8 7 0 0
fn=core::ptr::drop_in_place<bevy_ecs::system::function_system::FunctionSystem<fn() .> bool,ecs::scheduling::run_condition::no>>
0 6404 51 0 0 0 0 0 0 0 0 0 0 0
fn=core::ptr::drop_in_place<bevy_ecs::system::function_system::FunctionSystem<fn(),ecs::components::archetype_updates::setup::empty>>
0 9168 84 0 0 0 0 0 0 0 0 0 0 0
fn=core::ptr::drop_in_place<bevy_ecs::system::function_system::FunctionSystem<fn(bevy_ecs::change_detection::Res<ecs::scheduling::run_condition::TestBool>) .> bool,ecs::scheduling::run_condition::run_condition_yes_with_resource::yes_with_resource>>
0 2142 21 1 0 0 0 0 0 0 0 0 0 0
fn=core::ptr::drop_in_place<bevy_ecs::system::function_system::FunctionSystem<fn(bevy_ecs::system::query::Query<&ecs::scheduling::run_condition::TestBool>) .> bool,ecs::scheduling::run_condition::run_condition_yes_with_query::yes_with_query>>
0 12852 42 2 2142 0 0 4284 0 0 0 0 0 0
fn=core::ptr::drop_in_place<bevy_ecs::system::function_system::FunctionSystem<fn(bevy_ecs::system::query::Query<(&mut ecs::scheduling::running_systems::A,&mut ecs::scheduling::running_systems::C)>,bevy_ecs::system::query::Query<(&mut ecs::scheduling::running_systems::B,&mut ecs::scheduling::running_systems::D)>),ecs::scheduling::running_systems::contrived::s_1>>
0 1275 50 1 225 56 0 375 0 0 75 0 0 0
fn=core::ptr::drop_in_place<bevy_ecs::system::function_system::FunctionSystem<fn(bevy_ecs::system::query::Query<(&mut ecs::scheduling::schedule::schedule::A,&mut ecs::scheduling::schedule::schedule::B)>),ecs::scheduling::schedule::schedule::ab>>
0 4500 100 2 750 0 0 1500 0 0 0 0 0 0
fn=core::ptr::drop_in_place<bevy_ecs::system::function_system::FunctionSystem<fn(core::option::Option<bevy_ecs::change_detection::Res<bevy_ecs::event::registry::EventRegistry>>) .> bool,bevy_ecs::event::update::event_update_condition>>
0 37 4 3 13 4 0 5 0 0 8 6 0 0
fn=core::ptr::drop_in_place<bevy_ecs::system::function_system::SystemMeta>
0 338059 763 11 108562 23191 0 62953 0 0 56737 509 2592 92
fn=core::ptr::drop_in_place<bevy_ecs::world::World>
0 548 60 4 143 27 0 169 0 0 45 20 34 7
fn=core::ptr::drop_in_place<bevy_tasks::task_pool::TaskPool::execute_scope<(),bevy_tasks::task_pool::TaskPool::scope_with_executor_inner<<bevy_ecs::schedule::executor::multi_threaded::MultiThreadedExecutor as bevy_ecs::schedule::executor::SystemExecutor>::run::{{closure}},()>::{{closure}}::{{closure}}>::{{closure}}>
0 1781 274 2 548 0 0 411 0 0 274 2 0 0
fn=core::ptr::drop_in_place<bevy_tasks::task_pool::TaskPoolBuilder>
0 18 3 3 6 0 0 3 0 0 3 2 0 0
fn=core::ptr::drop_in_place<clap::args::arg::Arg>
0 2760 16 3 720 0 0 600 0 0 240 2 0 0
fn=core::ptr::drop_in_place<clap::args::arg_builder::base::Base>
0 10408 48 3 2584 33 0 976 0 0 1600 191 48 11
fn=core::ptr::drop_in_place<clap::args::arg_matches::ArgMatches>
0 2040 64 8 560 14 0 272 0 0 320 99 136 24
fn=core::ptr::drop_in_place<concurrent_queue::ConcurrentQueue<async_task::runnable::Runnable>>
0 21 2 2 7 0 0 7 0 0 2 0 0 0
fn=core::ptr::drop_in_place<concurrent_queue::ConcurrentQueue<async_task::task::FallibleTask<core::result::Result<(),alloc::boxed::Box<dyn core::any::Any+core::marker::Send>>>>>
0 4898 632 5 1738 0 0 1106 0 0 632 10 137 21
fn=core::ptr::drop_in_place<concurrent_queue::ConcurrentQueue<bevy_ecs::schedule::executor::multi_threaded::SystemResult>>
0 6708 505 6 2008 564 0 860 0 0 976 45 153 153
fn=core::ptr::drop_in_place<core::cell::UnsafeCell<core::option::Option<regex_automata::meta::regex::Cache>>>
0 111 14 4 49 4 0 21 0 0 25 16 3 3
fn=core::ptr::drop_in_place<core::option::Option<(bevy_ecs::query::state::QueryState<&ecs::scheduling::run_condition::TestBool>,)>>
0 38556 106 3 18207 3782 0 9639 0 0 5355 82 3213 3
fn=core::ptr::drop_in_place<core::option::Option<(bevy_ecs::query::state::QueryState<(&mut ecs::scheduling::running_systems::A,&mut ecs::scheduling::running_systems::B)>,)>>
0 13500 200 2 6375 1194 0 3375 0 0 1875 129 1125 52
fn=core::ptr::drop_in_place<core::option::Option<bevy_ecs::archetype::AddBundle>>
0 251 8 4 104 12 0 63 0 0 41 3 20 5
fn=core::ptr::drop_in_place<core::option::Option<regex::regex::string::Regex>>
0 102 18 2 43 0 0 29 0 0 13 3 0 0
fn=core::ptr::drop_in_place<criterion::Criterion>
0 3998 47 26 566 143 0 258 0 0 650 67 208 9
fn=core::ptr::drop_in_place<criterion::benchmark_group::BenchmarkGroup<criterion::measurement::WallTime>>
0 2699 45 3 484 3 0 619 0 0 443 79 88 23
fn=core::ptr::drop_in_place<criterion::html::Html>
0 21 2 2 8 2 0 6 0 0 2 2 2 1
fn=core::ptr::drop_in_place<criterion::plot::gnuplot_backend::Gnuplot>
0 144 16 4 72 9 0 40 0 0 16 10 0 0
fn=core::ptr::drop_in_place<criterion::report::BenchmarkId>
0 11262 41 3 5664 415 0 2210 0 0 1866 61 1588 50
fn=core::ptr::drop_in_place<criterion::report::Reports>
0 84 8 4 32 7 0 24 0 0 8 0 8 8
fn=core::ptr::drop_in_place<petgraph::graphmap::GraphMap<bevy_ecs::schedule::graph_utils::NodeId,(),petgraph::Directed>>
0 477354 1175 3 122141 41586 0 33766 0 0 147844 4084 23635 187
fn=core::ptr::drop_in_place<petgraph::graphmap::GraphMap<bevy_ecs::schedule::graph_utils::NodeId,(),petgraph::Undirected>>
0 116 4 4 52 7 0 20 0 0 20 9 0 0
fn=core::ptr::drop_in_place<regex_automata::meta::regex::Builder::build_many_from_hir<regex_syntax::hir::Hir>::{{closure}}>
0 56 8 2 40 2 0 0 0 0 16 3 0 0
fn=core::ptr::drop_in_place<regex_automata::meta::regex::Cache>
0 128 16 8 56 7 0 24 0 0 28 12 4 2
fn=core::ptr::drop_in_place<regex_automata::meta::strategy::Pre<regex_automata::util::prefilter::memmem::Memmem>>
0 105 16 4 72 5 0 16 0 0 32 12 8 0
fn=core::ptr::drop_in_place<regex_automata::meta::wrappers::PikeVMCache>
0 49 14 4 21 0 0 7 0 0 7 3 0 0
fn=core::ptr::drop_in_place<regex_automata::util::captures::GroupInfoInner>
0 60 4 4 25 2 0 12 0 0 9 3 4 4
fn=core::ptr::drop_in_place<regex_automata::util::pool::Pool<regex_automata::meta::regex::Cache,alloc::boxed::Box<dyn core::ops::function::Fn<()>+Output = regex_automata::meta::regex::Cache+core::panic::unwind_safe::UnwindSafe+core::marker::Send+core::marker::Sync+core::panic::unwind_safe::RefUnwindSafe>>>
0 132 12 6 60 4 0 40 0 0 12 6 16 13
fn=core::ptr::drop_in_place<regex_syntax::ast::Ast>
0 184 32 8 72 8 2 48 0 0 8 1 16 7
fn=core::ptr::drop_in_place<regex_syntax::ast::parse::Parser>
0 400 48 12 168 0 0 64 0 0 64 27 0 0
fn=core::ptr::drop_in_place<regex_syntax::hir::HirKind>
0 312 40 7 112 16 4 48 0 0 24 0 24 24
fn=core::ptr::drop_in_place<std::process::Command>
0 88 9 9 35 0 0 18 0 0 17 8 5 4
fn=core::ptr::drop_in_place<std::sync::mutex::Mutex<async_executor::Sleepers>>
0 30 2 2 13 1 0 8 0 0 3 2 2 0
fn=core::ptr::drop_in_place<std::sync::mutex::Mutex<slab::Slab<core::task::wake::Waker>>>
0 22 3 3 10 0 0 7 0 0 2 2 0 0
fn=core::ptr::drop_in_place<std::sync::rwlock::RwLock<alloc::vec::Vec<alloc::sync::Arc<concurrent_queue::ConcurrentQueue<async_task::runnable::Runnable>>>>>
0 17 2 2 8 1 0 5 0 0 2 2 0 0
fn=core::ptr::drop_in_place<std::sync::rwlock::RwLock<bevy_reflect::type_registry::TypeRegistry>>
0 2649 11 11 671 92 6 215 0 0 434 43 105 4
fn=core::slice::memchr::memrchr
0 324 10 5 38 4 2 25 0 0 42 18 0 0
fn=core::str::<impl str>::find
0 220016 88 11 57152 0 0 26112 15 0 44040 3118 0 0
fn=core::str::<impl str>::trim_end_matches
0 120272 16 4 9536 0 0 0 0 0 36304 621 0 0
fn=core::str::<impl str>::trim_matches
0 131816 56 14 12632 0 0 4736 0 0 26848 1455 0 0
fn=core::str::<impl str>::trim_start_matches
0 752 40 10 88 0 0 32 0 0 144 23 0 0
fn=core::str::converts::from_utf8
0 3616 106 12 612 12 0 413 0 0 737 177 0 0
fn=core::str::pattern::StrSearcher::new
0 220344 160 40 25776 54 5 30384 17 0 29496 1763 1248 3
fn=criterion::Criterion<M>::benchmark_group
0 2255 97 17 478 12 0 1085 103 38 173 26 82 8
fn=criterion::Criterion<M>::configure_from_args
0 17782 1930 339 3784 123 9 6179 141 12 912 227 896 448
fn=criterion::bencher::Bencher<M>::iter
0 2080136 36 36 855035 14037 4606 375053 2520 1986 275007 58 10001 2
fn=criterion::benchmark_group::BenchmarkGroup<M>::bench_function
0 22865 1633 218 6192 505 2 5636 203 0 2057 446 1142 286
fn=criterion::benchmark_group::BenchmarkGroup<M>::bench_with_input
0 3255 173 48 974 49 1 782 25 0 273 37 156 55
fn=criterion::benchmark_group::BenchmarkId::new
0 1352 28 8 286 3 0 546 0 0 78 17 52 7
fn=criterion::html::Html::new
0 1402 144 27 310 39 0 396 66 7 72 8 0 0
fn=criterion::report::BenchmarkId::ensure_directory_name_unique
0 16866 921 6 5886 677 1 4267 0 0 982 194 1 1
fn=criterion::report::BenchmarkId::ensure_title_unique
0 17000 732 6 5904 192 2 4265 0 0 1006 93 1 1
fn=criterion::report::BenchmarkId::new
0 53610 3793 28 15715 25 0 19202 300 4 4387 558 1588 542
fn=criterion::report::make_filename_safe
0 233930 1687 10 39925 877 5 11602 0 0 32211 1689 10547 562
fn=ecs::components::add_remove_table::Benchmark::new
0 1560181 37 34 560043 143 2 270070 3786 3741 150007 40 10003 3
fn=ecs::components::archetype_updates::setup
0 17922 80 14 1332 13 0 11286 27 0 930 16 636 12
fn=ecs::components::components_benches
0 1955 180 170 412 14 3 575 18 8 138 29 98 79
fn=ecs::iteration::iter_simple
0 2392 234 234 683 3 3 535 0 0 200 58 131 99
fn=ecs::iteration::iterations_benches
0 3221 247 243 874 5 2 780 8 0 265 53 167 109
fn=ecs::main
0 12971 879 855 3176 14 9 3564 37 8 994 217 597 313
fn=ecs::observers::propagation::event_propagation
0 725 72 72 195 4 3 178 6 0 60 18 40 31
fn=ecs::scheduling::schedule::empty_schedule_run
0 854 83 83 224 8 1 222 13 6 71 28 49 41
fn=ecs::scheduling::scheduling_benches
0 25174581 11089 769 10170883 1854 8 5608714 88830 70313 1687048 1184 463355 1517
fn=ecs::world::entity_hash::entity_set_build_and_lookup
0 1379371 550 122 234809 30 6 162576 1832 27 88787 1022 29406 64
fn=ecs::world::world_get::world_query_get
0 1030 104 104 271 3 2 265 0 0 80 32 49 37
fn=fastrand::global_rng::random_seed
0 3744 133 9 512 1 0 512 0 0 224 4 0 0
fn=fixedbitset::FixedBitSet::grow::do_grow
0 1208895 629 4 268680 577 0 299745 0 0 58495 1894 0 0
fn=fixedbitset::FixedBitSet::is_disjoint
0 22235997 821 3 831961 2674 0 0 0 0 828786 2319 0 0
fn=fixedbitset::FixedBitSet::with_capacity
0 134361 872 5 25039 15 0 42877 2292 0 10749 1331 2520 2
fn=futures_lite::future::block_on
0 10586 1580 10 3318 58 0 3634 0 0 790 38 158 153
fn=getrandom::backends::linux_android_with_fallback::init
0 17 2 2 3 1 0 4 0 0 2 1 2 2
fn=hashbrown::map::Entry<K,V,S,A>::or_insert_with
0 858 42 6 288 0 0 159 8 0 73 23 0 0
fn=hashbrown::map::HashMap<K,V,S,A>::insert
0 2251289 4020 37 445721 781 0 313685 13362 17 157049 3079 2 2
fn=hashbrown::map::make_hash
0 1507 5 5 342 1 1 102 0 0 136 32 0 0
fn=hashbrown::raw::RawTable<T,A>::insert
0 2403 72 29 651 1 0 393 22 0 163 67 1 0
fn=hashbrown::raw::RawTable<T,A>::reserve_rehash
0 6712589 13766 337 970522 7541 0 682056 25546 74 743978 24999 29488 992
fn=hashbrown::raw::RawTableInner::drop_inner_table
0 31158 2129 49 8916 689 1 5131 0 0 3532 971 1056 234
fn=hashbrown::raw::RawTableInner::fallible_with_capacity
0 149710 2042 17 23408 811 0 27666 551 2 12709 1700 4258 11
fn=indexmap::map::IndexMap<K,V,S>::entry
0 592 10 10 100 0 0 76 0 0 16 0 0 0
fn=indexmap::map::IndexMap<K,V,S>::get
0 5577056 815 5 1326687 10104 0 530534 0 0 532613 5425 0 0
fn=indexmap::map::IndexMap<K,V,S>::get_index_of
0 5686692 1096 6 1396687 4208 0 557898 0 0 560705 1773 0 0
fn=indexmap::map::IndexMap<K,V,S>::hash
0 33596277 2813 14 3085213 0 0 4731498 378 0 0 0 0 0
fn=indexmap::map::IndexMap<K,V,S>::insert_full
0 2698993 2626 12 810053 503 0 456339 14127 2 215464 9342 0 0
fn=indexmap::map::core::RefMut<K,V>::insert_unique
0 7202121 2627 13 2166223 4 0 2074672 38063 5 399471 28054 0 0
fn=indexmap::map::core::entry::Entry<K,V>::or_insert_with
0 1370620 932 4 586722 0 0 245402 0 0 97787 509 267 0
fn=main
0 166 18 18 32 8 2 60 4 3 16 7 12 12
fn=memchr::arch::all::rabinkarp::is_equal_raw
0 41 2 2 9 0 0 0 0 0 11 5 0 0
fn=memchr::memmem::FinderBuilder::build_forward_with_ranker
0 5578 193 49 1130 40 9 594 56 18 880 115 0 0
fn=memchr::memmem::searcher::searcher_kind_sse2
0 37194 1200 13 8974 180 0 2699 0 0 5305 554 0 0
fn=once_cell::race::once_box::OnceBox<T>::init
0 60 6 6 15 0 0 16 0 0 7 5 2 2
fn=parking::Inner::unpark
0 17358 548 4 5564 511 0 1230 0 0 3924 117 388 11
fn=parking::Parker::park
0 23489 760 5 6506 314 0 2624 0 0 4439 637 0 0
fn=petgraph::algo::TarjanScc<N>::visit
0 3228044 2479 15 1043117 13831 0 690499 0 0 378046 3603 24902 6
fn=petgraph::graphmap::GraphMap<N,E,Ty,S>::add_edge
0 991080 1834 36 225581 84 0 220282 2306 0 73453 1524 0 0
fn=petgraph::graphmap::GraphMap<N,E,Ty,S>::remove_node
0 39101 2268 14 8914 0 0 4461 0 0 3949 1007 0 0
fn=petgraph::graphmap::GraphMap<N,E,Ty,S>::with_capacity
0 29197 1554 5 8827 738 0 15617 1192 3 679 0 0 0
fn=rand_chacha::guts::init_chacha::impl_avx
0 35 10 2 15 3 0 15 0 0 0 0 0 0
fn=rand_chacha::guts::refill_wide
0 17347 11 3 4565 0 0 2739 0 0 3652 5 0 0
fn=rand_chacha::guts::refill_wide::impl_avx
0 760529 82 22 73953 2 1 72127 0 0 3652 10 0 0
fn=rand_core::SeedableRng::seed_from_u64
0 715 50 10 65 0 0 185 0 0 10 3 0 0
fn=regex::regex::string::Regex::is_match_at
0 18338 1011 6 5912 1514 0 5252 0 0 2179 94 310 7
fn=regex_automata::meta::regex::Builder::build
0 32984 1136 284 8616 29 6 8960 101 9 3592 356 408 107
fn=regex_automata::meta::regex::Builder::build_many_from_hir::{{closure}}
0 91 14 4 42 9 0 14 3 0 0 0 7 1
fn=regex_automata::meta::strategy::Pre<P>::new
0 360 24 6 96 8 0 96 0 0 24 7 24 19
fn=regex_automata::meta::strategy::new
0 1424 168 42 400 17 4 280 80 24 184 59 40 32
fn=regex_automata::util::captures::GroupInfo::new
0 472 48 12 152 0 0 216 2 0 24 3 8 5
fn=regex_automata::util::captures::GroupInfoInner::add_first_group
0 720 64 16 224 11 0 256 0 0 72 20 8 8
fn=regex_automata::util::captures::GroupInfoInner::fixup_slot_ranges
0 272 24 6 24 0 0 24 0 0 56 10 0 0
fn=regex_automata::util::pool::inner::Pool<T,F>::get_slow
0 252 21 3 77 7 1 70 6 0 21 9 14 14
fn=regex_automata::util::prefilter::Choice::new
0 696 80 20 176 0 0 160 16 5 80 27 40 26
fn=regex_syntax::ast::Concat::into_ast
0 256 24 4 96 0 0 72 0 0 24 2 8 2
fn=regex_syntax::ast::parse::NestLimiter<P>::check
0 4920 104 19 1480 16 4 808 5 0 584 49 152 29
fn=regex_syntax::ast::parse::NestLimiter<P>::increment_depth
0 240 24 3 88 0 0 72 0 0 16 0 0 0
fn=regex_syntax::ast::parse::ParserI<P>::bump
0 6400 40 6 1784 0 0 1536 0 0 1024 54 0 0
fn=regex_syntax::ast::parse::ParserI<P>::bump_space
0 2448 8 1 1224 0 0 816 0 0 136 16 0 0
fn=regex_syntax::ast::parse::ParserI<P>::char
0 12640 16 2 4440 0 0 640 0 0 3120 61 0 0
fn=regex_syntax::ast::parse::ParserI<P>::pop_group_end
0 560 64 8 216 0 0 224 0 0 24 9 0 0
fn=regex_syntax::hir::Hir::concat
0 1456 160 33 392 0 0 432 39 4 128 50 48 29
fn=regex_syntax::hir::Hir::into_parts
0 368 32 8 104 0 0 192 15 1 8 0 16 16
fn=regex_syntax::hir::Hir::literal
0 352 32 8 64 0 0 168 0 0 16 2 8 4
fn=regex_syntax::hir::literal::Extractor::extract
0 568 80 11 176 8 2 152 41 17 56 11 32 23
fn=regex_syntax::hir::literal::PreferenceTrie::insert
0 8584 104 13 2200 0 0 1864 30 7 1208 184 0 0
fn=regex_syntax::hir::literal::PreferenceTrie::minimize
0 1544 48 6 416 0 0 264 8 4 320 43 144 8
fn=regex_syntax::hir::literal::Seq::optimize_by_preference
0 1736 224 28 424 24 4 208 0 0 352 106 16 10
fn=regex_syntax::hir::literal::Seq::union
0 624 64 16 152 0 0 152 3 0 56 12 0 0
fn=regex_syntax::hir::translate::HirFrame::unwrap_expr
0 264 24 3 88 0 0 72 0 0 16 3 0 0
fn=regex_syntax::hir::translate::TranslatorI::push
0 576 24 3 240 0 0 184 4 0 32 3 0 0
fn=slab::VacantEntry<T>::insert
0 146431 442 3 47129 2037 0 37891 82 0 18791 104 0 0
fn=std::io::buffered::bufwriter::BufWriter<W>::flush_buf
0 76 11 11 19 0 0 18 0 0 8 2 0 0
fn=std::io::default_read_to_end
0 206 11 11 43 1 0 31 0 0 27 14 3 1
fn=std::io::default_read_to_end::small_probe_read
0 142 7 7 40 0 0 34 0 0 9 6 6 3
fn=std::io::stdio::_print
0 197 14 7 51 3 1 49 0 0 30 14 0 0
fn=std::io::stdio::print_to_buffer_if_capture_used
0 63 4 2 24 2 0 18 0 0 3 3 0 0
fn=std::io::stdio::try_set_output_capture
0 1088 7 3 320 0 0 192 0 0 128 4 0 0
fn=std::path::Components::as_path
0 882 12 12 180 1 1 180 0 0 99 11 9 1
fn=std::path::Components::len_before_body
0 1335 43 5 295 9 2 0 0 0 209 31 43 6
fn=std::path::Components::parse_next_component_back
0 3670 28 3 529 0 0 208 0 0 874 81 0 0
fn=std::path::Path::starts_with
0 1522 8 8 528 0 0 587 0 0 101 16 0 0
fn=std::path::PathBuf::pop
0 44 3 3 8 0 0 11 0 0 4 1 0 0
fn=std::process::Command::output
0 91 9 9 28 0 0 33 0 0 8 5 0 0
fn=std::sync::once_lock::OnceLock<T>::initialize
0 297 22 21 43 0 0 85 0 0 21 10 0 0
fn=std::sys::backtrace::__rust_begin_short_backtrace
0 1067525 6998 84 233249 11776 4 213817 3989 352 162768 5965 7878 856
fn=std::sys::exit_guard::unique_thread_exit
0 31 4 4 12 0 0 6 0 0 6 3 1 1
fn=std::sys::pal::unix::args::imp::ARGV_INIT_ARRAY::init_wrapper
0 7 1 1 2 0 0 3 1 1 0 0 0 0
fn=std::sys::pal::unix::fd::FileDesc::read_to_end
0 145 10 10 29 0 0 30 0 0 15 6 1 1
fn=std::sys::pal::unix::fd::FileDesc::set_nonblocking
0 14 1 1 3 0 0 3 0 0 1 0 1 1
fn=std::sys::pal::unix::fs::File::open_c
0 417 14 7 114 1 0 60 3 2 57 25 9 3
fn=std::sys::pal::unix::fs::stat
0 39 4 4 10 0 0 9 0 0 3 2 2 2
fn=std::sys::pal::unix::fs::try_statx
0 315 10 10 78 2 0 123 7 0 9 8 3 1
fn=std::sys::pal::unix::os::env_read_lock
0 10 1 1 3 0 0 0 0 0 2 2 0 0
fn=std::sys::pal::unix::os::getenv
0 246 15 5 72 1 0 72 0 0 18 6 6 3
fn=std::sys::pal::unix::os::getenv::{{closure}}
0 234 12 4 78 2 0 54 0 0 30 4 6 2
fn=std::sys::pal::unix::os::glibc_version
0 138 11 11 30 1 0 25 0 0 22 8 2 2
fn=std::sys::pal::unix::pipe::read2
0 85 9 9 19 0 0 26 0 0 6 1 5 4
fn=std::sys::pal::unix::process::process_common::Command::arg
0 50 3 3 15 0 0 16 0 0 3 0 0 0
fn=std::sys::pal::unix::process::process_common::Command::new
0 131 9 9 26 1 1 44 5 5 22 7 4 4
fn=std::sys::pal::unix::process::process_common::Stdio::to_child_stdio
0 121 6 6 26 2 1 35 2 2 7 2 5 3
fn=std::sys::pal::unix::process::process_common::os2c
0 54 3 3 18 0 0 12 1 1 2 0 0 0
fn=std::sys::pal::unix::process::process_inner::<impl std::sys::pal::unix::process::process_common::Command>::spawn
0 338 40 40 102 5 1 68 2 2 39 15 15 15
fn=std::sys::pal::unix::process::process_inner::Process::wait
0 39 4 4 13 0 0 13 0 0 3 3 1 1
fn=std::sys::pal::unix::rand::hashmap_random_keys
0 46 6 6 13 2 1 8 0 0 5 2 1 1
fn=std::sys::pal::unix::stack_overflow::imp::make_handler
0 3225 16 8 718 32 0 974 128 96 325 4 325 15
fn=std::sys::pal::unix::thread::Thread::new
0 2211 6 6 448 2 0 641 0 0 225 11 192 6
fn=std::sys::pal::unix::thread::Thread::new::thread_start
0 480 2 2 96 61 0 224 32 32 0 0 32 1
fn=std::sys::pal::unix::thread::Thread::set_name
0 1936 4 3 246 25 0 246 0 0 278 43 64 2
fn=std::sys::pal::unix::time::Timespec::now
0 720 4 2 216 2 0 108 0 0 72 0 36 2
fn=std::sys::pal::unix::time::Timespec::sub_timespec
0 64 3 3 14 0 0 10 0 0 6 4 0 0
fn=std::sys::pal::unix::weak::DlsymWeak<F>::initialize
0 46 4 4 7 2 1 3 0 0 7 4 1 1
fn=std::sys::sync::condvar::futex::Condvar::wait
0 20470 649 4 6416 983 0 4190 0 0 2031 391 419 3
fn=std::sys::sync::once::futex::Once::call
0 1797 193 192 555 33 19 488 29 26 177 41 34 34
fn=std::sys::thread_local::native::eager::destroy
0 11 1 1 5 2 0 2 1 0 3 0 0 0
fn=std::sys::thread_local::native::lazy::Storage<T,D>::initialize
0 1425 80 18 442 60 0 506 0 0 171 5 68 5
fn=std::sys::thread_local::native::lazy::destroy
0 31 3 3 16 4 0 8 1 1 6 2 1 1
fn=std::sys_common::fs::exists
0 21 3 3 7 0 0 7 0 0 1 1 0 0
fn=std::thread::Thread::new
0 1120 4 3 320 0 0 416 3 0 96 2 32 1
fn=std::thread::available_parallelism
0 1423 76 76 261 6 4 235 1 0 243 51 18 12
fn=std::thread::set_current
0 825 8 4 297 33 0 198 0 0 99 6 33 2
fn=std_detect::detect::cache::detect_and_initialize
0 234 16 16 10 0 0 14 2 2 9 2 0 0
fn=tinytemplate::TinyTemplate::add_template
0 288236 657 159 62997 135 9 53264 1638 258 50866 2498 608 500
fn=tinytemplate::compiler::TemplateCompiler::close_branch
0 7600 24 5 2600 0 0 1600 0 0 800 6 0 0
fn=tinytemplate::compiler::TemplateCompiler::consume_tag
0 85704 80 12 18056 0 0 28200 24 0 9032 49 0 0
fn=tinytemplate::compiler::TemplateCompiler::parse_path
0 75280 72 10 21152 5 0 31136 301 32 5168 79 832 3
summary: 489611664 359649 12596 127318893 4293577 66240 89349483 4292261 342458 51016016 985623 2477378 39896
