desc: I1 cache:         32768 B, 64 B, 8-way associative
desc: D1 cache:         32768 B, 64 B, 8-way associative
desc: LL cache:         20971520 B, 64 B, 20-way associative
cmd: ./target/release/deps/ecs-cb47d616cc8e860a --profile-time=10
events: Ir I1mr ILmr Dr D1mr DLmr Dw D1mw DLmw Bc Bcm Bi Bim
fl=./csu/../csu/libc-start.c
fn=__libc_start_main@@GLIBC_2.34
128 2 1 1 2 0 0 0 0 0 0 0 0 0
134 3 0 0 1 1 0 0 0 0 1 0 0 0
135 7 0 0 3 1 0 2 0 0 0 0 1 1
138 1 0 0 1 1 0 0 0 0 0 0 0 0
139 2 0 0 0 0 0 0 0 0 1 0 0 0
142 3 1 1 2 1 0 0 0 0 0 0 0 0
143 2 0 0 2 0 0 0 0 0 0 0 0 0
144 16 1 1 3 0 0 1 0 0 3 2 0 0
145 8 0 0 2 0 0 4 0 0 0 0 2 2
242 12 1 1 0 0 0 6 0 0 0 0 0 0
343 3 0 0 0 0 0 0 0 0 1 0 0 0
344 3 0 0 0 0 0 1 0 0 0 0 0 0
369 6 1 1 2 0 0 1 0 0 1 0 0 0
372 2 0 0 0 0 0 0 0 0 1 1 0 0
375 2 0 0 2 0 0 0 0 0 0 0 0 0
382 2 0 0 1 0 0 1 0 0 0 0 0 0
384 2 0 0 0 0 0 0 0 0 1 0 0 0
392 4 0 0 0 0 0 1 0 0 0 0 0 0
fl=./csu/../sysdeps/nptl/libc_start_call_main.h
fn=(below main)
29 9 1 1 1 0 0 5 0 0 0 0 0 0
44 3 1 1 0 0 0 1 0 0 0 0 0 0
46 2 0 0 0 0 0 0 0 0 1 0 0 0
51 2 0 0 1 1 0 1 0 0 0 0 0 0
52 2 0 0 1 1 0 1 0 0 0 0 0 0
55 2 0 0 0 0 0 1 0 0 0 0 0 0
58 6 1 1 5 0 0 1 0 0 0 0 1 1
fl=./csu/./csu/errno-loc.c
fn=__errno_location
25 3 1 1 0 0 0 0 0 0 0 0 0 0
26 6 0 0 6 0 0 0 0 0 0 0 0 0
27 3 0 0 3 0 0 0 0 0 0 0 0 0
fl=./csu/./csu/init-first.c
fn=_init_first
46 4 1 1 0 0 0 1 0 0 0 0 0 0
51 2 1 1 1 0 0 0 0 0 1 0 0 0
55 5 0 0 4 2 0 0 0 0 1 0 0 0
61 1 0 0 0 0 0 1 1 0 0 0 0 0
62 1 0 0 0 0 0 1 0 0 0 0 0 0
63 2 0 0 1 1 0 1 1 1 0 0 0 0
71 2 0 0 0 0 0 0 0 0 0 0 0 0
72 2 0 0 1 0 0 0 0 0 0 0 0 0
fl=./csu/./csu/version.c
fn=gnu_get_libc_version
59 1 1 1 0 0 0 0 0 0 0 0 0 0
60 1 0 0 0 0 0 0 0 0 0 0 0 0
61 1 0 0 1 0 0 0 0 0 0 0 0 0
fl=./ctype/./ctype/ctype-info.c
fn=__ctype_init
29 33 2 2 0 0 0 0 0 0 0 0 0 0
31 231 0 0 165 24 4 33 0 0 0 0 0 0
33 132 0 0 66 1 0 33 0 0 0 0 0 0
35 132 2 2 66 0 0 33 0 0 0 0 0 0
36 33 0 0 33 0 0 0 0 0 0 0 0 0
fl=./dlfcn/../sysdeps/generic/ldsodefs.h
fn=dlsym@@GLIBC_2.34
1388 4 0 0 4 1 0 0 0 0 0 0 0 0
fl=./dlfcn/./dlfcn/dlerror.c
fn=_dlerror_run
113 24 4 4 2 0 0 12 0 0 0 0 0 0
114 4 0 0 4 2 1 0 0 0 0 0 0 0
115 4 0 0 0 0 0 0 0 0 2 2 0 0
121 2 2 2 2 0 0 0 0 0 0 0 0 0
138 10 0 0 2 2 1 2 0 0 0 0 2 2
143 2 0 0 2 0 0 0 0 0 0 0 0 0
145 6 2 2 2 0 0 0 0 0 2 1 0 0
151 4 0 0 0 0 0 0 0 0 2 2 0 0
156 2 2 2 0 0 0 0 0 0 0 0 0 0
198 20 2 2 16 0 0 0 0 0 2 1 0 0
fl=./dlfcn/./dlfcn/dlsym.c
fn=dlsym@@GLIBC_2.34
47 2 0 0 0 0 0 2 0 0 0 0 0 0
48 2 2 2 0 0 0 2 0 0 0 0 0 0
52 8 0 0 2 0 0 2 0 0 0 0 0 0
54 12 0 0 2 0 0 2 0 0 0 0 0 0
56 4 2 2 0 0 0 2 0 0 0 0 0 0
64 18 2 2 2 0 0 8 0 0 0 0 0 0
65 4 0 0 2 2 0 0 0 0 2 0 0 0
68 2 0 0 2 0 0 0 0 0 0 0 0 0
69 16 0 0 10 0 0 0 0 0 2 0 0 0
fn=dlsym_doit
37 6 2 2 0 0 0 2 0 0 0 0 0 0
40 10 0 0 6 0 0 4 0 0 0 0 0 0
41 4 0 0 4 0 0 0 0 0 0 0 0 0
fl=./elf/../bits/stdlib-bsearch.h
fn=intel_check_word.constprop.0
27 102 0 0 0 0 0 0 0 0 0 0 0 0
28 51 0 0 0 0 0 0 0 0 0 0 0 0
29 959 0 0 0 0 0 0 0 0 345 44 0 0
31 690 1 1 0 0 0 0 0 0 0 0 0 0
32 345 0 0 0 0 0 0 0 0 0 0 0 0
37 51 1 1 0 0 0 0 0 0 0 0 0 0
fl=./elf/../elf/dl-sysdep.c
fn=_dl_sysdep_start
85 10 1 1 0 0 0 6 0 0 0 0 0 0
86 1 0 0 0 0 0 0 0 0 0 0 0 0
87 1 0 0 0 0 0 0 0 0 0 0 0 0
109 1 0 0 0 0 0 1 0 0 0 0 0 0
110 135 1 1 43 6 6 4 3 3 42 10 0 0
113 2 0 0 0 0 0 1 1 1 0 0 0 0
114 1 0 0 0 0 0 1 0 0 0 0 0 0
119 1 1 1 0 0 0 1 1 1 0 0 0 0
121 132 4 4 31 5 5 10 1 1 32 17 0 0
122 113 1 1 17 3 3 0 0 0 20 3 17 13
125 1 0 0 1 0 0 0 0 0 0 0 0 0
126 1 0 0 0 0 0 0 0 0 0 0 0 0
128 1 0 0 1 0 0 0 0 0 0 0 0 0
131 2 1 1 1 0 0 1 0 0 0 0 0 0
132 1 0 0 0 0 0 1 0 0 0 0 0 0
134 2 1 1 1 0 0 1 0 0 0 0 0 0
135 1 0 0 0 0 0 1 0 0 0 0 0 0
150 2 1 1 1 0 0 1 0 0 0 0 0 0
151 1 0 0 0 0 0 1 0 0 0 0 0 0
153 2 0 0 1 0 0 1 0 0 0 0 0 0
154 1 0 0 0 0 0 0 0 0 0 0 0 0
156 2 1 1 1 0 0 1 0 0 0 0 0 0
157 1 0 0 0 0 0 0 0 0 0 0 0 0
162 2 1 1 1 0 0 1 0 0 0 0 0 0
163 1 0 0 0 0 0 0 0 0 0 0 0 0
178 2 1 1 1 0 0 1 0 0 0 0 0 0
179 1 0 0 0 0 0 0 0 0 0 0 0 0
224 1 0 0 0 0 0 1 0 0 0 0 0 0
227 1 0 0 0 0 0 1 0 0 0 0 0 0
238 3 0 0 1 0 0 0 0 0 1 0 0 0
239 2 1 1 0 0 0 2 0 0 0 0 0 0
241 5 0 0 0 0 0 1 0 0 1 0 0 0
253 3 0 0 1 0 0 0 0 0 1 0 0 0
256 5 0 0 1 0 0 1 0 0 0 0 1 1
258 9 1 1 8 2 0 0 0 0 0 0 0 0
fn=_dl_sysdep_start_cleanup
262 1 1 1 0 0 0 0 0 0 0 0 0 0
263 1 0 0 1 0 0 0 0 0 0 0 0 0
fl=./elf/../elf/dl-tls.c
fn=_dl_add_to_slotinfo
1015 16 1 1 0 0 0 8 0 0 0 0 0 0
1021 2 0 0 2 0 0 0 0 0 0 0 0 0
1024 2 0 0 2 2 0 0 0 0 0 0 0 0
1025 2 0 0 0 0 0 0 0 0 0 0 0 0
1029 6 1 1 2 2 0 0 0 0 2 0 0 0
1063 4 0 0 0 0 0 0 0 0 2 2 0 0
1066 6 0 0 0 0 0 2 0 0 0 0 0 0
1067 6 0 0 2 0 0 2 0 0 0 0 0 0
1070 12 0 0 10 0 0 0 0 0 0 0 0 0
fn=_dl_allocate_tls
370 32 1 1 32 0 0 0 0 0 0 0 0 0
374 32 0 0 0 0 0 0 0 0 0 0 0 0
375 32 0 0 0 0 0 0 0 0 0 0 0 0
376 64 0 0 0 0 0 0 0 0 32 0 0 0
379 32 0 0 0 0 0 32 0 0 0 0 0 0
385 128 0 0 32 0 0 64 0 0 0 0 0 0
535 64 0 0 0 0 0 0 0 0 0 0 0 0
536 32 0 0 0 0 0 32 0 0 0 0 0 0
539 64 1 1 32 1 1 32 0 0 0 0 32 1
542 128 0 0 96 0 0 0 0 0 32 0 0 0
554 32 0 0 32 0 0 0 0 0 0 0 0 0
559 576 1 1 96 1 1 0 0 0 96 3 0 0
565 192 1 1 0 0 0 0 0 0 96 0 0 0
568 192 0 0 64 0 0 0 0 0 0 0 0 0
569 128 0 0 0 0 0 0 0 0 64 0 0 0
575 192 0 0 128 0 0 0 0 0 64 34 0 0
576 256 0 0 64 0 0 64 0 0 0 0 0 0
578 384 1 1 192 3 3 64 0 0 0 0 0 0
581 128 0 0 0 0 0 0 0 0 64 0 0 0
582 128 0 0 64 2 2 0 0 0 0 0 0 0
585 128 0 0 0 0 0 0 0 0 64 1 0 0
586 256 1 1 128 0 0 0 0 0 64 0 0 0
588 128 0 0 0 0 0 0 0 0 64 0 0 0
589 128 0 0 64 0 0 0 0 0 0 0 0 0
598 64 0 0 0 0 0 64 0 0 0 0 0 0
608 512 0 0 64 0 0 128 0 0 0 0 0 0
614 64 0 0 64 0 0 0 0 0 0 0 0 0
620 64 0 0 32 0 0 32 0 0 0 0 32 32
623 96 1 1 64 0 0 32 0 0 0 0 0 0
625 32 0 0 32 0 0 0 0 0 0 0 0 0
631 288 1 1 0 0 0 224 0 0 0 0 0 0
632 64 0 0 0 0 0 0 0 0 32 0 0 0
635 256 0 0 224 0 0 0 0 0 0 0 0 0
fn=_dl_allocate_tls_init
528 10 2 2 0 0 0 8 0 0 0 0 0 0
529 2 0 0 0 0 0 0 0 0 1 0 0 0
533 2 0 0 1 1 0 1 0 0 0 0 0 0
535 1 0 0 0 0 0 1 0 0 0 0 0 0
536 1 0 0 0 0 0 0 0 0 0 0 0 0
539 2 0 0 1 1 0 1 0 0 0 0 1 1
542 3 0 0 2 1 0 0 0 0 1 0 0 0
554 1 1 1 1 0 0 0 0 0 0 0 0 0
559 23 1 1 4 0 0 0 0 0 3 0 0 0
565 6 1 1 0 0 0 0 0 0 3 1 0 0
568 6 0 0 2 0 0 0 0 0 0 0 0 0
569 4 0 0 0 0 0 0 0 0 2 1 0 0
575 6 0 0 4 0 0 0 0 0 2 0 0 0
576 4 0 0 0 0 0 0 0 0 0 0 0 0
578 15 1 1 6 2 0 2 1 1 0 0 0 0
581 4 0 0 0 0 0 0 0 0 2 0 0 0
582 4 0 0 2 1 0 0 0 0 0 0 0 0
585 4 0 0 0 0 0 0 0 0 2 0 0 0
586 8 1 1 4 0 0 0 0 0 2 0 0 0
588 4 0 0 0 0 0 0 0 0 2 0 0 0
589 4 0 0 2 0 0 0 0 0 0 0 0 0
598 2 0 0 0 0 0 2 0 0 0 0 0 0
606 4 0 0 2 0 0 0 0 0 2 2 0 0
608 16 0 0 2 0 0 4 0 0 0 0 0 0
614 2 0 0 2 0 0 0 0 0 0 0 0 0
620 2 0 0 1 1 0 1 0 0 0 0 1 1
623 2 1 1 1 0 0 1 0 0 0 0 0 0
626 9 0 0 8 0 0 0 0 0 0 0 0 0
fn=_dl_allocate_tls_storage
370 1 0 0 1 0 0 0 0 0 0 0 0 0
374 1 0 0 0 0 0 0 0 0 0 0 0 0
375 1 0 0 0 0 0 0 0 0 0 0 0 0
376 2 0 0 0 0 0 0 0 0 1 0 0 0
379 1 0 0 0 0 0 1 0 0 0 0 0 0
385 2 0 0 0 0 0 1 0 0 0 0 0 0
422 4 1 1 0 0 0 3 0 0 0 0 0 0
424 1 0 0 1 0 0 0 0 0 0 0 0 0
435 1 0 0 1 0 0 0 0 0 0 0 0 0
436 1 0 0 0 0 0 0 0 0 0 0 0 0
437 3 0 0 0 0 0 0 0 0 1 0 0 0
445 4 1 1 0 0 0 0 0 0 0 0 0 0
446 1 0 0 0 0 0 0 0 0 0 0 0 0
450 321 1 1 0 0 0 313 39 39 312 10 0 0
469 1 0 0 0 0 0 1 1 1 0 0 0 0
475 5 0 0 4 0 0 0 0 0 0 0 0 0
fn=_dl_assign_tls_modid
131 2 1 1 0 0 0 0 0 0 0 0 0 0
134 2 0 0 1 0 0 0 0 0 1 0 0 0
147 1 1 1 1 0 0 0 0 0 0 0 0 0
186 1 0 0 0 0 0 0 0 0 0 0 0 0
188 1 0 0 0 0 0 1 0 0 0 0 0 0
191 1 0 0 0 0 0 1 0 0 0 0 0 0
192 2 0 0 1 0 0 0 0 0 0 0 0 0
fn=_dl_count_modids
197 1 1 1 0 0 0 0 0 0 0 0 0 0
199 2 0 0 1 0 0 0 0 0 1 0 0 0
200 1 0 0 1 0 0 0 0 0 0 0 0 0
215 2 0 0 1 0 0 0 0 0 0 0 0 0
fn=_dl_determine_tlsoffset
221 8 2 2 0 0 0 6 0 0 0 0 0 0
222 1 0 0 0 0 0 0 0 0 0 0 0 0
223 1 0 0 0 0 0 0 0 0 0 0 0 0
224 1 0 0 0 0 0 0 0 0 0 0 0 0
227 3 0 0 1 0 0 0 0 0 1 0 0 0
230 2 0 0 1 0 0 0 0 0 1 0 0 0
264 1 0 0 0 0 0 0 0 0 0 0 0 0
266 16 0 0 3 0 0 0 0 0 3 1 0 0
268 7 2 2 3 0 0 1 0 0 2 0 0 0
270 6 0 0 2 0 0 0 0 0 0 0 0 0
271 4 0 0 2 0 0 0 0 0 0 0 0 0
273 4 1 1 0 0 0 0 0 0 0 0 0 0
275 10 0 0 2 0 0 0 0 0 2 2 0 0
286 2 0 0 0 0 0 2 0 0 0 0 0 0
291 16 0 0 0 0 0 0 0 0 0 0 0 0
293 4 0 0 0 0 0 0 0 0 2 1 0 0
294 2 0 0 0 0 0 0 0 0 0 0 0 0
297 3 0 0 0 0 0 0 0 0 0 0 0 0
306 1 0 0 0 0 0 1 0 0 0 0 0 0
307 9 1 1 1 0 0 1 0 0 0 0 0 0
309 2 0 0 0 0 0 0 0 0 0 0 0 0
360 8 1 1 7 0 0 0 0 0 0 0 0 0
fn=_dl_tls_static_surplus_init
83 3 0 0 0 0 0 0 0 0 0 0 0 0
97 6 1 1 0 0 0 3 0 0 0 0 0 0
101 6 1 1 1 0 0 1 0 0 0 0 0 0
102 6 0 0 1 0 0 1 0 0 0 0 0 0
108 2 0 0 0 0 0 0 0 0 0 0 0 0
110 4 0 0 0 0 0 0 0 0 1 0 0 0
113 1 0 0 0 0 0 0 0 0 0 0 0 0
115 1 0 0 0 0 0 1 0 0 0 0 0 0
117 3 0 0 0 0 0 1 0 0 0 0 0 0
118 5 0 0 4 0 0 0 0 0 0 0 0 0
fl=./elf/../include/list.h
fn=__tls_init_tp
43 2 1 1 1 1 0 1 0 0 0 0 0 0
44 2 0 0 0 0 0 1 0 0 0 0 0 0
45 1 0 0 0 0 0 1 0 0 0 0 0 0
47 1 0 0 0 0 0 1 0 0 0 0 0 0
fl=./elf/../include/rtld-malloc.h
fn=__minimal_calloc
56 12 0 0 12 0 0 0 0 0 0 0 12 1
fn=_dl_allocate_tls
44 64 0 0 32 1 1 32 0 0 0 0 32 1
fn=_dl_allocate_tls_storage
44 2 0 0 1 0 0 1 0 0 0 0 1 1
56 1 0 0 1 0 0 1 0 0 0 0 1 1
fn=_dl_check_map_versions
44 15 0 0 5 0 0 5 0 0 0 0 5 1
fn=_dl_find_object_init
56 2 0 0 1 0 0 1 0 0 0 0 1 1
fn=_dl_important_hwcaps
56 3 1 1 2 0 0 3 0 0 0 0 2 2
fn=_dl_init_paths
56 5 0 0 3 0 0 3 0 0 0 0 3 3
fn=_dl_map_object_deps
56 10 0 0 5 0 0 5 0 0 0 0 5 5
fn=_dl_new_object
44 20 1 1 5 0 0 10 0 0 0 0 5 1
56 12 0 0 4 0 0 4 0 0 0 0 4 1
fn=fillin_rpath.isra.0
50 2 0 0 2 0 0 1 0 0 0 0 1 1
51 1 0 0 0 0 0 0 0 0 0 0 0 0
56 2 0 0 1 0 0 1 0 0 0 0 1 1
fn=init_tls
44 2 0 0 1 0 0 1 0 0 0 0 1 1
fn=open_verify.constprop.0
50 6 0 0 3 0 0 3 0 0 0 0 3 1
fn=open_verify.constprop.1
50 2 1 1 1 0 0 1 0 0 0 0 1 1
fl=./elf/../include/scratch_buffer.h
fn=_dl_map_object_deps
77 3 0 0 0 0 0 2 1 1 0 0 0 0
78 1 0 0 0 0 0 1 0 0 0 0 0 0
85 3 1 1 2 0 0 0 0 0 1 1 0 0
131 12 0 0 0 0 0 4 0 0 0 0 0 0
fl=./elf/../misc/sbrk.c
fn=sbrk
37 5 0 0 0 0 0 2 0 0 0 0 0 0
40 1 1 1 1 0 0 0 0 0 0 0 0 0
58 2 0 0 0 0 0 0 0 0 1 0 0 0
62 2 0 0 0 0 0 0 0 0 1 1 0 0
78 5 0 0 3 0 0 0 0 0 0 0 0 0
fl=./elf/../nptl/nptl-stack.h
fn=__libc_early_init
58 8 1 1 2 1 0 0 0 0 0 0 0 0
fl=./elf/../sysdeps/generic/dl-cache.h
fn=_dl_load_cache_lookup
125 15 1 1 3 0 0 0 0 0 0 0 0 0
194 1 0 0 1 0 0 0 0 0 0 0 0 0
195 5 0 0 0 0 0 0 0 0 1 1 0 0
fl=./elf/../sysdeps/generic/dl-debug.h
fn=dl_main
29 3 0 0 1 0 0 0 0 0 1 0 0 0
30 2 0 0 1 0 0 1 0 0 0 0 0 0
fl=./elf/../sysdeps/generic/dl-hash.h
fn=__rtld_malloc_init_real
43 1 0 0 0 0 0 0 0 0 0 0 0 0
44 1 0 0 0 0 0 0 0 0 0 0 0 0
45 19 2 2 6 1 1 0 0 0 6 5 0 0
48 18 0 0 0 0 0 0 0 0 0 0 0 0
62 24 0 0 0 0 0 0 0 0 0 0 0 0
67 1 0 0 0 0 0 0 0 0 0 0 0 0
72 1 0 0 0 0 0 1 0 0 0 0 0 0
fl=./elf/../sysdeps/generic/dl-protected.h
fn=do_lookup_x
29 466 0 0 0 0 0 0 0 0 233 2 0 0
44 1736 0 0 0 0 0 496 0 0 0 0 0 0
fl=./elf/../sysdeps/generic/ldsodefs.h
fn=_dl_relocate_object
138 717 0 0 239 0 0 0 0 0 0 0 0 0
fn=_dl_start
80 3 0 0 2 0 0 0 0 0 0 0 0 0
fn=do_lookup_x
137 466 3 2 233 0 0 0 0 0 0 0 0 0
138 699 0 0 0 0 0 0 0 0 0 0 0 0
fl=./elf/../sysdeps/nptl/dl-mutex.c
fn=__rtld_mutex_init
30 4 1 1 0 0 0 3 0 0 0 0 0 0
37 1 0 0 1 0 0 0 0 0 0 0 0 0
40 7 1 1 0 0 0 1 0 0 0 0 0 0
44 2 0 0 0 0 0 0 0 0 1 0 0 0
45 9 0 0 3 0 0 1 0 0 1 0 0 0
47 6 1 1 0 0 0 1 0 0 0 0 0 0
51 2 0 0 0 0 0 0 0 0 1 0 0 0
52 7 0 0 3 0 0 1 0 0 1 0 0 0
53 4 0 0 4 0 0 0 0 0 0 0 0 0
fl=./elf/../sysdeps/nptl/dl-tls_init_tp.c
fn=__tls_init_tp
68 3 0 0 0 0 0 1 0 0 0 0 0 0
69 1 0 0 1 0 0 0 0 0 0 0 0 0
72 1 0 0 0 0 0 0 0 0 0 0 0 0
75 4 1 1 0 0 0 1 0 0 0 0 0 0
76 2 0 0 0 0 0 1 0 0 0 0 0 0
77 1 0 0 0 0 0 1 0 0 0 0 0 0
82 2 0 0 1 0 0 1 0 0 0 0 0 0
87 4 0 0 0 0 0 1 0 0 0 0 0 0
90 1 1 1 0 0 0 1 0 0 0 0 0 0
93 3 0 0 0 0 0 0 0 0 0 0 0 0
106 4 0 0 0 0 0 1 0 0 0 0 0 0
123 3 0 0 2 1 0 1 1 0 0 0 0 0
130 2 1 1 1 0 0 1 0 0 0 0 0 0
132 1 0 0 0 0 0 1 0 0 0 0 0 0
133 1 0 0 0 0 0 1 0 0 0 0 0 0
134 3 0 0 2 0 0 0 0 0 0 0 0 0
fn=__tls_pre_init_tp
53 3 1 1 0 0 0 0 0 0 0 0 0 0
56 10 1 1 0 0 0 3 1 1 0 0 0 0
61 2 0 0 0 0 0 1 0 0 0 0 0 0
62 1 0 0 0 0 0 1 0 0 0 0 0 0
64 1 0 0 1 0 0 0 0 0 0 0 0 0
fn=rtld_mutex_dummy
42 12 0 0 0 0 0 0 0 0 0 0 0 0
44 24 0 0 12 0 0 0 0 0 0 0 0 0
fl=./elf/../sysdeps/nptl/pthread_early_init.h
fn=__libc_early_init
33 6 0 0 0 0 0 1 0 0 1 0 0 0
34 6 1 1 1 0 0 0 0 0 0 0 0 0
45 2 0 0 2 1 0 0 0 0 0 0 0 0
46 1 0 0 0 0 0 0 0 0 0 0 0 0
52 7 0 0 0 0 0 1 0 0 0 0 0 0
53 1 0 0 0 0 0 1 0 0 0 0 0 0
54 1 0 0 0 0 0 1 1 1 0 0 0 0
57 1 0 0 0 0 0 1 0 0 0 0 0 0
fl=./elf/../sysdeps/posix/dl-fileid.h
fn=_dl_map_object_from_fd
37 20 1 1 4 0 0 4 0 0 4 0 0 0
40 16 1 1 12 0 0 4 0 0 0 0 0 0
49 43 1 1 21 1 1 0 0 0 20 8 0 0
fl=./elf/../sysdeps/unix/sysv/linux/brk.c
fn=brk
35 1 1 1 0 0 0 0 0 0 0 0 0 0
36 3 0 0 0 0 0 1 1 1 0 0 0 0
37 2 0 0 0 0 0 0 0 0 1 0 0 0
43 1 0 0 0 0 0 0 0 0 0 0 0 0
44 1 0 0 1 0 0 0 0 0 0 0 0 0
fl=./elf/../sysdeps/unix/sysv/linux/dl-osinfo.h
fn=dl_main
64 2 0 0 1 1 0 0 0 0 0 0 0 0
fl=./elf/../sysdeps/unix/sysv/linux/dl-sysdep.c
fn=_dl_discover_osversion
46 5 1 1 0 0 0 3 0 0 0 0 0 0
48 3 0 0 1 0 0 0 0 0 1 1 0 0
88 4 1 1 0 0 0 1 1 1 1 0 0 0
103 1 0 0 0 0 0 0 0 0 0 0 0 0
107 1 0 0 0 0 0 0 0 0 0 0 0 0
108 1 0 0 0 0 0 0 0 0 0 0 0 0
110 12 1 1 3 1 1 0 0 0 3 0 0 0
112 6 0 0 0 0 0 0 0 0 0 0 0 0
114 17 0 0 4 0 0 0 0 0 4 2 0 0
116 1 0 0 0 0 0 0 0 0 0 0 0 0
117 4 0 0 0 0 0 0 0 0 0 0 0 0
120 3 1 1 0 0 0 0 0 0 0 0 0 0
121 3 0 0 0 0 0 0 0 0 0 0 0 0
122 3 0 0 0 0 0 0 0 0 0 0 0 0
124 13 0 0 0 0 0 0 0 0 5 3 0 0
129 2 0 0 0 0 0 0 0 0 1 1 0 0
133 5 0 0 4 0 0 0 0 0 0 0 0 0
fn=_dl_sysdep_start
36 2 0 0 0 0 0 1 0 0 0 0 0 0
fl=./elf/../sysdeps/unix/sysv/linux/dl-vdso-setup.h
fn=dl_main
30 3 1 1 0 0 0 2 0 0 0 0 0 0
33 1 1 1 0 0 0 1 0 0 0 0 0 0
36 1 0 0 0 0 0 1 0 0 0 0 0 0
39 1 0 0 0 0 0 1 0 0 0 0 0 0
45 1 1 1 0 0 0 1 0 0 0 0 0 0
fl=./elf/../sysdeps/unix/sysv/linux/dl-vdso.h
fn=dl_main
40 1 1 1 1 0 0 0 0 0 0 0 0 0
41 2 0 0 0 0 0 0 0 0 1 1 0 0
55 2 0 0 0 0 0 0 0 0 0 0 0 0
fl=./elf/../sysdeps/unix/sysv/linux/rseq-internal.h
fn=__tls_init_tp
32 3 0 0 1 0 0 0 0 0 1 0 0 0
34 7 1 1 0 0 0 0 0 0 0 0 0 0
37 2 0 0 0 0 0 0 0 0 1 0 0 0
40 1 0 0 0 0 0 1 0 0 0 0 0 0
fl=./elf/../sysdeps/unix/sysv/linux/x86/cpu-features.c
fn=init_cpu_features.constprop.0
27 6 0 0 0 0 0 0 0 0 1 0 0 0
fl=./elf/../sysdeps/unix/sysv/linux/x86/dl-minsigstacksize.h
fn=get_common_indices.constprop.0
24 2 1 1 1 0 0 0 0 0 1 0 0 0
27 2 0 0 1 0 0 0 0 0 1 0 0 0
28 2 0 0 1 0 0 0 0 0 1 0 0 0
65 3 0 0 0 0 0 0 0 0 0 0 0 0
72 1 0 0 0 0 0 0 0 0 0 0 0 0
74 1 1 1 0 0 0 1 0 0 0 0 0 0
fl=./elf/../sysdeps/x86/cpu-features.c
fn=get_common_indices.constprop.0
325 1 1 1 0 0 0 1 0 0 0 0 0 0
329 4 0 0 0 0 0 0 0 0 1 0 0 0
332 5 1 1 0 0 0 3 0 0 0 0 0 0
336 1 0 0 0 0 0 1 0 0 0 0 0 0
337 4 0 0 0 0 0 1 0 0 0 0 0 0
338 4 0 0 0 0 0 1 0 0 0 0 0 0
339 4 0 0 0 0 0 1 0 0 0 0 0 0
340 3 0 0 0 0 0 1 0 0 0 0 0 0
341 2 0 0 1 0 0 0 0 0 1 0 0 0
348 2 1 1 1 0 0 0 0 0 1 0 0 0
350 9 0 0 0 0 0 4 1 1 0 0 0 0
355 8 0 0 0 0 0 4 1 1 0 0 0 0
362 2 1 1 1 0 0 0 0 0 1 0 0 0
363 7 1 1 0 0 0 4 1 1 0 0 0 0
369 2 0 0 1 0 0 0 0 0 1 1 0 0
384 2 0 0 2 0 0 0 0 0 0 0 0 0
fn=init_cpu_features.constprop.0
303 3 0 0 0 0 0 0 0 0 0 0 0 0
304 2 0 0 0 0 0 0 0 0 1 0 0 0
305 6 1 1 0 0 0 4 0 0 0 0 0 0
310 2 0 0 0 0 0 0 0 0 1 0 0 0
311 6 0 0 0 0 0 4 0 0 0 0 0 0
316 2 0 0 0 0 0 0 0 0 1 0 0 0
317 6 1 1 0 0 0 4 0 0 0 0 0 0
399 7 2 2 0 0 0 6 0 0 0 0 0 0
402 1 0 0 0 0 0 1 1 1 0 0 0 0
403 1 0 0 0 0 0 1 0 0 0 0 0 0
404 1 0 0 0 0 0 1 0 0 0 0 0 0
415 3 0 0 0 0 0 1 0 0 0 0 0 0
418 6 1 1 0 0 0 0 0 0 3 1 0 0
419 1 0 0 0 0 0 0 0 0 0 0 0 0
422 2 0 0 0 0 0 0 0 0 0 0 0 0
424 6 2 2 0 0 0 1 1 1 0 0 0 0
429 1 0 0 0 0 0 1 0 0 0 0 0 0
431 3 0 0 1 0 0 0 0 0 1 1 0 0
433 4 1 1 2 0 0 1 0 0 0 0 0 0
434 15 2 2 0 0 0 0 0 0 5 1 0 0
489 3 1 1 1 0 0 0 0 0 1 0 0 0
503 1 0 0 1 0 0 0 0 0 0 0 0 0
513 7 1 1 0 0 0 0 0 0 2 1 0 0
516 1 0 0 1 0 0 0 0 0 0 0 0 0
564 2 1 1 1 0 0 0 0 0 1 0 0 0
571 2 0 0 1 0 0 0 0 0 1 0 0 0
573 1 0 0 1 0 0 0 0 0 0 0 0 0
577 2 0 0 1 0 0 0 0 0 1 1 0 0
579 2 1 1 1 0 0 0 0 0 0 0 0 0
583 2 0 0 1 0 0 0 0 0 1 1 0 0
593 1 1 1 0 0 0 0 0 0 0 0 0 0
687 5 1 1 1 0 0 0 0 0 1 0 0 0
688 1 0 0 1 0 0 0 0 0 0 0 0 0
691 2 0 0 0 0 0 0 0 0 1 0 0 0
692 1 0 0 1 0 0 0 0 0 0 0 0 0
698 1 0 0 0 0 0 1 0 0 0 0 0 0
699 1 0 0 0 0 0 1 0 0 0 0 0 0
701 1 0 0 0 0 0 1 0 0 0 0 0 0
706 4 0 0 0 0 0 1 0 0 0 0 0 0
710 3 1 1 1 0 0 0 0 0 1 0 0 0
723 2 0 0 0 0 0 0 0 0 0 0 0 0
724 4 0 0 1 0 0 0 0 0 1 1 0 0
770 1 0 0 0 0 0 1 0 0 0 0 0 0
771 2 1 1 1 0 0 0 0 0 1 1 0 0
775 3 1 1 1 0 0 0 0 0 1 1 0 0
792 2 1 1 0 0 0 0 0 0 0 0 0 0
793 2 0 0 0 0 0 0 0 0 1 1 0 0
817 4 1 1 0 0 0 1 0 0 0 0 0 0
819 4 0 0 0 0 0 1 0 0 0 0 0 0
829 2 1 1 1 0 0 0 0 0 0 0 0 0
874 8 0 0 7 0 0 0 0 0 0 0 0 0
fn=update_active.constprop.0
43 7 1 1 0 0 0 6 1 1 0 0 0 0
47 1 0 0 1 0 0 0 0 0 0 0 0 0
55 3 0 0 1 0 0 0 0 0 0 0 0 0
56 3 0 0 0 0 0 0 0 0 0 0 0 0
57 1 0 0 1 0 0 0 0 0 0 0 0 0
65 4 1 1 1 0 0 1 0 0 0 0 0 0
66 1 0 0 1 0 0 0 0 0 0 0 0 0
74 4 1 1 1 0 0 1 0 0 0 0 0 0
75 1 0 0 1 0 0 0 0 0 0 0 0 0
76 3 0 0 0 0 0 1 0 0 0 0 0 0
80 4 0 0 0 0 0 1 0 0 0 0 0 0
83 3 0 0 1 0 0 0 0 0 0 0 0 0
84 1 0 0 1 0 0 0 0 0 0 0 0 0
87 3 0 0 1 0 0 0 0 0 0 0 0 0
88 2 0 0 1 0 0 1 1 1 0 0 0 0
92 8 1 1 1 0 0 2 0 0 0 0 0 0
93 3 0 0 2 0 0 0 0 0 0 0 0 0
94 3 1 1 2 0 0 0 0 0 0 0 0 0
95 1 0 0 1 0 0 0 0 0 0 0 0 0
97 4 0 0 1 0 0 1 0 0 0 0 0 0
98 3 1 1 2 1 1 0 0 0 0 0 0 0
100 2 0 0 0 0 0 0 0 0 1 0 0 0
101 4 0 0 0 0 0 1 0 0 0 0 0 0
104 4 0 0 0 0 0 1 0 0 0 0 0 0
105 4 1 1 0 0 0 1 0 0 0 0 0 0
109 2 0 0 0 0 0 0 0 0 1 0 0 0
113 2 0 0 0 0 0 0 0 0 0 0 0 0
115 4 0 0 0 0 0 0 0 0 1 1 0 0
119 2 1 1 0 0 0 0 0 0 1 0 0 0
121 1 0 0 0 0 0 0 0 0 0 0 0 0
124 2 1 1 0 0 0 0 0 0 1 0 0 0
134 4 0 0 0 0 0 1 0 0 0 0 0 0
140 4 0 0 0 0 0 1 0 0 0 0 0 0
142 4 1 1 2 0 0 1 0 0 0 0 0 0
144 3 0 0 0 0 0 1 0 0 0 0 0 0
149 4 0 0 0 0 0 0 0 0 0 0 0 0
154 2 0 0 0 0 0 0 0 0 1 1 0 0
198 3 0 0 0 0 0 0 0 0 1 0 0 0
210 2 0 0 0 0 0 1 0 0 0 0 0 0
211 1 0 0 1 0 0 0 0 0 0 0 0 0
214 4 1 1 1 0 0 1 0 0 0 0 0 0
218 2 0 0 1 0 0 0 0 0 1 1 0 0
222 3 1 1 0 0 0 0 0 0 0 0 0 0
223 2 0 0 0 0 0 0 0 0 1 0 0 0
225 1 0 0 0 0 0 0 0 0 0 0 0 0
226 1 0 0 0 0 0 0 0 0 0 0 0 0
229 2 0 0 0 0 0 1 0 0 0 0 0 0
231 1 0 0 0 0 0 1 1 1 0 0 0 0
234 2 0 0 0 0 0 0 0 0 1 1 0 0
285 3 0 0 1 0 0 0 0 0 1 1 0 0
289 3 0 0 1 0 0 0 0 0 1 1 0 0
296 1 0 0 0 0 0 1 0 0 0 0 0 0
297 8 0 0 7 0 0 0 0 0 0 0 0 0
fl=./elf/../sysdeps/x86/dl-cacheinfo.h
fn=get_common_cache_info.constprop.0
481 9 1 1 0 0 0 6 0 0 0 0 0 0
496 1 0 0 1 0 0 0 0 0 0 0 0 0
497 1 0 0 1 0 0 0 0 0 0 0 0 0
498 2 0 0 1 0 0 1 0 0 0 0 0 0
499 1 0 0 1 0 0 0 0 0 0 0 0 0
505 1 0 0 0 0 0 1 0 0 0 0 0 0
507 8 1 1 3 0 0 2 0 0 0 0 0 0
510 4 1 1 0 0 0 2 0 0 1 0 0 0
521 1 0 0 0 0 0 0 0 0 0 0 0 0
526 3 0 0 1 0 0 0 0 0 1 0 0 0
530 2 0 0 0 0 0 0 0 0 1 1 0 0
535 6 1 1 1 0 0 1 0 0 1 1 0 0
538 23 2 2 0 0 0 0 0 0 1 0 0 0
545 8 0 0 0 0 0 0 0 0 4 0 0 0
548 26 0 0 0 0 0 0 0 0 4 1 0 0
553 2 1 1 0 0 0 0 0 0 1 0 0 0
557 3 0 0 0 0 0 0 0 0 0 0 0 0
558 1 0 0 0 0 0 0 0 0 0 0 0 0
562 6 0 0 0 0 0 0 0 0 3 2 0 0
566 3 0 0 0 0 0 0 0 0 0 0 0 0
569 4 0 0 0 0 0 1 0 0 0 0 0 0
570 1 0 0 0 0 0 0 0 0 0 0 0 0
575 4 0 0 0 0 0 0 0 0 2 2 0 0
581 4 0 0 0 0 0 0 0 0 1 0 0 0
589 7 0 0 1 0 0 0 0 0 0 0 0 0
591 2 0 0 0 0 0 0 0 0 1 0 0 0
593 5 0 0 0 0 0 0 0 0 2 1 0 0
595 12 1 1 0 0 0 0 0 0 1 1 0 0
597 1 0 0 0 0 0 0 0 0 0 0 0 0
598 1 0 0 0 0 0 0 0 0 0 0 0 0
599 9 0 0 1 0 0 0 0 0 2 0 0 0
601 4 1 1 0 0 0 0 0 0 2 1 0 0
604 2 0 0 0 0 0 0 0 0 1 0 0 0
609 1 0 0 0 0 0 0 0 0 0 0 0 0
611 5 0 0 0 0 0 0 0 0 0 0 0 0
612 3 0 0 0 0 0 0 0 0 0 0 0 0
613 1 1 1 0 0 0 0 0 0 0 0 0 0
616 2 0 0 0 0 0 0 0 0 0 0 0 0
619 2 1 1 0 0 0 0 0 0 1 0 0 0
626 1 0 0 0 0 0 0 0 0 0 0 0 0
628 4 0 0 0 0 0 0 0 0 0 0 0 0
629 1 0 0 0 0 0 0 0 0 0 0 0 0
634 2 1 1 0 0 0 0 0 0 0 0 0 0
639 2 0 0 0 0 0 0 0 0 1 1 0 0
641 2 0 0 0 0 0 0 0 0 1 0 0 0
642 3 0 0 0 0 0 0 0 0 0 0 0 0
643 2 0 0 1 0 0 0 0 0 1 1 0 0
681 4 1 1 0 0 0 0 0 0 2 0 0 0
682 5 0 0 0 0 0 0 0 0 0 0 0 0
686 2 0 0 1 0 0 0 0 0 1 1 0 0
693 1 0 0 0 0 0 1 0 0 0 0 0 0
694 1 0 0 0 0 0 1 0 0 0 0 0 0
695 7 0 0 7 0 0 0 0 0 0 0 0 0
fn=handle_intel.constprop.0
250 96 0 0 0 0 0 72 0 0 0 0 0 0
255 24 1 1 12 0 0 0 0 0 12 0 0 0
261 24 0 0 0 0 0 12 1 1 0 0 0 0
263 12 0 0 0 0 0 12 0 0 0 0 0 0
264 36 1 1 0 0 0 12 0 0 0 0 0 0
266 15 0 0 1 0 0 0 0 0 1 0 0 0
272 60 0 0 0 0 0 12 0 0 0 0 0 0
277 24 0 0 0 0 0 0 0 0 12 0 0 0
279 24 0 0 0 0 0 12 0 0 0 0 0 0
280 12 0 0 0 0 0 0 0 0 0 0 0 0
284 48 1 1 0 0 0 12 0 0 0 0 0 0
286 24 0 0 0 0 0 0 0 0 12 0 0 0
289 60 0 0 0 0 0 12 0 0 0 0 0 0
291 24 0 0 0 0 0 0 0 0 12 11 0 0
294 5 0 0 0 0 0 1 0 0 0 0 0 0
296 2 0 0 0 0 0 0 0 0 1 0 0 0
299 5 0 0 1 0 0 1 0 0 0 0 0 0
301 2 0 0 0 0 0 0 0 0 1 0 0 0
305 3 0 0 0 0 0 0 0 0 1 1 0 0
310 96 1 1 84 0 0 0 0 0 0 0 0 0
fn=init_cpu_features.constprop.0
706 1 0 0 0 0 0 1 0 0 0 0 0 0
708 1 1 1 0 0 0 1 0 0 0 0 0 0
722 2 0 0 0 0 0 0 0 0 1 1 0 0
724 5 1 1 0 0 0 3 1 1 0 0 0 0
725 3 0 0 0 0 0 1 0 0 0 0 0 0
726 4 1 1 0 0 0 2 0 0 0 0 0 0
729 3 0 0 0 0 0 2 0 0 0 0 0 0
731 3 0 0 0 0 0 2 0 0 0 0 0 0
732 1 0 0 0 0 0 1 0 0 0 0 0 0
734 3 0 0 0 0 0 2 0 0 0 0 0 0
736 3 0 0 0 0 0 2 0 0 0 0 0 0
737 1 0 0 0 0 0 1 0 0 0 0 0 0
739 3 1 1 0 0 0 2 0 0 0 0 0 0
741 3 0 0 0 0 0 2 0 0 0 0 0 0
744 3 0 0 0 0 0 2 0 0 0 0 0 0
746 3 0 0 0 0 0 1 0 0 0 0 0 0
748 3 1 1 0 0 0 2 0 0 0 0 0 0
750 4 0 0 0 0 0 1 0 0 0 0 0 0
840 18 3 3 10 0 0 6 2 2 0 0 0 0
863 15 1 1 2 0 0 1 0 0 0 0 0 0
885 2 0 0 1 0 0 0 0 0 1 1 0 0
886 1 0 0 1 0 0 0 0 0 0 0 0 0
893 11 2 2 0 0 0 0 0 0 0 0 0 0
910 4 1 1 1 0 0 0 0 0 0 0 0 0
923 4 0 0 1 0 0 1 0 0 0 0 0 0
931 5 0 0 1 0 0 1 0 0 0 0 0 0
933 2 1 1 0 0 0 0 0 0 1 1 0 0
936 5 0 0 1 0 0 1 0 0 0 0 0 0
938 4 0 0 1 0 0 1 0 0 0 0 0 0
941 5 1 1 1 0 0 1 0 0 0 0 0 0
942 5 0 0 0 0 0 1 0 0 1 0 0 0
946 6 1 1 1 0 0 2 0 0 0 0 0 0
947 3 0 0 1 0 0 0 0 0 1 1 0 0
953 8 0 0 3 0 0 2 0 0 0 0 0 0
956 15 2 2 1 0 0 6 0 0 0 0 0 0
957 9 1 1 1 0 0 4 0 0 0 0 0 0
958 12 1 1 1 0 0 5 0 0 0 0 0 0
961 8 0 0 0 0 0 4 0 0 0 0 0 0
963 8 1 1 0 0 0 4 0 0 0 0 0 0
967 7 1 1 4 0 0 3 0 0 0 0 0 0
970 1 0 0 0 0 0 0 0 0 0 0 0 0
fn=intel_check_word.constprop.0
110 690 0 0 345 8 8 0 0 0 345 8 0 0
113 345 0 0 0 0 0 0 0 0 345 32 0 0
119 104 0 0 0 0 0 78 0 0 0 0 0 0
123 78 1 1 0 0 0 0 0 0 26 0 0 0
125 15 0 0 0 0 0 0 0 0 0 0 0 0
129 156 0 0 0 0 0 0 0 0 0 0 0 0
131 154 1 1 0 0 0 0 0 0 77 4 0 0
133 63 1 1 0 0 0 0 0 0 0 0 0 0
135 126 0 0 0 0 0 0 0 0 63 0 0 0
143 126 0 0 0 0 0 0 0 0 63 2 0 0
152 54 1 1 0 0 0 0 0 0 21 7 0 0
155 120 2 2 0 0 0 0 0 0 0 0 0 0
158 99 0 0 0 0 0 0 0 0 33 1 0 0
162 64 0 0 0 0 0 0 0 0 0 0 0 0
164 186 0 0 0 0 0 0 0 0 39 14 0 0
166 84 0 0 0 0 0 0 0 0 24 6 0 0
168 44 0 0 0 0 0 0 0 0 11 5 0 0
169 32 0 0 0 0 0 0 0 0 8 3 0 0
170 10 0 0 0 0 0 0 0 0 5 3 0 0
172 11 1 1 0 0 0 0 0 0 0 0 0 0
174 22 0 0 0 0 0 0 0 0 11 4 0 0
176 12 1 1 0 0 0 0 0 0 0 0 0 0
177 16 0 0 0 0 0 0 0 0 0 0 0 0
178 12 1 1 0 0 0 0 0 0 0 0 0 0
179 20 0 0 0 0 0 0 0 0 0 0 0 0
180 14 0 0 0 0 0 0 0 0 7 3 0 0
181 12 1 1 0 0 0 0 0 0 0 0 0 0
183 8 0 0 0 0 0 0 0 0 4 0 0 0
184 12 0 0 0 0 0 0 0 0 0 0 0 0
187 21 0 0 0 0 0 0 0 0 0 0 0 0
194 204 0 0 0 0 0 0 0 0 51 5 0 0
202 200 0 0 50 0 0 0 0 0 0 0 0 0
216 51 0 0 0 0 0 0 0 0 0 0 0 0
246 104 0 0 104 0 0 0 0 0 0 0 0 0
fl=./elf/../sysdeps/x86/dl-cet.c
fn=_dl_cet_check
41 2 0 0 0 0 0 0 0 0 0 0 0 0
42 1 0 0 1 1 1 0 0 0 0 0 0 0
44 1 0 0 0 0 0 0 0 0 0 0 0 0
45 1 0 0 0 0 0 0 0 0 0 0 0 0
48 4 1 1 0 0 0 0 0 0 1 0 0 0
49 2 0 0 0 0 0 0 0 0 0 0 0 0
51 1 0 0 1 0 0 0 0 0 0 0 0 0
62 2 0 0 0 0 0 0 0 0 1 1 0 0
252 8 1 1 0 0 0 6 0 0 0 0 0 0
254 8 1 1 7 0 0 0 0 0 0 0 0 0
fl=./elf/../sysdeps/x86/dl-get-cpu-features.c
fn=__x86_cpu_features
39 3 0 0 1 0 0 0 0 0 1 0 0 0
71 3 1 0 1 0 0 0 0 0 0 0 0 0
fn=_dl_x86_init_cpu_features
37 1 1 1 0 0 0 0 0 0 0 0 0 0
39 3 0 0 1 0 0 0 0 0 1 1 0 0
41 1 1 1 0 0 0 0 0 0 0 0 0 0
fl=./elf/../sysdeps/x86/dl-hwcap.h
fn=_dl_important_hwcaps
57 3 0 0 0 0 0 0 0 0 0 0 0 0
fl=./elf/../sysdeps/x86/dl-procinfo.h
fn=_dl_load_cache_lookup
39 6 1 1 0 0 0 0 0 0 3 0 0 0
42 45 1 1 3 0 0 15 0 0 3 0 0 0
fl=./elf/../sysdeps/x86/dl-prop.h
fn=_dl_map_object_from_fd
95 28 0 0 14 0 0 0 0 0 14 3 0 0
100 3 0 0 0 0 0 0 0 0 0 0 0 0
101 6 0 0 0 0 0 3 0 0 0 0 0 0
102 3 1 1 0 0 0 3 0 0 0 0 0 0
103 3 0 0 0 0 0 0 0 0 0 0 0 0
105 21 0 0 0 0 0 0 0 0 6 2 0 0
108 9 1 1 3 0 0 0 0 0 3 0 0 0
109 6 0 0 3 0 0 0 0 0 3 0 0 0
110 6 0 0 3 0 0 0 0 0 3 0 0 0
114 9 0 0 3 0 0 0 0 0 3 0 0 0
118 9 0 0 0 0 0 3 0 0 0 0 0 0
121 9 1 1 3 0 0 0 0 0 0 0 0 0
122 6 0 0 0 0 0 0 0 0 3 0 0 0
126 3 0 0 0 0 0 0 0 0 0 0 0 0
127 12 0 0 0 0 0 3 0 0 0 0 0 0
131 14 1 1 5 0 0 0 0 0 0 0 0 0
132 5 0 0 5 0 0 0 0 0 0 0 0 0
135 10 0 0 0 0 0 0 0 0 5 0 0 0
138 5 0 0 0 0 0 0 0 0 0 0 0 0
139 20 0 0 0 0 0 0 0 0 5 2 0 0
144 10 1 1 0 0 0 0 0 0 0 0 0 0
146 20 0 0 0 0 0 0 0 0 5 3 0 0
151 10 0 0 0 0 0 0 0 0 5 0 0 0
164 10 0 0 0 0 0 0 0 0 5 2 0 0
165 11 0 0 5 2 2 3 0 0 0 0 0 0
166 4 0 0 0 0 0 0 0 0 2 2 0 0
170 6 0 0 2 0 0 2 0 0 0 0 0 0
185 9 0 0 0 0 0 0 0 0 0 0 0 0
187 12 0 0 0 0 0 0 0 0 3 1 0 0
192 3 0 0 0 0 0 0 0 0 0 0 0 0
193 12 0 0 0 0 0 0 0 0 0 0 0 0
198 12 0 0 3 0 0 0 0 0 3 0 0 0
200 12 0 0 3 0 0 3 0 0 0 0 0 0
201 3 0 0 0 0 0 3 0 0 0 0 0 0
203 3 0 0 0 0 0 3 0 0 0 0 0 0
212 9 0 0 6 0 0 0 0 0 0 0 0 0
213 3 0 0 3 0 0 0 0 0 0 0 0 0
fn=dl_main
36 1 1 1 1 0 0 0 0 0 0 0 0 0
37 21 1 1 0 0 0 0 0 0 7 5 0 0
40 7 0 0 7 0 0 0 0 0 0 0 0 0
49 40 0 0 11 0 0 0 0 0 12 1 0 0
53 33 0 0 6 1 0 0 0 0 5 0 0 0
71 3 0 0 0 0 0 1 0 0 0 0 0 0
95 8 0 0 4 0 0 0 0 0 4 1 0 0
100 1 1 1 0 0 0 0 0 0 0 0 0 0
101 2 0 0 0 0 0 1 0 0 0 0 0 0
102 1 0 0 0 0 0 1 0 0 0 0 0 0
103 1 0 0 0 0 0 0 0 0 0 0 0 0
105 9 0 0 0 0 0 1 0 0 2 1 0 0
108 3 1 1 1 0 0 0 0 0 1 0 0 0
109 2 0 0 1 0 0 0 0 0 1 0 0 0
110 2 0 0 1 0 0 0 0 0 1 0 0 0
114 3 0 0 1 0 0 0 0 0 1 0 0 0
118 3 0 0 0 0 0 1 0 0 0 0 0 0
121 3 1 1 1 0 0 0 0 0 0 0 0 0
122 2 0 0 0 0 0 0 0 0 1 0 0 0
126 1 0 0 0 0 0 0 0 0 0 0 0 0
127 4 0 0 0 0 0 1 0 0 0 0 0 0
131 4 1 1 1 1 1 0 0 0 0 0 0 0
132 1 0 0 1 0 0 0 0 0 0 0 0 0
135 2 0 0 0 0 0 0 0 0 1 0 0 0
138 1 0 0 0 0 0 0 0 0 0 0 0 0
139 4 0 0 0 0 0 0 0 0 1 0 0 0
144 2 0 0 0 0 0 0 0 0 0 0 0 0
146 4 0 0 0 0 0 0 0 0 1 1 0 0
151 2 0 0 0 0 0 0 0 0 1 0 0 0
164 2 0 0 0 0 0 0 0 0 1 0 0 0
165 1 0 0 1 0 0 0 0 0 0 0 0 0
166 2 0 0 0 0 0 0 0 0 1 1 0 0
170 3 1 1 1 0 0 1 0 0 0 0 0 0
192 1 0 0 0 0 0 0 0 0 0 0 0 0
193 4 0 0 0 0 0 0 0 0 0 0 0 0
198 4 1 1 1 0 0 0 0 0 1 0 0 0
200 4 0 0 1 0 0 1 0 0 0 0 0 0
201 1 0 0 0 0 0 1 0 0 0 0 0 0
203 2 0 0 0 0 0 1 0 0 0 0 0 0
212 5 0 0 4 0 0 0 0 0 0 0 0 0
213 2 0 0 2 0 0 0 0 0 0 0 0 0
fl=./elf/../sysdeps/x86/get-isa-level.h
fn=_dl_hwcaps_subdirs_active
30 2 0 0 0 0 0 0 0 0 1 1 0 0
31 3 1 1 1 0 0 0 0 0 0 0 0 0
32 3 0 0 1 0 0 0 0 0 1 0 0 0
36 3 0 0 0 0 0 0 0 0 1 0 0 0
39 4 0 0 1 0 0 0 0 0 1 0 0 0
40 4 1 1 1 0 0 0 0 0 1 0 0 0
45 4 0 0 0 0 0 0 0 0 1 0 0 0
48 2 0 0 0 0 0 0 0 0 1 0 0 0
49 3 0 0 1 0 0 0 0 0 1 1 0 0
fn=update_active.constprop.0
28 1 0 0 0 0 0 0 0 0 0 0 0 0
30 2 0 0 0 0 0 0 0 0 0 0 0 0
31 2 1 1 0 0 0 0 0 0 0 0 0 0
32 3 0 0 0 0 0 0 0 0 1 0 0 0
36 3 0 0 0 0 0 0 0 0 1 1 0 0
38 1 0 0 0 0 0 0 0 0 0 0 0 0
39 3 1 1 1 0 0 0 0 0 1 0 0 0
40 4 0 0 1 0 0 0 0 0 1 0 0 0
45 4 1 1 0 0 0 0 0 0 0 0 0 0
47 1 0 0 0 0 0 0 0 0 0 0 0 0
48 2 0 0 0 0 0 0 0 0 1 0 0 0
49 3 0 0 1 0 0 0 0 0 1 1 0 0
fl=./elf/../sysdeps/x86_64/dl-hwcaps-subdirs.c
fn=_dl_hwcaps_subdirs_active
29 1 1 1 0 0 0 0 0 0 0 0 0 0
38 3 0 0 0 0 0 0 0 0 0 0 0 0
43 1 0 0 0 0 0 0 0 0 0 0 0 0
52 1 0 0 1 0 0 0 0 0 0 0 0 0
fl=./elf/../sysdeps/x86_64/dl-machine.h
fn=_dl_fixup
229 6 0 0 0 0 0 6 0 0 0 0 0 0
fn=_dl_relocate_object
71 20 0 0 5 0 0 0 0 0 5 2 0 0
77 12 0 0 9 1 0 0 0 0 3 2 0 0
81 9 0 0 3 3 3 0 0 0 3 0 0 0
87 3 0 0 0 0 0 3 0 0 0 0 0 0
95 9 1 1 3 0 0 0 0 0 3 0 0 0
115 6 0 0 3 0 0 0 0 0 3 0 0 0
117 6 0 0 0 0 0 3 0 0 0 0 0 0
119 15 0 0 3 2 0 0 0 0 0 0 0 0
262 510 0 0 0 0 0 0 0 0 0 0 0 0
283 510 0 0 0 0 0 0 0 0 255 0 0 0
287 510 0 0 0 0 0 0 0 0 255 0 0 0
294 12411 10 10 2874 174 133 1657 5 0 1440 44 0 0
296 1933 4 4 726 3 0 0 0 0 481 13 0 0
299 948 1 1 224 0 0 0 0 0 240 14 0 0
300 4 0 0 0 0 0 0 0 0 2 2 0 0
301 40 0 0 8 0 0 0 0 0 8 0 0 0
304 16 0 0 0 0 0 0 0 0 8 0 0 0
305 24 1 1 8 0 0 0 0 0 8 2 0 0
316 18 1 1 0 0 0 16 0 0 0 0 0 0
323 32 0 0 16 0 0 8 0 0 0 0 8 8
326 1530 0 0 255 4 3 0 0 0 255 8 255 8
422 54 1 1 18 0 0 0 0 0 18 1 0 0
426 72 0 0 18 0 0 0 0 0 18 0 0 0
431 54 0 0 36 2 2 0 0 0 0 0 0 0
440 36 0 0 18 0 0 18 6 6 0 0 0 0
450 705 2 2 468 31 30 237 31 25 0 0 0 0
474 24 0 0 0 0 0 6 0 0 0 0 0 0
484 15 0 0 0 0 0 5 0 0 0 0 0 0
507 4 0 0 4 0 0 0 0 0 0 0 0 0
508 6 1 1 2 0 0 0 0 0 2 0 0 0
509 2 0 0 0 0 0 2 0 0 0 0 2 2
510 4 0 0 2 0 0 2 1 0 0 0 0 0
529 44988 0 0 14996 1876 1876 0 0 0 0 0 0 0
530 14996 1 1 0 0 0 14996 3946 3940 0 0 0 0
534 29992 0 0 0 0 0 0 0 0 14996 0 0 0
535 29992 0 0 14996 1873 1873 0 0 0 0 0 0 0
545 266 0 0 133 0 0 0 0 0 0 0 0 0
549 152 0 0 0 0 0 0 0 0 76 0 0 0
552 228 0 0 76 0 0 0 0 0 76 0 0 0
553 76 0 0 76 14 13 0 0 0 0 0 0 0
579 114 0 0 114 0 0 0 0 0 0 0 0 0
581 57 0 0 0 0 0 57 0 0 0 0 57 57
582 57 0 0 0 0 0 57 1 1 0 0 0 0
fn=_dl_start
45 1 0 0 0 0 0 0 0 0 0 0 0 0
71 1 0 0 1 0 0 0 0 0 0 0 0 0
287 21 0 0 0 0 0 0 0 0 7 0 0 0
296 70 1 1 28 7 7 0 0 0 14 0 0 0
299 14 0 0 0 0 0 0 0 0 7 0 0 0
326 47 2 2 0 0 0 0 0 0 27 7 0 0
346 12 1 1 6 1 1 6 2 2 0 0 0 0
347 6 0 0 0 0 0 0 0 0 0 0 0 0
414 1 1 1 0 0 0 0 0 0 0 0 0 0
534 284 0 0 142 18 18 0 0 0 142 0 0 0
535 426 0 0 142 18 18 142 20 20 0 0 0 0
fn=_dl_sysdep_start
215 1 0 0 0 0 0 1 0 0 0 0 0 0
fl=./elf/../sysdeps/x86_64/dl-runtime.h
fn=_dl_fixup
28 6 0 0 0 0 0 0 0 0 0 0 0 0
fl=./elf/../sysdeps/x86_64/dl-trampoline.h
fn=_dl_runtime_resolve_xsave
67 6 2 2 0 0 0 0 0 0 0 0 0 0
72 6 0 0 0 0 0 6 0 0 0 0 0 0
75 6 0 0 0 0 0 0 0 0 0 0 0 0
77 6 0 0 0 0 0 0 0 0 0 0 0 0
87 6 0 0 6 2 1 0 0 0 0 0 0 0
93 6 0 0 0 0 0 6 1 1 0 0 0 0
94 6 0 0 0 0 0 6 0 0 0 0 0 0
95 6 2 2 0 0 0 6 0 0 0 0 0 0
96 6 0 0 0 0 0 6 0 0 0 0 0 0
97 6 0 0 0 0 0 6 0 0 0 0 0 0
98 6 0 0 0 0 0 6 0 0 0 0 0 0
99 6 0 0 0 0 0 6 0 0 0 0 0 0
103 6 0 0 0 0 0 0 0 0 0 0 0 0
104 6 0 0 0 0 0 0 0 0 0 0 0 0
107 6 0 0 0 0 0 6 0 0 0 0 0 0
108 6 0 0 0 0 0 6 0 0 0 0 0 0
110 6 0 0 0 0 0 6 0 0 0 0 0 0
111 6 0 0 0 0 0 6 0 0 0 0 0 0
112 6 2 2 0 0 0 6 0 0 0 0 0 0
113 6 0 0 0 0 0 6 0 0 0 0 0 0
114 6 0 0 0 0 0 6 0 0 0 0 0 0
115 6 0 0 0 0 0 6 0 0 0 0 0 0
117 6 0 0 6 0 0 198 7 2 0 0 0 0
124 6 0 0 6 0 0 0 0 0 0 0 0 0
125 6 0 0 6 0 0 0 0 0 0 0 0 0
126 6 0 0 0 0 0 6 2 0 0 0 0 0
127 6 0 0 0 0 0 0 0 0 0 0 0 0
132 6 0 0 0 0 0 0 0 0 0 0 0 0
133 6 0 0 0 0 0 0 0 0 0 0 0 0
134 6 0 0 216 0 0 0 0 0 0 0 0 0
136 6 2 2 6 0 0 0 0 0 0 0 0 0
137 6 0 0 6 0 0 0 0 0 0 0 0 0
138 6 0 0 6 0 0 0 0 0 0 0 0 0
139 6 0 0 6 0 0 0 0 0 0 0 0 0
140 6 0 0 6 0 0 0 0 0 0 0 0 0
141 6 0 0 6 0 0 0 0 0 0 0 0 0
142 6 0 0 6 0 0 0 0 0 0 0 0 0
144 6 0 0 0 0 0 0 0 0 0 0 0 0
146 6 0 0 6 0 0 0 0 0 0 0 0 0
150 6 0 0 0 0 0 0 0 0 0 0 0 0
152 6 0 0 0 0 0 0 0 0 0 0 6 6
fl=./elf/./dl-find_object.h
fn=_dl_find_object_from_map
95 12 1 1 6 3 0 6 2 1 0 0 0 0
96 12 1 1 6 2 0 6 0 0 0 0 0 0
97 6 0 0 0 0 0 6 2 2 0 0 0 0
103 30 0 0 12 5 0 0 0 0 0 0 0 0
104 162 0 0 0 0 0 0 0 0 56 4 0 0
105 112 1 1 56 48 8 0 0 0 56 20 0 0
107 18 0 0 12 0 0 6 0 0 0 0 0 0
112 6 0 0 6 0 0 0 0 0 0 0 0 0
fl=./elf/./dl-hwcaps.h
fn=_dl_important_hwcaps
54 12 2 2 3 0 0 6 0 0 0 0 0 0
56 8 0 0 2 0 0 6 0 0 0 0 0 0
57 1 0 0 0 0 0 0 0 0 0 0 0 0
88 9 1 1 4 0 0 5 0 0 0 0 0 0
89 8 0 0 3 0 0 5 0 0 0 0 0 0
90 6 0 0 0 0 0 0 0 0 0 0 0 0
fl=./elf/./dl-load.h
fn=_dl_map_object_from_fd
91 28 0 0 0 0 0 0 0 0 14 7 0 0
92 12 0 0 8 0 0 4 0 0 0 0 0 0
94 28 1 1 14 1 1 0 0 0 14 3 0 0
95 15 1 1 9 0 0 0 0 0 3 0 0 0
96 18 0 0 6 0 0 0 0 0 3 0 0 0
97 12 1 1 3 0 0 0 0 0 0 0 0 0
99 12 0 0 0 0 0 3 0 0 0 0 0 0
fl=./elf/./dl-main.h
fn=dl_main
109 5 1 1 4 0 0 1 0 0 0 0 0 0
fl=./elf/./dl-map-segments.h
fn=_dl_map_object_from_fd
28 12 0 0 8 0 0 0 0 0 4 1 0 0
29 27 1 1 12 0 0 6 0 0 0 0 0 0
36 5 1 1 0 0 0 1 0 0 0 0 0 0
37 7 0 0 0 0 0 1 0 0 0 0 0 0
41 2 0 0 0 0 0 0 0 0 1 0 0 0
44 4 0 0 0 0 0 1 0 0 0 0 0 0
45 8 1 1 3 0 0 2 0 0 0 0 0 0
46 2 0 0 2 0 0 0 0 0 0 0 0 0
49 4 1 1 2 0 0 0 0 0 1 0 0 0
55 3 0 0 0 0 0 0 0 0 1 1 0 0
56 7 2 2 2 0 0 3 0 0 0 0 0 0
58 6 0 0 2 0 0 0 0 0 0 0 0 0
59 2 0 0 1 0 0 0 0 0 0 0 0 0
60 2 0 0 0 0 0 0 0 0 1 1 0 0
61 3 0 0 1 0 0 1 0 0 0 0 0 0
96 8 0 0 4 0 0 0 0 0 0 0 0 0
102 4 0 0 0 0 0 4 0 0 0 0 0 0
103 10 0 0 3 0 0 0 0 0 3 0 0 0
106 12 1 1 4 0 0 4 0 0 0 0 0 0
107 8 0 0 0 0 0 4 0 0 0 0 0 0
109 8 0 0 4 0 0 0 0 0 4 2 0 0
116 16 0 0 6 0 0 2 0 0 2 0 0 0
119 14 0 0 2 0 0 2 0 0 2 0 0 0
126 4 1 1 4 0 0 0 0 0 0 0 0 0
128 4 0 0 0 0 0 0 0 0 0 0 0 0
136 70 0 0 0 0 0 0 0 0 14 4 0 0
138 40 0 0 20 0 0 0 0 0 10 0 0 0
140 110 1 1 40 0 0 20 0 0 10 4 0 0
141 10 0 0 10 0 0 0 0 0 0 0 0 0
150 56 0 0 28 0 0 0 0 0 14 8 0 0
156 4 0 0 4 0 0 0 0 0 0 0 0 0
157 4 0 0 4 0 0 0 0 0 0 0 0 0
158 20 0 0 4 0 0 0 0 0 0 0 0 0
159 8 0 0 0 0 0 0 0 0 0 0 0 0
166 8 1 1 0 0 0 0 0 0 4 0 0 0
169 8 0 0 0 0 0 0 0 0 4 0 0 0
177 28 0 0 0 0 0 12 0 0 0 0 0 0
178 8 0 0 8 0 0 0 0 0 0 0 0 0
183 8 0 0 0 0 0 0 0 0 4 1 0 0
187 8 1 1 0 0 0 1 0 0 0 0 0 0
190 2 0 0 0 0 0 0 0 0 1 1 0 0
195 14 1 1 0 0 0 0 0 0 0 0 0 0
fl=./elf/./dl-sym-post.h
fn=_dl_sym
24 6 4 4 0 0 0 2 0 0 0 0 0 0
25 10 0 0 0 0 0 0 0 0 2 0 0 0
41 4 0 0 0 0 0 0 0 0 2 1 0 0
53 8 0 0 4 2 1 0 0 0 2 0 0 0
fn=lookup_malloc_symbol
41 8 0 0 0 0 0 0 0 0 4 0 0 0
53 12 0 0 4 0 0 0 0 0 4 0 0 0
fl=./elf/./dl-tunable-types.h
fn=__GI___tunable_set_val
90 10 0 0 0 0 0 0 0 0 0 0 0 0
fl=./elf/./elf/dl-audit.c
fn=_dl_audit_activity_map
28 6 1 1 0 0 0 4 0 0 0 0 0 0
29 1 0 0 1 0 0 0 0 0 0 0 0 0
30 3 1 1 1 0 0 0 0 0 1 1 0 0
36 6 1 1 5 0 0 0 0 0 0 0 0 0
fn=_dl_audit_activity_nsid
40 6 1 1 0 0 0 4 0 0 0 0 0 0
44 4 0 0 1 0 0 0 0 0 0 0 0 0
45 1 0 0 1 0 0 0 0 0 0 0 0 0
46 4 1 1 0 0 0 0 0 0 2 0 0 0
50 6 0 0 5 0 0 0 0 0 0 0 0 0
fn=_dl_audit_objopen
76 4 1 1 0 0 0 0 0 0 0 0 0 0
77 16 0 0 8 0 0 0 0 0 4 0 0 0
fn=_dl_audit_preinit
117 1 1 1 0 0 0 0 0 0 0 0 0 0
118 4 0 0 2 0 0 0 0 0 1 0 0 0
fl=./elf/./elf/dl-cache.c
fn=_dl_cache_libcmp
370 87 1 1 0 0 0 0 0 0 0 0 0 0
371 365 1 1 29 0 0 0 0 0 168 10 0 0
373 489 0 0 0 0 0 0 0 0 163 5 0 0
375 173 1 1 0 0 0 0 0 0 5 0 0 0
381 15 0 0 0 0 0 0 0 0 0 0 0 0
382 15 0 0 0 0 0 0 0 0 0 0 0 0
383 154 0 0 139 0 0 0 0 0 5 2 0 0
385 154 0 0 139 1 1 0 0 0 5 2 0 0
387 10 0 0 0 0 0 0 0 0 5 2 0 0
393 316 0 0 0 0 0 0 0 0 158 0 0 0
395 316 0 0 0 0 0 0 0 0 158 24 0 0
396 72 1 1 24 0 0 0 0 0 0 0 0 0
399 134 0 0 0 0 0 0 0 0 0 0 0 0
400 134 0 0 0 0 0 0 0 0 0 0 0 0
403 44 0 0 34 24 24 0 0 0 0 0 0 0
fn=_dl_load_cache_lookup
194 48 0 0 0 0 0 0 0 0 0 0 0 0
208 3 0 0 3 0 0 0 0 0 0 0 0 0
212 24 1 1 3 0 0 9 0 0 0 0 0 0
218 36 1 1 12 0 0 12 0 0 0 0 0 0
219 6 0 0 0 0 0 0 0 0 0 0 0 0
221 15 0 0 0 0 0 0 0 0 0 0 0 0
228 60 1 1 11 0 0 6 0 0 24 4 0 0
230 87 0 0 27 0 0 0 0 0 0 0 0 0
231 48 0 0 24 21 21 0 0 0 0 0 0 0
235 48 0 0 24 0 0 0 0 0 24 0 0 0
239 72 1 1 0 0 0 24 0 0 0 0 0 0
240 48 0 0 0 0 0 0 0 0 24 2 0 0
248 16 1 1 0 0 0 0 0 0 8 4 0 0
250 10 0 0 5 2 2 0 0 0 0 0 0 0
253 10 0 0 0 0 0 0 0 0 5 0 0 0
255 30 0 0 0 0 0 5 0 0 0 0 0 0
257 5 0 0 0 0 0 0 0 0 0 0 0 0
267 6 0 0 0 0 0 0 0 0 3 2 0 0
277 6 1 1 3 0 0 0 0 0 3 0 0 0
278 9 0 0 3 0 0 0 0 0 3 0 0 0
294 6 0 0 0 0 0 0 0 0 3 0 0 0
303 6 0 0 3 0 0 0 0 0 3 0 0 0
306 6 0 0 3 0 0 0 0 0 3 0 0 0
308 9 0 0 3 0 0 0 0 0 3 0 0 0
309 6 0 0 3 0 0 0 0 0 3 0 0 0
314 18 1 1 3 0 0 3 0 0 0 0 0 0
315 12 0 0 3 0 0 0 0 0 3 0 0 0
322 6 0 0 0 0 0 0 0 0 3 0 0 0
343 12 0 0 3 0 0 3 0 0 0 0 0 0
359 21 0 0 0 0 0 0 0 0 21 10 0 0
360 11 0 0 0 0 0 0 0 0 0 0 0 0
362 20 0 0 0 0 0 10 0 0 0 0 0 0
416 30 1 1 0 0 0 18 0 0 0 0 0 0
418 6 0 0 3 0 0 0 0 0 3 0 0 0
421 9 1 1 3 0 0 0 0 0 3 1 0 0
424 5 1 1 0 0 0 1 0 0 0 0 0 0
432 5 1 1 1 0 0 0 0 0 2 0 0 0
433 8 0 0 3 1 1 0 0 0 2 0 0 0
436 7 1 1 0 0 0 0 0 0 1 0 0 0
437 1 0 0 1 0 0 0 0 0 0 0 0 0
444 1 1 1 0 0 0 1 0 0 0 0 0 0
445 2 0 0 0 0 0 1 0 0 0 0 0 0
490 6 0 0 2 0 0 0 0 0 2 0 0 0
495 9 0 0 3 0 0 0 0 0 3 0 0 0
498 9 0 0 3 0 0 3 1 1 0 0 0 0
513 6 0 0 3 0 0 0 0 0 3 0 0 0
525 54 2 2 6 0 0 3 0 0 6 4 0 0
526 12 0 0 3 0 0 3 0 0 0 0 0 0
527 3 0 0 0 0 0 3 0 0 0 0 0 0
528 24 0 0 21 0 0 0 0 0 0 0 0 0
fn=_dl_unload_cache
537 2 1 1 0 0 0 0 0 0 0 0 0 0
538 4 0 0 1 1 0 0 0 0 1 1 0 0
540 2 0 0 1 1 0 1 0 0 0 0 0 0
541 1 1 1 0 0 0 1 0 0 0 0 0 0
545 1 0 0 0 0 0 1 0 0 0 0 0 0
547 2 0 0 1 0 0 0 0 0 0 0 0 0
fl=./elf/./elf/dl-call-libc-early-init.c
fn=_dl_call_libc_early_init
27 4 1 1 0 0 0 2 0 0 0 0 0 0
29 2 0 0 0 0 0 0 0 0 1 0 0 0
33 7 1 1 0 0 0 1 0 0 0 0 0 0
37 2 0 0 0 0 0 0 0 0 1 0 0 0
39 4 0 0 3 0 0 0 0 0 1 0 0 0
40 2 0 0 0 0 0 0 0 0 0 0 1 1
41 3 0 0 2 0 0 0 0 0 0 0 0 0
fl=./elf/./elf/dl-debug.c
fn=_dl_debug_initialize
56 1 1 1 0 0 0 0 0 0 0 0 0 0
57 1 0 0 0 0 0 0 0 0 0 0 0 0
59 2 0 0 0 0 0 0 0 0 1 0 0 0
61 1 0 0 0 0 0 0 0 0 0 0 0 0
63 3 0 0 1 1 1 0 0 0 1 1 0 0
64 2 1 1 0 0 0 1 0 0 0 0 0 0
85 2 1 1 1 0 0 0 0 0 1 0 0 0
90 3 0 0 1 0 0 1 0 0 0 0 0 0
91 2 0 0 0 0 0 1 0 0 0 0 0 0
92 1 0 0 0 0 0 1 0 0 0 0 0 0
95 2 0 0 1 0 0 0 0 0 1 1 0 0
96 6 1 1 1 0 0 1 0 0 0 0 0 0
99 2 0 0 0 0 0 0 0 0 1 1 0 0
107 2 1 1 1 0 0 0 0 0 0 0 0 0
fn=_dl_debug_state
116 2 1 1 0 0 0 0 0 0 0 0 0 0
117 2 0 0 2 0 0 0 0 0 0 0 0 0
fn=_dl_debug_update
38 5 1 0 0 0 0 0 0 0 0 0 0 0
40 10 0 0 0 0 0 0 0 0 5 4 0 0
41 5 0 0 0 0 0 0 0 0 0 0 0 0
44 10 0 0 5 1 0 0 0 0 5 0 0 0
48 5 0 0 5 0 0 0 0 0 0 0 0 0
fl=./elf/./elf/dl-deps.c
fn=_dl_map_object_deps
144 6 1 1 0 0 0 3 1 1 0 0 0 0
145 8 0 0 0 0 0 2 0 0 0 0 0 0
146 5 1 1 0 0 0 0 0 0 0 0 0 0
148 3 0 0 0 0 0 1 0 0 0 0 0 0
152 8 0 0 2 0 0 2 0 0 0 0 0 0
159 15 2 2 0 0 0 7 1 1 0 0 0 0
160 22 2 2 1 1 1 2 0 0 2 2 0 0
176 7 0 0 0 0 0 0 0 0 2 0 0 0
177 1 0 0 1 0 0 0 0 0 0 0 0 0
180 1 0 0 0 0 0 1 0 0 0 0 0 0
198 2 0 0 1 0 0 1 0 0 0 0 0 0
199 3 0 0 1 0 0 1 0 0 0 0 0 0
200 2 1 1 0 0 0 2 0 0 0 0 0 0
202 1 0 0 0 0 0 0 0 0 0 0 0 0
204 16 1 1 11 0 0 0 0 0 0 0 0 0
206 6 0 0 0 0 0 0 0 0 0 0 0 0
209 6 0 0 0 0 0 6 0 0 0 0 0 0
213 24 0 0 6 0 0 6 1 1 6 5 0 0
214 39 2 2 17 1 1 0 0 0 17 2 0 0
217 12 0 0 0 0 0 0 0 0 4 0 0 0
221 12 1 1 4 0 0 4 0 0 0 0 0 0
224 20 1 1 10 2 0 0 0 0 10 3 0 0
226 20 2 2 12 0 0 4 0 0 4 3 0 0
231 8 0 0 4 0 0 4 0 0 0 0 0 0
232 4 0 0 0 0 0 4 0 0 0 0 0 0
233 8 1 1 4 0 0 4 0 0 0 0 0 0
237 452 0 0 119 2 0 4 0 0 111 4 0 0
238 218 0 0 0 0 0 0 0 0 107 6 0 0
244 63 2 2 14 0 0 7 0 0 7 6 0 0
246 7 0 0 0 0 0 7 0 0 0 0 0 0
248 28 1 1 0 0 0 7 0 0 0 0 0 0
249 14 1 1 7 0 0 0 0 0 7 0 0 0
258 7 0 0 7 0 0 0 0 0 0 0 0 0
260 14 0 0 7 0 0 0 0 0 7 3 0 0
265 28 1 1 4 0 0 0 0 0 4 1 0 0
268 4 0 0 0 0 0 4 0 0 0 0 0 0
269 4 0 0 0 0 0 4 0 0 0 0 0 0
270 4 0 0 0 0 0 4 0 0 0 0 0 0
271 8 0 0 4 0 0 4 0 0 0 0 0 0
273 4 0 0 4 0 0 0 0 0 0 0 0 0
275 20 1 1 4 0 0 8 0 0 0 0 0 0
279 21 0 0 7 0 0 0 0 0 7 1 0 0
280 12 0 0 0 0 0 4 0 0 0 0 0 0
282 300 1 1 0 0 0 0 0 0 100 9 0 0
298 1 0 0 0 0 0 1 0 0 0 0 0 0
380 10 1 1 0 0 0 5 0 0 0 0 0 0
433 18 0 0 6 0 0 0 0 0 6 2 0 0
435 12 0 0 0 0 0 4 1 1 0 0 0 0
438 8 1 1 0 0 0 0 0 0 0 0 0 0
439 8 0 0 0 0 0 0 0 0 4 0 0 0
445 4 0 0 0 0 0 4 1 1 0 0 0 0
446 20 0 0 4 0 0 4 0 0 0 0 0 0
447 20 0 0 0 0 0 4 0 0 0 0 0 0
450 4 0 0 0 0 0 4 0 0 0 0 0 0
451 4 0 0 4 0 0 0 0 0 0 0 0 0
455 24 1 1 12 0 0 0 0 0 6 5 0 0
457 6 0 0 6 0 0 0 0 0 0 0 0 0
458 27 0 0 5 0 0 0 0 0 11 8 0 0
464 6 1 1 2 0 0 0 0 0 2 0 0 0
465 1 0 0 0 0 0 1 0 0 0 0 0 0
468 4 0 0 1 0 0 1 0 0 1 1 0 0
479 3 1 1 1 0 0 0 0 0 0 0 0 0
481 2 0 0 0 0 0 0 0 0 1 0 0 0
486 5 0 0 2 0 0 1 0 0 0 0 0 0
487 1 0 0 0 0 0 1 0 0 0 0 0 0
488 8 0 0 1 0 0 0 0 0 0 0 0 0
490 24 1 1 6 0 0 1 0 0 7 2 0 0
494 6 0 0 6 0 0 0 0 0 0 0 0 0
499 12 1 1 0 0 0 0 0 0 6 5 0 0
501 13 0 0 0 0 0 6 2 2 0 0 0 0
506 6 0 0 6 0 0 0 0 0 0 0 0 0
509 2 0 0 1 0 0 0 0 0 1 0 0 0
560 2 1 1 0 0 0 0 0 0 0 0 0 0
561 3 1 1 1 0 0 0 0 0 1 1 0 0
598 3 1 1 1 0 0 0 0 0 1 0 0 0
599 2 0 0 0 0 0 0 0 0 1 1 0 0
602 1 0 0 1 0 0 0 0 0 0 0 0 0
613 5 0 0 0 0 0 1 0 0 0 0 0 0
618 8 1 1 1 0 0 1 0 0 0 0 0 0
619 4 1 1 2 0 0 0 0 0 0 0 0 0
623 1 0 0 0 0 0 1 0 0 0 0 0 0
625 1 0 0 0 0 0 1 0 0 0 0 0 0
626 1 0 0 1 0 0 0 0 0 0 0 0 0
627 2 0 0 0 0 0 0 0 0 1 1 0 0
634 3 0 0 1 0 0 0 0 0 1 1 0 0
637 3 0 0 1 0 0 0 0 0 1 0 0 0
640 8 0 0 7 0 0 0 0 0 0 0 0 0
fn=openaux
61 21 0 0 0 0 0 7 0 0 0 0 0 0
64 77 1 1 28 0 0 14 0 0 0 0 0 0
65 7 0 0 7 0 0 0 0 0 0 0 0 0
68 7 0 0 7 0 0 0 0 0 0 0 0 0
69 14 0 0 14 0 0 0 0 0 0 0 0 0
fl=./elf/./elf/dl-environ.c
fn=_dl_next_ld_env_entry
28 3 1 1 0 0 0 0 0 0 0 0 0 0
29 3 0 0 3 0 0 0 0 0 0 0 0 0
32 127 0 0 42 0 0 0 0 0 42 2 0 0
34 82 0 0 41 0 0 0 0 0 41 22 0 0
35 28 1 1 14 0 0 0 0 0 14 9 0 0
37 2 0 0 0 0 0 0 0 0 0 0 0 0
40 4 0 0 0 0 0 2 0 0 0 0 0 0
42 2 0 0 2 0 0 0 0 0 0 0 0 0
45 39 0 0 0 0 0 0 0 0 0 0 0 0
49 1 0 0 1 0 0 0 0 0 0 0 0 0
fl=./elf/./elf/dl-error-skeleton.c
fn=_dl_catch_error
225 36 5 5 2 0 0 11 0 0 0 0 0 0
227 6 0 0 0 0 0 3 0 0 0 0 0 0
228 6 0 0 3 0 0 3 0 0 0 0 0 0
229 6 0 0 3 0 0 3 0 0 0 0 0 0
230 6 1 1 3 0 0 3 0 0 0 0 0 0
232 21 2 2 16 0 0 0 0 0 2 0 0 0
fn=_dl_catch_exception
175 66 6 6 2 0 0 42 2 2 0 0 0 0
178 20 0 0 0 0 0 0 0 0 10 2 0 0
180 22 0 0 12 4 2 10 0 0 0 0 0 0
199 10 0 0 0 0 0 10 0 0 0 0 0 0
200 20 0 0 0 0 0 10 0 0 0 0 0 0
203 20 0 0 0 0 0 10 0 0 0 0 0 0
206 70 2 2 0 0 0 10 1 1 10 0 0 0
208 30 1 1 20 0 0 10 0 0 0 0 10 4
209 22 0 0 12 0 0 10 0 0 0 0 0 0
210 40 0 0 10 0 0 20 0 0 0 0 0 0
219 46 2 2 24 0 0 0 0 0 2 0 0 0
fn=_dl_receive_error
238 6 0 0 0 0 0 2 0 0 0 0 0 0
239 1 0 0 1 0 0 0 0 0 0 0 0 0
240 1 0 0 1 0 0 0 0 0 0 0 0 0
243 1 1 1 0 0 0 1 0 0 0 0 0 0
244 1 0 0 0 0 0 1 0 0 0 0 0 0
246 1 0 0 0 0 0 1 0 0 0 0 1 1
248 1 0 0 0 0 0 1 0 0 0 0 0 0
249 1 0 0 0 0 0 1 0 0 0 0 0 0
250 4 0 0 3 0 0 0 0 0 0 0 0 0
fn=_rtld_catch_error
257 2 2 1 0 0 0 0 0 0 0 0 0 0
260 2 0 0 0 0 0 0 0 0 0 0 0 0
fl=./elf/./elf/dl-find_object.c
fn=_dl_find_object_init
561 4 1 1 0 0 0 2 0 0 0 0 0 0
564 1 1 1 1 1 0 0 0 0 0 0 0 0
566 2 0 0 1 0 0 0 0 0 1 1 0 0
567 3 1 1 0 0 0 1 0 0 0 0 0 0
579 2 0 0 0 0 0 1 0 0 0 0 0 0
580 3 0 0 1 0 0 1 0 0 0 0 0 0
582 2 1 1 0 0 0 0 0 0 1 0 0 0
585 2 1 1 0 0 0 0 0 0 1 0 0 0
590 1 0 0 0 0 0 1 0 0 0 0 0 0
591 1 0 0 0 0 0 1 0 0 0 0 0 0
594 3 0 0 1 0 0 0 0 0 1 1 0 0
596 2 1 1 0 0 0 1 0 0 0 0 0 0
599 6 0 0 3 0 0 1 0 0 0 0 0 0
601 1 0 0 0 0 0 0 0 0 0 0 0 0
604 4 0 0 3 0 0 0 0 0 0 0 0 0
fn=_dlfo_process_initial
474 4 0 0 0 0 0 2 0 0 0 0 0 0
475 2 0 0 2 0 0 0 0 0 0 0 0 0
477 2 0 0 0 0 0 0 0 0 0 0 0 0
478 4 0 0 2 0 0 0 0 0 2 0 0 0
504 24 2 2 4 1 0 0 0 0 4 0 0 0
505 30 0 0 2 0 0 0 0 0 14 4 0 0
506 12 0 0 12 0 0 0 0 0 0 0 0 0
508 44 1 1 10 0 0 0 0 0 22 4 0 0
511 40 0 0 10 0 0 0 0 0 10 3 0 0
513 30 1 1 10 1 0 0 0 0 10 3 0 0
515 10 0 0 0 0 0 5 0 0 0 0 0 0
516 10 0 0 0 0 0 0 0 0 0 0 0 0
517 20 0 0 0 0 0 0 0 0 0 0 0 0
529 2 0 0 0 0 0 2 0 0 0 0 0 0
531 8 0 0 4 0 0 0 0 0 0 0 0 0
fn=_dlfo_sort_mappings
536 1 1 1 0 0 0 0 0 0 0 0 0 0
537 2 0 0 0 0 0 0 0 0 1 0 0 0
540 20 0 0 4 0 0 0 0 0 4 3 0 0
544 8 0 0 4 0 0 0 0 0 0 0 0 0
545 50 0 0 0 0 0 0 0 0 14 6 0 0
546 58 1 1 10 0 0 0 0 0 10 6 0 0
553 16 0 0 8 0 0 0 0 0 0 0 0 0
554 20 0 0 8 0 0 8 0 0 0 0 0 0
555 8 0 0 0 0 0 8 0 0 0 0 0 0
557 1 0 0 1 0 0 0 0 0 0 0 0 0
fl=./elf/./elf/dl-hwcaps.c
fn=_dl_important_hwcaps
55 12 2 2 0 0 0 3 0 0 3 1 0 0
57 1 0 0 0 0 0 0 0 0 0 0 0 0
58 3 0 0 1 0 0 0 0 0 0 0 0 0
59 1 0 0 0 0 0 0 0 0 0 0 0 0
80 12 2 2 0 0 0 3 0 0 3 1 0 0
82 1 0 0 0 0 0 1 0 0 0 0 0 0
83 9 0 0 2 0 0 4 1 1 0 0 0 0
87 1 0 0 0 0 0 1 0 0 0 0 0 0
89 3 0 0 1 0 0 1 0 0 0 0 0 0
90 1 0 0 0 0 0 0 0 0 0 0 0 0
91 1 0 0 0 0 0 0 0 0 0 0 0 0
103 6 0 0 0 0 0 4 0 0 0 0 0 0
105 2 1 1 0 0 0 0 0 0 1 0 0 0
108 3 0 0 2 0 0 1 0 0 0 0 0 0
111 1 0 0 0 0 0 0 0 0 0 0 0 0
115 4 1 1 0 0 0 1 0 0 1 0 0 0
128 8 1 1 0 0 0 2 0 0 2 1 0 0
130 7 1 1 3 0 0 2 0 0 0 0 0 0
131 4 0 0 1 0 0 1 0 0 0 0 0 0
132 1 0 0 0 0 0 0 0 0 0 0 0 0
133 1 0 0 0 0 0 0 0 0 0 0 0 0
136 2 0 0 1 0 0 0 0 0 1 0 0 0
145 5 0 0 1 0 0 2 0 0 1 1 0 0
175 14 2 2 0 0 0 10 1 1 0 0 0 0
176 7 0 0 1 0 0 2 2 2 0 0 0 0
178 2 0 0 1 0 0 1 0 0 0 0 0 0
179 4 0 0 1 0 0 1 0 0 0 0 0 0
204 2 0 0 0 0 0 2 0 0 0 0 0 0
205 3 1 1 0 0 0 0 0 0 0 0 0 0
215 3 1 1 1 0 0 1 0 0 0 0 0 0
216 6 1 1 2 0 0 1 0 0 0 0 0 0
220 19 0 0 3 0 0 0 0 0 3 1 0 0
221 6 0 0 0 0 0 0 0 0 0 0 0 0
222 4 0 0 0 0 0 0 0 0 0 0 0 0
225 3 0 0 0 0 0 1 0 0 0 0 0 0
228 21 3 3 1 0 0 3 0 0 2 2 0 0
230 9 1 1 2 0 0 0 0 0 1 1 0 0
231 4 1 1 2 0 0 2 1 1 2 1 0 0
233 6 0 0 0 0 0 3 1 1 0 0 0 0
234 2 0 0 0 0 0 2 0 0 0 0 0 0
235 6 0 0 0 0 0 0 0 0 0 0 0 0
236 2 0 0 1 0 0 0 0 0 0 0 0 0
238 3 0 0 1 0 0 0 0 0 1 0 0 0
240 4 0 0 0 0 0 1 0 0 0 0 0 0
241 2 1 1 1 0 0 1 0 0 0 0 0 0
242 1 0 0 0 0 0 0 0 0 0 0 0 0
245 5 0 0 1 0 0 1 0 0 0 0 0 0
246 1 0 0 0 0 0 1 0 0 0 0 0 0
249 2 0 0 1 0 0 0 0 0 1 0 0 0
252 3 0 0 1 0 0 0 0 0 1 0 0 0
253 5 1 1 3 0 0 1 0 0 0 0 0 0
256 8 0 0 6 0 0 1 0 0 0 0 0 0
257 3 0 0 1 0 0 0 0 0 1 1 0 0
259 2 1 1 0 0 0 0 0 0 0 0 0 0
260 8 2 2 1 0 0 0 0 0 2 2 0 0
261 4 1 1 2 0 0 0 0 0 0 0 0 0
262 4 1 1 1 0 0 1 0 0 1 0 0 0
272 4 0 0 1 0 0 0 0 0 0 0 0 0
276 10 1 1 3 0 0 3 1 1 0 0 0 0
282 2 0 0 0 0 0 0 0 0 0 0 0 0
283 2 0 0 0 0 0 0 0 0 1 0 0 0
291 3 0 0 1 0 0 0 0 0 0 0 0 0
304 2 0 0 1 0 0 0 0 0 1 0 0 0
306 1 0 0 0 0 0 1 0 0 0 0 0 0
315 2 0 0 1 0 0 1 0 0 0 0 0 0
328 1 1 1 0 0 0 1 1 1 0 0 0 0
331 2 0 0 1 0 0 0 0 0 1 0 0 0
338 1 0 0 1 0 0 0 0 0 0 0 0 0
341 2 0 0 0 0 0 0 0 0 0 0 0 0
344 14 1 1 7 0 0 5 0 0 0 0 0 0
347 17 0 0 4 0 0 2 0 0 2 1 0 0
348 17 2 2 1 0 0 1 0 0 2 1 0 0
349 5 0 0 2 0 0 2 0 0 0 0 0 0
352 12 0 0 4 0 0 4 0 0 0 0 0 0
354 5 1 1 1 0 0 0 0 0 2 1 0 0
359 34 1 1 3 0 0 0 0 0 9 7 0 0
360 8 0 0 0 0 0 8 0 0 0 0 0 0
364 23 0 0 1 0 0 0 0 0 0 0 0 0
367 48 0 0 0 0 0 0 0 0 12 10 0 0
368 72 0 0 0 0 0 0 0 0 24 10 0 0
369 48 1 1 24 0 0 12 0 0 0 0 0 0
371 9 0 0 0 0 0 0 0 0 3 2 0 0
374 3 0 0 1 0 0 0 0 0 0 0 0 0
375 2 1 1 0 0 0 0 0 0 0 0 0 0
376 15 0 0 2 0 0 1 0 0 3 1 0 0
378 6 0 0 0 0 0 0 0 0 2 1 0 0
379 2 0 0 2 0 0 0 0 0 0 0 0 0
381 1 1 1 1 0 0 0 0 0 0 0 0 0
382 7 1 1 0 0 0 2 0 0 0 0 0 0
389 22 0 0 6 0 0 5 0 0 0 0 0 0
390 4 0 0 0 0 0 0 0 0 0 0 0 0
392 8 0 0 0 0 0 0 0 0 4 3 0 0
395 4 0 0 2 0 0 0 0 0 0 0 0 0
401 9 0 0 8 0 0 0 0 0 0 0 0 0
fl=./elf/./elf/dl-hwcaps_split.c
fn=_dl_hwcaps_contains
66 3 1 1 0 0 0 0 0 0 0 0 0 0
67 6 0 0 0 0 0 0 0 0 3 2 0 0
68 3 0 0 0 0 0 0 0 0 0 0 0 0
77 3 0 0 3 0 0 0 0 0 0 0 0 0
fn=_dl_hwcaps_split
25 4 1 1 0 0 0 2 0 0 0 0 0 0
26 3 0 0 1 0 0 0 0 0 1 1 0 0
27 1 0 0 0 0 0 0 0 0 0 0 0 0
47 4 1 1 3 0 0 0 0 0 0 0 0 0
fn=_dl_hwcaps_split_masked
26 42 0 0 14 0 0 0 0 0 14 2 0 0
30 24 0 0 12 0 0 12 0 0 0 0 0 0
34 72 1 1 18 1 1 0 0 0 18 6 0 0
35 12 0 0 0 0 0 6 0 0 0 0 0 0
36 24 0 0 0 0 0 0 0 0 12 3 0 0
41 27 0 0 0 0 0 9 0 0 0 0 0 0
42 18 0 0 0 0 0 0 0 0 9 3 0 0
43 9 0 0 0 0 0 3 0 0 0 0 0 0
45 6 0 0 0 0 0 0 0 0 0 0 0 0
51 40 1 1 0 0 0 16 0 0 0 0 0 0
55 5 1 1 0 0 0 0 0 0 0 0 0 0
56 18 0 0 9 0 0 9 0 0 0 0 0 0
57 27 0 0 0 0 0 9 0 0 0 0 0 0
58 36 0 0 3 0 0 3 0 0 12 6 0 0
62 32 0 0 24 0 0 0 0 0 0 0 0 0
fl=./elf/./elf/dl-init.c
fn=_dl_init
31 42 2 2 14 0 0 0 0 0 7 0 0 0
33 38 0 0 7 0 0 6 1 0 7 1 0 0
77 12 1 1 0 0 0 6 0 0 0 0 0 0
78 1 0 0 1 1 0 0 0 0 0 0 0 0
79 1 0 0 1 0 0 0 0 0 0 0 0 0
82 3 1 1 1 0 0 0 0 0 1 1 0 0
85 2 1 1 0 0 0 1 0 0 0 0 0 0
90 2 0 0 0 0 0 0 0 0 1 0 0 0
115 1 0 0 1 0 0 0 0 0 0 0 0 0
116 23 0 0 0 0 0 0 0 0 7 5 0 0
117 12 0 0 12 1 0 0 0 0 0 0 0 0
123 8 1 1 7 0 0 0 0 0 0 0 0 0
fn=call_init.part.0
26 54 1 1 0 0 0 30 0 0 0 0 0 0
39 18 1 1 6 0 0 6 0 0 0 0 0 0
42 18 0 0 12 4 0 0 0 0 6 2 0 0
43 2 0 0 0 0 0 0 0 0 1 1 0 0
47 10 0 0 5 0 0 0 0 0 5 0 0 0
55 15 0 0 5 4 0 0 0 0 5 2 0 0
56 18 0 0 6 3 0 3 0 0 0 0 3 3
59 5 1 1 5 3 0 0 0 0 0 0 0 0
60 10 0 0 0 0 0 0 0 0 5 2 0 0
66 9 0 0 6 1 0 0 0 0 0 0 0 0
68 6 0 0 6 0 0 0 0 0 0 0 0 0
69 35 0 0 0 0 0 0 0 0 8 2 0 0
70 20 0 0 5 3 0 5 0 0 0 0 5 5
72 36 1 1 36 0 0 0 0 0 0 0 0 0
fl=./elf/./elf/dl-load.c
fn=_dl_dst_count
238 42 1 1 0 0 0 35 1 1 0 0 0 0
241 14 0 0 0 0 0 7 0 0 0 0 0 0
244 14 0 0 0 0 0 0 0 0 7 0 0 0
245 7 1 1 0 0 0 0 0 0 0 0 0 0
264 49 0 0 42 0 0 0 0 0 0 0 0 0
fn=_dl_init_paths
706 13 1 1 0 0 0 8 0 0 0 0 0 0
720 4 1 1 0 0 0 2 1 1 0 0 0 0
725 1 0 0 0 0 0 1 0 0 0 0 0 0
727 2 0 0 0 0 0 0 0 0 1 0 0 0
734 5 0 0 0 0 0 0 0 0 0 0 0 0
735 2 1 1 1 0 0 0 0 0 0 0 0 0
739 4 0 0 0 0 0 1 1 1 0 0 0 0
741 4 0 0 2 0 0 0 0 0 1 0 0 0
747 1 0 0 0 0 0 1 0 0 0 0 0 0
748 1 1 1 0 0 0 1 0 0 0 0 0 0
756 8 0 0 0 0 0 4 0 0 0 0 0 0
758 8 0 0 0 0 0 4 1 1 0 0 0 0
759 4 0 0 0 0 0 4 0 0 0 0 0 0
761 5 0 0 0 0 0 4 1 1 0 0 0 0
762 7 0 0 3 1 1 4 1 1 0 0 0 0
763 7 1 1 0 0 0 0 0 0 0 0 0 0
766 9 0 0 3 1 1 0 0 0 3 0 0 0
767 10 0 0 5 0 0 1 0 0 4 3 0 0
768 18 0 0 0 0 0 4 0 0 0 0 0 0
770 26 3 3 6 0 0 6 0 0 4 1 0 0
776 1 0 0 0 0 0 1 0 0 0 0 0 0
777 1 0 0 0 0 0 1 0 0 0 0 0 0
782 1 0 0 1 0 0 0 0 0 0 0 0 0
785 3 0 0 0 0 0 0 0 0 0 0 0 0
787 4 0 0 1 0 0 0 0 0 1 0 0 0
789 3 1 1 1 0 0 0 0 0 1 1 0 0
806 1 0 0 0 0 0 1 0 0 0 0 0 0
808 3 2 2 1 0 0 0 0 0 1 1 0 0
822 2 1 1 0 0 0 1 0 0 0 0 0 0
825 5 1 1 2 0 0 0 0 0 2 1 0 0
827 23 1 1 2 0 0 2 0 0 2 2 0 0
831 2 0 0 0 0 0 0 0 0 0 0 0 0
832 60 1 1 15 0 0 0 0 0 15 10 0 0
833 14 0 0 0 0 0 0 0 0 0 0 0 0
834 28 0 0 0 0 0 0 0 0 0 0 0 0
836 1 0 0 0 0 0 1 0 0 0 0 0 0
837 1 0 0 0 0 0 0 0 0 0 0 0 0
838 2 1 1 0 0 0 0 0 0 1 0 0 0
844 6 0 0 1 0 0 1 0 0 0 0 0 0
847 3 0 0 2 0 0 0 0 0 1 0 0 0
853 1 0 0 0 0 0 1 0 0 0 0 0 0
857 8 0 0 7 0 0 0 0 0 0 0 0 0
fn=_dl_map_object
682 27 1 1 9 0 0 0 0 0 9 6 0 0
696 15 0 0 3 0 0 6 0 0 0 0 0 0
2022 80 1 1 0 0 0 64 5 5 0 0 0 0
2024 4 0 0 0 0 0 4 0 0 0 0 0 0
2030 16 0 0 0 0 0 0 0 0 8 0 0 0
2031 32 1 1 8 1 1 0 0 0 8 0 0 0
2034 142 0 0 34 0 0 0 0 0 34 9 0 0
2039 210 1 1 60 0 0 0 0 0 30 0 0 0
2041 150 0 0 0 0 0 30 0 0 30 4 0 0
2045 52 0 0 26 0 0 0 0 0 26 0 0 0
2046 78 0 0 26 0 0 0 0 0 26 7 0 0
2049 65 0 0 39 1 0 0 0 0 13 6 0 0
2050 39 1 1 13 0 0 0 0 0 0 0 0 0
2051 52 0 0 0 0 0 13 0 0 13 4 0 0
2068 28 2 2 8 0 0 4 0 0 4 0 0 0
2069 12 0 0 0 0 0 4 0 0 0 0 0 0
2077 12 0 0 4 0 0 0 0 0 4 0 0 0
2092 4 0 0 0 0 0 4 2 2 0 0 0 0
2094 20 0 0 0 0 0 4 0 0 4 3 0 0
2098 12 1 1 0 0 0 6 0 0 0 0 0 0
2100 6 0 0 3 0 0 0 0 0 3 0 0 0
2107 12 0 0 3 0 0 0 0 0 6 2 0 0
2111 6 1 1 3 0 0 3 0 0 0 0 0 0
2112 3 1 1 0 0 0 0 0 0 0 0 0 0
2116 9 0 0 3 0 0 0 0 0 3 2 0 0
2117 3 0 0 0 0 0 0 0 0 0 0 0 0
2131 15 1 1 6 0 0 0 0 0 3 0 0 0
2132 30 1 1 6 0 0 3 0 0 6 0 0 0
2133 3 0 0 0 0 0 0 0 0 0 0 0 0
2142 6 1 1 0 0 0 0 0 0 3 2 0 0
2157 9 1 1 3 0 0 0 0 0 3 0 0 0
2158 42 1 1 3 0 0 12 0 0 3 2 0 0
2164 15 1 1 3 0 0 0 0 0 6 0 0 0
2165 3 0 0 0 0 0 0 0 0 0 0 0 0
2173 3 1 1 0 0 0 3 0 0 0 0 0 0
2187 6 0 0 0 0 0 0 0 0 3 0 0 0
2189 9 0 0 3 0 0 0 0 0 3 0 0 0
2193 9 1 1 0 0 0 3 0 0 0 0 0 0
2195 6 0 0 0 0 0 0 0 0 3 0 0 0
2199 6 0 0 0 0 0 0 0 0 3 0 0 0
2207 9 0 0 3 0 0 0 0 0 3 0 0 0
2230 21 1 1 0 0 0 6 0 0 0 0 0 0
2234 9 0 0 3 0 0 0 0 0 3 0 0 0
2235 6 0 0 0 0 0 3 0 0 0 0 0 0
2252 6 1 1 3 0 0 0 0 0 3 0 0 0
2258 1 0 0 0 0 0 1 0 0 0 0 0 0
2259 4 1 1 0 0 0 1 0 0 0 0 0 0
2260 2 0 0 0 0 0 0 0 0 1 0 0 0
2261 3 0 0 0 0 0 0 0 0 1 0 0 0
2265 6 0 0 0 0 0 2 0 0 0 0 0 0
2268 3 1 1 1 0 0 0 0 0 1 0 0 0
2280 16 0 0 4 0 0 0 0 0 0 0 0 0
2282 12 1 1 0 0 0 0 0 0 3 0 0 0
2326 8 0 0 4 0 0 4 0 0 0 0 0 0
2327 60 1 1 12 0 0 20 0 0 0 0 0 0
2329 72 0 0 56 0 0 0 0 0 0 0 0 0
fn=_dl_map_object_from_fd
944 56 1 1 0 0 0 44 2 2 0 0 0 0
954 12 0 0 4 0 0 8 1 1 0 0 0 0
961 16 0 0 4 0 0 4 1 1 4 2 0 0
975 1 1 1 0 0 0 0 0 0 0 0 0 0
999 70 0 0 22 0 0 0 0 0 18 6 0 0
1000 28 0 0 14 0 0 0 0 0 14 0 0 0
1018 8 1 1 4 0 0 0 0 0 4 3 0 0
1046 16 1 1 4 0 0 4 0 0 4 0 0 0
1056 8 0 0 4 0 0 0 0 0 4 0 0 0
1063 32 1 1 20 0 0 4 0 0 0 0 0 0
1064 8 0 0 0 0 0 0 0 0 4 0 0 0
1075 12 0 0 8 0 0 4 1 1 0 0 0 0
1076 16 0 0 8 0 0 8 0 0 0 0 0 0
1077 8 1 1 4 0 0 4 0 0 0 0 0 0
1079 12 0 0 0 0 0 0 0 0 0 0 0 0
1080 16 0 0 8 0 0 0 0 0 4 1 0 0
1081 6 0 0 0 0 0 3 0 0 0 0 0 0
1084 17 3 3 1 0 0 1 0 0 2 2 0 0
1085 6 0 0 1 0 0 1 1 1 1 1 0 0
1096 8 0 0 0 0 0 4 0 0 0 0 0 0
1098 4 0 0 0 0 0 4 0 0 0 0 0 0
1100 88 2 2 8 0 0 4 0 0 8 3 0 0
1101 4 0 0 0 0 0 0 0 0 0 0 0 0
1102 4 0 0 0 0 0 4 0 0 0 0 0 0
1103 4 1 1 0 0 0 4 0 0 0 0 0 0
1104 4 0 0 0 0 0 0 0 0 0 0 0 0
1110 149 1 1 4 0 0 0 0 0 47 2 0 0
1111 367 2 2 43 4 4 0 0 0 183 50 0 0
1117 8 1 1 4 0 0 0 0 0 4 0 0 0
1124 9 0 0 5 0 0 4 0 0 0 0 0 0
1125 12 0 0 4 0 0 4 0 0 0 0 0 0
1126 40 1 1 8 0 0 4 0 0 0 0 0 0
1131 2 0 0 1 0 0 1 0 0 0 0 0 0
1132 1 0 0 0 0 0 0 0 0 0 0 0 0
1137 96 0 0 32 0 0 4 0 0 14 0 0 0
1145 28 0 0 0 0 0 0 0 0 0 0 0 0
1146 106 0 0 0 0 0 18 7 7 0 0 0 0
1147 42 1 1 14 0 0 0 0 0 0 0 0 0
1148 42 0 0 0 0 0 14 0 0 0 0 0 0
1149 28 1 1 14 0 0 14 1 1 0 0 0 0
1151 98 0 0 14 0 0 0 0 0 0 0 0 0
1153 28 0 0 14 0 0 14 0 0 0 0 0 0
1157 28 0 0 0 0 0 0 0 0 14 4 0 0
1158 50 0 0 20 0 0 10 0 0 0 0 0 0
1162 28 1 1 0 0 0 0 0 0 0 0 0 0
1163 112 0 0 14 0 0 14 3 3 0 0 0 0
1173 14 0 0 0 0 0 0 0 0 0 0 0 0
1176 3 0 0 1 0 0 0 0 0 1 0 0 0
1180 4 0 0 0 0 0 1 1 1 0 0 0 0
1181 1 0 0 1 0 0 0 0 0 0 0 0 0
1185 5 1 1 0 0 0 1 0 0 0 0 0 0
1186 2 0 0 1 0 0 1 0 0 0 0 0 0
1189 1 0 0 0 0 0 1 0 0 0 0 0 0
1194 4 0 0 1 0 0 0 0 0 1 1 0 0
1195 8 0 0 4 0 0 4 0 0 0 0 0 0
1201 20 1 1 4 0 0 4 0 0 0 0 0 0
1209 8 1 1 4 0 0 4 0 0 0 0 0 0
1210 4 0 0 0 0 0 0 0 0 0 0 0 0
1213 16 0 0 8 0 0 4 1 1 0 0 0 0
1218 12 0 0 0 0 0 0 0 0 4 0 0 0
1228 64 0 0 0 0 0 0 0 0 14 9 0 0
1229 28 0 0 0 0 0 14 0 0 0 0 0 0
1235 8 1 1 0 0 0 0 0 0 4 0 0 0
1245 16 0 0 8 0 0 0 0 0 8 0 0 0
1252 28 1 1 12 0 0 4 0 0 0 0 0 0
1268 16 2 2 8 0 0 0 0 0 4 0 0 0
1269 12 0 0 4 0 0 4 0 0 0 0 0 0
1275 14 1 1 3 0 0 0 0 0 0 0 0 0
1276 8 0 0 0 0 0 0 0 0 4 4 0 0
1278 8 1 1 0 0 0 0 0 0 4 4 0 0
1288 12 0 0 4 0 0 0 0 0 4 0 0 0
1307 12 0 0 4 0 0 4 0 0 0 0 0 0
1309 20 1 1 8 0 0 0 0 0 4 0 0 0
1361 12 0 0 4 3 3 0 0 0 4 3 0 0
1362 2 0 0 1 0 0 1 0 0 0 0 0 0
1368 133 1 1 53 0 0 10 0 0 47 4 0 0
1369 201 0 0 43 36 36 0 0 0 79 34 0 0
1375 55 1 1 3 0 0 3 0 0 0 0 0 0
1380 16 1 1 4 0 0 4 0 0 4 0 0 0
1393 8 0 0 4 0 0 0 0 0 4 0 0 0
1395 16 0 0 8 0 0 4 0 0 0 0 0 0
1397 8 1 1 4 0 0 0 0 0 4 0 0 0
1413 8 0 0 0 0 0 4 0 0 0 0 0 0
1417 8 0 0 4 0 0 0 0 0 4 0 0 0
1418 8 0 0 4 0 0 0 0 0 4 0 0 0
1435 8 0 0 4 0 0 0 0 0 4 2 0 0
1436 1 0 0 0 0 0 1 0 0 0 0 0 0
1439 8 1 1 4 0 0 4 0 0 0 0 0 0
1444 8 0 0 4 0 0 0 0 0 4 0 0 0
1454 8 0 0 4 0 0 0 0 0 4 0 0 0
1461 24 0 0 8 0 0 0 0 0 4 3 0 0
1462 12 1 1 4 0 0 0 0 0 4 1 0 0
1463 27 0 0 9 0 0 3 0 0 6 5 0 0
1464 9 0 0 3 0 0 0 0 0 0 0 0 0
1465 5 0 0 1 0 0 1 0 0 0 0 0 0
1471 8 1 1 4 0 0 0 0 0 4 3 0 0
1472 4 0 0 1 0 0 0 0 0 1 0 0 0
1477 2 0 0 0 0 0 1 0 0 0 0 0 0
1484 12 0 0 4 0 0 4 0 0 0 0 0 0
1487 16 0 0 8 0 0 0 0 0 4 4 0 0
1506 17 2 2 6 0 0 0 0 0 4 4 0 0
1510 28 1 1 12 0 0 0 0 0 4 0 0 0
1511 16 0 0 4 0 0 4 0 0 0 0 0 0
1515 36 1 1 28 0 0 0 0 0 0 0 0 0
fn=_dl_process_pt_gnu_property
868 8 1 1 0 0 0 0 0 0 0 0 0 0
869 8 1 1 8 0 0 0 0 0 0 0 0 0
870 4 0 0 4 0 0 0 0 0 0 0 0 0
876 8 0 0 4 0 0 0 0 0 4 0 0 0
882 20 0 0 0 0 0 0 0 0 4 0 0 0
885 12 0 0 4 3 3 0 0 0 4 0 0 0
886 8 0 0 4 0 0 0 0 0 4 0 0 0
887 8 1 1 4 0 0 0 0 0 4 0 0 0
930 4 0 0 4 0 0 0 0 0 0 0 0 0
fn=expand_dynamic_string_token
241 6 1 1 0 0 0 2 0 0 0 0 0 0
244 4 0 0 0 0 0 0 0 0 2 0 0 0
385 18 1 1 0 0 0 12 0 0 0 0 0 0
399 4 0 0 0 0 0 0 0 0 0 0 0 0
410 14 0 0 12 0 0 0 0 0 0 0 0 0
fn=fillin_rpath.isra.0
468 15 2 2 0 0 0 11 0 0 0 0 0 0
472 1 0 0 0 0 0 0 0 0 0 0 0 0
474 12 0 0 2 0 0 2 0 0 2 1 0 0
481 2 0 0 1 0 0 0 0 0 1 0 0 0
483 4 0 0 1 0 0 1 0 0 0 0 0 0
487 2 0 0 0 0 0 0 0 0 1 0 0 0
492 3 1 1 0 0 0 1 0 0 0 0 0 0
493 2 0 0 0 0 0 0 0 0 1 1 0 0
500 5 0 0 1 0 0 0 0 0 2 2 0 0
505 4 1 1 0 0 0 2 0 0 0 0 0 0
509 15 1 1 5 0 0 0 0 0 5 2 0 0
510 8 0 0 4 0 0 0 0 0 4 4 0 0
528 6 2 2 1 0 0 1 0 0 1 1 0 0
532 3 1 1 2 0 0 0 0 0 0 0 0 0
534 2 0 0 0 0 0 0 0 0 1 0 0 0
538 1 0 0 0 0 0 1 0 0 0 0 0 0
539 2 0 0 1 0 0 0 0 0 0 0 0 0
540 4 0 0 0 0 0 2 0 0 0 0 0 0
541 1 0 0 0 0 0 1 0 0 0 0 0 0
543 2 1 1 1 0 0 0 0 0 1 1 0 0
549 4 0 0 1 0 0 0 0 0 0 0 0 0
550 25 2 2 1 0 0 0 0 0 6 2 0 0
551 8 0 0 0 0 0 3 0 0 0 0 0 0
553 2 0 0 1 0 0 1 0 0 0 0 0 0
554 3 0 0 1 0 0 0 0 0 1 1 0 0
555 1 0 0 0 0 0 1 0 0 0 0 0 0
561 2 0 0 1 0 0 1 0 0 0 0 0 0
562 2 0 0 0 0 0 1 0 0 0 0 0 0
565 2 1 1 0 0 0 1 0 0 0 0 0 0
571 1 0 0 0 0 0 1 0 0 0 0 0 0
574 8 0 0 7 0 0 0 0 0 0 0 0 0
fn=open_path
1870 42 2 2 3 0 0 33 3 3 0 0 0 0
1871 6 0 0 3 0 0 3 0 0 0 0 0 0
1874 3 0 0 0 0 0 3 0 0 0 0 0 0
1875 6 1 1 0 0 0 6 0 0 0 0 0 0
1877 6 0 0 0 0 0 0 0 0 3 0 0 0
1882 63 2 2 9 0 0 0 0 0 6 4 0 0
1885 6 0 0 6 0 0 0 0 0 0 0 0 0
1889 3 0 0 0 0 0 3 0 0 0 0 0 0
1894 18 1 1 3 0 0 3 0 0 3 0 0 0
1901 15 0 0 6 0 0 3 1 1 0 0 0 0
1902 155 2 2 14 0 0 0 0 0 30 3 0 0
1905 54 0 0 27 0 0 0 0 0 27 10 0 0
1910 132 1 1 55 0 0 22 0 0 0 0 0 0
1913 22 0 0 0 0 0 11 0 0 0 0 0 0
1919 33 0 0 11 0 0 0 0 0 11 0 0 0
1922 77 1 1 33 0 0 11 0 0 0 0 0 0
1924 33 0 0 11 0 0 0 0 0 11 2 0 0
1926 18 0 0 0 0 0 0 0 0 9 2 0 0
1931 18 1 1 0 0 0 0 0 0 9 0 0 0
1932 63 0 0 27 0 0 0 0 0 9 0 0 0
1938 27 1 1 18 0 0 9 0 0 0 0 0 0
1940 54 0 0 9 0 0 9 0 0 9 2 0 0
1941 2 0 0 1 1 1 0 0 0 0 0 0 0
1943 35 1 1 1 0 0 10 0 0 0 0 0 0
1950 8 0 0 2 0 0 0 0 0 0 0 0 0
1952 4 0 0 0 0 0 0 0 0 2 0 0 0
1960 15 0 0 0 0 0 3 0 0 0 0 0 0
1988 3 0 0 0 0 0 0 0 0 0 0 0 0
1991 24 2 2 6 0 0 0 0 0 6 0 0 0
1996 6 0 0 6 0 0 0 0 0 0 0 0 0
1998 12 0 0 9 0 0 0 0 0 3 0 0 0
2001 9 0 0 3 0 0 0 0 0 3 0 0 0
2015 27 0 0 21 0 0 0 0 0 0 0 0 0
fn=open_verify.constprop.0
1568 154 1 1 0 0 0 84 0 0 0 0 0 0
1607 42 0 0 14 0 0 0 0 0 14 0 0 0
1612 22 1 1 0 0 0 0 0 0 0 0 0 0
1626 70 0 0 0 0 0 14 1 1 0 0 0 0
1628 28 1 1 0 0 0 0 0 0 14 4 0 0
1633 3 0 0 0 0 0 0 0 0 0 0 0 0
1639 3 0 0 0 0 0 3 0 0 0 0 0 0
1640 3 0 0 0 0 0 3 0 0 0 0 0 0
1645 30 0 0 3 0 0 6 0 0 0 0 0 0
1647 6 1 1 0 0 0 0 0 0 3 0 0 0
1649 6 0 0 3 0 0 3 0 0 0 0 0 0
1651 6 0 0 0 0 0 0 0 0 3 0 0 0
1657 6 0 0 0 0 0 0 0 0 3 0 0 0
1674 48 3 3 17 0 0 0 0 0 17 7 0 0
1748 6 1 1 3 0 0 0 0 0 3 0 0 0
1753 6 0 0 3 0 0 0 0 0 3 0 0 0
1755 12 0 0 3 0 0 0 0 0 3 0 0 0
1761 6 0 0 3 1 1 0 0 0 3 0 0 0
1767 15 1 1 3 0 0 0 0 0 0 0 0 0
1768 12 0 0 3 0 0 0 0 0 3 1 0 0
1769 4 0 0 2 0 0 0 0 0 0 0 0 0
1772 16 3 3 1 0 0 0 0 0 2 2 0 0
1773 9 1 1 1 0 0 2 0 0 1 0 0 0
1789 143 0 0 1 0 0 0 0 0 24 1 0 0
1790 61 0 0 28 4 4 0 0 0 28 16 0 0
1791 20 1 1 5 1 1 0 0 0 5 0 0 0
1795 20 0 0 10 0 0 0 0 0 5 4 0 0
1796 9 0 0 3 0 0 0 0 0 0 0 0 0
1801 4 0 0 0 0 0 0 0 0 2 0 0 0
1802 32 1 1 2 0 0 0 0 0 4 4 0 0
1812 28 1 1 6 0 0 8 1 1 2 0 0 0
1820 51 2 2 14 4 4 0 0 0 7 5 0 0
1822 5 0 0 0 0 0 0 0 0 0 0 0 0
1823 45 2 2 15 0 0 0 0 0 0 0 0 0
1826 15 0 0 0 0 0 0 0 0 5 5 0 0
1831 2 0 0 0 0 0 0 0 0 0 0 0 0
1832 10 0 0 3 0 0 0 0 0 0 0 0 0
1835 4 0 0 0 0 0 0 0 0 2 0 0 0
1838 6 0 0 2 0 0 0 0 0 0 0 0 0
1839 10 0 0 2 0 0 0 0 0 0 0 0 0
1840 4 0 0 2 0 0 0 0 0 0 0 0 0
1841 6 0 0 2 0 0 0 0 0 2 0 0 0
1842 6 0 0 2 0 0 0 0 0 2 2 0 0
1856 126 1 1 98 0 0 0 0 0 0 0 0 0
fn=open_verify.constprop.1
1568 11 1 1 0 0 0 6 0 0 0 0 0 0
1607 3 1 1 1 0 0 0 0 0 1 0 0 0
1626 5 0 0 0 0 0 1 1 1 0 0 0 0
1628 2 0 0 0 0 0 0 0 0 1 0 0 0
1633 1 0 0 0 0 0 0 0 0 0 0 0 0
1639 1 0 0 0 0 0 1 0 0 0 0 0 0
1640 1 0 0 0 0 0 1 1 1 0 0 0 0
1645 10 1 1 1 0 0 2 0 0 0 0 0 0
1647 2 0 0 0 0 0 0 0 0 1 0 0 0
1649 2 0 0 1 0 0 1 0 0 0 0 0 0
1651 2 0 0 0 0 0 0 0 0 1 0 0 0
1657 2 0 0 0 0 0 0 0 0 1 0 0 0
1674 14 2 2 5 0 0 0 0 0 5 1 0 0
1748 2 0 0 1 0 0 0 0 0 1 0 0 0
1753 2 0 0 1 0 0 0 0 0 1 0 0 0
1755 4 1 1 1 0 0 0 0 0 1 0 0 0
1761 2 0 0 1 0 0 0 0 0 1 0 0 0
1767 5 0 0 1 1 1 0 0 0 0 0 0 0
1768 4 0 0 1 0 0 0 0 0 1 0 0 0
1769 2 0 0 1 0 0 0 0 0 0 0 0 0
1789 70 1 1 0 0 0 0 0 0 12 1 0 0
1790 28 1 1 13 7 7 0 0 0 13 7 0 0
1791 8 0 0 2 1 1 0 0 0 2 0 0 0
1795 8 0 0 4 0 0 0 0 0 2 2 0 0
1796 6 1 1 2 0 0 0 0 0 0 0 0 0
1820 15 1 1 4 2 2 0 0 0 2 2 0 0
1822 2 0 0 0 0 0 0 0 0 0 0 0 0
1823 18 1 1 6 0 0 0 0 0 0 0 0 0
1826 6 0 0 0 0 0 0 0 0 2 2 0 0
1832 4 1 1 2 0 0 0 0 0 0 0 0 0
1856 9 0 0 7 0 0 0 0 0 0 0 0 0
fl=./elf/./elf/dl-lookup-direct.c
fn=_dl_lookup_direct
32 15 1 1 9 0 0 0 0 0 3 3 0 0
33 9 0 0 0 0 0 0 0 0 0 0 0 0
35 6 0 0 3 2 1 0 0 0 0 0 0 0
36 6 0 0 3 0 0 0 0 0 3 0 0 0
48 12 0 0 3 0 0 6 0 0 3 0 0 0
51 6 1 1 6 0 0 0 0 0 0 0 0 0
53 18 0 0 3 0 0 3 0 0 3 0 0 0
57 9 0 0 9 0 0 0 0 0 0 0 0 0
58 21 1 1 9 0 0 0 0 0 3 0 0 0
59 15 0 0 6 0 0 3 0 0 3 0 0 0
74 36 2 2 0 0 0 24 0 0 0 0 0 0
76 6 0 0 3 0 0 0 0 0 3 0 0 0
78 21 0 0 9 0 0 0 0 0 0 0 0 0
79 6 1 1 0 0 0 0 0 0 3 1 0 0
81 12 0 0 3 0 0 3 0 0 0 0 0 0
84 25 0 0 5 2 0 0 0 0 5 2 0 0
86 9 0 0 3 0 0 0 0 0 0 0 0 0
93 6 1 1 0 0 0 0 0 0 2 2 0 0
115 3 0 0 0 0 0 0 0 0 0 0 0 0
116 27 0 0 21 0 0 0 0 0 0 0 0 0
fl=./elf/./elf/dl-lookup.c
fn=_dl_lookup_symbol_x
204 1488 0 0 496 0 0 496 2 0 0 0 0 0
580 496 0 0 0 0 0 0 0 0 0 0 0 0
581 13644 0 0 3411 143 127 0 0 0 3411 331 0 0
582 12652 3 2 0 0 0 0 0 0 0 0 0 0
583 248 0 0 0 0 0 0 0 0 0 0 0 0
840 3472 6 4 0 0 0 2480 6 0 0 0 0 0
842 496 0 0 0 0 0 248 0 0 0 0 0 0
843 496 0 0 0 0 0 248 0 0 0 0 0 0
846 248 0 0 248 4 1 0 0 0 0 0 0 0
850 1924 1 1 724 0 0 248 1 0 476 18 0 0
852 1488 4 2 248 0 0 248 0 0 0 0 0 0
853 496 2 1 248 0 0 0 0 0 248 0 0 0
855 496 0 0 496 3 0 0 0 0 0 0 0 0
859 571 0 0 15 0 0 0 0 0 263 3 0 0
860 4216 4 2 1488 0 0 1736 5 1 248 2 0 0
865 744 0 0 248 0 0 0 0 0 248 4 0 0
867 90 1 1 15 0 0 0 0 0 30 2 0 0
884 248 3 2 0 0 0 248 0 0 0 0 0 0
885 45 1 1 0 0 0 0 0 0 0 0 0 0
888 496 0 0 248 0 0 0 0 0 0 0 0 0
889 1607 0 0 227 0 0 0 0 0 460 9 0 0
896 233 4 2 233 0 0 0 0 0 0 0 0 0
929 932 0 0 233 0 0 0 0 0 233 2 0 0
943 699 0 0 233 10 2 0 0 0 233 2 0 0
944 2 1 1 0 0 0 1 0 0 0 0 0 0
946 699 0 0 233 0 0 0 0 0 233 1 0 0
953 2232 0 0 1736 0 0 0 0 0 0 0 0 0
1008 466 0 0 233 0 0 0 0 0 0 0 0 0
fn=check_match
70 3172 4 2 488 0 0 1220 2 1 0 0 0 0
73 1708 3 2 488 179 162 0 0 0 248 9 0 0
78 231 1 1 0 0 0 0 0 0 0 0 0 0
86 1200 0 0 0 0 0 0 0 0 240 0 0 0
89 1500 0 0 340 0 0 170 2 0 410 25 0 0
93 240 0 0 240 8 1 0 0 0 0 0 0 0
94 480 0 0 0 0 0 0 0 0 240 7 0 0
96 470 2 2 0 0 0 0 0 0 235 0 0 0
115 470 0 0 470 106 42 0 0 0 0 0 0 0
116 1880 0 0 705 24 1 0 0 0 235 21 0 0
117 1140 3 3 456 3 0 228 0 0 228 17 0 0
118 14 0 0 7 0 0 0 0 0 0 0 0 0
119 14 0 0 0 0 0 0 0 0 7 6 0 0
144 10 2 1 0 0 0 0 0 0 5 0 0 0
146 30 0 0 10 4 3 0 0 0 5 3 0 0
147 20 0 0 0 0 0 0 0 0 0 0 0 0
150 4 0 0 0 0 0 0 0 0 2 0 0 0
151 14 2 1 6 0 0 2 0 0 2 1 0 0
153 6 0 0 2 0 0 2 0 0 0 0 0 0
155 17 0 0 0 0 0 0 0 0 0 0 0 0
162 1464 0 0 1464 0 0 0 0 0 0 0 0 0
fn=do_lookup_x
171 259 6 4 185 0 0 0 0 0 0 0 0 0
363 3224 6 4 496 0 0 2232 9 1 0 0 0 0
364 248 0 0 248 4 1 0 0 0 0 0 0 0
370 248 0 0 248 0 0 0 0 0 0 0 0 0
374 2458 3 2 2458 29 7 0 0 0 0 0 0 0
377 2458 0 0 0 0 0 0 0 0 1229 0 0 0
381 3946 3 2 248 0 0 744 5 1 1229 17 0 0
385 2458 0 0 1229 19 5 0 0 0 1229 2 0 0
389 2458 3 2 1229 3 0 0 0 0 1229 15 0 0
395 3687 3 2 1229 7 2 0 0 0 1229 0 0 0
399 1229 0 0 0 0 0 1229 0 0 0 0 0 0
400 1229 0 0 0 0 0 1229 0 0 0 0 0 0
403 6145 0 0 3687 45 12 0 0 0 1229 6 0 0
404 3687 3 2 2458 12 3 1229 0 0 0 0 0 0
407 1229 0 0 1229 0 0 0 0 0 0 0 0 0
408 2458 0 0 0 0 0 0 0 0 1229 0 0 0
410 1229 0 0 1229 160 60 0 0 0 0 0 0 0
411 744 0 0 0 0 0 248 0 0 0 0 0 0
412 2458 0 0 2458 0 0 0 0 0 0 0 0 0
415 6145 0 0 2458 0 0 0 0 0 0 0 0 0
418 8603 0 0 0 0 0 0 0 0 1229 302 0 0
421 554 0 0 554 168 90 0 0 0 0 0 0 0
422 1108 3 2 0 0 0 0 0 0 0 0 0 0
423 554 0 0 0 0 0 0 0 0 277 12 0 0
425 3216 3 2 804 0 0 1340 0 0 0 0 0 0
428 2995 3 2 599 229 158 0 0 0 599 262 0 0
430 732 0 0 244 0 0 0 0 0 0 0 0 0
431 3416 3 2 1220 0 0 1464 5 1 0 0 0 0
432 488 0 0 0 0 0 0 0 0 0 0 0 0
435 732 0 0 0 0 0 0 0 0 244 17 0 0
438 1130 0 0 13 0 0 0 0 0 368 35 0 0
452 1848 2 2 1155 0 0 0 0 0 0 0 0 0
469 76 3 2 39 0 0 0 0 0 37 4 0 0
471 4 0 0 0 0 0 0 0 0 2 1 0 0
477 466 3 2 233 0 0 0 0 0 233 1 0 0
528 466 0 0 0 0 0 0 0 0 233 1 0 0
535 1564 0 0 233 0 0 0 0 0 549 55 0 0
539 225 3 1 75 3 0 0 0 0 75 3 0 0
551 466 0 0 233 0 0 233 0 0 0 0 0 0
552 233 0 0 0 0 0 233 0 0 0 0 0 0
553 466 0 0 0 0 0 0 0 0 0 0 0 0
570 2988 0 0 0 0 0 0 0 0 996 15 0 0
573 15 0 0 0 0 0 0 0 0 0 0 0 0
574 1984 3 2 1736 0 0 0 0 0 0 0 0 0
fl=./elf/./elf/dl-minimal-malloc.c
fn=__minimal_calloc
78 60 2 2 0 0 0 0 0 0 0 0 0 0
82 12 0 0 0 0 0 0 0 0 0 0 0 0
85 12 0 0 0 0 0 0 0 0 0 0 0 0
86 36 0 0 0 0 0 0 0 0 12 9 0 0
fn=__minimal_free
95 5 0 0 0 0 0 0 0 0 0 0 0 0
97 20 1 1 10 0 0 0 0 0 5 0 0 0
fn=__minimal_malloc
35 170 1 1 0 0 0 68 1 1 0 0 0 0
36 102 0 0 34 2 1 0 0 0 34 1 0 0
41 3 0 0 0 0 0 1 0 0 0 0 0 0
42 2 1 1 1 0 0 0 0 0 0 0 0 0
43 2 0 0 0 0 0 0 0 0 0 0 0 0
47 136 1 1 34 0 0 34 0 0 0 0 0 0
50 230 0 0 0 0 0 0 0 0 66 2 0 0
55 8 2 1 2 0 0 0 0 0 0 0 0 0
56 8 0 0 0 0 0 0 0 0 2 0 0 0
58 2 0 0 0 0 0 0 0 0 0 0 0 0
59 16 0 0 0 0 0 2 0 0 0 0 0 0
61 4 0 0 0 0 0 0 0 0 2 0 0 0
63 4 0 0 2 0 0 0 0 0 2 0 0 0
65 6 0 0 0 0 0 2 0 0 0 0 0 0
68 34 0 0 0 0 0 34 2 1 0 0 0 0
69 36 0 0 0 0 0 34 0 0 0 0 0 0
71 136 0 0 102 0 0 0 0 0 0 0 0 0
fl=./elf/./elf/dl-minimal.c
fn=__rtld_malloc_init_real
76 8 1 1 0 0 0 5 0 0 0 0 0 0
86 2 0 0 0 0 0 1 0 0 0 0 0 0
87 1 0 0 0 0 0 1 0 0 0 0 0 0
89 1 0 0 0 0 0 1 0 0 0 0 0 0
91 6 0 0 0 0 0 1 0 0 0 0 0 0
92 5 1 1 0 0 0 1 0 0 0 0 0 0
93 5 0 0 0 0 0 1 0 0 0 0 0 0
94 4 0 0 0 0 0 1 0 0 0 0 0 0
99 1 0 0 0 0 0 1 0 0 0 0 0 0
100 1 0 0 0 0 0 1 0 0 0 0 0 0
101 1 1 1 0 0 0 1 0 0 0 0 0 0
102 1 0 0 0 0 0 1 0 0 0 0 0 0
103 7 0 0 6 0 0 0 0 0 0 0 0 0
fn=__rtld_malloc_init_stubs
42 1 1 1 0 0 0 0 0 0 0 0 0 0
43 2 0 0 0 0 0 1 1 1 0 0 0 0
44 2 0 0 0 0 0 1 0 0 0 0 0 0
45 2 1 1 0 0 0 1 0 0 0 0 0 0
46 2 0 0 0 0 0 1 0 0 0 0 0 0
47 1 0 0 1 0 0 0 0 0 0 0 0 0
fn=lookup_malloc_symbol
61 28 1 1 0 0 0 12 0 0 0 0 0 0
63 4 0 0 0 0 0 4 0 0 0 0 0 0
64 28 1 1 4 0 0 12 0 0 0 0 0 0
68 28 0 0 16 0 0 0 0 0 4 0 0 0
69 28 0 0 12 0 0 0 0 0 4 0 0 0
71 4 1 1 0 0 0 4 0 0 0 0 0 0
72 20 0 0 16 0 0 0 0 0 0 0 0 0
fn=strsep
239 2 1 1 0 0 0 0 0 0 0 0 0 0
242 4 0 0 2 1 1 0 0 0 2 0 0 0
244 2 0 0 2 0 0 0 0 0 0 0 0 0
245 4 0 0 0 0 0 0 0 0 2 1 0 0
249 77 1 1 15 0 0 0 0 0 15 4 0 0
254 56 0 0 28 0 0 0 0 0 28 7 0 0
256 84 0 0 28 1 1 0 0 0 28 3 0 0
264 14 0 0 0 0 0 0 0 0 0 0 0 0
267 1 0 0 0 0 0 1 0 0 0 0 0 0
271 4 0 0 2 0 0 0 0 0 0 0 0 0
fl=./elf/./elf/dl-misc.c
fn=_dl_name_match_p
68 384 1 1 0 0 0 128 2 1 0 0 0 0
69 256 0 0 64 0 0 64 0 0 64 0 0 0
70 11 0 0 0 0 0 0 0 0 0 0 0 0
72 64 0 0 64 0 0 0 0 0 0 0 0 0
74 254 0 0 0 0 0 0 0 0 127 42 0 0
75 370 1 1 74 0 0 74 0 0 74 18 0 0
80 63 0 0 63 0 0 0 0 0 0 0 0 0
82 53 0 0 0 0 0 0 0 0 0 0 0 0
83 256 0 0 192 0 0 0 0 0 0 0 0 0
fn=_dl_sysdep_read_whole_file
36 9 1 1 0 0 0 4 0 0 0 0 0 0
39 3 0 0 0 0 0 1 0 0 0 0 0 0
40 2 0 0 0 0 0 0 0 0 1 1 0 0
42 6 1 1 0 0 0 1 0 0 1 0 0 0
44 2 0 0 1 0 0 1 1 1 0 0 0 0
47 2 0 0 0 0 0 0 0 0 1 1 0 0
49 8 0 0 0 0 0 1 0 0 0 0 0 0
60 3 0 0 0 0 0 1 0 0 0 0 0 0
63 7 0 0 5 0 0 0 0 0 0 0 0 0
fl=./elf/./elf/dl-object.c
fn=_dl_add_to_namespace_list
31 30 2 2 0 0 0 15 0 0 0 0 0 0
33 15 0 0 5 0 0 5 0 0 0 0 5 1
35 39 0 0 5 0 0 0 0 0 5 1 0 0
38 56 0 0 14 0 0 0 0 0 14 10 0 0
40 4 0 0 0 0 0 4 0 0 0 0 0 0
42 4 0 0 0 0 0 4 0 0 0 0 0 0
45 2 0 0 0 0 0 1 0 0 0 0 0 0
46 15 1 1 5 0 0 0 0 0 0 0 0 0
47 10 0 0 5 0 0 5 0 0 0 0 0 0
48 10 0 0 0 0 0 5 0 0 0 0 0 0
50 10 0 0 5 0 0 0 0 0 0 0 5 1
51 15 0 0 15 0 0 0 0 0 0 0 0 0
fn=_dl_new_object
59 70 1 1 0 0 0 40 3 3 0 0 0 0
62 10 1 1 0 0 0 0 0 0 5 1 0 0
64 2 2 2 0 0 0 0 0 0 1 1 0 0
66 3 0 0 1 0 0 0 0 0 1 0 0 0
67 2 1 1 0 0 0 0 0 0 1 0 0 0
71 2 0 0 0 0 0 0 0 0 0 0 0 0
77 5 0 0 0 0 0 1 0 0 0 0 0 0
80 8 0 0 4 0 0 4 0 0 0 0 0 0
83 16 0 0 0 0 0 4 0 0 0 0 0 0
87 8 0 0 0 0 0 0 0 0 0 0 0 0
92 9 0 0 0 0 0 5 0 0 0 0 0 0
95 10 0 0 0 0 0 0 0 0 5 0 0 0
98 5 0 0 0 0 0 5 4 4 0 0 0 0
99 5 0 0 0 0 0 5 5 5 0 0 0 0
100 10 0 0 5 0 0 0 0 0 0 0 0 0
103 10 0 0 0 0 0 5 1 1 0 0 0 0
104 35 1 1 10 0 0 15 3 3 0 0 0 0
106 5 0 0 0 0 0 5 0 0 0 0 0 0
119 18 0 0 9 0 0 0 0 0 9 5 0 0
125 1 0 0 0 0 0 0 0 0 0 0 0 0
127 35 1 1 10 5 5 10 0 0 0 0 0 0
130 10 0 0 5 0 0 0 0 0 5 4 0 0
131 14 1 1 0 0 0 5 5 5 0 0 0 0
132 5 0 0 0 0 0 5 0 0 0 0 0 0
136 5 0 0 0 0 0 5 0 0 0 0 0 0
139 72 1 1 6 0 0 0 0 0 22 13 0 0
141 16 0 0 0 0 0 16 4 4 0 0 0 0
149 10 1 1 0 0 0 5 0 0 0 0 0 0
150 5 0 0 0 0 0 5 5 5 0 0 0 0
153 1 1 1 0 0 0 0 0 0 0 0 0 0
155 30 0 0 5 1 1 0 0 0 5 1 0 0
157 16 0 0 0 0 0 4 1 1 0 0 0 0
160 12 0 0 0 0 0 0 0 0 5 0 0 0
164 16 0 0 4 0 0 0 0 0 4 0 0 0
168 24 1 1 4 0 0 0 0 0 8 4 0 0
176 2 1 1 0 0 0 1 0 0 0 0 0 0
179 10 0 0 0 0 0 5 3 3 0 0 0 0
189 15 0 0 5 0 0 0 0 0 5 1 0 0
191 20 1 1 0 0 0 12 0 0 0 0 0 0
195 12 0 0 0 0 0 0 0 0 4 0 0 0
200 16 0 0 0 0 0 0 0 0 4 0 0 0
208 4 0 0 0 0 0 0 0 0 0 0 0 0
212 4 0 0 0 0 0 0 0 0 0 0 0 0
245 16 0 0 4 0 0 4 0 0 0 0 0 0
250 136 0 0 0 0 0 0 0 0 0 0 0 0
251 136 0 0 68 0 0 0 0 0 68 30 0 0
253 8 0 0 0 0 0 0 0 0 0 0 0 0
256 4 0 0 0 0 0 4 0 0 0 0 0 0
259 4 0 0 0 0 0 4 3 3 0 0 0 0
263 45 1 1 35 0 0 0 0 0 0 0 0 0
fl=./elf/./elf/dl-open.c
fn=_dl_find_dso_for_object
214 918 37 4 0 0 0 408 0 0 0 0 0 0
218 306 0 0 102 0 0 0 0 0 102 0 0 0
219 408 0 0 102 6 3 0 0 0 102 2 0 0
220 408 6 4 204 10 6 0 0 0 204 6 0 0
221 204 0 0 102 5 3 0 0 0 102 8 0 0
224 204 7 4 102 5 3 0 0 0 102 0 0 0
228 714 0 0 510 0 0 0 0 0 0 0 0 0
fl=./elf/./elf/dl-reloc.c
fn=_dl_relocate_object
194 78 1 1 0 0 0 48 0 0 0 0 0 0
204 10 0 0 0 0 0 0 0 0 0 0 0 0
205 18 0 0 0 0 0 12 0 0 0 0 0 0
208 12 0 0 0 0 0 6 0 0 0 0 0 0
210 18 1 1 0 0 0 0 0 0 6 0 0 0
212 6 0 0 6 0 0 0 0 0 0 0 0 0
213 18 0 0 6 1 0 0 0 0 6 5 0 0
232 12 1 1 6 0 0 0 0 0 6 0 0 0
238 30 0 0 12 0 0 0 0 0 6 3 0 0
239 12 1 1 6 5 0 0 0 0 6 4 0 0
240 2 0 0 0 0 0 0 0 0 0 0 0 0
242 12 0 0 0 0 0 0 0 0 6 0 0 0
249 24 2 2 6 1 0 6 0 0 6 0 0 0
288 349 7 7 151 24 0 44 0 0 40 17 0 0
291 36 0 0 12 0 0 0 0 0 12 0 0 0
308 14 1 1 0 0 0 0 0 0 7 0 0 0
315 6 0 0 6 0 0 0 0 0 0 0 0 0
318 12 0 0 6 0 0 0 0 0 6 0 0 0
335 18 0 0 6 4 0 0 0 0 6 6 0 0
337 48 0 0 42 2 0 0 0 0 0 0 0 0
343 36 2 2 18 0 0 0 0 0 0 0 0 0
346 12 0 0 0 0 0 0 0 0 0 0 0 0
350 12 0 0 0 0 0 0 0 0 6 0 0 0
351 36 0 0 0 0 0 6 0 0 6 2 0 0
fl=./elf/./elf/dl-runtime.c
fn=_dl_fixup
46 48 4 4 0 0 0 24 0 0 0 0 0 0
48 30 0 0 24 0 0 0 0 0 6 6 0 0
49 18 0 0 12 0 0 0 0 0 0 0 0 0
54 6 0 0 6 2 1 0 0 0 0 0 0 0
55 24 2 2 6 2 1 0 0 0 0 0 0 0
56 42 0 0 6 5 1 6 0 0 0 0 0 0
58 12 0 0 6 0 0 0 0 0 0 0 0 0
63 12 0 0 0 0 0 0 0 0 6 0 0 0
67 12 0 0 6 4 2 0 0 0 6 1 0 0
69 24 0 0 6 1 1 0 0 0 0 0 0 0
71 18 2 2 6 2 1 0 0 0 6 1 0 0
75 18 0 0 12 3 2 0 0 0 0 0 0 0
76 24 0 0 6 0 0 0 0 0 0 0 0 0
84 6 0 0 0 0 0 0 0 0 0 0 0 0
85 18 0 0 6 0 0 0 0 0 6 3 0 0
95 66 2 2 12 1 1 18 1 0 0 0 0 0
99 30 2 2 18 0 0 0 0 0 6 1 0 0
109 60 0 0 24 0 0 6 0 0 12 0 0 0
124 24 0 0 6 0 0 0 0 0 6 0 0 0
133 18 2 2 6 0 0 0 0 0 6 3 0 0
159 18 0 0 6 1 1 0 0 0 6 0 0 0
163 36 0 0 30 0 0 0 0 0 0 0 0 0
fl=./elf/./elf/dl-setup_hash.c
fn=_dl_setup_hash
25 12 1 1 0 0 0 0 0 0 0 0 0 0
28 18 1 1 6 0 0 0 0 0 6 0 0 0
31 18 0 0 12 0 0 0 0 0 6 0 0 0
32 12 0 0 6 5 5 6 1 1 0 0 0 0
33 6 0 0 6 0 0 0 0 0 0 0 0 0
34 6 0 0 6 0 0 0 0 0 0 0 0 0
36 18 0 0 0 0 0 0 0 0 6 0 0 0
37 6 0 0 0 0 0 6 0 0 0 0 0 0
38 18 0 0 6 0 0 6 0 0 0 0 0 0
40 24 1 1 0 0 0 6 0 0 0 0 0 0
41 12 0 0 0 0 0 0 0 0 0 0 0 0
45 18 0 0 0 0 0 6 0 0 0 0 0 0
50 6 0 0 6 0 0 0 0 0 0 0 0 0
fl=./elf/./elf/dl-sort-maps.c
fn=_dl_sort_maps
145 30 0 0 6 0 0 6 0 0 6 0 0 0
186 1 0 0 0 0 0 0 0 0 0 0 0 0
187 22 0 0 0 0 0 0 0 0 7 5 0 0
188 12 0 0 12 0 0 0 0 0 0 0 0 0
223 19 3 3 1 0 0 0 0 0 2 1 0 0
228 2 0 0 0 0 0 1 0 0 0 0 0 0
230 1 0 0 0 0 0 1 0 0 0 0 0 0
231 8 0 0 0 0 0 0 0 0 0 0 0 0
233 15 0 0 0 0 0 0 0 0 5 0 0 0
235 6 1 1 6 0 0 0 0 0 0 0 0 0
238 12 0 0 6 0 0 0 0 0 6 5 0 0
256 2 0 0 1 0 0 0 0 0 1 1 0 0
269 1 1 1 0 0 0 0 0 0 0 0 0 0
276 5 1 1 0 0 0 1 0 0 0 0 0 0
290 11 2 1 0 0 0 7 0 0 0 0 0 0
298 3 0 0 1 1 0 0 0 0 1 1 0 0
302 9 2 2 7 0 0 0 0 0 0 0 0 0
fn=_dl_sort_maps_init
281 2 1 1 0 0 0 0 0 0 0 0 0 0
282 4 0 0 0 0 0 1 0 0 0 0 0 0
283 1 0 0 0 0 0 1 0 0 0 0 0 0
284 3 0 0 1 0 0 0 0 0 0 0 0 0
285 2 0 0 1 0 0 0 0 0 0 0 0 0
fn=dfs_traversal.part.0
140 48 1 1 0 0 0 24 0 0 0 0 0 0
148 6 1 1 6 0 0 0 0 0 0 0 0 0
150 18 0 0 6 0 0 0 0 0 6 2 0 0
152 48 0 0 12 0 0 0 0 0 12 4 0 0
155 16 0 0 8 0 0 0 0 0 8 0 0 0
161 12 0 0 0 0 0 0 0 0 6 0 0 0
176 18 0 0 6 0 0 6 0 0 0 0 0 0
177 6 0 0 0 0 0 6 0 0 0 0 0 0
178 36 1 1 30 0 0 0 0 0 0 0 0 0
fl=./elf/./elf/dl-sym.c
fn=_dl_sym
51 4 0 0 2 0 0 0 0 0 0 0 0 0
88 2 0 0 0 0 0 2 0 0 0 0 0 0
95 4 0 0 0 0 0 0 0 0 2 1 0 0
104 6 0 0 2 0 0 0 0 0 2 1 0 0
105 8 0 0 2 0 0 4 0 0 0 0 0 0
146 20 2 2 8 0 0 2 0 0 0 0 2 2
157 6 2 2 2 0 0 0 0 0 2 2 0 0
162 6 0 0 2 0 0 0 0 0 2 1 0 0
168 12 2 2 4 2 1 0 0 0 2 2 0 0
170 2 0 0 0 0 0 2 0 0 0 0 0 0
173 2 0 0 0 0 0 0 0 0 0 0 0 0
194 22 4 4 2 0 0 10 0 0 0 0 0 0
196 18 0 0 14 0 0 0 0 0 2 1 0 0
fl=./elf/./elf/dl-tunables.c
fn=__GI___tunable_set_val
102 45 1 1 5 0 0 0 0 0 5 0 0 0
111 5 0 0 5 0 0 0 0 0 0 0 0 0
112 25 0 0 10 0 0 0 0 0 5 0 0 0
113 40 1 1 10 0 0 0 0 0 5 0 0 0
116 15 0 0 0 0 0 0 0 0 5 0 0 0
119 10 0 0 0 0 0 0 0 0 5 3 0 0
123 10 0 0 0 0 0 0 0 0 5 2 0 0
130 10 1 1 0 0 0 0 0 0 5 0 0 0
131 10 0 0 0 0 0 0 0 0 5 2 0 0
134 30 0 0 0 0 0 5 0 0 0 0 0 0
135 5 0 0 0 0 0 5 0 0 0 0 0 0
136 5 0 0 0 0 0 5 0 0 0 0 0 0
137 5 0 0 0 0 0 5 0 0 0 0 0 0
157 25 1 1 0 0 0 0 0 0 0 0 0 0
161 5 0 0 5 0 0 0 0 0 0 0 0 0
fn=__GI___tunables_init
71 210 0 0 42 0 0 0 0 0 84 4 0 0
74 82 0 0 0 0 0 0 0 0 0 0 0 0
77 3122 1 1 446 19 19 0 0 0 851 60 0 0
81 82 1 1 0 0 0 0 0 0 41 0 0 0
86 164 0 0 0 0 0 0 0 0 0 0 0 0
273 7 0 0 1 0 0 0 0 0 1 0 0 0
282 9 2 2 0 0 0 6 1 1 0 0 0 0
305 5740 0 0 0 0 0 0 0 0 1435 41 0 0
311 9020 1 1 2870 35 35 0 0 0 2870 416 0 0
323 164 0 0 41 0 0 0 0 0 0 0 0 0
357 8 0 0 7 0 0 0 0 0 0 0 0 0
fn=__tunable_get_val
405 35 1 1 0 0 0 0 0 0 0 0 0 0
408 379 1 1 35 28 17 0 0 0 45 24 0 0
417 45 0 0 35 3 0 10 0 0 0 0 0 0
427 25 0 0 0 0 0 25 0 0 0 0 0 0
428 25 0 0 0 0 0 0 0 0 0 0 0 0
434 175 0 0 35 7 0 0 0 0 35 30 0 0
436 35 1 1 35 0 0 0 0 0 0 0 0 0
fl=./elf/./elf/dl-tunables.h
fn=__GI___tunable_set_val
121 10 0 0 0 0 0 0 0 0 5 0 0 0
122 5 0 0 0 0 0 0 0 0 0 0 0 0
131 20 1 1 0 0 0 0 0 0 0 0 0 0
fn=__GI___tunables_init
140 706 0 0 478 1 1 0 0 0 34 8 0 0
141 1776 1 1 0 0 0 0 0 0 485 47 0 0
fl=./elf/./elf/dl-version.c
fn=_dl_check_all_versions
361 6 1 1 0 0 0 4 0 0 0 0 0 0
363 2 0 0 0 0 0 0 0 0 0 0 0 0
365 23 0 0 6 0 0 0 0 0 7 5 0 0
366 6 0 0 0 0 0 0 0 0 0 0 0 0
367 54 1 1 6 0 0 6 0 0 6 5 0 0
370 7 0 0 5 0 0 0 0 0 0 0 0 0
fn=_dl_check_map_versions
36 103 1 1 14 0 0 0 0 0 34 5 0 0
37 27 0 0 27 0 0 0 0 0 0 0 0 0
38 170 1 1 0 0 0 34 0 0 34 8 0 0
56 128 0 0 96 0 0 0 0 0 32 10 0 0
64 96 1 1 32 0 0 0 0 0 32 0 0 0
70 96 0 0 32 0 0 0 0 0 32 0 0 0
86 32 0 0 32 1 0 0 0 0 0 0 0 0
87 64 0 0 0 0 0 0 0 0 32 2 0 0
89 32 0 0 32 0 0 0 0 0 0 0 0 0
94 1154 1 1 465 24 24 64 0 0 465 8 0 0
108 930 0 0 465 7 7 0 0 0 465 34 0 0
110 32 1 1 32 0 0 0 0 0 0 0 0 0
113 263 0 0 39 2 1 32 0 0 32 0 0 0
120 1299 0 0 433 7 7 0 0 0 433 0 0 0
124 433 0 0 0 0 0 0 0 0 0 0 0 0
142 14 0 0 0 0 0 14 0 0 0 0 0 0
155 60 2 2 0 0 0 48 0 0 0 0 0 0
156 6 0 0 0 0 0 6 0 0 0 0 0 0
164 6 1 1 0 0 0 0 0 0 0 0 0 0
170 18 0 0 6 0 0 0 0 0 6 0 0 0
172 30 0 0 12 1 0 6 1 0 6 0 0 0
174 12 0 0 6 1 0 6 0 0 0 0 0 0
175 12 1 1 6 0 0 6 0 0 0 0 0 0
177 12 0 0 0 0 0 0 0 0 6 2 0 0
180 12 0 0 8 0 0 4 0 0 0 0 0 0
184 12 0 0 4 3 3 0 0 0 4 0 0 0
197 3 0 0 0 0 0 0 0 0 0 0 0 0
198 3 0 0 0 0 0 0 0 0 0 0 0 0
200 14 0 0 14 0 0 0 0 0 0 0 0 0
208 21 0 0 7 0 0 0 0 0 7 0 0 0
213 28 0 0 14 2 2 0 0 0 0 0 0 0
217 366 1 1 268 1 0 0 0 0 32 8 0 0
219 32 0 0 32 6 6 0 0 0 0 0 0 0
221 89 0 0 32 2 2 32 0 0 0 0 0 0
224 128 1 1 32 0 0 0 0 0 0 0 0 0
227 96 0 0 32 0 0 0 0 0 32 9 0 0
232 25 0 0 0 0 0 0 0 0 0 0 0 0
236 28 1 1 14 0 0 0 0 0 7 4 0 0
241 6 0 0 0 0 0 3 0 0 0 0 0 0
250 13 2 2 6 0 0 0 0 0 6 2 0 0
253 16 0 0 12 0 0 0 0 0 0 0 0 0
256 296 0 0 74 2 2 0 0 0 0 0 0 0
259 222 0 0 74 2 2 0 0 0 74 23 0 0
263 70 0 0 0 0 0 0 0 0 0 0 0 0
267 10 1 1 0 0 0 0 0 0 5 0 0 0
272 5 0 0 0 0 0 5 1 0 0 0 0 0
273 10 0 0 0 0 0 0 0 0 0 0 0 0
274 10 0 0 0 0 0 0 0 0 5 0 0 0
284 5 0 0 0 0 0 5 0 0 0 0 0 0
287 25 1 1 15 2 0 5 1 0 5 0 0 0
289 15 0 0 5 0 0 0 0 0 5 1 0 0
292 16 0 0 12 0 0 0 0 0 0 0 0 0
294 3 0 0 0 0 0 0 0 0 0 0 0 0
296 21 0 0 7 0 0 0 0 0 0 0 0 0
299 96 2 2 32 0 0 0 0 0 0 0 0 0
301 128 0 0 0 0 0 0 0 0 32 16 0 0
303 160 0 0 32 0 0 32 0 0 0 0 0 0
304 64 0 0 0 0 0 32 12 12 0 0 0 0
305 96 0 0 32 0 0 32 3 3 0 0 0 0
306 96 0 0 32 0 0 32 0 0 0 0 0 0
309 96 0 0 32 0 0 0 0 0 32 8 0 0
314 25 0 0 0 0 0 0 0 0 0 0 0 0
317 21 0 0 7 0 0 0 0 0 7 2 0 0
322 3 0 0 0 0 0 0 0 0 0 0 0 0
327 15 1 1 5 0 0 0 0 0 5 1 0 0
330 16 0 0 12 0 0 0 0 0 0 0 0 0
334 70 0 0 70 0 0 0 0 0 0 0 0 0
336 148 0 0 74 0 0 0 0 0 74 12 0 0
340 70 0 0 70 0 0 0 0 0 0 0 0 0
341 350 0 0 70 0 0 70 19 19 0 0 0 0
342 210 0 0 70 0 0 70 0 0 0 0 0 0
343 70 0 0 0 0 0 70 8 8 0 0 0 0
346 222 0 0 74 0 0 0 0 0 74 7 0 0
350 70 0 0 0 0 0 0 0 0 0 0 0 0
356 54 1 1 48 0 0 0 0 0 0 0 0 0
fl=./elf/./elf/do-rel.h
fn=_dl_relocate_object
49 36 0 0 12 0 0 12 0 0 0 0 0 0
50 12 1 1 6 1 0 0 0 0 0 0 0 0
52 8 0 0 0 0 0 5 0 0 0 0 0 0
53 10 1 1 0 0 0 7 2 0 0 0 0 0
60 36 0 0 12 0 0 0 0 0 12 7 0 0
63 423 1 1 3 0 0 0 0 0 136 10 0 0
65 532 1 1 133 49 49 0 0 0 133 9 0 0
67 171 0 0 0 0 0 0 0 0 0 0 0 0
76 18 0 0 0 0 0 0 0 0 0 0 0 0
77 191 0 0 2 0 0 0 0 0 62 40 0 0
78 114 0 0 57 0 0 0 0 0 57 1 0 0
86 54 1 1 27 0 0 9 0 0 0 0 0 0
88 18 0 0 0 0 0 0 0 0 0 0 0 0
100 27 1 1 0 0 0 0 0 0 9 3 0 0
110 14 0 0 0 0 0 0 0 0 7 0 0 0
113 45007 0 0 0 0 0 0 0 0 15003 16 0 0
114 29992 0 0 14996 1877 1874 0 0 0 0 0 0 0
120 36 0 0 9 7 0 9 2 0 9 2 0 0
124 28 0 0 14 5 0 7 0 0 7 0 0 0
126 767 1 1 258 0 0 0 0 0 258 24 0 0
128 1255 0 0 753 127 117 0 0 0 0 0 0 0
129 1004 0 0 251 0 0 251 0 0 0 0 0 0
130 753 1 1 502 0 0 251 0 0 0 0 0 0
131 1004 0 0 251 1 0 0 0 0 0 0 0 0
133 753 1 1 0 0 0 0 0 0 251 2 0 0
135 10 1 1 2 0 0 4 0 0 0 0 0 0
138 2 0 0 0 0 0 0 0 0 0 0 0 0
142 249 0 0 0 0 0 249 0 0 0 0 0 0
145 797 2 2 249 0 0 0 0 0 249 5 0 0
146 18 1 1 6 1 0 0 0 0 6 2 0 0
158 25 1 1 10 0 0 0 0 0 5 3 0 0
159 16 1 1 2 0 0 0 0 0 4 1 0 0
160 6 1 1 2 0 0 0 0 0 2 0 0 0
163 6 0 0 4 0 0 0 0 0 0 0 0 0
165 8 0 0 2 0 0 2 0 0 0 0 0 0
166 2 0 0 2 0 0 0 0 0 0 0 0 0
167 6 0 0 4 0 0 2 0 0 0 0 0 0
175 25 0 0 8 0 0 1 0 0 8 6 0 0
177 42 1 1 12 1 1 6 0 0 0 0 0 0
178 12 0 0 12 0 0 0 0 0 0 0 0 0
180 18 0 0 0 0 0 0 0 0 6 1 0 0
188 6 0 0 0 0 0 6 0 0 0 0 0 0
191 18 0 0 6 0 0 0 0 0 6 0 0 0
205 4 0 0 1 0 0 0 0 0 1 1 0 0
fn=_dl_start
49 4 0 0 2 0 0 0 0 0 0 0 0 0
50 1 0 0 1 0 0 0 0 0 0 0 0 0
86 10 0 0 4 0 0 0 0 0 0 0 0 0
88 4 0 0 0 0 0 0 0 0 0 0 0 0
113 431 0 0 0 0 0 0 0 0 144 7 0 0
114 284 1 1 142 18 18 0 0 0 0 0 0 0
118 4 0 0 2 0 0 0 0 0 2 0 0 0
126 28 0 0 0 0 0 0 0 0 9 2 0 0
128 21 1 1 7 2 2 0 0 0 0 0 0 0
129 14 0 0 0 0 0 0 0 0 0 0 0 0
130 14 0 0 7 0 0 0 0 0 0 0 0 0
fl=./elf/./elf/get-dynamic-info.h
fn=_dl_map_object_from_fd
39 8 0 0 0 0 0 0 0 0 4 0 0 0
43 4 0 0 0 0 0 0 0 0 0 0 0 0
45 380 0 0 96 28 28 0 0 0 96 5 0 0
49 184 0 0 0 0 0 0 0 0 92 28 0 0
54 100 1 1 0 0 0 0 0 0 24 8 0 0
55 68 0 0 0 0 0 0 0 0 0 0 0 0
56 20 0 0 0 0 0 0 0 0 4 2 0 0
58 4 0 0 0 0 0 0 0 0 0 0 0 0
59 20 1 1 0 0 0 0 0 0 4 2 0 0
61 4 0 0 0 0 0 0 0 0 0 0 0 0
62 20 2 2 0 0 0 0 0 0 4 0 0 0
64 20 0 0 0 0 0 0 0 0 0 0 0 0
68 92 0 0 0 0 0 92 22 22 0 0 0 0
72 16 0 0 4 0 0 0 0 0 8 0 0 0
82 14 1 1 6 0 0 0 0 0 4 3 0 0
83 16 0 0 8 0 0 0 0 0 4 0 0 0
84 16 0 0 8 0 0 0 0 0 4 0 0 0
85 16 0 0 8 0 0 0 0 0 4 0 0 0
87 16 0 0 8 0 0 0 0 0 4 0 0 0
92 15 1 1 7 1 1 0 0 0 4 1 0 0
93 15 0 0 7 1 1 0 0 0 4 1 0 0
94 16 0 0 8 0 0 0 0 0 4 0 0 0
97 12 0 0 4 0 0 0 0 0 4 1 0 0
102 6 0 0 3 0 0 0 0 0 3 0 0 0
109 8 1 1 4 0 0 0 0 0 4 0 0 0
110 12 0 0 8 0 0 0 0 0 4 0 0 0
132 12 0 0 4 1 1 0 0 0 4 2 0 0
137 4 0 0 2 0 0 2 0 0 0 0 0 0
139 4 0 0 0 0 0 0 0 0 2 2 0 0
141 4 0 0 0 0 0 0 0 0 2 2 0 0
143 4 0 0 0 0 0 0 0 0 2 0 0 0
147 12 1 1 4 0 0 0 0 0 4 3 0 0
149 3 0 0 1 0 0 1 0 0 0 0 0 0
150 2 0 0 0 0 0 0 0 0 1 1 0 0
159 2 1 1 1 0 0 0 0 0 0 0 0 0
160 3 1 1 0 0 0 0 0 0 1 1 0 0
165 3 0 0 0 0 0 1 0 0 1 0 0 0
169 8 0 0 4 0 0 0 0 0 4 4 0 0
fl=./elf/./elf/libc_early_init.c
fn=__libc_early_init
33 7 2 2 1 0 0 2 0 0 0 0 0 0
35 1 0 0 0 0 0 1 0 0 0 0 0 0
38 2 0 0 1 1 0 1 1 1 0 0 0 0
41 1 0 0 0 0 0 1 1 1 0 0 0 0
47 4 0 0 2 0 0 0 0 0 1 0 0 0
49 2 1 1 1 0 0 0 0 0 0 0 0 0
fl=./elf/./elf/rtld.c
fn=_dl_start
85 8 1 1 0 0 0 2 1 1 0 0 0 0
488 3 0 0 0 0 0 1 0 0 0 0 0 0
489 1 0 0 0 0 0 1 0 0 0 0 0 0
490 6 0 0 0 0 0 1 0 0 0 0 0 0
492 2 1 1 0 0 0 1 1 1 0 0 0 0
501 1 0 0 0 0 0 1 0 0 0 0 0 0
507 4 1 0 1 0 0 1 0 0 0 0 0 0
509 2 0 0 1 0 0 0 0 0 1 0 0 0
527 10 2 2 0 0 0 7 1 1 0 0 0 0
553 1 0 0 0 0 0 1 1 1 0 0 0 0
556 2 1 1 0 0 0 1 1 1 0 0 0 0
557 1 0 0 1 1 1 0 0 0 0 0 0 0
573 56 3 3 12 0 0 8 1 1 7 2 0 0
575 1 1 1 1 0 0 0 0 0 0 0 0 0
588 1 0 0 0 0 0 1 1 1 0 0 0 0
592 2 0 0 0 0 0 1 0 0 0 0 0 0
607 9 0 0 7 1 0 0 0 0 0 0 0 0
fn=dl_main
85 16 3 3 0 0 0 1 0 0 0 0 0 0
92 12 1 1 0 0 0 0 0 0 0 0 0 0
93 2 0 0 1 0 0 1 0 0 0 0 0 0
101 7 0 0 3 0 0 0 0 0 0 0 0 0
205 2 0 0 0 0 0 1 0 0 0 0 0 0
207 1 1 1 0 0 0 1 0 0 0 0 0 0
232 2 1 1 2 1 1 0 0 0 0 0 0 0
233 4 1 1 3 0 0 0 0 0 1 1 0 0
234 4 0 0 0 0 0 0 0 0 2 2 0 0
304 3 0 0 0 0 0 3 0 0 0 0 0 0
310 1 0 0 0 0 0 1 0 0 0 0 0 0
311 2 0 0 0 0 0 1 0 0 0 0 0 0
862 1 0 0 1 0 0 0 0 0 0 0 0 0
864 1 1 1 0 0 0 1 0 0 0 0 0 0
870 1 0 0 1 0 0 0 0 0 0 0 0 0
873 1 0 0 0 0 0 1 0 0 0 0 0 0
875 1 0 0 0 0 0 1 0 0 0 0 0 0
880 1 0 0 0 0 0 1 0 0 0 0 0 0
1140 2 0 0 1 0 0 1 0 0 0 0 0 0
1143 1 0 0 0 0 0 1 0 0 0 0 0 0
1146 1 0 0 0 0 0 1 0 0 0 0 0 0
1148 2 0 0 1 1 1 1 1 1 0 0 0 0
1150 1 0 0 1 0 0 0 0 0 0 0 0 0
1151 1 0 0 1 0 0 0 0 0 0 0 0 0
1166 1 0 0 0 0 0 0 0 0 0 0 0 0
1169 50 4 4 2 0 0 1 0 0 15 13 0 0
1170 127 1 1 24 7 7 0 0 0 31 7 10 6
1174 4 1 1 3 0 0 1 0 0 0 0 0 0
1179 3 1 1 2 0 0 1 0 0 0 0 0 0
1180 9 0 0 2 0 0 1 0 0 0 0 0 0
1189 2 0 0 0 0 0 1 0 0 0 0 0 0
1190 2 0 0 2 1 1 0 0 0 0 0 0 0
1192 1 0 0 0 0 0 1 0 0 0 0 0 0
1199 3 1 1 1 0 0 0 0 0 1 1 0 0
1211 1 0 0 0 0 0 0 0 0 0 0 0 0
1217 1 0 0 0 0 0 1 0 0 0 0 0 0
1225 8 0 0 4 0 0 0 0 0 0 0 0 0
1226 18 2 2 5 1 1 0 0 0 0 0 0 0
1227 8 0 0 4 0 0 0 0 0 4 3 0 0
1228 1 0 0 0 0 0 1 0 0 0 0 0 0
1230 12 0 0 4 0 0 0 0 0 0 0 0 0
1231 14 1 1 0 0 0 0 0 0 7 4 0 0
1235 8 0 0 4 3 3 0 0 0 0 0 0 0
1236 8 0 0 4 0 0 0 0 0 4 0 0 0
1237 4 0 0 0 0 0 4 0 0 0 0 0 0
1238 10 0 0 5 0 0 0 0 0 5 3 0 0
1239 1 0 0 0 0 0 1 0 0 0 0 0 0
1243 12 1 1 0 0 0 0 0 0 0 0 0 0
1249 3 2 2 1 1 1 0 0 0 1 0 0 0
1255 4 0 0 0 0 0 1 1 1 0 0 0 0
1256 1 0 0 1 0 0 0 0 0 0 0 0 0
1261 4 0 0 0 0 0 0 0 0 0 0 0 0
1262 2 0 0 1 0 0 1 0 0 0 0 0 0
1263 1 0 0 0 0 0 1 0 0 0 0 0 0
1266 2 0 0 0 0 0 2 1 1 0 0 0 0
1271 2 0 0 1 0 0 1 0 0 0 0 0 0
1275 4 0 0 2 1 1 1 0 0 0 0 0 0
1277 1 0 0 0 0 0 0 0 0 0 0 0 0
1281 28 0 0 14 0 0 0 0 0 14 1 0 0
1282 66 1 1 14 0 0 0 0 0 26 15 0 0
1288 18 0 0 0 0 0 1 0 0 0 0 0 0
1294 3 0 0 1 0 0 0 0 0 1 0 0 0
1296 2 0 0 1 0 0 1 0 0 0 0 0 0
1297 4 0 0 2 0 0 0 0 0 1 1 0 0
1299 3 1 1 1 0 0 0 0 0 1 1 0 0
1301 2 0 0 1 0 0 0 0 0 1 0 0 0
1320 14 2 2 0 0 0 10 1 1 0 0 0 0
1325 1 0 0 0 0 0 0 0 0 0 0 0 0
1326 1 0 0 0 0 0 1 0 0 0 0 0 0
1332 1 0 0 0 0 0 1 1 1 0 0 0 0
1348 3 0 0 2 0 0 1 0 0 0 0 0 0
1349 4 1 1 2 0 0 0 0 0 1 1 0 0
1627 10 2 2 0 0 0 2 0 0 0 0 0 0
1629 2 0 0 0 0 0 0 0 0 1 0 0 0
1630 2 0 0 1 0 0 1 0 0 0 0 0 0
1631 2 0 0 1 0 0 1 0 0 0 0 0 0
1632 3 1 1 2 0 0 1 0 0 0 0 0 0
1636 3 0 0 0 0 0 1 0 0 0 0 0 0
1637 2 0 0 1 0 0 0 0 0 1 0 0 0
1662 3 0 0 1 0 0 0 0 0 1 0 0 0
1663 6 0 0 2 0 0 1 0 0 1 0 0 0
1664 3 1 1 2 0 0 0 0 0 0 0 0 0
1665 3 0 0 3 0 0 0 0 0 0 0 0 0
1668 1 0 0 0 0 0 1 0 0 0 0 0 0
1670 1 0 0 0 0 0 1 1 1 0 0 0 0
1671 1 1 1 0 0 0 1 1 1 0 0 0 0
1673 2 0 0 1 0 0 0 0 0 1 0 0 0
1674 2 0 0 0 0 0 1 0 0 0 0 0 0
1678 2 0 0 1 0 0 0 0 0 1 0 0 0
1680 2 0 0 1 0 0 0 0 0 1 0 0 0
1688 3 0 0 1 0 0 0 0 0 1 1 0 0
1695 2 1 1 0 0 0 1 0 0 0 0 0 0
1698 2 0 0 1 0 0 0 0 0 1 0 0 0
1723 9 0 0 1 0 0 2 0 0 3 0 0 0
1731 4 0 0 1 0 0 2 0 0 0 0 0 0
1733 1 0 0 0 0 0 1 0 0 0 0 0 0
1738 2 0 0 1 0 0 0 0 0 1 1 0 0
1741 4 1 1 2 0 0 1 0 0 0 0 0 0
1742 4 0 0 1 0 0 1 0 0 0 0 0 0
1743 2 0 0 0 0 0 1 0 0 0 0 0 0
1744 1 0 0 0 0 0 1 0 0 0 0 0 0
1745 1 1 1 1 0 0 0 0 0 0 0 0 0
1746 1 0 0 1 0 0 0 0 0 0 0 0 0
1751 2 0 0 1 0 0 0 0 0 1 0 0 0
1752 3 1 1 1 0 0 1 0 0 0 0 0 0
1764 2 0 0 1 1 1 0 0 0 1 0 0 0
1765 2 0 0 1 0 0 0 0 0 1 0 0 0
1767 2 0 0 1 0 0 0 0 0 0 0 0 0
1769 1 0 0 0 0 0 1 0 0 0 0 0 0
1770 3 1 1 1 0 0 1 0 0 0 0 0 0
1775 5 0 0 0 0 0 0 0 0 1 1 0 0
1776 5 0 0 1 1 1 0 0 0 1 1 0 0
1778 4 1 1 2 1 1 1 1 1 0 0 0 0
1784 2 0 0 1 1 1 0 0 0 1 1 0 0
1786 3 1 1 2 0 0 0 0 0 0 0 0 0
1793 2 1 1 1 0 0 0 0 0 1 0 0 0
1797 1 1 1 0 0 0 1 0 0 0 0 0 0
1798 2 0 0 1 0 0 0 0 0 1 0 0 0
1822 2 0 0 0 0 0 2 0 0 0 0 0 0
1828 2 0 0 1 0 0 1 0 0 0 0 0 0
1829 1 0 0 0 0 0 1 0 0 0 0 0 0
1830 1 1 1 0 0 0 0 0 0 0 0 0 0
1834 3 0 0 0 0 0 1 0 0 0 0 0 0
1839 3 0 0 2 0 0 0 0 0 1 1 0 0
1841 1 0 0 0 0 0 0 0 0 0 0 0 0
1843 2 0 0 1 0 0 0 0 0 1 1 0 0
1847 5 0 0 1 0 0 1 0 0 0 0 0 0
1852 2 0 0 1 0 0 0 0 0 1 0 0 0
1868 6 1 1 0 0 0 1 0 0 1 0 0 0
1944 4 0 0 2 0 0 0 0 0 1 1 0 0
1948 19 3 3 1 0 0 0 0 0 2 1 0 0
1949 1 0 0 0 0 0 0 0 0 0 0 0 0
1952 3 0 0 0 0 0 1 0 0 0 0 0 0
1953 1 0 0 1 0 0 0 0 0 0 0 0 0
1954 2 0 0 0 0 0 0 0 0 1 0 0 0
1955 2 0 0 0 0 0 0 0 0 1 0 0 0
1960 3 0 0 1 0 0 0 0 0 1 1 0 0
1970 8 0 0 1 0 0 1 0 0 0 0 0 0
1976 27 1 1 1 0 0 0 0 0 7 5 0 0
1977 15 0 0 13 0 0 0 0 0 0 0 0 0
1980 4 0 0 3 0 0 1 0 0 0 0 0 0
1981 3 1 1 1 0 0 0 0 0 1 0 0 0
1982 1 0 0 0 0 0 1 0 0 0 0 0 0
1984 19 0 0 0 0 0 0 0 0 5 0 0 0
1985 19 1 1 6 0 0 0 0 0 5 4 0 0
1995 2 1 1 0 0 0 1 0 0 0 0 0 0
1997 3 0 0 1 0 0 1 0 0 0 0 0 0
1998 2 0 0 0 0 0 0 0 0 1 0 0 0
2000 2 0 0 0 0 0 1 0 0 0 0 0 0
2002 3 0 0 0 0 0 0 0 0 1 1 0 0
2004 3 0 0 1 0 0 0 0 0 0 0 0 0
2005 1 0 0 1 0 0 0 0 0 0 0 0 0
2006 2 1 1 0 0 0 0 0 0 1 1 0 0
2018 2 0 0 0 0 0 0 0 0 1 0 0 0
2019 2 0 0 0 0 0 1 0 0 0 0 0 0
2020 3 0 0 1 0 0 0 0 0 1 1 0 0
2031 4 1 1 0 0 0 1 0 0 0 0 0 0
2032 4 0 0 0 0 0 1 0 0 0 0 0 0
2033 5 1 1 0 0 0 1 0 0 0 0 0 0
2043 2 0 0 1 1 0 1 0 0 0 0 0 0
2044 2 0 0 0 0 0 0 0 0 1 1 0 0
2045 4 1 1 0 0 0 1 0 0 0 0 0 0
2047 2 0 0 1 0 0 0 0 0 1 0 0 0
2052 3 0 0 1 0 0 0 0 0 1 0 0 0
2282 3 0 0 1 0 0 0 0 0 1 1 0 0
2331 1 0 0 1 0 0 0 0 0 0 0 0 0
2338 2 0 0 0 0 0 1 0 0 0 0 0 0
2342 2 1 1 1 0 0 1 1 0 0 0 0 0
2348 2 0 0 1 0 0 1 0 0 0 0 0 0
2351 2 0 0 0 0 0 0 0 0 1 0 0 0
2359 2 0 0 2 0 0 0 0 0 0 0 0 0
2361 2 0 0 0 0 0 0 0 0 1 1 0 0
2415 3 1 1 1 0 0 0 0 0 0 0 0 0
2418 1 1 1 1 0 0 0 0 0 0 0 0 0
2422 1 0 0 1 0 0 0 0 0 0 0 0 0
2423 32 2 2 1 1 0 1 0 0 7 1 0 0
2425 12 0 0 12 1 0 0 0 0 0 0 0 0
2430 12 0 0 12 4 0 0 0 0 0 0 0 0
2432 14 0 0 0 0 0 0 0 0 7 2 0 0
2434 1 1 1 0 0 0 1 0 0 0 0 0 0
2435 1 0 0 1 0 0 0 0 0 0 0 0 0
2438 6 0 0 6 0 0 0 0 0 0 0 0 0
2440 18 1 1 0 0 0 0 0 0 6 1 0 0
2441 40 0 0 10 5 0 5 0 0 0 0 0 0
2445 16 0 0 8 3 0 0 0 0 8 4 0 0
2446 6 0 0 0 0 0 2 0 0 0 0 0 0
2454 2 1 1 1 0 0 0 0 0 1 0 0 0
2459 4 0 0 2 0 0 0 0 0 2 1 0 0
2461 1 0 0 1 0 0 0 0 0 0 0 0 0
2468 3 0 0 0 0 0 1 0 0 0 0 0 0
2471 2 1 1 1 0 0 0 0 0 1 1 0 0
2481 3 1 1 2 1 0 0 0 0 1 0 0 0
2483 4 0 0 1 0 0 0 0 0 2 0 0 0
2493 1 0 0 0 0 0 1 0 0 0 0 0 0
2498 2 0 0 0 0 0 1 0 0 0 0 0 0
2501 1 0 0 0 0 0 1 0 0 0 0 0 0
2507 1 0 0 1 0 0 0 0 0 0 0 0 0
2508 5 0 0 1 0 0 1 0 0 0 0 0 0
2516 3 0 0 1 0 0 1 0 0 0 0 0 0
2523 1 0 0 0 0 0 1 0 0 0 0 0 0
2527 3 1 1 0 0 0 1 0 0 0 0 0 0
2532 3 0 0 0 0 0 1 0 0 0 0 0 0
2533 1 0 0 0 0 0 1 0 0 0 0 0 0
2534 1 0 0 0 0 0 1 0 0 0 0 0 0
2535 1 0 0 0 0 0 0 0 0 0 0 0 0
2539 1 0 0 0 0 0 1 0 0 0 0 0 0
2544 8 0 0 7 2 0 0 0 0 0 0 0 0
2677 3 0 0 1 0 0 2 0 0 0 0 0 0
2679 1 0 0 0 0 0 0 0 0 0 0 0 0
2683 6 1 1 1 0 0 1 1 1 0 0 0 0
2685 16 0 0 0 0 0 3 0 0 3 1 0 0
2687 2 0 0 0 0 0 0 0 0 0 0 0 0
2689 107 0 0 21 0 0 0 0 0 40 10 0 0
2690 19 1 1 0 0 0 0 0 0 0 0 0 0
2698 13 0 0 2 1 1 0 0 0 2 0 2 2
2719 2 1 1 1 0 0 0 0 0 1 0 0 0
2726 6 1 1 3 0 0 0 0 0 3 1 0 0
2728 2 0 0 0 0 0 1 0 0 0 0 0 0
2729 1 0 0 0 0 0 0 0 0 0 0 0 0
2774 3 1 1 1 0 0 0 0 0 1 0 0 0
2775 5 1 1 2 0 0 0 0 0 2 1 0 0
2777 2 1 1 0 0 0 1 0 0 0 0 0 0
2778 2 0 0 0 0 0 1 0 0 0 0 0 0
2779 1 0 0 0 0 0 0 0 0 0 0 0 0
2818 1 0 0 0 0 0 0 0 0 0 0 0 0
2829 1 0 0 0 0 0 0 0 0 0 0 0 0
2845 4 1 1 1 0 0 0 0 0 1 0 0 0
2877 2 0 0 0 0 0 0 0 0 1 1 0 0
fn=handle_preload_list
191 3 1 1 1 0 0 0 0 0 1 0 0 0
831 1 1 1 0 0 0 1 0 0 0 0 0 0
835 1 0 0 0 0 0 1 0 0 0 0 0 0
836 2 0 0 1 0 0 1 0 0 0 0 0 0
837 1 0 0 0 0 0 1 0 0 0 0 0 0
839 1 0 0 1 0 0 0 0 0 0 0 0 0
841 7 0 0 0 0 0 1 0 0 0 0 0 0
842 3 0 0 1 0 0 0 0 0 1 0 0 0
850 3 0 0 1 0 0 0 0 0 0 0 0 0
894 12 1 1 1 1 1 8 1 1 0 0 0 0
895 3 1 1 0 0 0 0 0 0 0 0 0 0
899 5 0 0 2 0 0 0 0 0 2 0 0 0
902 4 0 0 0 0 0 1 1 1 0 0 0 0
903 3 0 0 0 0 0 0 0 0 1 1 0 0
905 5 1 1 0 0 0 1 0 0 0 0 0 0
906 2 0 0 0 0 0 1 0 0 0 0 0 0
912 1 0 0 0 0 0 0 0 0 0 0 0 0
914 2 0 0 1 0 0 0 0 0 0 0 0 0
916 2 0 0 1 0 0 0 0 0 1 0 0 0
917 1 0 0 0 0 0 0 0 0 0 0 0 0
920 9 0 0 7 0 0 0 0 0 0 0 0 0
fn=init_tls
756 3 1 1 0 0 0 2 0 0 0 0 0 0
758 2 0 0 1 0 0 1 0 0 0 0 0 0
762 3 0 0 1 0 0 0 0 0 1 0 0 0
768 2 1 1 0 0 0 1 1 1 0 0 0 0
771 1 0 0 0 0 0 1 0 0 0 0 0 0
772 1 0 0 0 0 0 0 0 0 0 0 0 0
773 1 0 0 0 0 0 0 0 0 0 0 0 0
777 1 0 0 0 0 0 0 0 0 0 0 0 0
779 1 0 0 0 0 0 1 0 0 0 0 0 0
783 2 0 0 1 1 1 0 0 0 1 0 0 0
784 2 0 0 0 0 0 0 0 0 0 0 0 0
785 16 1 1 1 0 0 0 0 0 7 6 0 0
786 6 1 1 6 0 0 0 0 0 0 0 0 0
787 12 0 0 6 2 0 0 0 0 6 4 0 0
791 6 0 0 0 0 0 2 0 0 0 0 0 0
793 2 0 0 0 0 0 0 0 0 0 0 0 0
795 3 0 0 1 0 0 0 0 0 1 0 0 0
798 2 1 1 0 0 0 1 0 0 0 0 0 0
801 1 0 0 0 0 0 1 0 0 0 0 0 0
808 2 0 0 0 0 0 1 0 0 0 0 0 0
809 2 0 0 0 0 0 0 0 0 1 0 0 0
815 2 0 0 1 0 0 1 0 0 0 0 0 0
818 8 0 0 0 0 0 2 0 0 1 0 0 0
821 1 0 0 0 0 0 1 0 0 0 0 0 0
822 1 0 0 0 0 0 1 0 0 0 0 0 0
825 5 0 0 3 0 0 0 0 0 0 0 0 0
fn=map_doit
663 3 1 1 0 0 0 1 0 0 0 0 0 0
665 4 0 0 1 0 0 0 0 0 0 0 0 0
666 6 1 1 2 0 0 2 0 0 0 0 0 0
668 2 0 0 2 0 0 0 0 0 0 0 0 0
fn=version_check_doit
696 3 1 1 0 0 0 1 0 0 0 0 0 0
698 6 1 1 2 0 0 1 0 0 1 1 0 0
702 2 0 0 2 0 0 0 0 0 0 0 0 0
fl=./elf/./get-dynamic-info.h
fn=_dl_start
45 75 0 0 19 5 5 0 0 0 19 1 0 0
49 36 1 1 0 0 0 0 0 0 18 8 0 0
54 21 0 0 0 0 0 0 0 0 5 3 0 0
55 14 0 0 0 0 0 0 0 0 0 0 0 0
56 5 0 0 0 0 0 0 0 0 1 1 0 0
58 1 0 0 0 0 0 0 0 0 0 0 0 0
59 5 1 1 0 0 0 0 0 0 1 1 0 0
61 1 0 0 0 0 0 0 0 0 0 0 0 0
62 5 1 1 0 0 0 0 0 0 1 0 0 0
64 5 0 0 0 0 0 0 0 0 0 0 0 0
68 19 0 0 0 0 0 18 6 6 0 0 0 0
72 3 0 0 0 0 0 0 0 0 1 0 0 0
82 4 1 1 2 0 0 0 0 0 1 0 0 0
83 4 0 0 2 0 0 0 0 0 1 0 0 0
84 4 0 0 2 0 0 0 0 0 1 0 0 0
85 4 0 0 2 0 0 0 0 0 1 0 0 0
87 4 1 1 2 0 0 0 0 0 1 0 0 0
92 4 0 0 2 0 0 0 0 0 1 0 0 0
93 4 0 0 2 0 0 0 0 0 1 0 0 0
94 4 0 0 2 0 0 0 0 0 1 0 0 0
97 3 1 1 1 0 0 0 0 0 1 0 0 0
102 2 0 0 1 0 0 0 0 0 1 0 0 0
109 3 0 0 1 0 0 0 0 0 1 0 0 0
110 3 0 0 2 0 0 0 0 0 1 0 0 0
118 2 0 0 1 1 1 0 0 0 1 0 0 0
119 2 1 1 1 0 0 0 0 0 1 0 0 0
124 3 0 0 1 0 0 0 0 0 1 1 0 0
127 3 0 0 1 0 0 0 0 0 1 1 0 0
fn=dl_main
39 3 1 1 1 0 0 0 0 0 1 0 0 0
43 1 0 0 0 0 0 0 0 0 0 0 0 0
45 115 0 0 29 8 8 0 0 0 29 2 0 0
49 56 1 1 0 0 0 0 0 0 28 10 0 0
54 25 0 0 0 0 0 0 0 0 6 3 0 0
55 17 0 0 0 0 0 0 0 0 0 0 0 0
56 5 0 0 0 0 0 0 0 0 1 1 0 0
58 1 0 0 0 0 0 0 0 0 0 0 0 0
59 5 1 1 0 0 0 0 0 0 1 0 0 0
61 1 0 0 0 0 0 0 0 0 0 0 0 0
62 5 0 0 0 0 0 0 0 0 1 0 0 0
64 5 0 0 0 0 0 0 0 0 0 0 0 0
68 28 0 0 0 0 0 28 6 6 0 0 0 0
72 5 2 2 2 0 0 0 0 0 2 1 0 0
82 3 0 0 1 0 0 0 0 0 1 1 0 0
83 4 0 0 2 0 0 0 0 0 1 0 0 0
84 4 1 1 2 0 0 0 0 0 1 0 0 0
85 4 0 0 2 0 0 0 0 0 1 0 0 0
87 4 0 0 2 0 0 0 0 0 1 0 0 0
92 4 0 0 2 0 0 0 0 0 1 0 0 0
93 4 1 1 2 0 0 0 0 0 1 0 0 0
94 5 0 0 2 0 0 0 0 0 1 0 0 0
97 3 0 0 1 0 0 0 0 0 1 0 0 0
102 2 0 0 1 0 0 0 0 0 1 0 0 0
109 2 0 0 1 0 0 0 0 0 1 0 0 0
110 3 0 0 2 0 0 0 0 0 1 0 0 0
132 3 1 1 1 0 0 0 0 0 1 0 0 0
137 2 0 0 1 0 0 1 0 0 0 0 0 0
139 2 0 0 0 0 0 0 0 0 1 1 0 0
141 2 0 0 0 0 0 0 0 0 1 1 0 0
143 2 0 0 0 0 0 0 0 0 1 0 0 0
144 1 0 0 0 0 0 1 0 0 0 0 0 0
147 3 1 1 1 0 0 0 0 0 1 0 0 0
149 3 0 0 1 0 0 1 0 0 0 0 0 0
150 2 0 0 0 0 0 0 0 0 1 1 0 0
159 2 0 0 1 0 0 0 0 0 0 0 0 0
160 3 1 1 0 0 0 0 0 0 1 1 0 0
165 2 0 0 0 0 0 0 0 0 1 0 0 0
166 2 0 0 1 0 0 1 0 0 0 0 0 0
169 2 1 1 1 0 0 0 0 0 1 1 0 0
fl=./elf/./setup-vdso.h
fn=dl_main
24 2 0 0 1 1 1 0 0 0 1 1 0 0
fl=./io/../sysdeps/posix/isatty.c
fn=isatty
24 30 12 10 6 0 0 6 0 0 0 0 0 0
27 24 0 0 0 0 0 6 0 0 0 0 0 0
28 36 0 0 18 0 0 0 0 0 6 3 0 0
fl=./io/../sysdeps/unix/syscall-template.S
fn=pipe2
120 10 2 2 0 0 0 0 0 0 2 0 0 0
122 2 0 0 2 0 0 0 0 0 0 0 0 0
fl=./io/../sysdeps/unix/sysv/linux/access.c
fn=access
25 1 1 1 0 0 0 0 0 0 0 0 0 0
27 7 0 0 0 0 0 1 0 0 1 1 0 0
31 1 0 0 1 0 0 0 0 0 0 0 0 0
fl=./io/../sysdeps/unix/sysv/linux/close.c
fn=close
26 7 2 2 0 0 0 0 0 0 0 0 0 0
27 49 0 0 7 0 0 0 0 0 14 1 0 0
28 7 0 0 7 0 0 0 0 0 0 0 0 0
fl=./io/../sysdeps/unix/sysv/linux/close_nocancel.c
fn=__GI___close_nocancel
25 5 1 1 0 0 0 0 0 0 0 0 0 0
26 20 0 0 0 0 0 0 0 0 5 0 0 0
27 5 0 0 5 0 0 0 0 0 0 0 0 0
fn=__close_nocancel
25 1 1 1 0 0 0 0 0 0 0 0 0 0
26 4 0 0 0 0 0 0 0 0 1 0 0 0
27 1 0 0 1 0 0 0 0 0 0 0 0 0
fl=./io/../sysdeps/unix/sysv/linux/fstat64.c
fn=fstat
29 12 2 2 0 0 0 0 0 0 0 0 0 0
30 12 0 0 0 0 0 0 0 0 6 0 0 0
35 18 0 0 0 0 0 0 0 0 0 0 0 0
fl=./io/../sysdeps/unix/sysv/linux/fstatat64.c
fn=fstatat
98 30 0 0 0 0 0 0 0 0 0 0 0 0
153 30 2 2 0 0 0 0 0 0 0 0 0 0
167 16 0 0 0 0 0 8 0 0 0 0 0 0
168 53 1 1 8 0 0 0 0 0 15 4 0 0
169 7 0 0 7 0 0 0 0 0 0 0 0 0
fl=./io/../sysdeps/unix/sysv/linux/lseek64.c
fn=lseek
28 2 1 1 0 0 0 0 0 0 0 0 0 0
36 8 0 0 0 0 0 0 0 0 2 0 0 0
38 2 0 0 2 0 0 0 0 0 0 0 0 0
fl=./io/../sysdeps/unix/sysv/linux/open64.c
fn=open
30 60 4 4 6 0 0 24 2 1 0 0 0 0
33 42 0 0 0 0 0 0 0 0 12 1 0 0
41 75 3 3 9 0 0 3 0 0 12 4 0 0
43 42 0 0 30 0 0 0 0 0 6 0 0 0
fl=./io/../sysdeps/unix/sysv/linux/open64_nocancel.c
fn=__open_nocancel
28 72 2 2 1 0 0 18 2 2 0 0 0 0
31 119 2 2 0 0 0 0 0 0 34 0 0 0
39 152 0 0 0 0 0 11 0 0 17 4 0 0
41 21 0 0 19 0 0 0 0 0 1 0 0 0
fl=./io/../sysdeps/unix/sysv/linux/poll.c
fn=poll
27 2 2 1 0 0 0 0 0 0 0 0 0 0
29 14 0 0 2 0 0 0 0 0 4 0 0 0
43 2 0 0 2 0 0 0 0 0 0 0 0 0
fl=./io/../sysdeps/unix/sysv/linux/pread64_nocancel.c
fn=__pread64_nocancel
25 8 1 1 0 0 0 0 0 0 0 0 0 0
26 16 0 0 0 0 0 0 0 0 4 0 0 0
27 4 0 0 4 0 0 0 0 0 0 0 0 0
fl=./io/../sysdeps/unix/sysv/linux/read.c
fn=read
25 7 2 2 0 0 0 0 0 0 0 0 0 0
26 42 0 0 7 0 0 0 0 0 14 3 0 0
27 7 0 0 7 0 0 0 0 0 0 0 0 0
fl=./io/../sysdeps/unix/sysv/linux/read_nocancel.c
fn=__read_nocancel
25 10 2 2 0 0 0 0 0 0 0 0 0 0
26 40 0 0 0 0 0 0 0 0 10 0 0 0
27 10 0 0 10 0 0 0 0 0 0 0 0 0
fl=./io/../sysdeps/unix/sysv/linux/stat64.c
fn=stat
28 18 1 1 0 0 0 0 0 0 0 0 0 0
29 36 0 0 0 0 0 0 0 0 0 0 0 0
fl=./io/../sysdeps/unix/sysv/linux/statx.c
fn=statx
27 6 1 1 0 0 0 0 0 0 0 0 0 0
28 15 1 1 0 0 0 0 0 0 3 2 0 0
32 6 0 0 0 0 0 0 0 0 3 3 0 0
38 6 0 0 3 0 0 0 0 0 0 0 0 0
fl=./io/../sysdeps/unix/sysv/linux/write.c
fn=write
25 1968 714 14 0 0 0 1101 11 0 0 0 0 0
26 6803 225 10 1968 0 0 1101 76 0 1000 73 0 0
27 867 0 0 500 0 0 0 0 0 0 0 0 0
fl=./libio/./libio/filedoalloc.c
fn=_IO_file_doallocate
78 9 1 1 1 0 0 4 0 0 0 0 0 0
84 9 1 1 3 1 0 1 0 0 2 0 1 1
86 4 1 1 1 0 0 0 0 0 1 0 0 0
97 4 0 0 1 0 0 0 0 0 1 0 0 0
101 3 0 0 0 0 0 1 0 0 0 0 0 0
102 2 0 0 0 0 0 0 0 0 1 0 0 0
104 4 0 0 0 0 0 1 0 0 0 0 0 0
105 1 1 1 0 0 0 0 0 0 0 0 0 0
106 8 0 0 6 0 0 0 0 0 1 0 0 0
fl=./libio/./libio/fileops.c
fn=_IO_file_close
1164 1 1 1 0 0 0 0 0 0 0 0 0 0
1167 2 0 0 1 0 0 0 0 0 0 0 0 0
fn=_IO_file_close_it@@GLIBC_2.2.5
128 4 1 1 0 0 0 3 0 0 0 0 0 0
130 3 0 0 1 0 0 0 0 0 1 1 0 0
133 2 0 0 0 0 0 0 0 0 1 0 0 0
134 3 0 0 1 0 0 0 0 0 0 0 0 0
137 1 0 0 0 0 0 0 0 0 0 0 0 0
139 2 0 0 0 0 0 1 0 0 0 0 0 0
142 7 2 2 3 0 0 1 0 0 1 0 1 1
145 3 0 0 1 0 0 0 0 0 1 1 0 0
153 5 1 1 0 0 0 1 0 0 0 0 0 0
154 4 0 0 0 0 0 3 0 0 0 0 0 0
157 2 0 0 0 0 0 1 0 0 0 0 0 0
158 1 0 0 0 0 0 1 0 0 0 0 0 0
159 1 0 0 0 0 0 1 0 0 0 0 0 0
160 1 0 0 0 0 0 1 0 0 0 0 0 0
162 2 1 1 0 0 0 0 0 0 0 0 0 0
163 5 0 0 4 0 0 0 0 0 0 0 0 0
fn=_IO_file_finish@@GLIBC_2.2.5
168 5 1 1 0 0 0 2 0 0 0 0 0 0
169 2 1 1 1 0 0 0 0 0 1 1 0 0
175 3 0 0 0 0 0 0 0 0 0 0 0 0
176 3 1 1 2 0 0 0 0 0 0 0 0 0
fn=_IO_file_fopen@@GLIBC_2.2.5
213 11 1 1 1 0 0 7 0 0 0 0 0 0
214 2 0 0 0 0 0 0 0 0 0 0 0 0
222 2 0 0 1 0 0 0 0 0 1 0 0 0
224 6 0 0 1 1 1 0 0 0 1 1 0 0
227 1 0 0 0 0 0 0 0 0 0 0 0 0
228 1 1 1 0 0 0 0 0 0 0 0 0 0
247 37 5 5 5 2 2 0 0 0 9 3 2 2
267 3 1 1 1 0 0 0 0 0 0 0 0 0
270 1 0 0 0 0 0 0 0 0 0 0 0 0
271 1 0 0 1 0 0 0 0 0 0 0 0 0
272 1 0 0 0 0 0 0 0 0 0 0 0 0
280 5 0 0 0 0 0 1 0 0 0 0 0 0
283 2 0 0 0 0 0 0 0 0 1 0 0 0
286 4 0 0 0 0 0 1 0 0 0 0 0 0
287 2 0 0 0 0 0 0 0 0 1 1 0 0
356 12 1 1 9 0 0 0 0 0 1 0 0 0
fn=_IO_file_open
182 9 1 1 0 0 0 3 0 0 0 0 0 0
184 2 0 0 1 0 0 0 0 0 1 1 0 0
185 4 1 1 0 0 0 1 0 0 0 0 0 0
189 2 1 1 0 0 0 0 0 0 1 0 0 0
191 1 0 0 0 0 0 1 0 0 0 0 0 0
192 6 0 0 1 0 0 1 0 0 0 0 0 0
195 3 0 0 0 0 0 0 0 0 1 1 0 0
205 2 1 1 0 0 0 1 0 0 0 0 0 0
206 1 0 0 0 0 0 0 0 0 0 0 0 0
207 4 0 0 4 0 0 0 0 0 0 0 0 0
fn=_IO_file_read
1130 6 1 1 0 0 0 0 0 0 0 0 0 0
1131 6 0 0 6 0 0 0 0 0 0 0 0 0
1132 12 0 0 0 0 0 0 0 0 0 0 0 0
1133 12 1 1 6 0 0 0 0 0 6 2 0 0
fn=_IO_file_stat
1146 1 1 1 0 0 0 0 0 0 0 0 0 0
1147 2 0 0 1 0 0 0 0 0 0 0 0 0
fn=_IO_file_underflow@@GLIBC_2.2.5
461 54 2 2 0 0 0 36 0 0 0 0 0 0
465 18 0 0 6 0 0 0 0 0 6 0 0 0
468 12 0 0 0 0 0 0 0 0 6 0 0 0
474 18 0 0 12 0 0 0 0 0 6 0 0 0
477 12 0 0 6 0 0 0 0 0 6 1 0 0
480 3 1 1 1 0 0 0 0 0 1 1 0 0
485 2 0 0 0 0 0 1 0 0 0 0 0 0
489 14 0 0 1 0 0 0 0 0 6 2 0 0
498 12 1 1 0 0 0 0 0 0 0 0 0 0
505 12 0 0 0 0 0 6 0 0 0 0 0 0
511 36 0 0 6 0 0 18 0 0 0 0 0 0
516 30 1 1 18 0 0 6 0 0 0 0 6 1
518 12 0 0 0 0 0 0 0 0 6 0 0 0
525 6 0 0 6 0 0 0 0 0 0 0 0 0
534 18 1 1 6 0 0 0 0 0 6 1 0 0
536 12 0 0 12 1 1 0 0 0 0 0 0 0
537 48 0 0 42 0 0 0 0 0 0 0 0 0
fn=_IO_new_file_init_internal
106 3 1 1 0 0 0 1 0 0 0 0 0 0
110 1 0 0 0 0 0 1 0 0 0 0 0 0
111 1 0 0 1 0 0 0 0 0 0 0 0 0
113 1 0 0 0 0 0 1 0 0 0 0 0 0
114 1 0 0 0 0 0 1 0 0 0 0 0 0
115 2 0 0 2 0 0 0 0 0 0 0 0 0
fl=./libio/./libio/genops.c
fn=_IO_default_finish
54 2 0 0 1 0 0 0 0 0 1 0 0 0
601 3 1 1 0 0 0 1 0 0 0 0 0 0
603 3 1 1 1 0 0 0 0 0 1 1 0 0
609 3 0 0 1 0 0 0 0 0 1 0 0 0
612 3 0 0 1 0 0 0 0 0 1 1 0 0
624 2 0 0 2 0 0 0 0 0 0 0 0 0
fn=_IO_doallocbuf
343 4 1 1 0 0 0 3 0 0 0 0 0 0
344 2 0 0 1 0 0 0 0 0 1 1 0 0
346 4 0 0 1 0 0 0 0 0 1 1 0 0
347 5 0 0 2 1 0 1 0 0 1 1 1 1
350 4 1 1 4 0 0 0 0 0 0 0 0 0
fn=_IO_enable_locks
518 1 1 1 0 0 0 0 0 0 0 0 0 0
521 3 0 0 1 1 1 0 0 0 1 0 0 0
523 1 0 0 0 0 0 1 0 0 0 0 0 0
524 9 1 1 0 0 0 0 0 0 4 1 0 0
525 3 0 0 3 3 3 0 0 0 0 0 0 0
526 1 0 0 1 0 0 0 0 0 0 0 0 0
1067 1 0 0 1 1 1 0 0 0 0 0 0 0
1081 3 0 0 3 0 0 0 0 0 0 0 0 0
fn=_IO_link_in
87 20 1 1 2 0 0 12 0 0 0 0 0 0
88 8 0 0 2 0 0 0 0 0 2 1 0 0
90 2 1 1 0 0 0 1 0 0 0 0 0 0
92 7 1 1 0 0 0 3 0 0 0 0 0 0
93 12 1 1 4 1 1 2 0 0 2 0 0 0
94 1 0 0 0 0 0 1 0 0 0 0 0 0
95 13 1 1 7 0 0 1 0 0 3 0 0 0
97 2 0 0 1 1 0 1 0 0 0 0 0 0
98 1 0 0 0 0 0 1 0 0 0 0 0 0
100 13 1 1 6 0 0 2 0 0 4 1 0 0
101 1 1 1 0 0 0 1 0 0 0 0 0 0
102 7 0 0 2 0 0 2 0 0 3 1 0 0
103 2 0 0 0 0 0 1 0 0 0 0 0 0
106 21 0 0 16 0 0 0 0 0 2 0 0 0
fn=_IO_no_init
563 550 1 1 0 0 0 220 0 0 0 0 0 0
564 55 0 0 0 0 0 55 0 0 0 0 0 0
565 55 0 0 0 0 0 55 1 1 0 0 0 0
566 110 0 0 0 0 0 0 0 0 55 6 0 0
568 1 1 1 0 0 0 1 0 0 0 0 0 0
572 6 0 0 0 0 0 5 0 0 0 0 0 0
579 1 0 0 0 0 0 1 1 1 0 0 0 0
581 1 0 0 0 0 0 1 0 0 0 0 0 0
586 108 1 1 0 0 0 54 0 0 0 0 0 0
587 55 0 0 0 0 0 55 0 0 0 0 0 0
588 330 0 0 275 0 0 0 0 0 0 0 0 0
fn=_IO_old_init
531 55 1 1 0 0 0 0 0 0 0 0 0 0
532 110 0 0 0 0 0 55 0 0 0 0 0 0
534 330 0 0 55 1 1 55 0 0 0 0 0 0
539 385 0 0 0 0 0 330 1 1 0 0 0 0
544 55 1 1 0 0 0 55 0 0 0 0 0 0
550 110 0 0 0 0 0 55 0 0 0 0 0 0
555 165 0 0 55 0 0 0 0 0 55 7 0 0
556 2 0 0 0 0 0 2 1 1 0 0 0 0
558 55 0 0 55 0 0 0 0 0 0 0 0 0
fn=_IO_setb
329 504 1 1 0 0 0 112 0 0 0 0 0 0
330 226 1 1 112 0 0 0 0 0 57 7 0 0
331 1 0 0 0 0 0 1 0 0 0 0 0 0
332 56 0 0 0 0 0 56 0 0 0 0 0 0
335 339 0 0 2 0 0 56 0 0 0 0 0 0
338 225 0 0 168 0 0 1 0 0 0 0 0 0
fn=_IO_sputbackc
635 1080 1 1 0 0 0 432 1 0 0 0 0 0
638 648 1 1 432 0 0 0 0 0 216 0 0 0
639 432 0 0 216 0 0 0 0 0 216 4 0 0
641 432 1 1 0 0 0 216 0 0 0 0 0 0
642 216 0 0 0 0 0 0 0 0 0 0 0 0
647 216 0 0 0 0 0 0 0 0 0 0 0 0
648 216 0 0 216 0 0 0 0 0 0 0 0 0
651 864 0 0 648 0 0 0 0 0 0 0 0 0
fn=_IO_switch_to_get_mode
164 30 1 1 0 0 0 12 0 0 0 0 0 0
165 18 0 0 12 0 0 0 0 0 6 1 0 0
168 18 1 1 6 0 0 0 0 0 6 1 0 0
172 12 0 0 6 0 0 6 0 0 0 0 0 0
173 12 1 1 6 0 0 0 0 0 6 3 0 0
176 6 0 0 0 0 0 6 0 0 0 0 0 0
178 12 0 0 0 0 0 12 0 0 0 0 0 0
180 12 0 0 0 0 0 6 0 0 0 0 0 0
181 6 0 0 0 0 0 0 0 0 0 0 0 0
182 24 0 0 18 0 0 0 0 0 0 0 0 0
fn=_IO_un_link
53 2 1 1 0 0 0 0 0 0 0 0 0 0
54 4 0 0 2 0 0 0 0 0 2 1 0 0
82 2 0 0 1 0 0 0 0 0 0 0 0 0
fn=_IO_unsave_markers
960 3 1 1 0 0 0 1 0 0 0 0 0 0
962 2 0 0 1 0 0 0 0 0 1 1 0 0
967 3 1 1 1 0 0 0 0 0 1 1 0 0
969 2 0 0 2 0 0 0 0 0 0 0 0 0
fn=__GI__IO_un_link.part.0
52 9 2 2 1 0 0 5 0 0 0 0 0 0
58 6 0 0 0 0 0 3 0 0 0 0 0 0
59 12 1 1 4 0 0 2 0 0 2 0 0 0
60 1 0 0 0 0 0 1 0 0 0 0 0 0
61 4 1 1 1 0 0 0 0 0 1 1 0 0
63 3 2 2 1 0 0 0 0 0 1 1 0 0
65 2 0 0 0 0 0 0 0 0 1 0 0 0
66 2 1 1 1 0 0 1 0 0 0 0 0 0
74 2 0 0 0 0 0 1 0 0 0 0 0 0
76 2 0 0 0 0 0 0 0 0 1 1 0 0
77 1 0 0 0 0 0 1 0 0 0 0 0 0
78 9 1 1 3 0 0 2 0 0 3 1 0 0
79 2 0 0 0 0 0 1 0 0 0 0 0 0
82 9 0 0 7 0 0 0 0 0 1 0 0 0
fn=__underflow
173 6 0 0 6 0 0 0 0 0 0 0 0 0
269 30 1 1 0 0 0 12 0 0 0 0 0 0
270 29 1 1 6 0 0 1 0 0 11 10 0 0
275 18 0 0 6 0 0 0 0 0 6 1 0 0
278 18 0 0 6 0 0 0 0 0 6 0 0 0
280 12 0 0 0 0 0 0 0 0 6 0 0 0
286 12 0 0 6 0 0 0 0 0 6 5 0 0
291 18 1 1 6 0 0 0 0 0 6 3 0 0
293 24 1 1 12 1 0 0 0 0 0 0 6 1
294 18 0 0 12 0 0 0 0 0 0 0 0 0
fl=./libio/./libio/iofclose.c
fn=fclose@@GLIBC_2.2.5
34 5 1 1 0 0 0 3 0 0 0 0 0 0
48 3 1 1 1 0 0 0 0 0 1 1 0 0
49 1 1 1 0 0 0 1 0 0 0 0 0 0
51 3 0 0 1 0 0 0 0 0 1 1 0 0
52 2 1 1 0 0 0 0 0 0 1 0 0 0
53 3 0 0 0 0 0 1 0 0 0 0 0 0
57 4 0 0 2 0 0 1 0 0 0 0 1 1
58 3 0 0 1 0 0 0 0 0 1 0 0 0
71 2 0 0 1 0 0 0 0 0 1 1 0 0
76 5 0 0 4 0 0 0 0 0 0 0 0 0
fl=./libio/./libio/iofopen.c
fn=fopen@@GLIBC_2.2.5
37 2 0 0 1 0 0 0 0 0 1 1 0 0
65 2 1 1 0 0 0 1 0 0 0 0 0 0
67 3 0 0 0 0 0 0 0 0 1 0 0 0
70 2 0 0 0 0 0 1 1 1 0 0 0 0
72 7 1 1 0 0 0 1 0 0 0 0 0 0
73 2 0 0 0 0 0 1 0 0 0 0 0 0
74 2 0 0 0 0 0 1 0 0 0 0 0 0
75 7 0 0 0 0 0 1 0 0 1 0 0 0
85 8 1 1 0 0 0 4 0 0 0 0 0 0
87 7 1 1 5 0 0 0 0 0 0 0 0 0
fl=./libio/./libio/iogetdelim.c
fn=getdelim
41 648 2 2 0 0 0 432 0 0 0 0 0 0
46 216 0 0 0 0 0 0 0 0 55 1 0 0
52 324 0 0 54 0 0 0 0 0 54 0 0 0
53 108 0 0 0 0 0 0 0 0 54 0 0 0
59 267 1 1 160 0 0 0 0 0 107 3 0 0
61 2 0 0 1 0 0 1 0 0 0 0 0 0
62 3 0 0 0 0 0 2 0 0 0 0 0 0
63 2 0 0 0 0 0 0 0 0 1 0 0 0
70 162 0 0 108 0 0 0 0 0 0 0 0 0
71 108 1 1 0 0 0 0 0 0 54 1 0 0
73 4 1 1 0 0 0 1 0 0 1 0 0 0
78 4 0 0 2 0 0 0 0 0 0 0 0 0
85 354 1 1 59 0 0 118 0 0 0 0 0 0
87 295 1 1 59 0 0 0 0 0 0 0 0 0
88 236 0 0 0 0 0 0 0 0 59 15 0 0
95 123 0 0 0 0 0 0 0 0 0 0 0 0
96 236 0 0 118 0 0 0 0 0 59 15 0 0
100 3 0 0 0 0 0 0 0 0 0 0 0 0
102 62 0 0 59 0 0 2 0 0 0 0 0 0
103 3 1 1 1 0 0 0 0 0 1 0 0 0
108 1 0 0 0 0 0 1 0 0 0 0 0 0
109 2 0 0 1 0 0 1 0 0 0 0 0 0
111 237 0 0 1 0 0 59 0 0 0 0 0 0
112 59 0 0 59 0 0 0 0 0 0 0 0 0
114 138 0 0 0 0 0 5 0 0 64 9 0 0
116 15 0 0 10 0 0 0 0 0 0 0 0 0
118 108 1 1 54 0 0 54 0 0 0 0 0 0
124 486 1 1 378 0 0 0 0 0 0 0 0 0
fl=./libio/./libio/libioP.h
fn=_IO_doallocbuf
940 3 1 1 0 0 0 0 0 0 0 0 0 0
942 2 0 0 0 0 0 0 0 0 0 0 0 0
943 2 0 0 0 0 0 0 0 0 1 0 0 0
fn=_IO_file_close_it@@GLIBC_2.2.5
940 3 0 0 0 0 0 0 0 0 0 0 0 0
942 2 0 0 0 0 0 0 0 0 0 0 0 0
943 2 0 0 0 0 0 0 0 0 1 0 0 0
fn=_IO_file_doallocate
940 3 0 0 0 0 0 0 0 0 0 0 0 0
942 2 0 0 0 0 0 0 0 0 0 0 0 0
943 2 0 0 0 0 0 0 0 0 1 0 0 0
fn=_IO_file_underflow@@GLIBC_2.2.5
940 12 0 0 0 0 0 0 0 0 0 0 0 0
942 24 0 0 0 0 0 0 0 0 0 0 0 0
943 12 0 0 0 0 0 0 0 0 6 0 0 0
fn=__underflow
940 18 0 0 0 0 0 0 0 0 0 0 0 0
942 12 0 0 0 0 0 0 0 0 0 0 0 0
943 12 0 0 0 0 0 0 0 0 6 0 0 0
fn=fclose@@GLIBC_2.2.5
855 4 0 0 2 0 0 0 0 0 0 0 0 0
856 4 0 0 1 0 0 0 0 0 2 0 0 0
862 2 0 0 0 0 0 1 0 0 0 0 0 0
883 7 1 1 1 0 0 0 0 0 1 0 0 0
884 3 0 0 2 0 0 0 0 0 1 0 0 0
940 3 1 1 0 0 0 0 0 0 0 0 0 0
942 2 0 0 0 0 0 0 0 0 0 0 0 0
943 2 0 0 0 0 0 0 0 0 1 0 0 0
fn=getdelim
883 216 0 0 54 0 0 0 0 0 54 8 0 0
fl=./libio/./libio/strops.c
fn=_IO_str_init_static_internal
36 756 2 2 0 0 0 324 0 0 0 0 0 0
40 108 0 0 0 0 0 0 0 0 54 0 0 0
41 216 0 0 0 0 0 54 0 0 0 0 0 0
46 270 0 0 0 0 0 54 0 0 0 0 0 0
50 540 1 1 54 0 0 162 0 0 0 0 0 0
51 270 1 1 0 0 0 0 0 0 54 4 0 0
64 54 0 0 0 0 0 54 0 0 0 0 0 0
65 378 0 0 324 0 0 0 0 0 0 0 0 0
fl=./libio/./libio/vtables.c
fn=check_stdfiles_vtables
83 1 1 1 0 0 0 0 0 0 0 0 0 0
84 4 0 0 2 1 0 0 0 0 1 1 0 0
85 3 1 1 2 1 0 0 0 0 1 0 0 0
86 3 0 0 2 2 0 0 0 0 1 0 0 0
88 1 0 0 1 0 0 0 0 0 0 0 0 0
fl=./malloc/./malloc/arena.c
fn=_int_free
61 25 0 0 5 0 0 0 0 0 5 5 0 0
156 10 5 1 0 0 0 0 0 0 0 0 0 0
645 5 0 0 0 0 0 0 0 0 0 0 0 0
651 15 5 1 0 0 0 0 0 0 5 2 0 0
691 20 9 1 5 0 0 0 0 0 0 0 0 0
692 10 5 1 5 0 0 0 0 0 5 3 0 0
fn=alloc_new_heap
51 128 2 1 32 0 0 0 0 0 32 5 0 0
61 64 0 0 0 0 0 0 0 0 0 0 0 0
484 256 1 1 0 0 0 192 32 32 0 0 0 0
491 96 0 0 0 0 0 0 0 0 32 2 0 0
493 96 0 0 0 0 0 0 0 0 32 1 0 0
499 224 1 1 0 0 0 32 0 0 0 0 0 0
506 96 0 0 32 0 0 0 0 0 32 26 0 0
508 154 0 0 0 0 0 15 0 0 0 0 0 0
509 15 0 0 0 0 0 15 0 0 0 0 0 0
510 90 0 0 0 0 0 0 0 0 30 2 0 0
518 136 2 2 0 0 0 17 0 0 0 0 0 0
519 34 0 0 0 0 0 0 0 0 17 0 0 0
521 34 0 0 0 0 0 0 0 0 0 0 0 0
522 51 0 0 0 0 0 0 0 0 0 0 0 0
524 51 0 0 0 0 0 0 0 0 17 2 0 0
525 10 1 1 2 0 0 4 0 0 0 0 0 0
527 32 0 0 0 0 0 15 0 0 0 0 0 0
528 68 1 1 0 0 0 17 0 0 0 0 0 0
545 192 0 0 0 0 0 32 0 0 32 6 0 0
554 64 0 0 32 0 0 32 0 0 0 0 0 0
556 32 0 0 0 0 0 32 32 32 0 0 0 0
557 32 0 0 0 0 0 0 0 0 0 0 0 0
559 288 1 1 224 0 0 0 0 0 0 0 0 0
fn=arena_get2.part.0
565 96 1 1 32 0 0 0 0 0 32 2 0 0
576 256 0 0 64 0 0 32 0 0 0 0 0 0
725 64 0 0 0 0 0 0 0 0 32 0 0 0
744 64 2 1 32 0 0 0 0 0 0 0 0 0
746 64 0 0 0 0 0 0 0 0 32 4 0 0
755 96 2 1 0 0 0 32 0 0 0 0 0 0
757 32 0 0 0 0 0 32 0 0 0 0 0 0
759 96 0 0 32 0 0 64 32 32 0 0 0 0
762 32 0 0 0 0 0 0 0 0 0 0 0 0
763 32 32 1 0 0 0 0 0 0 0 0 0 0
764 64 0 0 0 0 0 0 0 0 32 2 0 0
765 64 0 0 0 0 0 0 0 0 0 0 0 0
766 32 2 1 0 0 0 32 0 0 0 0 0 0
767 128 0 0 0 0 0 32 0 0 0 0 0 0
769 32 0 0 0 0 0 0 0 0 0 0 0 0
770 64 0 0 64 0 0 0 0 0 0 0 0 0
771 32 0 0 0 0 0 32 0 0 0 0 0 0
772 32 0 0 0 0 0 32 0 0 0 0 0 0
774 128 0 0 32 0 0 0 0 0 32 0 0 0
777 64 2 1 32 15 0 32 0 0 0 0 0 0
782 32 0 0 0 0 0 32 0 0 0 0 0 0
784 128 0 0 64 0 0 0 0 0 64 0 0 0
786 128 0 0 32 0 0 0 0 0 32 2 0 0
788 128 2 1 64 0 0 0 0 0 64 3 0 0
800 128 0 0 32 0 0 0 0 0 32 2 0 0
924 224 0 0 0 0 0 160 32 32 0 0 0 0
934 96 2 2 32 0 0 0 0 0 32 2 0 0
936 27 0 0 9 1 1 0 0 0 9 2 0 0
938 50 1 1 41 1 0 0 0 0 9 3 0 0
940 1 0 0 0 0 0 1 0 0 0 0 0 0
942 2 0 0 0 0 0 0 0 0 1 1 0 0
943 4 1 1 0 0 0 1 0 0 0 0 0 0
951 1 0 0 1 0 0 0 0 0 0 0 0 0
959 96 0 0 0 0 0 0 0 0 32 5 0 0
961 224 1 1 64 0 0 0 0 0 64 7 0 0
971 224 1 1 192 0 0 0 0 0 0 0 0 0
fn=calloc
61 372 23 3 372 14 0 0 0 0 0 0 0 0
156 2046 0 0 0 0 0 0 0 0 0 0 0 0
162 3900 23 3 186 0 0 0 0 0 1114 19 0 0
fn=free
61 2115 0 0 2115 150 2 0 0 0 0 0 0 0
156 10575 14 3 0 0 0 0 0 0 0 0 0 0
162 4087968 0 0 2115 184 2 0 0 0 1361246 1097 0 0
fn=get_free_list
809 96 1 1 0 0 0 96 0 0 0 0 0 0
810 64 0 0 64 0 0 0 0 0 0 0 0 0
811 32 2 1 0 0 0 0 0 0 0 0 0 0
812 64 0 0 32 0 0 0 0 0 32 2 0 0
837 160 0 0 128 0 0 0 0 0 0 0 0 0
fn=malloc
61 924 0 0 924 200 0 0 0 0 0 0 0 0
156 4620 0 0 0 0 0 0 0 0 0 0 0 0
162 3014287 12 3 924 0 0 0 0 0 1182939 1407 0 0
315 1 1 1 0 0 0 1 0 0 0 0 0 0
fn=posix_memalign
61 64 32 0 64 0 0 0 0 0 0 0 0 0
156 320 0 0 0 0 0 0 0 0 0 0 0 0
162 939 0 0 64 0 0 0 0 0 275 38 0 0
fn=ptmalloc_init.part.0
313 6 1 1 1 0 0 3 0 0 0 0 0 0
318 1 0 0 0 0 0 1 0 0 0 0 0 0
343 2 2 2 1 0 0 0 0 0 1 1 0 0
347 3 0 0 1 1 0 1 1 0 0 0 0 0
352 4 0 0 0 0 0 1 0 0 0 0 0 0
353 4 1 1 0 0 0 1 0 0 0 0 0 0
354 4 0 0 0 0 0 1 0 0 0 0 0 0
355 4 0 0 0 0 0 1 0 0 0 0 0 0
356 4 1 1 0 0 0 1 0 0 0 0 0 0
357 4 0 0 0 0 0 1 0 0 0 0 0 0
358 4 0 0 0 0 0 1 0 0 0 0 0 0
360 4 1 1 0 0 0 1 0 0 0 0 0 0
361 4 0 0 0 0 0 1 0 0 0 0 0 0
362 4 0 0 0 0 0 1 0 0 0 0 0 0
365 4 0 0 0 0 0 1 0 0 0 0 0 0
366 4 1 1 0 0 0 1 0 0 0 0 0 0
367 2 0 0 1 1 1 0 0 0 1 1 0 0
430 7 0 0 5 0 0 0 0 0 1 0 0 0
fn=realloc
61 20 0 0 20 5 0 0 0 0 0 0 0 0
156 100 0 0 0 0 0 0 0 0 0 0 0 0
162 2853061 2978 11 20 5 0 0 0 0 951007 922 0 0
fn=sysmalloc
565 267 124 9 0 0 0 267 0 0 0 0 0 0
fn=tcache_init.part.0
930 64 32 1 0 0 0 32 0 0 0 0 0 0
931 160 32 1 0 0 0 32 0 0 32 0 0 0
fl=./malloc/./malloc/malloc.c
fn=_int_free
2012 4876317 1235 17 1625439 16554 306 0 0 0 1625439 2208 0 0
3181 321920 6430 18 160960 0 0 160960 0 0 0 0 0 0
3183 643840 0 0 160960 11312 53 160960 0 0 0 0 0 0
3184 160960 0 0 0 0 0 160960 0 0 0 0 0 0
3185 321920 0 0 0 0 0 160960 0 0 0 0 0 0
4421 19650389 7675 16 1786399 20025 76 12504793 13201 81 0 0 0 0
4431 5359197 0 0 1786399 6483 7 0 0 0 0 0 0 0
4437 8931995 0 0 0 0 0 0 0 0 1786399 3828 0 0
4438 3572798 0 0 0 0 0 0 0 0 1786399 294 0 0
4442 7145596 0 0 0 0 0 0 0 0 1786399 1433 0 0
4449 3572798 0 0 0 0 0 0 0 0 0 0 0 0
4450 12504793 5106 10 5359197 34732 162 0 0 0 3572798 88237 0 0
4453 1540323 0 0 0 0 0 0 0 0 0 0 0 0
4459 4620969 0 0 3080646 278949 115955 0 0 0 1540323 1301 0 0
4479 7701615 669 5 3080646 12804 43 0 0 0 1540323 52053 0 0
4482 160960 0 0 0 0 0 0 0 0 0 0 0 0
4493 3250878 3535 1 1625439 19602 314 0 0 0 1625439 140530 0 0
4504 4613132 0 0 1153283 443895 140933 0 0 0 1153283 14 0 0
4506 3459849 0 0 1153283 403 2 0 0 0 1153283 14 0 0
4527 1153283 0 0 0 0 0 1153283 122 1 0 0 0 0
4528 1153283 0 0 0 0 0 0 0 0 0 0 0 0
4529 1230994 1989 15 0 0 0 0 0 0 0 0 0 0
4532 3459849 0 0 1153283 176 0 0 0 0 0 0 0 0
4534 3459849 0 0 1153283 0 0 0 0 0 1153283 178 0 0
4538 1075572 0 0 0 0 0 0 0 0 537786 1605 0 0
4540 2151144 1 0 0 0 0 537786 0 0 0 0 0 0
4541 537786 0 0 0 0 0 537786 0 0 0 0 0 0
4548 1230994 0 0 0 0 0 0 0 0 615497 2341 0 0
4551 3692982 0 0 0 0 0 615497 0 0 0 0 0 0
4553 2461988 0 0 1230994 0 0 0 0 0 615497 14 0 0
4554 1230994 0 0 0 0 0 0 0 0 615497 2 0 0
4560 4613132 1 0 0 0 0 0 0 0 1153283 3167 0 0
4561 45100 0 0 11275 313 0 0 0 0 11275 16 0 0
4569 944312 2507 1 472156 0 0 0 0 0 472156 970 0 0
4572 472156 0 0 472156 0 0 0 0 0 0 0 0 0
4575 2239148 0 0 0 0 0 350524 1212 8 472156 26495 0 0
4576 608160 573 9 121632 9499 57 121632 81 3 121632 2 0 0
4578 472156 6745 11 0 0 0 0 0 0 0 0 0 0
4582 1416468 0 0 472156 17200 66 0 0 0 472156 45 0 0
4585 945972 0 0 472156 7179 7 0 0 0 472986 306 0 0
4587 2490 6 1 830 280 0 0 0 0 0 0 0 0
4590 1416468 0 0 472156 112943 24352 0 0 0 472156 1 0 0
4593 944312 0 0 0 0 0 0 0 0 0 0 0 0
4594 944312 0 0 0 0 0 0 0 0 472156 26 0 0
4595 944312 7468 11 472156 17798 355 0 0 0 472156 231 0 0
4601 944312 0 0 472156 0 0 0 0 0 472156 41882 0 0
4602 56841 0 0 56841 0 0 0 0 0 0 0 0 0
4603 56841 0 0 0 0 0 0 0 0 0 0 0 0
4604 56841 0 0 0 0 0 0 0 0 0 0 0 0
4605 227364 0 0 56841 9273 688 0 0 0 56841 3 0 0
4607 113682 0 0 0 0 0 56841 836 4 0 0 0 0
4610 944312 7259 8 472156 0 0 0 0 0 472156 166 0 0
4615 944220 0 0 472110 157676 37232 0 0 0 472110 86881 0 0
4616 187648 395 14 0 0 0 93824 3785 8 0 0 0 0
4617 187648 0 0 0 0 0 0 0 0 0 0 0 0
4619 378286 0 0 378286 0 0 0 0 0 0 0 0 0
4627 472110 0 0 0 0 0 0 0 0 0 0 0 0
4628 1888440 0 0 472110 0 0 0 0 0 0 0 0 0
4629 944220 0 0 472110 17235 98 0 0 0 472110 12075 0 0
4631 472110 0 0 0 0 0 472110 37957 10205 0 0 0 0
4633 944220 6952 10 0 0 0 0 0 0 472110 88500 0 0
4635 831159 13900 11 0 0 0 277053 41113 12830 0 0 0 0
4638 472110 0 0 0 0 0 472110 0 0 0 0 0 0
4639 472110 0 0 0 0 0 472110 0 0 0 0 0 0
4641 1416330 0 0 0 0 0 472110 0 0 0 0 0 0
4642 472110 0 0 0 0 0 472110 0 0 0 0 0 0
4653 46 11 4 0 0 0 0 0 0 0 0 0 0
4654 138 0 0 0 0 0 46 0 0 0 0 0 0
4655 92 0 0 0 0 0 46 0 0 0 0 0 0
4672 944312 10 0 0 0 0 0 0 0 472156 7866 0 0
4673 200253 9230 14 66751 0 0 0 0 0 66751 3295 0 0
4674 5739 156 5 0 0 0 1913 50 2 0 0 0 0
4676 200253 11365 14 0 0 0 0 0 0 66751 436 0 0
4678 333735 2866 6 200243 11489 242 0 0 0 66746 65 0 0
4680 15 4 1 5 0 0 5 0 0 0 0 0 0
4687 15 0 0 5 0 0 0 0 0 5 0 0 0
4688 10 0 0 5 5 0 5 0 0 0 0 0 0
4692 1416468 0 0 472156 74 0 0 0 0 472156 16164 0 0
4693 486528 376 4 243264 42 0 0 0 0 243264 1483 0 0
4702 19650389 3371 6 16077591 382 0 0 0 0 1786399 607 0 0
fn=_int_malloc
1343 2795020 1558 10 0 0 0 0 0 0 1397510 363 0 0
1362 6929987 687 9 0 0 0 0 0 0 1397510 35852 0 0
2005 4172779 4771 49 1391434 79 0 0 0 0 1389911 2050 0 0
3177 45928 0 0 20441 0 0 25487 0 0 0 0 0 0
3181 3762127 827 2 1280072 96 0 1280072 6197 19 0 0 0 0
3183 2608512 2293 18 46633 1758 7 1255961 0 0 0 0 0 0
3184 8050 0 0 0 0 0 8050 0 0 0 0 0 0
3185 72120 55 0 5046 0 0 33537 0 0 0 0 0 0
3186 40882 0 0 0 0 0 0 0 0 0 0 0 0
3193 22797 1747 15 15198 14 0 0 0 0 0 0 0 0
3194 15198 0 0 0 0 0 0 0 0 7599 19 0 0
3196 30396 0 0 7599 2 0 7599 0 0 0 0 0 0
3197 7599 0 0 7599 9 0 0 0 0 0 0 0 0
3198 7599 0 0 0 0 0 7599 0 0 0 0 0 0
3771 12577590 1465 10 0 0 0 8385060 42960 70 0 0 0 0
3811 2795020 2566 10 0 0 0 0 0 0 1397510 336 0 0
3838 2910146 0 0 1397510 40879 11 0 0 0 1397510 95521 0 0
3841 2401 0 0 0 0 0 0 0 0 0 0 0 0
3843 1171834 0 0 1114271 1353 34 0 0 0 0 0 0 0
3845 5564152 10432 17 0 0 0 0 0 0 1114271 3369 0 0
3847 4802 340 6 0 0 0 0 0 0 2401 0 0 0
3850 7203 0 0 2401 0 0 0 0 0 2401 16 0 0
3851 7091 0 0 2401 779 14 938 0 0 0 0 0 0
3853 3194598 760 17 4389 0 0 0 0 0 5387 504 0 0
3856 4802 0 0 2401 186 0 0 0 0 0 0 0 0
3857 4802 396 13 0 0 0 0 0 0 2401 22 0 0
3863 4802 0 0 0 0 0 0 0 0 0 0 0 0
3864 14406 0 0 7203 0 0 0 0 0 4802 9 0 0
3869 7447 0 0 2401 0 0 0 0 0 0 0 0 0
3870 32580 980 24 12945 0 0 0 0 0 12945 1566 0 0
3872 10092 0 0 0 0 0 0 0 0 5046 17 0 0
3874 19885 40 3 5046 0 0 0 0 0 5046 141 0 0
3875 6541 0 0 5046 4102 95 299 0 0 0 0 0 0
3878 84630 128 4 14241 0 0 0 0 0 18784 893 0 0
3901 566478 0 0 0 0 0 0 0 0 283239 70720 0 0
3903 1218168 0 0 0 0 0 1218168 37199 126 0 0 0 0
3904 2977990 5999 24 0 0 0 0 0 0 0 0 0 0
3906 3788160 0 0 1262720 93084 136 0 0 0 1262720 25606 0 0
3908 44552 0 0 44552 31361 80 0 0 0 0 0 0 0
3909 89104 0 0 44552 25458 441 0 0 0 44552 1505 0 0
3911 44552 0 0 44552 35445 541 0 0 0 0 0 0 0
3912 44552 0 0 0 0 0 44552 0 0 0 0 0 0
3913 44552 0 0 0 0 0 44552 0 0 0 0 0 0
3915 133656 1971 13 0 0 0 0 0 0 44552 409 0 0
3916 8 0 0 8 0 0 0 0 0 0 0 0 0
3921 89104 0 0 0 0 0 0 0 0 0 0 0 0
3922 267312 0 0 133656 74 0 0 0 0 89104 10 0 0
3927 284083 0 0 89104 12072 10 0 0 0 20441 3006 0 0
3928 124312 0 0 0 0 0 0 0 0 62156 4269 0 0
3932 20441 0 0 20441 0 0 0 0 0 0 0 0 0
3933 20441 0 0 20441 12252 877 0 0 0 0 0 0 0
3934 40882 0 0 0 0 0 0 0 0 20441 153 0 0
3935 2 0 0 2 1 0 0 0 0 0 0 0 0
3936 20441 0 0 0 0 0 20441 0 0 0 0 0 0
3937 20441 0 0 0 0 0 20441 14333 782 0 0 0 0
3944 44552 0 0 0 0 0 0 0 0 0 0 0 0
3963 4617706 19134 22 0 0 0 1437605 65581 759 241325 69599 0 0
3964 397167 614 6 132389 269 0 0 0 0 132389 9355 0 0
3965 82790 4766 2 0 0 0 8409 426 1 0 0 0 0
3982 6752686 0 0 1350524 22877 2 2701081 20407 417 0 0 0 0
3983 4051671 217 2 0 0 0 0 0 0 0 0 0 0
3984 4051671 0 0 2701114 288 0 0 0 0 1350557 1847 0 0
3988 1350557 0 0 0 0 0 1350557 0 0 0 0 0 0
3993 1201983 0 0 0 0 0 0 0 0 0 0 0 0
3994 6809983 598 15 1811484 13483 10 0 0 0 1819534 127159 0 0
3996 1391660 0 0 1391660 10659 40 0 0 0 0 0 0 0
3997 5566640 0 0 1391660 56284 209 0 0 0 0 0 0 0
3998 1391660 0 0 0 0 0 0 0 0 0 0 0 0
4000 2783320 479 10 0 0 0 0 0 0 1391660 70 0 0
4001 4174980 0 0 1391660 14107 9 0 0 0 1391660 10 0 0
4003 1391660 0 0 1391660 107289 309 0 0 0 0 0 0 0
4004 5566640 0 0 0 0 0 0 0 0 1391660 535 0 0
4006 5566640 0 0 1391660 0 0 0 0 0 1391660 181 0 0
4008 2783320 518 14 1391660 50477 114 0 0 0 1391660 718 0 0
4009 2783320 0 0 1391660 0 0 0 0 0 1391660 410 0 0
4011 2783320 0 0 0 0 0 0 0 0 1391660 141 0 0
4022 5566640 0 0 0 0 0 0 0 0 1391660 83865 0 0
4023 2148272 468 9 1074136 0 0 0 0 0 1074136 104028 0 0
4024 1926854 0 0 963427 0 0 0 0 0 963427 33579 0 0
4025 2403966 0 0 0 0 0 1201983 0 0 0 0 0 0
4028 1842332 0 0 921166 0 0 0 0 0 0 0 0 0
4029 921166 0 0 0 0 0 0 0 0 0 0 0 0
4030 921166 0 0 0 0 0 921166 0 0 0 0 0 0
4031 2763498 0 0 0 0 0 921166 0 0 0 0 0 0
4032 921166 0 0 0 0 0 921166 401381 111989 0 0 0 0
4033 1842332 0 0 0 0 0 0 0 0 921166 37052 0 0
4035 1513344 21 5 0 0 0 756672 184821 56398 0 0 0 0
4039 7369328 281 9 0 0 0 921166 0 0 0 0 0 0
4041 2763498 0 0 0 0 0 921166 29067 6163 0 0 0 0
4042 921166 0 0 0 0 0 921166 0 0 0 0 0 0
4045 930739 0 0 0 0 0 0 0 0 0 0 0 0
4053 470494 0 0 0 0 0 470494 0 0 0 0 0 0
4054 470494 0 0 0 0 0 470494 0 0 0 0 0 0
4058 940988 0 0 0 0 0 0 0 0 470494 9939 0 0
4060 19146 3292 14 0 0 0 9573 0 0 0 0 0 0
4061 5430947 1122 13 0 0 0 2701114 78 0 9573 615 0 0
4062 28 0 0 28 0 0 0 0 0 0 0 0 0
4066 19146 0 0 9573 0 0 0 0 0 9573 434 0 0
4067 3641621 511 11 2421802 43 1 1201983 0 0 8918 2160 0 0
4071 16100 1132 8 0 0 0 0 0 0 0 0 0 0
4087 921842 4775 13 0 0 0 0 0 0 460921 101261 0 0
4089 426192 0 0 0 0 0 0 0 0 0 0 0 0
4090 852384 0 0 0 0 0 0 0 0 0 0 0 0
4091 213096 0 0 213096 49513 307 0 0 0 0 0 0 0
4095 3389092 12895 21 0 0 0 0 0 0 629860 122987 0 0
4096 991300 3317 10 0 0 0 0 0 0 0 0 0 0
4097 247825 0 0 247825 102171 834 0 0 0 0 0 0 0
4100 495650 0 0 0 0 0 0 0 0 247825 34380 0 0
4103 170920 1515 12 0 0 0 85460 85 0 0 0 0 0
4105 341840 0 0 170920 57768 736 0 0 0 85460 190 0 0
4106 170920 0 0 85460 0 0 0 0 0 85460 13431 0 0
4112 141384 0 0 0 0 0 35346 4599 17 0 0 0 0
4113 35346 0 0 35346 20760 95 0 0 0 0 0 0 0
4114 106038 1 0 0 0 0 70692 9841 41 0 0 0 0
4118 250570 890 17 100228 29921 527 0 0 0 50114 119 0 0
4119 359824 0 0 0 0 0 0 0 0 179912 35907 0 0
4121 129798 0 0 129798 55816 702 0 0 0 0 0 0 0
4122 389394 0 0 129798 110654 1371 0 0 0 129798 590 0 0
4125 50114 0 0 0 0 0 0 0 0 50114 8203 0 0
4128 72226 110 3 36113 7059 110 0 0 0 0 0 0 0
4131 42003 0 0 14001 4486 105 14001 1138 27 0 0 0 0
4133 42003 107 1 28002 664 59 0 0 0 14001 18 0 0
4135 14001 0 0 0 0 0 14001 0 0 0 0 0 0
4136 42003 0 0 14001 0 0 14001 0 0 0 0 0 0
4138 50114 0 0 50114 21775 600 0 0 0 0 0 0 0
4139 100228 0 0 50114 358 37 0 0 0 50114 875 0 0
4144 487095 986 11 0 0 0 162365 6027 11 0 0 0 0
4147 2765526 5345 14 460921 52065 223 0 0 0 0 0 0 0
4149 1843684 0 0 0 0 0 460921 9 0 0 0 0 0
4150 460921 0 0 0 0 0 460921 52675 289 0 0 0 0
4151 460921 0 0 0 0 0 460921 670 11 0 0 0 0
4156 921842 0 0 921842 3 0 0 0 0 0 0 0 0
4157 921842 0 0 0 0 0 0 0 0 460921 9045 0 0
4158 3605949 0 0 1201983 0 0 1201983 0 0 0 0 0 0
4159 15944 0 0 3986 0 0 0 0 0 7972 405 0 0
4166 1382763 102 10 0 0 0 0 0 0 460921 161 0 0
4174 7599 0 0 0 0 0 0 0 0 0 0 0 0
4183 840550 7 1 0 0 0 0 0 0 420275 23986 0 0
4185 526612 134 5 131653 17 0 0 0 0 0 0 0 0
4188 394959 0 0 131653 85925 276 0 0 0 131653 35211 0 0
4189 140310 0 0 70155 52014 273 0 0 0 70155 19530 0 0
4192 104074 486 14 104074 20064 70 0 0 0 0 0 0 0
4193 392627 0 0 68118 33314 694 0 0 0 68118 7724 0 0
4195 16081 0 0 16081 6074 392 0 0 0 0 0 0 0
4199 104074 0 0 52037 0 0 0 0 0 52037 18521 0 0
4200 50082 0 0 25041 18650 85 0 0 0 0 0 0 0
4201 25041 0 0 25041 3604 15 0 0 0 0 0 0 0
4204 104074 0 0 0 0 0 0 0 0 0 0 0 0
4205 156111 658 11 0 0 0 104074 664 8 0 0 0 0
4208 156111 0 0 52037 0 0 0 0 0 52037 10374 0 0
4210 36145 0 0 36145 0 0 0 0 0 0 0 0 0
4211 108435 571 14 0 0 0 0 0 0 36145 279 0 0
4217 15892 0 0 0 0 0 0 0 0 0 0 0 0
4221 63568 0 0 15892 0 0 0 0 0 0 0 0 0
4222 31784 0 0 15892 0 0 0 0 0 15892 1919 0 0
4225 15892 0 0 0 0 0 15892 13451 909 0 0 0 0
4226 15892 0 0 0 0 0 15892 0 0 0 0 0 0
4227 15892 0 0 0 0 0 15892 0 0 0 0 0 0
4228 31784 316 8 0 0 0 0 0 0 15892 5738 0 0
4230 12772 0 0 0 0 0 6386 880 128 0 0 0 0
4233 127136 0 0 0 0 0 15892 0 0 0 0 0 0
4235 47676 0 0 0 0 0 15892 1410 227 0 0 0 0
4236 15892 0 0 0 0 0 15892 0 0 0 0 0 0
4239 52037 0 0 0 0 0 0 0 0 0 0 0 0
4256 736476 403 6 368238 1 0 0 0 0 0 0 0 0
4257 736476 0 0 0 0 0 0 0 0 0 0 0 0
4258 736476 0 0 0 0 0 0 0 0 0 0 0 0
4259 736476 0 0 368238 652 3 0 0 0 0 0 0 0
4260 1104714 0 0 0 0 0 0 0 0 0 0 0 0
4265 1487774 373 7 0 0 0 0 0 0 691674 51015 0 0
4269 1704421 4012 11 0 0 0 0 0 0 622845 5527 0 0
4272 2468159 8541 16 613112 0 0 0 0 0 613112 45566 0 0
4274 517604 0 0 0 0 0 0 0 0 0 0 0 0
4275 258802 0 0 0 0 0 0 0 0 0 0 0 0
4279 6871226 0 0 0 0 0 0 0 0 3435613 344823 0 0
4281 3087202 0 0 0 0 0 0 0 0 0 0 0 0
4283 6174404 0 0 0 0 0 0 0 0 3087202 333 0 0
4287 348411 0 0 348411 71409 219 0 0 0 0 0 0 0
4290 696822 0 0 0 0 0 0 0 0 348411 85407 0 0
4292 517980 3203 9 0 0 0 103596 0 0 0 0 0 0
4293 103596 0 0 0 0 0 0 0 0 0 0 0 0
4294 103596 0 0 0 0 0 0 0 0 0 0 0 0
4299 734445 5274 11 489630 76678 1461 0 0 0 0 0 0 0
4302 489630 0 0 0 0 0 0 0 0 244815 445 0 0
4304 489630 0 0 0 0 0 0 0 0 0 0 0 0
4307 979260 0 0 0 0 0 734445 11403 25 0 0 0 0
4310 979260 0 0 489630 0 0 0 0 0 244815 17961 0 0
4312 18834 0 0 18834 0 0 0 0 0 0 0 0 0
4313 56502 568 7 0 0 0 0 0 0 18834 41 0 0
4320 225981 0 0 0 0 0 0 0 0 0 0 0 0
4325 903924 385 11 225981 0 0 0 0 0 0 0 0 0
4326 451962 0 0 225981 0 0 0 0 0 225981 803 0 0
4329 225981 0 0 0 0 0 225981 177386 49620 0 0 0 0
4330 225981 0 0 0 0 0 225981 0 0 0 0 0 0
4331 225981 0 0 0 0 0 225981 0 0 0 0 0 0
4334 451962 0 0 0 0 0 0 0 0 225981 27596 0 0
4335 151227 0 0 0 0 0 151227 0 0 0 0 0 0
4336 451962 0 0 0 0 0 0 0 0 225981 27913 0 0
4338 273290 644 4 0 0 0 136645 33071 12417 0 0 0 0
4341 1807848 247 6 0 0 0 225981 0 0 0 0 0 0
4343 677943 0 0 0 0 0 225981 42253 10422 0 0 0 0
4344 225981 0 0 0 0 0 225981 0 0 0 0 0 0
4347 244815 0 0 0 0 0 0 0 0 0 0 0 0
4369 123423 15 1 123423 0 0 0 0 0 0 0 0 0
4370 246846 0 0 123423 1102 12 0 0 0 0 0 0 0
4372 246846 0 0 123423 136 0 0 0 0 123423 38 0 0
4375 370913 48 9 0 0 0 644 0 0 123423 1178 0 0
4377 123101 0 0 0 0 0 0 0 0 0 0 0 0
4378 246202 164 13 123101 0 0 0 0 0 0 0 0 0
4379 123101 0 0 0 0 0 123101 0 0 0 0 0 0
4380 984808 176 2 0 0 0 123101 0 0 0 0 0 0
4382 246202 0 0 0 0 0 123101 80911 62261 0 0 0 0
4385 123101 0 0 0 0 0 0 0 0 0 0 0 0
4392 966 0 0 322 0 0 0 0 0 322 34 0 0
4394 12 0 0 0 0 0 6 2 0 0 0 0 0
4396 24 0 0 12 0 0 0 0 0 6 2 0 0
4397 2679906 0 0 6 0 0 6 0 0 0 0 0 0
4399 18272520 12997 32 0 0 0 10963512 20572 48 0 0 0 0
4407 1580 136 11 316 0 0 316 54 2 0 0 0 0
4408 632 0 0 0 0 0 0 0 0 316 77 0 0
4413 12577590 452 14 9782570 124 0 0 0 0 0 0 0 0
fn=_int_memalign
1343 550 0 0 0 0 0 0 0 0 275 6 0 0
1362 2200 192 7 0 0 0 0 0 0 0 0 0 0
4941 1925 192 7 0 0 0 1650 140 3 0 0 0 0
4968 825 0 0 0 0 0 275 0 0 0 0 0 0
4970 550 0 0 0 0 0 0 0 0 275 8 0 0
4973 275 0 0 0 0 0 0 0 0 0 0 0 0
4975 1100 0 0 0 0 0 0 0 0 275 124 0 0
4984 1295 0 0 0 0 0 0 0 0 0 0 0 0
4986 1036 184 7 0 0 0 0 0 0 259 40 0 0
4987 66 66 2 0 0 0 0 0 0 0 0 0 0
4990 198 0 0 0 0 0 0 0 0 0 0 0 0
4991 1036 0 0 259 0 0 0 0 0 0 0 0 0
4994 518 0 0 0 0 0 0 0 0 259 6 0 0
5002 2331 186 7 0 0 0 259 128 36 0 0 0 0
5004 259 0 0 259 0 0 0 0 0 0 0 0 0
5005 1295 0 0 259 0 0 259 0 0 0 0 0 0
5006 777 0 0 0 0 0 259 0 0 0 0 0 0
5009 2331 186 7 0 0 0 0 0 0 518 59 0 0
5014 825 11 0 275 0 0 0 0 0 275 2 0 0
5016 275 0 0 0 0 0 0 0 0 0 0 0 0
5017 825 0 0 0 0 0 0 0 0 275 136 0 0
5019 210 0 0 0 0 0 0 0 0 0 0 0 0
5020 210 0 0 0 0 0 0 0 0 0 0 0 0
5021 1680 127 6 0 0 0 210 179 74 0 0 0 0
5023 840 0 0 210 0 0 210 0 0 0 0 0 0
5024 840 0 0 0 0 0 210 0 0 0 0 0 0
5030 2475 65 1 1925 68 0 0 0 0 0 0 0 0
fn=_int_realloc
4818 3328647 1971 6 0 0 0 2853126 17427 6 0 0 0 0
4829 1902084 6428 11 475521 0 0 0 0 0 475521 1414 0 0
4830 2377605 0 0 475521 25201 5 0 0 0 475521 2 0 0
4836 951042 0 0 0 0 0 0 0 0 475521 199 0 0
4838 951042 0 0 0 0 0 0 0 0 0 0 0 0
4839 1426563 0 0 475521 34708 539 0 0 0 0 0 0 0
4841 1902084 8119 11 0 0 0 0 0 0 475521 1 0 0
4844 951042 0 0 0 0 0 0 0 0 475521 129177 0 0
4854 789918 9557 9 377531 27300 5 0 0 0 394959 7834 0 0
4855 17428 45 5 0 0 0 0 0 0 0 0 0 0
4856 17428 0 0 0 0 0 0 0 0 0 0 0 0
4858 1626555 0 0 0 0 0 17403 0 0 0 0 0 0
4859 34806 452 1 0 0 0 17403 0 0 0 0 0 0
4860 52209 0 0 0 0 0 17403 15192 11549 0 0 0 0
4862 34806 0 0 0 0 0 0 0 0 0 0 0 0
4866 720206 0 0 360103 123067 4414 0 0 0 0 0 0 0
4867 720206 0 0 0 0 0 0 0 0 360103 60416 0 0
4868 360103 3312 10 0 0 0 0 0 0 0 0 0 0
4872 881958 0 0 146993 0 0 146993 896 99 0 0 0 0
4878 852540 4270 11 0 0 0 213135 1555 253 0 0 0 0
4879 426270 0 0 0 0 0 0 0 0 213135 506 0 0
4882 213135 0 0 0 0 0 0 0 0 0 0 0 0
4883 213140 3 1 213135 6049 88 0 0 0 0 0 0 0
4888 426270 0 0 0 0 0 0 0 0 213135 1034 0 0
4890 5 0 0 0 0 0 0 0 0 0 0 0 0
4895 213130 0 0 0 0 0 0 0 0 0 0 0 0
4896 1491910 520 8 213130 202 0 0 0 0 0 0 0 0
4899 426260 0 0 0 0 0 213130 0 0 0 0 0 0
4900 852520 0 0 0 0 0 213130 0 0 0 0 0 0
4902 213130 0 0 0 0 0 0 0 0 0 0 0 0
4909 25 0 0 5 0 0 0 0 0 5 0 0 0
4911 489976 0 0 0 0 0 0 0 0 0 0 0 0
4913 489976 428 1 0 0 0 0 0 0 244988 32432 0 0
4915 312230 0 0 0 0 0 33621 0 0 0 0 0 0
4916 33621 0 0 33621 0 0 0 0 0 0 0 0 0
4920 211367 0 0 0 0 0 0 0 0 0 0 0 0
4923 422734 0 0 0 0 0 211367 0 0 0 0 0 0
4924 634101 1526 2 0 0 0 211367 80410 19295 0 0 0 0
4927 211367 135 1 211367 0 0 0 0 0 0 0 0 0
4928 845468 0 0 0 0 0 211367 1 0 0 0 0 0
4932 244988 0 0 0 0 0 0 0 0 0 0 0 0
4933 4279689 0 0 3328647 7392 10 0 0 0 0 0 0 0
fn=alloc_new_heap
2028 128 0 0 32 0 0 0 0 0 32 0 0 0
fn=arena_get2.part.0
1966 12256 0 0 0 0 0 0 0 0 4064 68 0 0
1969 12192 0 0 0 0 0 4064 1056 1056 0 0 0 0
1973 96 0 0 0 0 0 0 0 0 32 0 0 0
1975 32 0 0 32 0 0 0 0 0 0 0 0 0
1978 32 0 0 0 0 0 32 0 0 0 0 0 0
fn=calloc
3624 6684 295 11 0 0 0 4456 55 0 0 0 0 0
3634 10026 299 10 0 0 0 0 0 0 1114 13 0 0
3642 2228 0 0 1114 0 0 0 0 0 1114 17 0 0
3645 3342 0 0 2228 0 0 0 0 0 1114 6 0 0
3647 3342 0 0 1114 123 0 0 0 0 1114 12 0 0
3650 8888 295 9 3333 37 0 0 0 0 2222 6 0 0
3657 1114 2 2 1114 242 2 0 0 0 0 0 0 0
3658 2231 2 2 1114 404 0 0 0 0 0 0 0 0
3665 3336 0 0 0 0 0 0 0 0 1111 116 0 0
3668 744 0 0 186 0 0 0 0 0 0 0 0 0
3679 3342 296 10 0 0 0 1114 48 33 0 0 0 0
3681 7984 296 10 1114 56 0 0 0 0 3342 42 0 0
3684 3342 0 0 1114 0 0 0 0 0 1114 50 0 0
3686 2222 0 0 0 0 0 0 0 0 1111 48 0 0
3693 2222 295 10 0 0 0 0 0 0 1111 3 0 0
3694 4444 331 9 2222 0 0 0 0 0 2222 45 0 0
3698 2228 320 10 0 0 0 0 0 0 1114 37 0 0
3701 4456 305 10 0 0 0 0 0 0 0 0 0 0
3709 2228 0 0 1114 0 0 0 0 0 0 0 0 0
3712 2228 0 0 0 0 0 0 0 0 1114 180 0 0
3714 1114 0 0 1114 0 0 0 0 0 0 0 0 0
3721 4456 0 0 0 0 0 0 0 0 1114 0 0 0
3732 1114 0 0 0 0 0 0 0 0 0 0 0 0
3734 2228 0 0 0 0 0 0 0 0 1114 0 0 0
3736 2228 0 0 0 0 0 0 0 0 1114 57 0 0
3737 3042 0 0 0 0 0 0 0 0 0 0 0 0
3741 200 0 0 0 0 0 100 0 0 0 0 0 0
3743 100 0 0 0 0 0 100 0 0 0 0 0 0
3744 200 0 0 0 0 0 0 0 0 100 0 0 0
3746 100 0 0 0 0 0 100 0 0 0 0 0 0
3748 200 1 1 0 0 0 0 0 0 100 6 0 0
3762 5670 211 11 4556 0 0 0 0 0 0 0 0 0
fn=free
3352 5445172 219 9 0 0 0 2722586 1423 1 0 0 0 0
3356 2722586 0 0 0 0 0 0 0 0 1361293 2617 0 0
3364 2722586 0 0 2722586 31143 320 0 0 0 0 0 0 0
3366 1361293 0 0 0 0 0 0 0 0 0 0 0 0
3368 4083879 229 8 1361293 472223 76639 0 0 0 1361293 141 0 0
3372 141 0 0 47 24 7 0 0 0 47 16 0 0
3374 188 0 0 47 11 6 0 0 0 47 18 0 0
3376 44 0 0 0 0 0 22 0 0 0 0 0 0
3377 44 8 5 0 0 0 22 0 0 0 0 0 0
3378 22 0 0 0 0 0 0 0 0 0 0 0 0
3381 94 2 2 0 0 0 47 5 4 0 0 0 0
3385 4083738 0 0 2722492 20845 277 0 0 0 1361246 6408 0 0
3391 2722492 663 11 0 0 0 1361246 766 18 0 0 0 0
3394 1361293 0 0 0 0 0 1361293 166 0 0 0 0 0
3395 5445172 0 0 4083879 108 0 0 0 0 0 0 0 0
fn=malloc
1343 2738506 3648 7 0 0 0 0 0 0 1369253 6874 0 0
1362 6783751 23 8 0 0 0 0 0 0 1369253 37134 0 0
3193 372600 0 0 186300 24193 95 0 0 0 0 0 0 0
3194 372600 0 0 0 0 0 0 0 0 186300 13 0 0
3196 745200 0 0 186300 62541 795 186300 0 0 0 0 0 0
3197 372600 0 0 0 0 0 186300 0 0 0 0 0 0
3198 186300 0 0 0 0 0 186300 0 0 0 0 0 0
3241 132 0 0 66 0 0 33 0 0 33 0 0 0
3287 8215518 178 7 0 0 0 4107759 5058 17 0 0 0 0
3294 2738506 0 0 1369253 16866 11 0 0 0 1369253 2274 0 0
3304 3920217 12 9 0 0 0 0 0 0 0 0 0 0
3306 5477012 0 0 2738506 34857 53 0 0 0 1369253 307 0 0
3309 2738506 0 0 1369253 17767 10 0 0 0 1369253 19553 0 0
3310 132 0 0 33 0 0 0 0 0 33 0 0 0
3311 4051332 13 4 1350444 31509 30 0 0 0 1350444 145647 0 0
3319 3548859 3138 12 1182953 13902 10 0 0 0 1182953 50 0 0
3321 2145512 2 1 0 0 0 536378 1282 6 0 0 0 0
3322 2681890 0 0 536378 49 0 0 0 0 536378 4670 0 0
3327 5172600 0 0 1939725 13557 12 0 0 0 1293150 4 0 0
3329 1939725 0 0 0 0 0 646575 6802 8 0 0 0 0
3332 1293150 2655 9 0 0 0 0 0 0 646575 1738 0 0
3340 2586300 0 0 1293150 42 0 0 0 0 1293150 881 0 0
3344 4526921 0 0 646575 572 10 0 0 0 1939711 7395 0 0
3347 6846265 992 7 5477012 26 0 0 0 0 0 0 0 0
fn=malloc_consolidate
4715 82624 3306 13 0 0 0 61968 4966 22 0 0 0 0
4730 10328 0 0 0 0 0 10328 0 0 0 0 0 0
4732 20656 0 0 0 0 0 10328 5496 32 0 0 0 0
4743 10328 2865 15 0 0 0 0 0 0 0 0 0 0
4745 206560 0 0 206560 340 1 0 0 0 103280 797 0 0
4746 206560 0 0 0 0 0 0 0 0 103280 12774 0 0
4749 2290594 5138 19 0 0 0 0 0 0 1145297 160 0 0
4753 3435891 0 0 1145297 785129 23 0 0 0 0 0 0 0
4754 4581188 0 0 0 0 0 0 0 0 1145297 22 0 0
4759 5726485 4855 17 1145297 138166 11 0 0 0 0 0 0 0
4762 2290594 0 0 0 0 0 0 0 0 0 0 0 0
4763 1145297 0 0 0 0 0 0 0 0 0 0 0 0
4764 3435891 0 0 1145297 260893 16 0 0 0 0 0 0 0
4766 2290594 0 0 0 0 0 0 0 0 1145297 101896 0 0
4767 424658 0 0 424658 0 0 0 0 0 0 0 0 0
4768 424658 0 0 0 0 0 0 0 0 0 0 0 0
4769 424658 0 0 0 0 0 0 0 0 0 0 0 0
4770 1698632 0 0 424658 193260 180 0 0 0 424658 53 0 0
4772 4246580 90 1 1698632 0 0 2123290 71 2 0 0 0 0
4775 2290594 3895 13 1145297 8 0 0 0 0 1145297 2265 0 0
4778 2289388 5477 27 1144694 428872 25319 0 0 0 1144694 119287 0 0
4779 761986 2088 12 0 0 0 0 0 0 0 0 0 0
4780 5333902 0 0 1523972 0 0 2285958 60 1 0 0 0 0
4782 765416 0 0 0 0 0 382708 0 0 0 0 0 0
4784 1144694 0 0 1144694 0 0 0 0 0 0 0 0 0
4785 2289388 0 0 0 0 0 1144694 0 0 0 0 0 0
4786 2289388 0 0 1144694 0 0 1144694 300 0 0 0 0 0
4788 2289388 0 0 0 0 0 0 0 0 1144694 49918 0 0
4789 788424 0 0 0 0 0 394212 16737 4277 0 0 0 0
4793 3434082 0 0 0 0 0 1144694 0 0 0 0 0 0
4795 1144694 0 0 0 0 0 1144694 0 0 0 0 0 0
4796 1906680 0 0 0 0 0 1144694 0 0 0 0 0 0
4800 603 0 0 0 0 0 0 0 0 0 0 0 0
4801 1206 581 0 0 0 0 603 0 0 0 0 0 0
4802 1206 0 0 0 0 0 603 0 0 0 0 0 0
4805 3422851 0 0 0 0 0 0 0 0 1145297 6051 0 0
4808 309840 0 0 103280 0 0 0 0 0 103280 12808 0 0
4809 82624 0 0 72296 237 0 0 0 0 0 0 0 0
fn=munmap_chunk
3044 47 10 7 0 0 0 0 0 0 0 0 0 0
3045 94 0 0 94 43 17 0 0 0 0 0 0 0
3046 141 0 0 47 0 0 0 0 0 0 0 0 0
3048 94 0 0 0 0 0 0 0 0 47 7 0 0
3050 47 0 0 0 0 0 0 0 0 0 0 0 0
3051 94 0 0 47 0 0 0 0 0 0 0 0 0
3052 94 10 7 47 0 0 0 0 0 0 0 0 0
3058 188 0 0 0 0 0 0 0 0 0 0 0 0
3059 235 0 0 0 0 0 0 0 0 47 6 0 0
3062 47 0 0 94 0 0 0 0 0 47 8 0 0
3063 141 0 0 94 0 0 0 0 0 47 13 0 0
3068 94 9 6 0 0 0 0 0 0 0 0 0 0
3069 47 0 0 0 0 0 0 0 0 0 0 0 0
fn=posix_memalign
3535 550 0 0 0 0 0 0 0 0 275 17 0 0
3539 550 0 0 0 0 0 0 0 0 275 216 0 0
3544 825 192 8 0 0 0 0 0 0 275 125 0 0
3552 825 0 0 0 0 0 0 0 0 275 11 0 0
3560 825 192 8 275 11 0 0 0 0 275 82 0 0
3562 84 14 2 0 0 0 14 0 0 0 0 0 0
3563 70 0 0 14 0 0 0 0 0 14 2 0 0
3568 2088 0 0 783 33 0 0 0 0 522 25 0 0
3570 1305 178 7 0 0 0 261 0 0 0 0 0 0
3571 522 0 0 0 0 0 0 0 0 261 52 0 0
3579 1594 191 8 522 0 0 0 0 0 522 19 0 0
3581 1891 179 7 261 0 0 0 0 0 783 224 0 0
5675 2475 197 8 0 0 0 1375 0 0 0 0 0 0
5678 550 194 8 275 11 0 0 0 0 275 34 0 0
5683 550 0 0 0 0 0 0 0 0 0 0 0 0
5684 1100 0 0 0 0 0 0 0 0 0 0 0 0
5685 1100 0 0 0 0 0 0 0 0 275 13 0 0
5694 275 192 8 0 0 0 275 44 0 0 0 0 0
5695 275 0 0 0 0 0 0 0 0 0 0 0 0
5699 1650 0 0 1650 0 0 0 0 0 0 0 0 0
fn=ptmalloc_init.part.0
1966 385 1 1 0 0 0 0 0 0 127 8 0 0
1969 381 0 0 0 0 0 127 33 32 0 0 0 0
1977 1 0 0 0 0 0 1 1 1 0 0 0 0
1978 1 0 0 0 0 0 1 1 1 0 0 0 0
1980 1 0 0 0 0 0 1 0 0 0 0 0 0
3162 7 1 1 0 0 0 1 0 0 1 1 0 0
fn=realloc
1343 951092 0 0 0 0 0 0 0 0 475546 2 0 0
1362 2853276 0 0 0 0 0 0 0 0 0 0 0 0
2028 150 10 8 75 24 10 0 0 0 25 2 0 0
3076 50 0 0 50 48 18 0 0 0 0 0 0 0
3077 25 0 0 25 0 0 0 0 0 0 0 0 0
3078 25 0 0 0 0 0 0 0 0 0 0 0 0
3083 50 0 0 0 0 0 0 0 0 0 0 0 0
3085 25 0 0 0 0 0 0 0 0 0 0 0 0
3086 100 10 8 0 0 0 0 0 0 0 0 0 0
3087 150 0 0 0 0 0 0 0 0 25 2 0 0
3091 200 0 0 0 0 0 75 5 0 0 0 0 0
3094 50 0 0 0 0 0 0 0 0 25 0 0 0
3097 175 11 9 0 0 0 50 2 0 0 0 0 0
3100 50 0 0 0 0 0 0 0 0 25 7 0 0
3105 25 0 0 0 0 0 0 0 0 0 0 0 0
3107 75 0 0 0 0 0 0 0 0 25 0 0 0
3109 50 0 0 25 20 18 0 0 0 25 0 0 0
3110 100 0 0 0 0 0 25 0 0 0 0 0 0
3113 100 0 0 50 0 0 0 0 0 25 0 0 0
3115 115 10 8 45 0 0 0 0 0 45 12 0 0
3400 4756130 4306 12 0 0 0 2853678 1147 35 0 0 0 0
3406 951226 0 0 475613 21587 5 0 0 0 475613 1343 0 0
3410 951226 0 0 0 0 0 0 0 0 475613 896 0 0
3417 951226 509 10 0 0 0 0 0 0 475613 19 0 0
3418 134 0 0 0 0 0 0 0 0 0 0 0 0
3426 475546 0 0 0 0 0 0 0 0 0 0 0 0
3428 1426638 0 0 475546 56113 1835 0 0 0 0 0 0 0
3430 951092 0 0 0 0 0 0 0 0 475546 26 0 0
3431 475546 0 0 0 0 0 0 0 0 0 0 0 0
3434 1426563 0 0 951042 52771 7 0 0 0 475521 15 0 0
3442 1902184 0 0 0 0 0 0 0 0 0 0 0 0
3443 951092 2966 12 0 0 0 0 0 0 475546 3 0 0
3452 951092 0 0 0 0 0 0 0 0 475546 9 0 0
3466 50 0 0 0 0 0 0 0 0 0 0 0 0
3483 1426563 0 0 475521 31653 4 0 0 0 475521 5 0 0
3485 915366 163 7 0 0 0 152561 198 4 0 0 0 0
3486 1067879 53 3 152561 163 0 0 0 0 457659 1469 0 0
3492 1291840 4706 11 322960 26796 3 0 0 0 322960 23 0 0
3494 1937760 0 0 0 0 0 322960 936 3 0 0 0 0
3496 1291840 0 0 645920 5 0 0 0 0 645920 6856 0 0
3497 2260708 12500 15 322960 1756 7 0 0 0 968869 180 0 0
3515 4280383 5144 9 3329224 8577 315 0 0 0 0 0 0 0
fn=sysmalloc
2028 200 0 0 50 0 0 0 0 0 50 8 0 0
2548 2844 146 14 0 0 0 1896 164 17 0 0 0 0
2568 1264 0 0 948 624 67 316 53 5 0 0 0 0
2579 632 128 12 0 0 0 0 0 0 316 4 0 0
2580 899 0 0 316 269 13 267 99 5 316 55 0 0
2581 147 4 4 98 48 19 0 0 0 49 3 0 0
2585 245 0 0 49 0 0 0 0 0 49 0 0 0
2594 196 4 4 0 0 0 49 33 17 0 0 0 0
2595 98 0 0 0 0 0 0 0 0 49 1 0 0
2606 267 0 0 267 0 0 0 0 0 0 0 0 0
2607 801 0 0 267 0 0 0 0 0 0 0 0 0
2608 267 0 0 0 0 0 0 0 0 0 0 0 0
2610 98 6 1 0 0 0 0 0 0 0 0 0 0
2617 2930 137 8 0 0 0 0 0 0 799 8 0 0
2623 801 1 1 0 0 0 0 0 0 267 2 0 0
2626 801 0 0 0 0 0 0 0 0 267 5 0 0
2687 534 136 6 267 0 0 0 0 0 0 0 0 0
2696 1068 0 0 267 0 0 0 0 0 0 0 0 0
2709 801 0 0 267 265 14 0 0 0 267 0 0 0
2713 3 1 1 0 0 0 1 0 0 0 0 0 0
2717 1335 0 0 0 0 0 267 0 0 0 0 0 0
2725 534 128 6 0 0 0 0 0 0 267 11 0 0
2727 534 124 9 0 0 0 267 30 2 0 0 0 0
2728 801 0 0 267 0 0 0 0 0 267 2 0 0
2729 534 177 19 267 0 0 0 0 0 0 0 0 0
2730 267 0 0 0 0 0 0 0 0 0 0 0 0
2733 534 0 0 0 0 0 0 0 0 267 113 0 0
2746 872 0 0 218 0 0 0 0 0 218 0 0 0
2752 1744 117 5 0 0 0 436 0 0 0 0 0 0
2754 654 0 0 218 0 0 0 0 0 218 0 0 0
2758 218 0 0 218 0 0 0 0 0 0 0 0 0
2762 436 0 0 0 0 0 0 0 0 218 0 0 0
2764 534 10 1 267 1 0 0 0 0 267 84 0 0
2765 2 1 1 0 0 0 1 0 0 0 0 0 0
2766 899 0 0 316 0 0 267 0 0 0 0 0 0
2772 1720 121 6 0 0 0 0 0 0 267 4 0 0
2773 188 0 0 0 0 0 47 0 0 0 0 0 0
2775 442 65 9 220 0 0 0 0 0 221 2 0 0
2802 219 0 0 0 0 0 0 0 0 0 0 0 0
2815 3 1 1 0 0 0 0 0 0 1 1 0 0
2837 2 0 0 0 0 0 0 0 0 0 0 0 0
2838 7 0 0 0 0 0 0 0 0 0 0 0 0
2840 2 1 1 0 0 0 0 0 0 1 0 0 0
2841 4 0 0 0 0 0 2 0 0 0 0 0 0
2853 3 0 0 1 0 0 0 0 0 1 0 0 0
2867 438 0 0 0 0 0 0 0 0 219 0 0 0
2886 438 0 0 0 0 0 0 0 0 219 1 0 0
2888 3 0 0 0 0 0 1 0 0 0 0 0 0
2893 2 0 0 0 0 0 0 0 0 1 0 0 0
2895 220 0 0 0 0 0 220 0 0 0 0 0 0
2896 880 0 0 0 0 0 220 220 175 0 0 0 0
2897 229 2 2 4 0 0 221 0 0 0 0 0 0
2908 440 72 9 0 0 0 0 0 0 220 19 0 0
2915 438 0 0 0 0 0 0 0 0 0 0 0 0
2916 657 0 0 0 0 0 219 0 0 0 0 0 0
2924 219 0 0 0 0 0 219 185 153 0 0 0 0
2926 219 0 0 0 0 0 219 0 0 0 0 0 0
2931 438 0 0 0 0 0 0 0 0 219 45 0 0
2933 935 99 9 0 0 0 187 0 0 0 0 0 0
2941 721 141 9 454 0 0 0 0 0 267 13 0 0
2942 246 0 0 0 0 0 246 0 0 0 0 0 0
2946 421 0 0 234 0 0 0 0 0 0 0 0 0
2947 534 0 0 267 0 0 0 0 0 0 0 0 0
2950 534 0 0 0 0 0 0 0 0 267 3 0 0
2952 267 0 0 0 0 0 0 0 0 0 0 0 0
2953 267 0 0 0 0 0 0 0 0 0 0 0 0
2954 267 0 0 0 0 0 267 0 0 0 0 0 0
2955 2136 10 4 0 0 0 267 0 0 0 0 0 0
2956 534 0 0 0 0 0 267 249 188 0 0 0 0
2958 534 0 0 0 0 0 0 0 0 0 0 0 0
2964 3476 21 5 2844 0 0 0 0 0 316 19 0 0
fn=sysmalloc_mmap.constprop.0
2028 196 0 0 49 0 0 0 0 0 49 7 0 0
2420 147 14 11 0 0 0 147 16 2 0 0 0 0
2433 147 0 0 0 0 0 0 0 0 0 0 0 0
2438 98 10 8 0 0 0 0 0 0 49 36 0 0
2441 490 0 0 0 0 0 49 18 9 0 0 0 0
2444 98 11 9 0 0 0 0 0 0 49 1 0 0
2448 98 0 0 0 0 0 0 0 0 49 0 0 0
2466 147 0 0 0 0 0 0 0 0 49 10 0 0
2484 49 0 0 0 0 0 49 48 40 0 0 0 0
2485 147 0 0 0 0 0 49 0 0 0 0 0 0
2489 147 10 9 98 0 0 0 0 0 49 5 0 0
2490 169 0 0 60 0 0 0 0 0 60 9 0 0
2493 147 0 0 98 0 0 0 0 0 49 7 0 0
2494 209 6 5 80 0 0 0 0 0 80 27 0 0
2499 245 0 0 196 0 0 0 0 0 0 0 0 0
fn=sysmalloc_mmap_fallback.constprop.0
2028 872 33 8 218 0 0 0 0 0 218 79 0 0
2508 1962 66 8 0 0 0 1090 0 0 0 0 0 0
2512 218 0 0 218 0 0 0 0 0 0 0 0 0
2515 436 0 0 218 0 0 0 0 0 218 157 0 0
2516 5 0 0 0 0 0 0 0 0 0 0 0 0
2519 436 0 0 0 0 0 0 0 0 218 3 0 0
2523 436 118 8 0 0 0 0 0 0 218 0 0 0
2524 218 0 0 0 0 0 0 0 0 0 0 0 0
2526 1962 0 0 0 0 0 218 0 0 0 0 0 0
2529 436 0 0 0 0 0 0 0 0 218 0 0 0
2533 436 0 0 0 0 0 0 0 0 218 7 0 0
2540 218 0 0 218 0 0 0 0 0 0 0 0 0
2542 218 0 0 0 0 0 218 0 0 0 0 0 0
2544 1526 0 0 1308 0 0 0 0 0 0 0 0 0
fn=systrim.constprop.0
2977 15 0 0 0 0 0 15 1 0 0 0 0 0
2986 15 5 1 10 0 0 0 0 0 0 0 0 0
2988 5 0 0 0 0 0 0 0 0 0 0 0 0
2989 10 0 0 0 0 0 0 0 0 5 2 0 0
2990 1 0 0 0 0 0 0 0 0 0 0 0 0
2994 15 0 0 5 3 0 0 0 0 5 0 0 0
2995 5 0 0 0 0 0 0 0 0 0 0 0 0
2998 25 0 0 10 5 0 0 0 0 0 0 0 0
3000 10 0 0 0 0 0 0 0 0 5 4 0 0
3007 12 4 1 0 0 0 4 1 0 0 0 0 0
3008 16 0 0 4 0 0 0 0 0 4 1 0 0
3020 12 0 0 0 0 0 4 0 0 0 0 0 0
3021 8 0 0 0 0 0 4 0 0 0 0 0 0
3023 4 0 0 0 0 0 0 0 0 0 0 0 0
3025 8 0 0 0 0 0 0 0 0 0 0 0 0
3029 8 0 0 0 0 0 0 0 0 4 0 0 0
3032 4 0 0 4 0 0 0 0 0 0 0 0 0
3033 16 0 0 4 0 0 4 0 0 0 0 0 0
3035 8 0 0 0 0 0 0 0 0 0 0 0 0
3040 20 0 0 20 0 0 0 0 0 0 0 0 0
fn=tcache_init.part.0
3235 99 2 2 0 0 0 66 0 0 0 0 0 0
3244 136 0 0 67 0 0 0 0 0 34 0 0 0
3245 164 1 1 0 0 0 33 0 0 0 0 0 0
3246 66 0 0 0 0 0 0 0 0 33 2 0 0
3253 96 29 0 0 0 0 0 0 0 32 1 0 0
3254 132 1 1 66 0 0 0 0 0 66 2 0 0
3261 66 0 0 0 0 0 0 0 0 33 0 0 0
3263 66 0 0 33 0 0 33 0 0 0 0 0 0
3264 2904 1 1 0 0 0 2673 297 297 2640 44 0 0
3267 132 0 0 99 0 0 0 0 0 0 0 0 0
fn=unlink_chunk.constprop.0
1626 1781154 3432 7 0 0 0 0 0 0 0 0 0 0
1628 8905770 0 0 3562308 135608 6624 0 0 0 1781154 2715 0 0
1631 8905770 3157 12 3562308 91358 651 0 0 0 0 0 0 0
1632 1781154 0 0 1781154 0 0 0 0 0 0 0 0 0
1634 7124616 0 0 3562308 911203 9635 0 0 0 3562308 17399 0 0
1637 1781154 0 0 0 0 0 1781154 0 0 0 0 0 0
1638 1781154 0 0 0 0 0 1781154 0 0 0 0 0 0
1639 5982729 0 0 806807 66570 1585 0 0 0 2587961 280968 0 0
1641 425026 0 0 212513 13031 267 0 0 0 212513 153 0 0
1642 1275078 44 3 425026 5761 337 0 0 0 212513 136 0 0
1645 425026 0 0 212513 22072 246 0 0 0 212513 1020 0 0
1647 1816 0 0 0 0 0 0 0 0 908 186 0 0
1648 366 14 1 0 0 0 183 0 0 0 0 0 0
1651 725 0 0 0 0 0 725 0 0 0 0 0 0
1653 1450 0 0 725 0 0 725 0 0 0 0 0 0
1654 2175 0 0 725 0 0 725 0 0 0 0 0 0
1659 211605 0 0 0 0 0 211605 0 0 0 0 0 0
1660 423210 0 0 211605 0 0 211605 0 0 0 0 0 0
1663 3562308 298 12 1781154 0 0 0 0 0 0 0 0 0
fl=./malloc/./malloc/morecore.c
fn=__glibc_morecore
25 562 233 18 0 0 0 0 0 0 0 0 0 0
26 562 0 0 281 0 0 0 0 0 281 7 0 0
27 218 0 0 0 0 0 0 0 0 0 0 0 0
29 281 0 0 0 0 0 281 44 4 0 0 0 0
30 562 0 0 0 0 0 0 0 0 281 4 0 0
34 562 0 0 281 0 0 0 0 0 0 0 0 0
fl=./malloc/./malloc/scratch_buffer_set_array_size.c
fn=__libc_scratch_buffer_set_array_size
30 40 2 2 0 0 0 12 0 0 0 0 0 0
34 4 0 0 0 0 0 0 0 0 0 0 0 0
35 8 0 0 0 0 0 0 0 0 4 2 0 0
45 8 0 0 4 0 0 0 0 0 4 2 0 0
46 4 0 0 0 0 0 0 0 0 0 0 0 0
63 16 1 1 16 0 0 0 0 0 0 0 0 0
fl=./math/../sysdeps/x86_64/fpu/multiarch/e_asin.c
fn=__acos_finite@GLIBC_2.15
35 1 1 1 0 0 0 0 0 0 0 0 0 0
fn=__asin_finite@GLIBC_2.15
27 2 1 1 1 0 0 0 0 0 0 0 0 0
fl=./math/../sysdeps/x86_64/fpu/multiarch/e_atan2.c
fn=__atan2_finite@GLIBC_2.15
26 2 1 1 1 0 0 0 0 0 0 0 0 0
fl=./math/../sysdeps/x86_64/fpu/multiarch/e_exp.c
fn=__exp_finite@GLIBC_2.15
27 2 1 1 1 0 0 0 0 0 0 0 0 0
fl=./math/../sysdeps/x86_64/fpu/multiarch/e_exp2f.c
fn=exp2f@@GLIBC_2.27
27 2 2 2 1 0 0 0 0 0 0 0 0 0
fl=./math/../sysdeps/x86_64/fpu/multiarch/e_expf.c
fn=expf@@GLIBC_2.27
27 2 1 1 1 0 0 0 0 0 0 0 0 0
fl=./math/../sysdeps/x86_64/fpu/multiarch/e_log.c
fn=__log_finite@GLIBC_2.15
27 2 1 1 1 0 0 0 0 0 0 0 0 0
fl=./math/../sysdeps/x86_64/fpu/multiarch/e_log2f.c
fn=log2f@@GLIBC_2.27
27 2 2 2 1 0 0 0 0 0 0 0 0 0
fl=./math/../sysdeps/x86_64/fpu/multiarch/e_logf.c
fn=logf@@GLIBC_2.27
27 2 1 1 1 0 0 0 0 0 0 0 0 0
fl=./math/../sysdeps/x86_64/fpu/multiarch/e_pow.c
fn=__pow_finite@GLIBC_2.15
27 2 1 1 1 0 0 0 0 0 0 0 0 0
fl=./math/../sysdeps/x86_64/fpu/multiarch/e_powf.c
fn=powf@@GLIBC_2.27
30 1 1 1 0 0 0 0 0 0 0 0 0 0
fl=./math/../sysdeps/x86_64/fpu/multiarch/ifunc-avx-fma4.h
fn=__atan2_finite@GLIBC_2.15
32 4 1 1 2 0 0 0 0 0 1 1 0 0
36 3 0 0 1 0 0 0 0 0 1 0 0 0
39 4 0 0 0 0 0 0 0 0 0 0 0 0
fn=__exp_finite@GLIBC_2.15
32 4 0 0 2 0 0 0 0 0 1 1 0 0
36 3 1 1 1 0 0 0 0 0 1 0 0 0
39 4 0 0 0 0 0 0 0 0 0 0 0 0
fn=__log_finite@GLIBC_2.15
32 4 0 0 2 0 0 0 0 0 1 1 0 0
36 3 0 0 1 0 0 0 0 0 1 0 0 0
39 4 1 1 0 0 0 0 0 0 0 0 0 0
fn=cos
32 4 1 1 2 0 0 0 0 0 1 1 0 0
36 3 0 0 1 0 0 0 0 0 1 0 0 0
39 4 0 0 0 0 0 0 0 0 0 0 0 0
fn=sin
32 4 0 0 2 0 0 0 0 0 1 1 0 0
36 3 0 0 1 0 0 0 0 0 1 0 0 0
39 4 0 0 0 0 0 0 0 0 0 0 0 0
fl=./math/../sysdeps/x86_64/fpu/multiarch/ifunc-fma.h
fn=cosf
29 4 1 1 2 0 0 0 0 0 1 1 0 0
fn=exp2f@@GLIBC_2.27
29 4 0 0 2 0 0 0 0 0 1 1 0 0
fn=expf@@GLIBC_2.27
29 4 1 1 2 0 0 0 0 0 1 1 0 0
fn=log2f@@GLIBC_2.27
29 4 0 0 2 0 0 0 0 0 1 1 0 0
fn=logf@@GLIBC_2.27
29 4 0 0 2 0 0 0 0 0 1 1 0 0
fn=powf@@GLIBC_2.27
29 4 0 0 2 0 0 0 0 0 1 1 0 0
30 1 0 0 1 0 0 0 0 0 0 0 0 0
fn=sincosf
29 4 1 1 2 0 0 0 0 0 1 1 0 0
fn=sinf
29 4 0 0 2 0 0 0 0 0 1 1 0 0
fl=./math/../sysdeps/x86_64/fpu/multiarch/ifunc-fma4.h
fn=__acos_finite@GLIBC_2.15
31 3 0 0 2 0 0 0 0 0 1 1 0 0
35 5 1 1 2 0 0 0 0 0 0 0 0 0
fn=__asin_finite@GLIBC_2.15
31 3 0 0 2 0 0 0 0 0 1 1 0 0
35 4 0 0 1 0 0 0 0 0 0 0 0 0
fn=__pow_finite@GLIBC_2.15
31 3 0 0 2 0 0 0 0 0 1 1 0 0
35 4 0 0 1 0 0 0 0 0 0 0 0 0
fl=./math/../sysdeps/x86_64/fpu/multiarch/ifunc-sse4_1.h
fn=ceil
29 5 1 1 2 0 0 0 0 0 0 0 0 0
fn=floor
29 5 0 0 2 1 0 0 0 0 0 0 0 0
fl=./math/../sysdeps/x86_64/fpu/multiarch/s_ceil.c
fn=ceil
31 2 1 1 1 0 0 0 0 0 0 0 0 0
fl=./math/../sysdeps/x86_64/fpu/multiarch/s_cosf.c
fn=cosf
26 2 1 1 1 0 0 0 0 0 0 0 0 0
fl=./math/../sysdeps/x86_64/fpu/multiarch/s_floor.c
fn=floor
31 2 1 1 1 0 0 0 0 0 0 0 0 0
fl=./math/../sysdeps/x86_64/fpu/multiarch/s_fma.c
fn=fma
49 10 1 1 4 0 0 0 0 0 1 0 0 0
fl=./math/../sysdeps/x86_64/fpu/multiarch/s_sin.c
fn=cos
34 2 1 1 1 0 0 0 0 0 0 0 0 0
fn=sin
27 2 1 1 1 0 0 0 0 0 0 0 0 0
fl=./math/../sysdeps/x86_64/fpu/multiarch/s_sincosf.c
fn=sincosf
26 2 1 1 1 0 0 0 0 0 0 0 0 0
fl=./math/../sysdeps/x86_64/fpu/multiarch/s_sinf.c
fn=sinf
26 2 1 1 1 0 0 0 0 0 0 0 0 0
fl=./misc/../sysdeps/posix/getdtsz.c
fn=getdtablesize
26 30 1 1 6 0 0 6 0 0 0 0 0 0
32 36 0 0 6 0 0 6 0 0 0 0 0 0
33 30 1 1 18 0 0 0 0 0 6 0 0 0
fl=./misc/../sysdeps/unix/syscall-template.S
fn=mprotect
117 525 17 1 0 0 0 0 0 0 105 1 0 0
122 105 0 0 105 0 0 0 0 0 0 0 0 0
fn=munmap
117 350 62 21 0 0 0 0 0 0 70 2 0 0
122 70 0 0 70 0 0 0 0 0 0 0 0 0
fl=./misc/../sysdeps/unix/sysv/linux/brk.c
fn=brk
35 272 132 6 0 0 0 0 0 0 0 0 0 0
36 1088 0 0 272 0 0 272 0 0 0 0 0 0
37 544 0 0 0 0 0 0 0 0 272 8 0 0
39 436 0 0 218 204 4 218 204 4 0 0 0 0
40 436 0 0 218 0 0 0 0 0 0 0 0 0
43 54 0 0 0 0 0 0 0 0 0 0 0 0
44 54 0 0 54 0 0 0 0 0 0 0 0 0
fl=./misc/../sysdeps/unix/sysv/linux/clone-internal.c
fn=__clone_internal
49 297 4 4 0 0 0 165 0 0 0 0 0 0
53 66 0 0 66 0 0 0 0 0 0 0 0 0
54 132 0 0 0 0 0 33 0 0 0 0 0 0
55 132 0 0 33 0 0 0 0 0 66 5 0 0
60 33 2 2 0 0 0 33 0 0 0 0 0 0
66 66 0 0 66 0 0 0 0 0 0 0 0 0
81 66 0 0 66 0 0 0 0 0 0 0 0 0
83 264 0 0 99 0 0 66 1 1 0 0 0 0
88 66 0 0 66 0 0 0 0 0 0 0 0 0
89 198 0 0 198 0 0 0 0 0 0 0 0 0
fl=./misc/../sysdeps/unix/sysv/linux/getpagesize.c
fn=getpagesize
27 98 34 3 0 0 0 0 0 0 0 0 0 0
28 392 0 0 196 4 1 0 0 0 98 3 0 0
30 98 0 0 98 0 0 0 0 0 0 0 0 0
fl=./misc/../sysdeps/unix/sysv/linux/getsysstats.c
fn=__get_nprocs_sched
35 7 2 2 2 1 1 1 0 0 0 0 0 0
44 5 0 0 0 0 0 0 0 0 0 0 0 0
46 2 0 0 0 0 0 0 0 0 1 1 0 0
47 4 1 1 0 0 0 1 0 0 0 0 0 0
55 5 0 0 3 0 0 0 0 0 1 0 0 0
fl=./misc/../sysdeps/unix/sysv/linux/ioctl.c
fn=ioctl
26 18 1 1 3 0 0 6 0 0 0 0 0 0
28 15 1 1 0 0 0 9 0 0 0 0 0 0
35 6 0 0 0 0 0 0 0 0 0 0 0 0
36 9 0 0 0 0 0 0 0 0 3 0 0 0
43 18 0 0 9 0 0 0 0 0 3 0 0 0
fl=./misc/../sysdeps/unix/sysv/linux/mmap64.c
fn=mmap
47 768 174 18 0 0 0 0 0 0 0 0 0 0
50 768 0 0 0 0 0 0 0 0 384 4 0 0
58 1536 0 0 0 0 0 0 0 0 384 24 0 0
60 384 0 0 384 0 0 0 0 0 0 0 0 0
fl=./misc/../sysdeps/unix/sysv/linux/mremap.c
fn=mremap
26 175 9 7 25 8 1 50 6 0 0 0 0 0
30 75 0 0 0 0 0 0 0 0 25 12 0 0
37 100 0 0 0 0 0 0 0 0 25 0 0 0
39 125 10 8 75 0 0 0 0 0 25 0 0 0
fl=./misc/../sysdeps/unix/sysv/linux/prctl.c
fn=prctl
30 288 3 2 32 0 0 160 0 0 0 0 0 0
32 160 0 0 0 0 0 96 0 0 0 0 0 0
38 160 1 1 0 0 0 0 0 0 32 0 0 0
39 160 0 0 96 0 0 0 0 0 32 2 0 0
fl=./misc/../sysdeps/unix/sysv/linux/x86_64/clone.S
fn=clone
52 33 2 2 0 0 0 0 0 0 0 0 0 0
54 33 0 0 0 0 0 0 0 0 0 0 0 0
55 33 0 0 0 0 0 0 0 0 0 0 0 0
56 33 0 0 0 0 0 0 0 0 33 0 0 0
59 33 0 0 0 0 0 0 0 0 0 0 0 0
60 33 0 0 0 0 0 0 0 0 33 0 0 0
63 33 0 0 0 0 0 33 33 28 0 0 0 0
65 33 0 0 0 0 0 0 0 0 0 0 0 0
69 33 0 0 0 0 0 33 0 0 0 0 0 0
72 33 0 0 0 0 0 0 0 0 0 0 0 0
73 33 0 0 0 0 0 0 0 0 0 0 0 0
74 33 0 0 0 0 0 0 0 0 0 0 0 0
75 33 0 0 33 0 0 0 0 0 0 0 0 0
76 33 0 0 0 0 0 0 0 0 0 0 0 0
81 33 0 0 0 0 0 0 0 0 0 0 0 0
83 65 1 1 0 0 0 0 0 0 0 0 0 0
84 65 0 0 0 0 0 0 0 0 65 0 0 0
85 65 0 0 0 0 0 0 0 0 65 32 0 0
87 33 0 0 33 0 0 0 0 0 0 0 0 0
95 32 0 0 0 0 0 0 0 0 0 0 0 0
98 32 32 1 32 32 32 0 0 0 0 0 0 0
99 32 0 0 32 0 0 0 0 0 0 0 0 0
100 32 0 0 0 0 0 32 0 0 0 0 32 1
fl=./misc/../sysdeps/unix/sysv/linux/x86_64/clone3.S
fn=clone3
42 33 2 2 0 0 0 0 0 0 0 0 0 0
44 33 0 0 0 0 0 0 0 0 0 0 0 0
45 33 0 0 0 0 0 0 0 0 0 0 0 0
46 33 0 0 0 0 0 0 0 0 0 0 0 0
47 33 0 0 0 0 0 0 0 0 0 0 0 0
48 33 0 0 0 0 0 0 0 0 33 0 0 0
52 33 0 0 0 0 0 0 0 0 0 0 0 0
55 33 0 0 0 0 0 0 0 0 0 0 0 0
60 33 0 0 0 0 0 0 0 0 0 0 0 0
62 33 0 0 0 0 0 0 0 0 0 0 0 0
63 33 0 0 0 0 0 0 0 0 33 3 0 0
89 165 0 0 66 0 0 33 0 0 0 0 0 0
fl=./misc/../sysdeps/unix/sysv/linux/x86_64/syscall.S
fn=syscall
29 1674 382 6 0 0 0 0 0 0 0 0 0 0
30 1674 0 0 0 0 0 0 0 0 0 0 0 0
31 1674 0 0 0 0 0 0 0 0 0 0 0 0
32 1674 0 0 0 0 0 0 0 0 0 0 0 0
33 1674 0 0 0 0 0 0 0 0 0 0 0 0
34 1674 381 6 0 0 0 0 0 0 0 0 0 0
35 1674 0 0 0 0 0 0 0 0 0 0 0 0
36 1674 0 0 1674 0 0 0 0 0 0 0 0 0
37 1674 0 0 0 0 0 0 0 0 0 0 0 0
38 1641 0 0 0 0 0 0 0 0 0 0 0 0
39 1641 0 0 0 0 0 0 0 0 1641 318 0 0
40 1641 0 0 1641 684 4 0 0 0 0 0 0 0
fl=./misc/./misc/getauxval.c
fn=getauxval
30 66 0 0 0 0 0 0 0 0 33 2 0 0
32 33 0 0 33 0 0 0 0 0 0 0 0 0
35 66 0 0 0 0 0 0 0 0 33 0 0 0
42 2772 0 0 726 14 7 0 0 0 693 38 0 0
43 1320 2 2 0 0 0 0 0 0 660 13 0 0
56 33 3 2 0 0 0 0 0 0 0 0 0 0
62 66 0 0 33 0 0 33 0 0 0 0 0 0
63 33 0 0 0 0 0 0 0 0 0 0 0 0
64 33 0 0 33 0 0 0 0 0 0 0 0 0
fl=./misc/./misc/init-misc.c
fn=__init_misc
30 5 2 2 0 0 0 2 0 0 0 0 0 0
31 5 0 0 1 0 0 0 0 0 2 0 0 0
33 3 0 0 0 0 0 1 0 0 0 0 0 0
37 5 0 0 1 0 0 1 1 0 0 0 0 0
38 3 0 0 2 0 0 1 0 0 0 0 0 0
40 4 0 0 3 0 0 0 0 0 0 0 0 0
fl=./misc/./misc/sbrk.c
fn=sbrk
37 1405 191 19 0 0 0 843 78 8 0 0 0 0
40 562 0 0 562 537 40 0 0 0 0 0 0 0
43 562 0 0 281 269 20 0 0 0 281 13 0 0
58 562 181 13 0 0 0 0 0 0 281 8 0 0
59 4 0 0 0 0 0 1 0 0 1 0 0 0
60 218 0 0 0 0 0 0 0 0 0 0 0 0
62 562 0 0 0 0 0 0 0 0 281 6 0 0
63 11 0 0 11 0 0 0 0 0 0 0 0 0
66 1084 141 10 0 0 0 0 0 0 542 8 0 0
68 8 1 0 0 0 0 0 0 0 0 0 0 0
74 813 0 0 0 0 0 271 23 2 271 5 0 0
78 1405 124 5 1124 0 0 0 0 0 0 0 0 0
fl=./nptl/../include/list.h
fn=__nptl_stack_list_add
45 32 0 0 0 0 0 32 0 0 0 0 0 0
47 32 0 0 0 0 0 32 0 0 0 0 0 0
fl=./nptl/../sysdeps/nptl/pthreadP.h
fn=pthread_attr_setstacksize@@GLIBC_2.34
716 64 0 0 0 0 0 0 0 0 32 0 0 0
719 32 0 0 0 0 0 0 0 0 0 0 0 0
fl=./nptl/../sysdeps/unix/sysv/linux/internal-signals.h
fn=pthread_create@@GLIBC_2.34
76 224 1 1 0 0 0 0 0 0 0 0 0 0
110 192 0 0 0 0 0 0 0 0 0 0 0 0
fn=start_thread
110 160 1 1 0 0 0 0 0 0 0 0 0 0
fl=./nptl/../sysdeps/unix/sysv/linux/rseq-internal.h
fn=start_thread
32 96 4 1 0 0 0 0 0 0 32 0 0 0
40 32 0 0 0 0 0 32 32 32 0 0 0 0
fl=./nptl/../sysdeps/unix/sysv/linux/sigsetops.h
fn=pthread_create@@GLIBC_2.34
54 1 0 0 0 0 0 1 0 0 0 0 0 0
104 2 0 0 1 0 0 0 0 0 0 0 0 0
112 32 1 1 32 0 0 0 0 0 0 0 0 0
113 32 0 0 0 0 0 0 0 0 0 0 0 0
fl=./nptl/../sysdeps/unix/sysv/linux/x86/elision-conf.c
fn=__lll_elision_init
96 6 1 1 1 0 0 2 0 0 0 0 0 0
101 5 1 1 0 0 0 1 0 0 0 0 0 0
103 4 0 0 0 0 0 1 0 0 0 0 0 0
105 4 0 0 0 0 0 1 0 0 0 0 0 0
107 4 0 0 0 0 0 1 0 0 0 0 0 0
109 4 1 1 0 0 0 1 0 0 0 0 0 0
113 3 0 0 1 1 1 0 0 0 1 0 0 0
114 1 0 0 0 0 0 1 1 1 0 0 0 0
115 6 0 0 4 0 0 0 0 0 1 0 0 0
fl=./nptl/../sysdeps/x86/nptl/tls-setup.h
fn=pthread_create@@GLIBC_2.34
22 64 0 0 32 0 0 32 32 26 0 0 0 0
fl=./nptl/./nptl-stack.h
fn=__pthread_get_minstack
58 256 1 1 96 1 1 0 0 0 0 0 0 0
fn=pthread_create@@GLIBC_2.34
58 320 1 1 96 0 0 32 0 0 0 0 0 0
fl=./nptl/./nptl/allocatestack.c
fn=pthread_create@@GLIBC_2.34
63 128 0 0 32 1 1 0 0 0 32 0 0 0
71 128 1 1 32 1 1 0 0 0 32 0 0 0
96 128 1 1 64 0 0 0 0 0 64 32 0 0
167 64 0 0 0 0 0 0 0 0 0 0 0 0
171 224 0 0 64 0 0 64 0 0 32 0 0 0
220 128 0 0 0 0 0 32 0 0 0 0 0 0
224 64 0 0 0 0 0 0 0 0 32 2 0 0
229 96 0 0 32 0 0 0 0 0 32 0 0 0
239 64 0 0 32 0 0 0 0 0 32 0 0 0
332 64 0 0 0 0 0 32 0 0 0 0 0 0
333 192 0 0 64 1 1 0 0 0 0 0 0 0
337 64 0 0 0 0 0 0 0 0 32 0 0 0
347 192 1 1 32 0 0 32 0 0 0 0 0 0
351 128 0 0 0 0 0 0 0 0 64 0 0 0
355 64 0 0 0 0 0 0 0 0 32 0 0 0
356 96 0 0 32 0 0 0 0 0 0 0 0 0
357 32 0 0 0 0 0 0 0 0 0 0 0 0
370 416 1 1 96 0 0 160 0 0 0 0 0 0
373 160 0 0 96 0 0 0 0 0 32 0 0 0
378 64 0 0 32 0 0 0 0 0 32 0 0 0
383 64 0 0 32 0 0 0 0 0 0 0 0 0
384 32 0 0 0 0 0 0 0 0 0 0 0 0
393 96 1 1 32 0 0 0 0 0 32 0 0 0
405 64 0 0 32 0 0 32 32 26 0 0 0 0
406 32 0 0 0 0 0 32 0 0 0 0 0 0
414 64 0 0 0 0 0 32 32 26 0 0 0 0
417 32 0 0 0 0 0 32 32 26 0 0 0 0
419 32 0 0 0 0 0 32 1 1 0 0 0 0
427 32 1 1 0 0 0 32 32 26 0 0 0 0
430 128 0 0 0 0 0 32 0 0 32 1 0 0
443 128 1 1 32 0 0 0 0 0 32 1 0 0
446 160 0 0 0 0 0 64 0 0 0 0 0 0
448 128 0 0 64 0 0 0 0 0 64 1 0 0
455 224 1 1 64 0 0 32 0 0 32 0 0 0
478 96 1 1 64 0 0 0 0 0 32 0 0 0
507 160 1 1 96 0 0 0 0 0 32 1 0 0
545 64 0 0 32 0 0 32 0 0 0 0 0 0
550 32 1 1 0 0 0 32 0 0 0 0 0 0
555 32 0 0 0 0 0 32 0 0 0 0 0 0
558 32 0 0 0 0 0 32 0 0 0 0 0 0
560 128 1 1 0 0 0 32 0 0 0 0 0 0
571 96 0 0 32 0 0 0 0 0 0 0 0 0
576 64 0 0 32 0 0 0 0 0 0 0 0 0
fl=./nptl/./nptl/cancellation.c
fn=__pthread_disable_asynccancel
56 367 316 6 0 0 0 0 0 0 0 0 0 0
59 734 0 0 0 0 0 0 0 0 367 0 0 0
63 734 0 0 367 0 0 367 0 0 0 0 0 0
64 367 0 0 367 0 0 0 0 0 0 0 0 0
fn=__pthread_enable_asynccancel
31 367 180 6 0 0 0 0 0 0 0 0 0 0
32 367 0 0 367 0 0 0 0 0 0 0 0 0
34 1101 308 6 367 317 7 0 0 0 0 0 0 0
35 367 0 0 0 0 0 367 0 0 0 0 0 0
37 367 0 0 367 334 6 0 0 0 0 0 0 0
39 734 0 0 367 0 0 0 0 0 367 2 0 0
42 1101 0 0 0 0 0 0 0 0 367 6 0 0
49 367 0 0 367 0 0 0 0 0 0 0 0 0
fl=./nptl/./nptl/libc-cleanup.c
fn=__libc_cleanup_pop_restore
39 56 2 1 0 0 0 0 0 0 0 0 0 0
42 112 0 0 56 0 0 56 0 0 0 0 0 0
44 112 0 0 56 0 0 56 0 0 0 0 0 0
45 112 0 0 0 0 0 0 0 0 56 1 0 0
47 56 0 0 56 0 0 0 0 0 0 0 0 0
fn=__libc_cleanup_push_defer
24 56 1 1 0 0 0 0 0 0 0 0 0 0
27 112 0 0 56 0 0 56 0 0 0 0 0 0
30 224 0 0 56 1 0 56 0 0 0 0 0 0
31 56 0 0 0 0 0 56 0 0 0 0 0 0
33 56 0 0 0 0 0 56 0 0 0 0 0 0
34 56 0 0 56 0 0 0 0 0 0 0 0 0
fl=./nptl/./nptl/nptl-stack.c
fn=__nptl_stack_list_add
42 32 1 1 0 0 0 0 0 0 0 0 0 0
43 288 1 1 64 0 0 64 32 26 0 0 0 0
51 32 0 0 0 0 0 32 0 0 0 0 0 0
52 32 0 0 32 0 0 0 0 0 0 0 0 0
fn=__pthread_get_minstack
142 32 1 1 0 0 0 0 0 0 0 0 0 0
144 64 0 0 32 0 0 0 0 0 0 0 0 0
145 32 0 0 32 0 0 0 0 0 0 0 0 0
fl=./nptl/./nptl/pthread_attr_destroy.c
fn=pthread_attr_destroy
26 131 3 3 0 0 0 33 0 0 0 0 0 0
36 195 0 0 65 0 0 0 0 0 65 1 0 0
38 66 0 0 33 0 0 33 0 0 0 0 0 0
39 66 0 0 33 0 0 33 0 0 0 0 0 0
44 163 0 0 98 0 0 0 0 0 0 0 0 0
fl=./nptl/./nptl/pthread_attr_extension.c
fn=__pthread_attr_extension
25 66 3 2 0 0 0 33 0 0 0 0 0 0
26 66 0 0 33 0 0 0 0 0 33 3 0 0
27 33 0 0 0 0 0 0 0 0 0 0 0 0
28 165 0 0 0 0 0 66 0 0 0 0 0 0
29 66 0 0 0 0 0 0 0 0 33 2 0 0
32 66 0 0 66 0 0 0 0 0 0 0 0 0
fl=./nptl/./nptl/pthread_attr_getguardsize.c
fn=pthread_attr_getguardsize@@GLIBC_2.34
23 32 2 1 0 0 0 0 0 0 0 0 0 0
28 64 0 0 32 0 0 32 0 0 0 0 0 0
31 64 0 0 32 0 0 0 0 0 0 0 0 0
fl=./nptl/./nptl/pthread_attr_getstack.c
fn=pthread_attr_getstack@@GLIBC_2.34
24 66 3 2 0 0 0 0 0 0 0 0 0 0
31 132 0 0 66 0 0 33 0 0 0 0 0 0
35 33 0 0 0 0 0 33 0 0 0 0 0 0
38 66 0 0 33 0 0 0 0 0 0 0 0 0
fl=./nptl/./nptl/pthread_attr_init.c
fn=pthread_attr_init@@GLIBC_2.2.5
32 195 3 3 0 0 0 65 0 0 0 0 0 0
41 325 0 0 0 0 0 260 0 0 0 0 0 0
46 195 0 0 0 0 0 130 0 0 0 0 0 0
49 195 0 0 130 0 0 0 0 0 0 0 0 0
fl=./nptl/./nptl/pthread_attr_setaffinity.c
fn=pthread_attr_setaffinity_np@@GLIBC_2.32
29 231 3 2 0 0 0 132 0 0 0 0 0 0
34 165 0 0 0 0 0 0 0 0 66 1 0 0
45 66 0 0 0 0 0 33 0 0 0 0 0 0
46 66 0 0 0 0 0 0 0 0 33 2 0 0
49 99 0 0 66 0 0 0 0 0 33 2 0 0
51 132 0 0 33 0 0 33 0 0 0 0 0 0
52 66 0 0 0 0 0 0 0 0 33 0 0 0
55 66 0 0 33 0 0 33 0 0 0 0 0 0
56 33 0 0 0 0 0 33 0 0 0 0 0 0
59 99 2 2 0 0 0 33 0 0 0 0 0 0
63 264 3 2 165 0 0 0 0 0 0 0 0 0
fl=./nptl/./nptl/pthread_attr_setstacksize.c
fn=pthread_attr_setstacksize@@GLIBC_2.34
30 32 1 1 0 0 0 0 0 0 0 0 0 0
40 32 0 0 0 0 0 32 0 0 0 0 0 0
42 32 0 0 0 0 0 0 0 0 0 0 0 0
43 32 0 0 32 0 0 0 0 0 0 0 0 0
fl=./nptl/./nptl/pthread_create.c
fn=create_thread
234 448 2 2 32 0 0 224 0 0 0 0 0 0
238 96 0 0 32 0 0 0 0 0 32 3 0 0
239 64 0 0 0 0 0 0 0 0 32 0 0 0
242 64 1 1 32 0 0 0 0 0 32 0 0 0
245 96 0 0 32 0 0 32 0 0 0 0 0 0
246 64 0 0 0 0 0 0 0 0 32 0 0 0
285 384 1 1 32 0 0 288 0 0 0 0 0 0
288 32 0 0 0 0 0 0 0 0 0 0 0 0
295 128 1 1 0 0 0 32 0 0 0 0 0 0
296 64 0 0 0 0 0 0 0 0 32 2 0 0
301 32 0 0 0 0 0 32 0 0 0 0 0 0
304 64 0 0 0 0 0 0 0 0 32 2 0 0
307 64 0 0 0 0 0 0 0 0 32 0 0 0
319 64 1 1 32 0 0 0 0 0 32 0 0 0
330 32 0 0 0 0 0 0 0 0 0 0 0 0
331 320 0 0 256 0 0 0 0 0 32 0 0 0
fn=pthread_create@@GLIBC_2.34
79 2 0 0 0 0 0 1 0 0 0 0 0 0
80 1 1 1 0 0 0 1 0 0 0 0 0 0
81 4 1 1 0 0 0 1 0 0 0 0 0 0
88 6 0 0 0 0 0 0 0 0 0 0 0 0
604 128 1 1 32 0 0 0 0 0 32 1 0 0
621 480 2 2 32 0 0 352 0 0 0 0 0 0
627 96 0 0 64 1 1 0 0 0 32 1 0 0
630 2 1 1 0 0 0 1 0 0 0 0 0 0
635 64 1 1 32 0 0 32 0 0 0 0 0 0
636 32 0 0 32 0 0 0 0 0 0 0 0 0
637 128 0 0 32 0 0 0 0 0 32 3 0 0
666 32 0 0 0 0 0 32 0 0 0 0 0 0
669 32 0 0 0 0 0 32 0 0 0 0 0 0
675 64 0 0 32 0 0 32 32 26 0 0 0 0
676 64 0 0 32 0 0 32 0 0 0 0 0 0
677 32 0 0 0 0 0 32 32 26 0 0 0 0
680 32 0 0 32 0 0 0 0 0 0 0 0 0
681 256 1 1 32 0 0 32 32 26 0 0 0 0
682 96 0 0 32 1 1 0 0 0 0 0 0 0
686 32 0 0 32 1 1 0 0 0 0 0 0 0
692 128 0 0 0 0 0 32 0 0 0 0 0 0
695 128 0 0 64 1 1 64 0 0 0 0 0 0
700 64 1 1 32 1 1 32 0 0 0 0 0 0
701 64 0 0 32 0 0 32 0 0 0 0 0 0
705 64 0 0 32 0 0 32 0 0 0 0 0 0
710 64 0 0 32 0 0 32 0 0 0 0 0 0
722 64 1 1 0 0 0 0 0 0 0 0 0 0
723 64 1 1 0 0 0 0 0 0 32 2 0 0
743 64 0 0 32 1 1 0 0 0 32 1 0 0
744 3 0 0 1 0 0 1 0 0 0 0 0 0
747 96 0 0 32 0 0 32 0 0 0 0 0 0
749 32 0 0 0 0 0 0 0 0 0 0 0 0
759 32 0 0 64 0 0 0 0 0 32 2 0 0
764 64 0 0 0 0 0 64 0 0 0 0 0 0
772 96 0 0 32 0 0 0 0 0 32 32 0 0
783 512 2 2 256 0 0 256 64 52 0 0 0 0
828 224 1 1 0 0 0 32 0 0 0 0 0 0
835 65 0 0 0 0 0 1 0 0 32 0 0 0
875 64 0 0 32 0 0 0 0 0 32 0 0 0
885 64 0 0 0 0 0 32 0 0 0 0 0 0
889 64 0 0 32 0 0 0 0 0 32 2 0 0
893 640 2 2 288 0 0 32 0 0 32 2 0 0
fn=start_thread
336 256 1 1 32 32 32 128 32 32 0 0 0 0
343 64 0 0 32 32 32 0 0 0 32 0 0 0
365 128 4 1 64 1 1 32 32 32 0 0 0 0
368 32 0 0 0 0 0 32 0 0 0 0 0 0
372 32 0 0 32 32 32 0 0 0 0 0 0 0
373 64 0 0 0 0 0 0 0 0 32 0 0 0
383 160 0 0 32 0 0 0 0 0 0 0 0 0
400 128 1 1 0 0 0 32 0 0 0 0 0 0
414 64 0 0 0 0 0 32 0 0 0 0 0 0
418 160 0 0 96 0 0 0 0 0 64 2 0 0
421 64 0 0 0 0 0 0 0 0 32 0 0 0
424 64 0 0 0 0 0 32 0 0 0 0 0 0
426 64 0 0 32 0 0 0 0 0 0 0 0 0
428 32 0 0 0 0 0 0 0 0 0 0 0 0
432 64 0 0 32 32 32 0 0 0 32 31 0 0
442 96 64 2 96 32 32 32 0 0 0 0 32 1
fl=./nptl/./nptl/pthread_getaffinity.c
fn=pthread_getaffinity_np@@GLIBC_2.32
30 99 2 2 0 0 0 0 0 0 0 0 0 0
33 198 0 0 33 32 32 0 0 0 0 0 0 0
35 66 0 0 0 0 0 0 0 0 33 33 0 0
39 198 2 2 0 0 0 33 0 0 0 0 0 0
41 33 0 0 0 0 0 0 0 0 0 0 0 0
42 66 0 0 33 0 0 0 0 0 0 0 0 0
fl=./nptl/./nptl/pthread_getattr_np.c
fn=pthread_getattr_np@@GLIBC_2.32
33 429 4 4 33 0 0 231 32 32 0 0 0 0
37 99 0 0 0 0 0 33 32 32 0 0 0 0
38 66 0 0 0 0 0 0 0 0 33 33 0 0
43 231 2 2 33 1 0 33 0 0 33 0 0 0
47 66 0 0 33 0 0 33 0 0 0 0 0 0
49 132 2 2 33 0 0 33 0 0 0 0 0 0
52 33 0 0 33 0 0 0 0 0 0 0 0 0
55 66 0 0 33 0 0 0 0 0 33 0 0 0
59 66 0 0 33 33 32 33 0 0 0 0 0 0
62 99 0 0 33 0 0 0 0 0 33 1 0 0
66 128 1 1 64 0 0 32 0 0 0 0 0 0
69 64 0 0 0 0 0 32 0 0 0 0 0 0
85 4 1 1 0 0 0 1 0 0 0 0 0 0
86 2 0 0 0 0 0 0 0 0 1 0 0 0
91 5 1 1 0 0 0 1 0 0 1 1 0 0
102 5 0 0 3 0 0 1 0 0 0 0 0 0
103 8 2 2 4 0 0 1 0 0 0 0 0 0
105 1 0 0 0 0 0 0 0 0 0 0 0 0
108 4 1 1 1 0 0 1 0 0 0 0 0 0
112 99 1 1 0 0 0 0 0 0 0 0 0 0
114 1 0 0 0 0 0 1 0 0 0 0 0 0
115 1 0 0 0 0 0 1 0 0 0 0 0 0
117 3 0 0 0 0 0 0 0 0 0 0 0 0
120 112 0 0 53 0 0 2 0 0 54 0 0 0
122 324 2 2 0 0 0 54 0 0 54 6 0 0
127 432 0 0 54 0 0 54 0 0 54 0 0 0
129 216 0 0 162 0 0 0 0 0 0 0 0 0
130 215 0 0 54 0 0 0 0 0 54 1 0 0
133 1 0 0 0 0 0 1 0 0 0 0 0 0
135 4 0 0 1 0 0 0 0 0 0 0 0 0
140 4 0 0 0 0 0 1 0 0 0 0 0 0
141 1 0 0 0 0 0 0 0 0 0 0 0 0
145 1 0 0 0 0 0 0 0 0 0 0 0 0
162 3 0 0 1 0 0 1 0 0 0 0 0 0
165 2 0 0 0 0 0 1 0 0 0 0 0 0
169 65 0 0 1 0 0 32 0 0 0 0 0 0
171 3 0 0 1 0 0 0 0 0 1 1 0 0
178 33 0 0 0 0 0 0 0 0 0 0 0 0
180 165 0 0 0 0 0 33 0 0 0 0 0 0
181 66 2 2 0 0 0 0 0 0 33 0 0 0
188 132 0 0 0 0 0 33 0 0 0 0 0 0
191 132 0 0 0 0 0 0 0 0 33 4 0 0
193 66 0 0 0 0 0 0 0 0 33 2 0 0
194 198 2 2 0 0 0 33 0 0 0 0 0 0
198 66 0 0 0 0 0 33 0 0 0 0 0 0
201 132 0 0 66 0 0 0 0 0 66 0 0 0
203 66 0 0 0 0 0 0 0 0 33 3 0 0
207 396 0 0 297 0 0 0 0 0 33 0 0 0
fl=./nptl/./nptl/pthread_mutex_conf.c
fn=__pthread_tunables_init
50 6 2 2 1 0 0 2 0 0 0 0 0 0
51 5 0 0 0 0 0 1 0 0 0 0 0 0
53 4 0 0 0 0 0 1 0 0 0 0 0 0
55 6 0 0 4 0 0 0 0 0 1 0 0 0
fl=./nptl/./nptl/pthread_mutex_lock.c
fn=pthread_mutex_lock@@GLIBC_2.2.5
44 134 6 4 134 0 0 0 0 0 0 0 0 0
45 682 0 0 138 0 0 0 0 0 272 7 0 0
46 4 0 0 0 0 0 4 0 0 0 0 0 0
48 520 3 2 130 0 0 0 0 0 130 2 0 0
77 402 6 4 0 0 0 134 0 0 0 0 0 0
80 402 0 0 134 6 4 0 0 0 0 0 0 0
82 134 0 0 0 0 0 0 0 0 0 0 0 0
84 268 6 4 0 0 0 0 0 0 134 0 0 0
88 268 0 0 0 0 0 0 0 0 134 5 0 0
97 268 6 4 0 0 0 0 0 0 134 4 0 0
108 536 6 4 134 0 0 0 0 0 134 0 0 0
112 134 0 0 134 4 2 0 0 0 0 0 0 0
115 268 0 0 134 0 0 0 0 0 134 2 0 0
130 402 0 0 134 0 0 0 0 0 134 0 0 0
131 268 3 2 0 0 0 134 0 0 0 0 0 0
167 134 6 4 134 0 0 0 0 0 0 0 0 0
170 134 0 0 0 0 0 134 0 0 0 0 0 0
172 134 0 0 134 0 0 0 0 0 0 0 0 0
175 134 0 0 0 0 0 0 0 0 0 0 0 0
177 134 0 0 0 0 0 0 0 0 0 0 0 0
178 402 0 0 268 0 0 0 0 0 0 0 0 0
fl=./nptl/./nptl/pthread_mutex_unlock.c
fn=pthread_mutex_unlock@@GLIBC_2.2.5
39 134 0 0 134 0 0 0 0 0 0 0 0 0
40 670 0 0 134 0 0 0 0 0 268 3 0 0
41 8 0 0 0 0 0 4 0 0 0 0 0 0
43 520 0 0 260 0 0 0 0 0 260 0 0 0
51 402 0 0 134 0 0 0 0 0 0 0 0 0
52 268 37 4 0 0 0 0 0 0 134 3 0 0
57 268 0 0 0 0 0 0 0 0 134 2 0 0
62 134 0 0 0 0 0 134 0 0 0 0 0 0
65 134 0 0 134 0 0 0 0 0 0 0 0 0
70 134 0 0 0 0 0 0 0 0 0 0 0 0
74 268 37 4 0 0 0 0 0 0 134 10 0 0
80 536 7 4 134 0 0 0 0 0 134 0 0 0
84 402 0 0 268 0 0 0 0 0 134 9 0 0
87 402 6 4 134 0 0 0 0 0 134 1 0 0
367 268 37 4 0 0 0 0 0 0 0 0 0 0
369 268 0 0 134 0 0 0 0 0 0 0 0 0
fl=./nptl/./nptl/pthread_self.c
fn=pthread_self
23 65 2 2 0 0 0 0 0 0 0 0 0 0
25 130 0 0 130 0 0 0 0 0 0 0 0 0
fl=./nptl/./nptl/pthread_setcancelstate.c
fn=pthread_setcancelstate
25 2 1 1 0 0 0 0 0 0 0 0 0 0
28 4 0 0 0 0 0 0 0 0 2 0 0 0
29 2 0 0 0 0 0 0 0 0 0 0 0 0
31 2 0 0 2 0 0 0 0 0 0 0 0 0
33 4 0 0 0 0 0 0 0 0 2 1 0 0
34 2 1 1 1 0 0 1 0 0 0 0 0 0
35 2 0 0 0 0 0 2 0 0 0 0 0 0
37 2 0 0 0 0 0 0 0 0 0 0 0 0
38 2 0 0 2 0 0 0 0 0 0 0 0 0
fl=./nptl/./nptl/pthread_setname.c
fn=pthread_setname_np@@GLIBC_2.34
32 352 1 1 32 0 0 160 0 0 0 0 0 0
38 64 0 0 0 0 0 32 0 0 0 0 0 0
39 64 0 0 0 0 0 0 0 0 32 6 0 0
40 32 0 0 0 0 0 0 0 0 0 0 0 0
42 64 1 1 32 0 0 0 0 0 32 0 0 0
43 224 8 2 0 0 0 32 0 0 32 1 0 0
63 320 0 0 224 0 0 0 0 0 32 0 0 0
fl=./posix/../malloc/dynarray-skeleton.c
fn=__register_atfork
199 2 0 0 1 1 1 1 0 0 0 0 0 0
201 2 0 0 0 0 0 1 0 0 0 0 0 0
322 1 1 1 1 0 0 0 0 0 0 0 0 0
323 2 0 0 0 0 0 0 0 0 0 0 0 0
324 2 0 0 0 0 0 1 0 0 0 0 0 0
fl=./posix/../sysdeps/posix/sysconf.c
fn=sysconf
56 98 4 2 7 2 2 0 0 0 28 0 7 2
89 18 1 1 0 0 0 6 0 0 0 0 0 0
217 3 1 1 0 0 0 1 0 0 0 0 0 0
fl=./posix/../sysdeps/unix/syscall-template.S
fn=uname
120 5 1 1 0 0 0 0 0 0 1 0 0 0
122 1 0 0 1 0 0 0 0 0 0 0 0 0
fl=./posix/../sysdeps/unix/sysv/linux/internal-signals.h
fn=__spawnix
76 7 1 1 0 0 0 0 0 0 0 0 0 0
110 6 1 1 0 0 0 0 0 0 0 0 0 0
fl=./posix/../sysdeps/unix/sysv/linux/sched_getaffinity.c
fn=sched_getaffinity@@GLIBC_2.3.4
34 3 1 1 0 0 0 0 0 0 0 0 0 0
35 8 0 0 0 0 0 0 0 0 1 1 0 0
37 2 0 0 0 0 0 0 0 0 1 0 0 0
40 6 1 1 0 0 0 1 0 0 0 0 0 0
45 3 0 0 1 0 0 0 0 0 0 0 0 0
fl=./posix/../sysdeps/unix/sysv/linux/spawni.c
fn=__spawni
433 3 1 1 1 0 0 0 0 0 0 0 0 0
436 7 1 1 0 0 0 3 0 0 0 0 0 0
438 2 0 0 1 0 0 0 0 0 0 0 0 0
fn=__spawnix
315 17 1 1 2 0 0 11 1 1 0 0 0 0
323 1 0 0 0 0 0 0 0 0 0 0 0 0
330 13 1 1 3 0 0 0 0 0 3 1 0 0
331 4 0 0 0 0 0 0 0 0 2 0 0 0
337 1 0 0 0 0 0 0 0 0 0 0 0 0
338 4 1 1 2 1 0 0 0 0 0 0 0 0
349 5 0 0 2 0 0 0 0 0 0 0 0 0
350 7 0 0 0 0 0 1 1 1 0 0 0 0
352 2 0 0 0 0 0 0 0 0 1 0 0 0
357 3 0 0 0 0 0 1 0 0 0 0 0 0
361 1 0 0 0 0 0 1 1 1 0 0 0 0
362 2 0 0 1 0 0 1 0 0 0 0 0 0
363 1 1 1 0 0 0 1 1 1 0 0 0 0
364 2 0 0 1 0 0 1 0 0 0 0 0 0
365 6 0 0 0 0 0 1 0 0 1 0 0 0
367 1 0 0 0 0 0 1 0 0 0 0 0 0
368 2 0 0 1 0 0 1 0 0 0 0 0 0
369 2 0 0 1 0 0 1 0 0 0 0 0 0
381 9 1 1 0 0 0 8 2 2 0 0 0 0
388 4 1 1 0 0 0 1 0 0 0 0 0 0
393 2 0 0 0 0 0 0 0 0 1 0 0 0
401 1 0 0 1 0 0 0 0 0 0 0 0 0
402 2 0 0 0 0 0 0 0 0 1 0 0 0
414 3 0 0 0 0 0 1 0 0 0 0 0 0
416 5 0 0 1 0 0 0 0 0 2 0 0 0
417 1 0 0 0 0 0 1 0 0 0 0 0 0
421 3 0 0 1 0 0 1 0 0 0 0 0 0
424 12 1 1 9 0 0 0 0 0 1 0 0 0
fl=./posix/../sysdeps/unix/sysv/linux/wait4.c
fn=wait4
27 2 1 1 0 0 0 0 0 0 0 0 0 0
30 7 0 0 1 0 0 0 0 0 2 0 0 0
109 1 0 0 1 0 0 0 0 0 0 0 0 0
fl=./posix/../sysdeps/unix/sysv/linux/x86/../sysconf.c
fn=sysconf
49 70 4 2 0 0 0 0 0 0 35 8 0 0
fl=./posix/../sysdeps/unix/sysv/linux/x86/sysconf.c
fn=sysconf
32 70 2 1 7 0 0 35 0 0 0 0 0 0
33 21 0 0 0 0 0 0 0 0 7 0 0 0
37 63 2 1 49 0 0 0 0 0 7 0 0 0
fl=./posix/./posix/register-atfork.c
fn=__register_atfork
36 10 1 1 0 0 0 3 0 0 0 0 0 0
37 4 1 1 1 1 1 0 0 0 1 0 0 0
39 2 0 0 1 0 0 0 0 0 1 0 0 0
42 2 0 0 0 0 0 1 0 0 0 0 0 0
46 2 0 0 0 0 0 0 0 0 1 1 0 0
48 1 0 0 0 0 0 1 0 0 0 0 0 0
50 1 0 0 0 0 0 1 1 1 0 0 0 0
51 1 0 0 0 0 0 1 0 0 0 0 0 0
55 4 0 0 2 0 0 0 0 0 2 1 0 0
57 3 0 0 0 0 0 0 0 0 0 0 0 0
58 5 0 0 4 0 0 0 0 0 0 0 0 0
fl=./posix/./posix/sched_cpucount.c
fn=__sched_cpucount
27 2 0 0 0 0 0 0 0 0 0 0 0 0
28 98 1 1 0 0 0 0 0 0 33 8 0 0
29 32 0 0 0 0 0 0 0 0 0 0 0 0
35 1 1 1 0 0 0 0 0 0 0 0 0 0
36 2 0 0 0 0 0 0 0 0 0 0 0 0
37 6 0 0 0 0 0 0 0 0 2 0 0 0
38 2 0 0 1 0 0 0 0 0 0 0 0 0
40 2 0 0 1 0 0 0 0 0 0 0 0 0
fl=./posix/./posix/spawn_faction_adddup2.c
fn=posix_spawn_file_actions_adddup2
29 33 1 1 0 0 0 9 0 0 0 0 0 0
32 21 1 1 0 0 0 6 0 0 6 0 0 0
36 9 0 0 6 0 0 0 0 0 3 1 0 0
37 5 0 0 0 0 0 1 0 0 1 0 0 0
39 1 0 0 0 0 0 0 0 0 0 0 0 0
42 11 0 0 4 0 0 0 0 0 0 0 0 0
43 3 0 0 0 0 0 3 1 1 0 0 0 0
44 3 0 0 0 0 0 3 0 0 0 0 0 0
48 9 0 0 0 0 0 3 0 0 0 0 0 0
51 12 0 0 12 0 0 0 0 0 0 0 0 0
fl=./posix/./posix/spawn_faction_destroy.c
fn=posix_spawn_file_actions_destroy
26 5 0 0 0 0 0 2 0 0 0 0 0 0
28 14 0 0 1 0 0 0 0 0 4 1 0 0
30 9 0 0 0 0 0 0 0 0 0 0 0 0
31 15 0 0 3 0 0 0 0 0 6 6 0 0
50 2 2 2 1 0 0 1 0 0 0 0 0 0
52 5 0 0 3 0 0 0 0 0 0 0 0 0
fl=./posix/./posix/spawn_faction_init.c
fn=__posix_spawn_file_actions_realloc
30 5 1 1 0 0 0 2 0 0 0 0 0 0
31 2 0 0 1 0 0 0 0 0 0 0 0 0
32 4 0 0 1 0 0 1 0 0 0 0 0 0
35 2 0 0 0 0 0 0 0 0 1 0 0 0
39 1 0 0 0 0 0 1 0 0 0 0 0 0
40 1 0 0 0 0 0 1 0 0 0 0 0 0
42 1 0 0 0 0 0 0 0 0 0 0 0 0
43 4 0 0 3 0 0 0 0 0 0 0 0 0
fn=posix_spawn_file_actions_init
49 1 1 1 0 0 0 0 0 0 0 0 0 0
51 6 0 0 0 0 0 5 0 0 0 0 0 0
53 2 0 0 1 0 0 0 0 0 0 0 0 0
fl=./posix/./posix/spawn_valid_fd.c
fn=__spawn_valid_fd
25 18 1 1 0 0 0 6 0 0 0 0 0 0
26 12 0 0 0 0 0 6 0 0 0 0 0 0
28 24 0 0 0 0 0 0 0 0 12 2 0 0
29 12 1 1 0 0 0 0 0 0 0 0 0 0
30 12 0 0 12 0 0 0 0 0 0 0 0 0
fl=./posix/./posix/spawnattr_destroy.c
fn=posix_spawnattr_destroy
23 1 0 0 0 0 0 0 0 0 0 0 0 0
26 2 0 0 1 0 0 0 0 0 0 0 0 0
fl=./posix/./posix/spawnattr_init.c
fn=posix_spawnattr_init
24 2 1 1 0 0 0 0 0 0 0 0 0 0
27 50 1 1 0 0 0 43 4 4 42 9 0 0
30 1 0 0 1 0 0 0 0 0 0 0 0 0
fl=./posix/./posix/spawnattr_setdefault.c
fn=posix_spawnattr_setsigdefault
25 1 1 1 0 0 0 0 0 0 0 0 0 0
27 16 1 1 8 0 0 8 0 0 0 0 0 0
30 2 0 0 1 0 0 0 0 0 0 0 0 0
fl=./posix/./posix/spawnattr_setflags.c
fn=posix_spawnattr_setflags
34 1 0 0 0 0 0 0 0 0 0 0 0 0
36 2 0 0 0 0 0 0 0 0 1 0 0 0
37 1 0 0 0 0 0 0 0 0 0 0 0 0
40 1 0 0 0 0 0 1 0 0 0 0 0 0
42 1 0 0 0 0 0 0 0 0 0 0 0 0
43 1 0 0 1 0 0 0 0 0 0 0 0 0
fl=./posix/./posix/spawnp.c
fn=posix_spawnp@@GLIBC_2.15
29 2 1 1 0 0 0 0 0 0 0 0 0 0
30 2 0 0 0 0 0 2 0 0 0 0 0 0
32 2 0 0 1 0 0 0 0 0 0 0 0 0
fl=./posix/./posix/waitpid.c
fn=waitpid
37 1 1 1 0 0 0 0 0 0 0 0 0 0
38 2 0 0 0 0 0 0 0 0 0 0 0 0
fl=./resource/../sysdeps/unix/sysv/linux/getrlimit64.c
fn=getrlimit
38 16 2 1 0 0 0 0 0 0 0 0 0 0
39 56 0 0 0 0 0 0 0 0 8 0 0 0
40 8 0 0 8 0 0 0 0 0 0 0 0 0
fl=./setjmp/../sysdeps/x86_64/bsd-_setjmp.S
fn=_setjmp
28 33 33 2 0 0 0 0 0 0 0 0 0 0
30 33 0 0 0 0 0 0 0 0 0 0 0 0
32 33 0 0 0 0 0 0 0 0 0 0 0 0
fl=./setjmp/../sysdeps/x86_64/setjmp.S
fn=__sigsetjmp
30 43 5 4 0 0 0 0 0 0 0 0 0 0
32 43 0 0 0 0 0 43 1 1 0 0 0 0
41 43 0 0 0 0 0 0 0 0 0 0 0 0
42 86 1 1 43 0 0 0 0 0 0 0 0 0
43 43 0 0 0 0 0 43 0 0 0 0 0 0
47 43 0 0 0 0 0 43 32 32 0 0 0 0
48 43 0 0 0 0 0 43 0 0 0 0 0 0
49 43 0 0 0 0 0 43 0 0 0 0 0 0
50 43 0 0 0 0 0 43 0 0 0 0 0 0
51 43 0 0 0 0 0 0 0 0 0 0 0 0
53 86 5 3 43 0 0 0 0 0 0 0 0 0
55 43 0 0 0 0 0 43 0 0 0 0 0 0
56 43 0 0 43 0 0 0 0 0 0 0 0 0
57 43 0 0 0 0 0 0 0 0 0 0 0 0
59 86 0 0 43 0 0 0 0 0 0 0 0 0
61 43 1 1 0 0 0 43 0 0 0 0 0 0
66 35 0 0 35 35 33 0 0 0 0 0 0 0
67 35 0 0 0 0 0 0 0 0 35 5 0 0
69 8 0 0 0 0 0 0 0 0 0 0 0 0
72 8 0 0 0 0 0 0 0 0 0 0 0 0
73 8 0 0 0 0 0 8 1 1 0 0 0 0
80 8 0 0 0 0 0 0 0 0 0 0 0 0
81 8 0 0 8 0 0 0 0 0 0 0 0 0
84 35 5 3 0 0 0 0 0 0 0 0 0 0
fl=./setjmp/./setjmp/sigjmp.c
fn=__sigjmp_save
28 105 0 0 0 0 0 35 0 0 0 0 0 0
29 35 0 0 0 0 0 35 0 0 0 0 0 0
30 70 0 0 0 0 0 0 0 0 35 1 0 0
34 105 0 0 70 0 0 0 0 0 0 0 0 0
fl=./signal/../sysdeps/posix/signal.c
fn=__bsd_signal.part.0
29 4 1 1 1 0 0 1 0 0 0 0 0 0
41 1 0 0 0 0 0 1 1 1 0 0 0 0
44 4 0 0 0 0 0 1 0 0 0 0 0 0
45 3 0 0 0 0 0 1 0 0 0 0 0 0
48 3 0 0 1 0 0 0 0 0 0 0 0 0
49 5 0 0 3 0 0 0 0 0 1 0 0 0
fn=signal
30 1 1 1 0 0 0 0 0 0 0 0 0 0
34 5 0 0 0 0 0 0 0 0 1 0 0 0
35 3 0 0 0 0 0 0 0 0 1 0 0 0
fl=./signal/../sysdeps/unix/syscall-template.S
fn=sigaltstack
120 330 3 2 0 0 0 0 0 0 66 0 0 0
122 66 0 0 66 0 0 0 0 0 0 0 0 0
fl=./signal/../sysdeps/unix/sysv/linux/internal-signals.h
fn=sigaction
52 5 0 0 0 0 0 0 0 0 0 0 0 0
fn=sigaddset
52 1 0 0 0 0 0 0 0 0 0 0 0 0
fn=signal
52 1 0 0 0 0 0 0 0 0 0 0 0 0
fl=./signal/../sysdeps/unix/sysv/linux/libc_sigaction.c
fn=__libc_sigaction
43 36 4 4 6 0 0 6 0 0 0 0 0 0
48 12 0 0 0 0 0 0 0 0 6 2 0 0
50 8 2 2 4 0 0 4 0 0 0 0 0 0
51 64 0 0 32 0 0 32 0 0 0 0 0 0
53 24 2 2 4 0 0 8 0 0 0 0 0 0
58 66 2 2 0 0 0 0 0 0 6 0 0 0
63 24 0 0 0 0 0 0 0 0 6 3 0 0
65 6 1 1 3 0 0 3 0 0 0 0 0 0
66 48 0 0 24 0 0 24 0 0 0 0 0 0
67 6 0 0 3 0 0 3 0 0 0 0 0 0
68 6 1 1 3 0 0 3 0 0 0 0 0 0
71 36 3 3 18 0 0 0 0 0 6 0 0 0
fl=./signal/../sysdeps/unix/sysv/linux/sigsetops.h
fn=__bsd_signal.part.0
96 1 0 0 1 1 0 0 0 0 0 0 0 0
102 3 1 1 0 0 0 0 0 0 0 0 0 0
104 1 0 0 0 0 0 1 0 0 0 0 0 0
fn=sigaddset
102 2 1 1 0 0 0 0 0 0 0 0 0 0
104 1 0 0 1 0 0 0 0 0 0 0 0 0
fn=sigemptyset
54 1 0 0 0 0 0 1 0 0 0 0 0 0
fl=./signal/./signal/sigaction.c
fn=sigaction
26 5 1 1 0 0 0 0 0 0 0 0 0 0
27 25 0 0 0 0 0 0 0 0 5 0 0 0
33 5 0 0 0 0 0 0 0 0 0 0 0 0
fl=./signal/./signal/sigaddset.c
fn=sigaddset
26 1 1 1 0 0 0 0 0 0 0 0 0 0
27 5 0 0 0 0 0 0 0 0 1 0 0 0
28 2 0 0 0 0 0 0 0 0 1 0 0 0
35 1 0 0 0 0 0 0 0 0 0 0 0 0
36 1 0 0 1 0 0 0 0 0 0 0 0 0
fl=./signal/./signal/sigempty.c
fn=sigemptyset
26 1 1 1 0 0 0 0 0 0 0 0 0 0
27 2 0 0 0 0 0 0 0 0 1 0 0 0
34 1 0 0 0 0 0 0 0 0 0 0 0 0
35 1 0 0 1 0 0 0 0 0 0 0 0 0
fl=./stdio-common/../include/scratch_buffer.h
fn=__vfscanf_internal
77 162 1 1 0 0 0 108 0 0 0 0 0 0
78 54 0 0 0 0 0 54 0 0 0 0 0 0
85 162 0 0 108 0 0 0 0 0 54 2 0 0
113 756 1 1 108 0 0 108 0 0 0 0 0 0
fl=./stdio-common/../libio/strfile.h
fn=__isoc99_sscanf
92 54 0 0 0 0 0 54 0 0 0 0 0 0
93 378 2 2 0 0 0 54 0 0 0 0 0 0
94 108 0 0 0 0 0 54 0 0 0 0 0 0
95 270 0 0 0 0 0 54 0 0 0 0 0 0
fl=./stdio-common/./stdio-common/getline.c
fn=getline
27 108 1 1 0 0 0 0 0 0 0 0 0 0
28 108 1 1 0 0 0 0 0 0 0 0 0 0
fl=./stdio-common/./stdio-common/isoc99_sscanf.c
fn=__isoc99_sscanf
24 864 2 2 54 0 0 432 0 0 54 8 0 0
30 324 1 1 0 0 0 216 0 0 0 0 0 0
31 270 0 0 0 0 0 54 0 0 0 0 0 0
35 432 1 1 324 0 0 0 0 0 54 0 0 0
fl=./stdio-common/./stdio-common/vfscanf-internal.c
fn=__vfscanf_internal
206 216 0 0 216 0 0 0 0 0 0 0 0 0
214 216 0 0 0 0 0 0 0 0 0 0 0 0
222 540 1 1 108 0 0 108 0 0 0 0 0 0
223 216 0 0 216 0 0 0 0 0 0 0 0 0
260 4004 2 2 2056 0 0 0 0 0 1028 0 0 0
263 3084 0 0 0 0 0 2056 0 0 0 0 0 0
278 702 2 2 0 0 0 432 1 0 0 0 0 0
282 54 0 0 0 0 0 54 0 0 0 0 0 0
283 54 0 0 0 0 0 0 0 0 0 0 0 0
284 54 0 0 0 0 0 0 0 0 0 0 0 0
288 270 0 0 162 0 0 108 1 0 0 0 0 0
289 108 0 0 54 1 0 54 0 0 0 0 0 0
293 54 0 0 0 0 0 54 0 0 0 0 0 0
313 54 0 0 0 0 0 54 0 0 0 0 0 0
325 54 0 0 0 0 0 54 0 0 0 0 0 0
326 54 1 1 0 0 0 54 0 0 0 0 0 0
327 54 0 0 0 0 0 54 0 0 0 0 0 0
328 108 0 0 0 0 0 108 0 0 0 0 0 0
332 54 0 0 0 0 0 0 0 0 0 0 0 0
339 270 0 0 108 0 0 162 0 0 0 0 0 0
345 270 2 2 54 0 0 0 0 0 108 8 0 0
348 216 1 1 108 0 0 0 0 0 108 2 0 0
352 108 0 0 108 0 0 0 0 0 0 0 0 0
359 108 1 1 54 0 0 54 1 0 0 0 0 0
365 54 0 0 54 1 0 0 0 0 0 0 0 0
367 216 0 0 54 1 1 54 0 0 0 0 0 0
372 540 1 1 108 0 0 216 0 0 54 0 0 0
377 54 0 0 0 0 0 54 0 0 0 0 0 0
381 864 1 1 432 1 1 0 0 0 216 54 0 0
418 324 0 0 0 0 0 0 0 0 162 2 0 0
442 432 1 1 162 0 0 108 0 0 0 0 0 0
443 324 0 0 0 0 0 0 0 0 162 4 0 0
446 270 0 0 162 0 0 0 0 0 54 0 0 0
453 486 0 0 162 0 0 54 0 0 108 0 0 0
461 162 0 0 54 0 0 0 0 0 54 0 0 0
469 162 0 0 0 0 0 0 0 0 54 0 0 0
482 108 1 1 0 0 0 108 0 0 0 0 0 0
488 540 0 0 108 0 0 0 0 0 108 2 0 0
504 432 0 0 0 0 0 108 0 0 108 4 0 0
525 432 0 0 0 0 0 0 0 0 108 0 0 0
529 108 1 1 0 0 0 108 0 0 0 0 0 0
532 1296 1 1 216 1 1 108 0 0 108 0 108 1
545 324 1 1 108 0 0 0 0 0 108 0 0 0
553 108 0 0 108 0 0 0 0 0 0 0 0 0
570 162 1 1 0 0 0 54 0 0 0 0 0 0
612 216 1 1 0 0 0 0 0 0 108 0 0 0
616 216 0 0 0 0 0 108 0 0 0 0 0 0
617 324 0 0 108 0 0 0 0 0 0 0 0 0
618 324 1 1 0 0 0 0 0 0 108 2 0 0
621 324 0 0 216 0 0 108 0 0 0 0 0 0
622 864 0 0 216 0 0 324 0 0 0 0 0 0
628 972 1 1 324 0 0 108 0 0 216 0 0 0
631 648 0 0 216 2 1 0 0 0 108 1 0 0
632 756 2 2 324 0 0 216 0 0 0 0 0 0
633 756 0 0 0 0 0 216 0 0 108 0 0 0
637 1080 1 1 216 1 1 108 0 0 108 0 108 1
1377 108 1 1 0 0 0 108 0 0 0 0 0 0
1398 1080 1 1 432 0 0 108 0 0 216 0 0 0
1403 324 0 0 0 0 0 0 0 0 108 2 0 0
1412 864 1 1 108 0 0 0 0 0 108 2 0 0
1415 350 0 0 0 0 0 70 0 0 0 0 0 0
1418 490 1 1 210 0 0 70 0 0 70 0 0 0
1420 560 0 0 280 1 1 0 0 0 140 0 0 0
1431 210 1 1 70 0 0 0 0 0 70 2 0 0
1435 114 1 1 38 0 0 0 0 0 38 2 0 0
1438 324 1 1 108 0 0 0 0 0 108 0 0 0
1669 324 1 1 108 0 0 0 0 0 0 0 0 0
1733 2056 0 0 0 0 0 0 0 0 958 0 0 0
1735 1916 1 1 958 0 0 0 0 0 958 0 0 0
1737 5330 1 1 2982 1 1 108 0 0 958 114 0 0
1742 324 0 0 108 0 0 108 0 0 0 0 0 0
1797 850 0 0 0 0 0 0 0 0 0 0 0 0
1799 3400 0 0 0 0 0 0 0 0 0 0 0 0
1801 7650 0 0 2550 0 0 850 0 0 1700 6 0 0
1804 216 0 0 0 0 0 0 0 0 108 0 0 0
1811 216 0 0 0 0 0 0 0 0 108 0 0 0
1812 216 0 0 0 0 0 0 0 0 108 0 0 0
1840 648 1 1 0 0 0 108 0 0 108 0 0 0
1844 216 0 0 108 0 0 0 0 0 108 0 0 0
1861 324 0 0 0 0 0 0 0 0 108 2 0 0
1862 216 0 0 108 0 0 0 0 0 0 0 0 0
1865 324 1 1 0 0 0 108 0 0 0 0 0 0
1868 324 1 1 216 0 0 0 0 0 108 0 0 0
1871 540 0 0 108 0 0 108 0 0 108 1 0 0
1873 216 0 0 0 0 0 0 0 0 108 2 0 0
1877 108 0 0 0 0 0 0 0 0 0 0 0 0
1890 216 1 1 0 0 0 0 0 0 108 0 0 0
1891 1296 1 1 432 0 0 216 0 0 216 2 0 0
1900 216 0 0 108 0 0 0 0 0 0 0 0 0
2180 324 0 0 0 0 0 54 0 0 0 0 0 0
2429 270 0 0 0 0 0 54 0 0 0 0 0 0
3015 270 0 0 54 0 0 0 0 0 54 2 0 0
3025 216 2 2 108 0 0 54 0 0 54 2 0 0
3029 108 0 0 54 0 0 0 0 0 54 0 0 0
3046 108 0 0 54 0 0 0 0 0 54 0 0 0
3052 648 1 1 540 0 0 0 0 0 54 0 0 0
fl=./stdlib/../stdlib/strtol.c
fn=__strtoul_internal
97 108 1 1 0 0 0 0 0 0 0 0 0 0
98 324 0 0 216 0 0 0 0 0 0 0 0 0
fl=./stdlib/../stdlib/strtol_l.c
fn=____strtoul_l_internal
225 1188 2 2 0 0 0 756 1 0 0 0 0 0
239 108 0 0 108 0 0 0 0 0 0 0 0 0
244 108 0 0 0 0 0 0 0 0 0 0 0 0
245 108 0 0 0 0 0 0 0 0 0 0 0 0
251 216 0 0 0 0 0 0 0 0 108 0 0 0
279 108 0 0 0 0 0 0 0 0 0 0 0 0
282 432 0 0 0 0 0 0 0 0 108 0 0 0
291 648 1 1 324 0 0 0 0 0 108 2 0 0
293 216 0 0 0 0 0 0 0 0 108 0 0 0
297 108 0 0 0 0 0 108 0 0 0 0 0 0
298 216 0 0 0 0 0 0 0 0 108 0 0 0
303 216 1 1 0 0 0 0 0 0 108 0 0 0
307 216 0 0 0 0 0 0 0 0 108 4 0 0
309 528 2 2 318 2 1 0 0 0 140 2 0 0
314 140 0 0 0 0 0 0 0 0 70 1 0 0
317 76 0 0 0 0 0 0 0 0 0 0 0 0
324 216 0 0 0 0 0 0 0 0 108 1 0 0
369 146 0 0 0 0 0 0 0 0 0 0 0 0
372 432 0 0 108 1 1 0 0 0 0 0 0 0
373 324 0 0 108 1 1 108 0 0 0 0 0 0
377 178 1 1 0 0 0 0 0 0 0 0 0 0
431 1840 0 0 920 0 0 0 0 0 0 0 0 0
433 3832 0 0 0 0 0 0 0 0 996 108 0 0
435 2760 0 0 0 0 0 0 0 0 920 126 0 0
442 210 0 0 0 0 0 0 0 0 105 0 0 0
449 216 1 1 0 0 0 108 0 0 0 0 0 0
459 642 0 0 213 0 0 0 0 0 105 0 0 0
460 210 0 0 105 1 1 0 0 0 0 0 0 0
463 2760 1 1 0 0 0 0 0 0 920 0 0 0
466 2760 0 0 0 0 0 0 0 0 1840 17 0 0
471 1136 1 1 0 0 0 0 0 0 0 0 0 0
472 2760 0 0 0 0 0 0 0 0 0 0 0 0
477 216 0 0 0 0 0 0 0 0 108 0 0 0
482 324 1 1 108 0 0 0 0 0 108 0 0 0
483 108 0 0 0 0 0 108 0 0 0 0 0 0
495 216 0 0 0 0 0 0 0 0 108 0 0 0
506 648 0 0 108 0 0 0 0 0 0 0 0 0
524 972 1 1 756 0 0 0 0 0 0 0 0 0
fl=./stdlib/../sysdeps/unix/sysv/linux/getrandom.c
fn=getrandom
28 4 3 1 0 0 0 0 0 0 0 0 0 0
29 28 3 1 4 0 0 0 0 0 8 2 0 0
30 4 0 0 4 0 0 0 0 0 0 0 0 0
fl=./stdlib/./stdlib/cxa_atexit.c
fn=__cxa_atexit
41 2 0 0 0 0 0 0 0 0 1 0 0 0
43 6 0 0 1 1 0 0 0 0 1 0 0 0
44 2 1 1 0 0 0 1 0 0 0 0 0 0
46 2 0 0 0 0 0 0 0 0 1 0 0 0
53 3 0 0 1 0 0 0 0 0 0 0 0 0
55 1 0 0 0 0 0 1 0 0 0 0 0 0
56 2 0 0 1 0 0 1 0 0 0 0 0 0
58 1 0 0 0 0 0 1 0 0 0 0 0 0
59 4 1 1 2 0 0 0 0 0 2 0 0 0
60 1 0 0 0 0 0 0 0 0 0 0 0 0
69 9 1 1 0 0 0 4 0 0 0 0 0 0
71 6 0 0 4 0 0 0 0 0 0 0 0 0
fn=__new_exitfn
82 5 1 1 0 0 0 2 0 0 0 0 0 0
83 2 0 0 0 0 0 0 0 0 0 0 0 0
88 2 0 0 1 0 0 0 0 0 1 0 0 0
93 8 0 0 2 1 0 0 0 0 2 1 0 0
95 4 1 1 1 1 0 0 0 0 1 0 0 0
103 1 0 0 0 0 0 1 0 0 0 0 0 0
124 1 0 0 0 0 0 0 0 0 0 0 0 0
125 2 1 1 0 0 0 1 0 0 0 0 0 0
138 1 1 1 0 0 0 1 0 0 0 0 0 0
139 1 0 0 1 0 0 0 0 0 0 0 0 0
143 5 0 0 3 0 0 0 0 0 0 0 0 0
fl=./stdlib/./stdlib/cxa_thread_atexit_impl.c
fn=__cxa_thread_atexit_impl
101 800 4 4 0 0 0 400 0 0 0 0 0 0
103 300 0 0 100 0 0 0 0 0 0 0 0 0
107 300 0 0 0 0 0 100 32 32 0 0 0 0
108 200 0 0 0 0 0 0 0 0 100 0 0 0
111 200 0 0 0 0 0 100 0 0 0 0 0 0
112 100 0 0 0 0 0 100 0 0 0 0 0 0
113 300 0 0 200 0 0 100 0 0 0 0 0 0
114 100 0 0 0 0 0 100 0 0 0 0 0 0
118 300 4 4 100 32 2 100 0 0 0 0 0 0
121 200 0 0 0 0 0 0 0 0 100 3 0 0
125 200 4 4 0 0 0 100 0 0 0 0 0 0
129 500 5 4 100 0 0 100 0 0 100 3 0 0
137 100 0 0 200 3 2 0 0 0 100 0 0 0
138 200 0 0 0 0 0 100 0 0 0 0 0 0
140 200 0 0 100 0 0 100 0 0 0 0 0 0
143 700 0 0 500 0 0 0 0 0 0 0 0 0
fl=./stdlib/./stdlib/getenv.c
fn=getenv
34 48 6 4 0 0 0 36 0 0 0 0 0 0
38 48 0 0 18 5 2 0 0 0 12 0 0 0
41 12 0 0 6 0 0 0 0 0 6 2 0 0
65 12 6 4 0 0 0 6 0 0 0 0 0 0
67 6 0 0 6 0 0 0 0 0 0 0 0 0
72 6 0 0 0 0 0 0 0 0 0 0 0 0
73 6 0 0 0 0 0 0 0 0 0 0 0 0
75 1002 0 0 252 18 5 0 0 0 252 9 0 0
84 492 0 0 246 43 17 0 0 0 246 15 0 0
91 54 0 0 42 0 0 0 0 0 0 0 0 0
fl=./string/../include/rtld-malloc.h
fn=strdup
56 10 0 0 5 0 0 5 0 0 0 0 5 1
fl=./string/../string/strstr.c
fn=__GI_strstr
77 11 1 1 1 0 0 7 0 0 0 0 0 0
82 3 0 0 1 1 1 0 0 0 1 1 0 0
84 5 1 1 0 0 0 1 0 0 0 0 0 0
85 2 0 0 0 0 0 0 0 0 1 1 0 0
129 1 1 1 0 0 0 0 0 0 0 0 0 0
161 12 0 0 9 0 0 0 0 0 1 0 0 0
fl=./string/../sysdeps/x86/cacheinfo.c
fn=__x86_cacheinfo
86 3 1 1 1 0 0 0 0 0 0 0 0 0
fl=./string/../sysdeps/x86/cacheinfo.h
fn=__x86_cacheinfo
61 1 0 0 1 0 0 0 0 0 0 0 0 0
64 3 0 0 1 1 0 0 0 0 1 0 0 0
66 3 0 0 0 0 0 1 0 0 0 0 0 0
67 1 1 1 0 0 0 1 1 1 0 0 0 0
73 3 0 0 1 0 0 0 0 0 1 0 0 0
75 3 0 0 0 0 0 1 0 0 0 0 0 0
76 1 0 0 0 0 0 1 0 0 0 0 0 0
80 2 1 1 1 0 0 1 1 1 0 0 0 0
82 2 0 0 1 0 0 1 1 1 0 0 0 0
83 2 0 0 1 1 0 1 0 0 0 0 0 0
84 2 0 0 1 0 0 1 0 0 0 0 0 0
86 2 0 0 1 0 0 0 0 0 1 1 0 0
fl=./string/../sysdeps/x86_64/multiarch/../memchr.S
fn=__memchr_sse2
33 59 1 1 0 0 0 0 0 0 0 0 0 0
34 59 0 0 0 0 0 0 0 0 0 0 0 0
35 59 0 0 0 0 0 0 0 0 0 0 0 0
45 59 0 0 0 0 0 0 0 0 0 0 0 0
46 59 0 0 0 0 0 0 0 0 0 0 0 0
47 59 0 0 0 0 0 0 0 0 59 0 0 0
48 59 0 0 0 0 0 0 0 0 0 0 0 0
51 59 0 0 0 0 0 0 0 0 0 0 0 0
52 59 0 0 0 0 0 0 0 0 0 0 0 0
54 59 0 0 0 0 0 0 0 0 0 0 0 0
55 59 0 0 0 0 0 0 0 0 59 14 0 0
57 48 0 0 48 0 0 0 0 0 0 0 0 0
58 48 0 0 0 0 0 0 0 0 0 0 0 0
59 48 0 0 0 0 0 0 0 0 0 0 0 0
60 48 0 0 0 0 0 0 0 0 0 0 0 0
62 48 0 0 0 0 0 0 0 0 48 0 0 0
63 48 0 0 0 0 0 0 0 0 0 0 0 0
64 48 1 1 0 0 0 0 0 0 48 0 0 0
65 48 0 0 0 0 0 0 0 0 0 0 0 0
66 48 0 0 0 0 0 0 0 0 0 0 0 0
67 48 0 0 0 0 0 0 0 0 0 0 0 0
71 48 0 0 0 0 0 0 0 0 0 0 0 0
72 48 0 0 0 0 0 0 0 0 0 0 0 0
73 48 0 0 0 0 0 0 0 0 48 3 0 0
74 45 0 0 0 0 0 0 0 0 0 0 0 0
78 11 0 0 0 0 0 0 0 0 0 0 0 0
79 11 0 0 0 0 0 0 0 0 0 0 0 0
80 11 0 0 11 0 0 0 0 0 0 0 0 0
82 11 0 0 0 0 0 0 0 0 0 0 0 0
84 11 0 0 0 0 0 0 0 0 0 0 0 0
86 11 0 0 0 0 0 0 0 0 0 0 0 0
87 11 0 0 0 0 0 0 0 0 0 0 0 0
88 11 0 0 0 0 0 0 0 0 11 2 0 0
108 11 0 0 0 0 0 0 0 0 0 0 0 0
109 11 0 0 0 0 0 0 0 0 0 0 0 0
113 11 0 0 0 0 0 0 0 0 0 0 0 0
114 11 0 0 0 0 0 0 0 0 11 1 0 0
115 10 0 0 0 0 0 0 0 0 0 0 0 0
116 10 0 0 0 0 0 0 0 0 0 0 0 0
117 19 0 0 0 0 0 0 0 0 10 1 0 0
121 54 1 1 54 2 2 0 0 0 0 0 0 0
122 54 0 0 0 0 0 0 0 0 0 0 0 0
123 54 0 0 0 0 0 0 0 0 0 0 0 0
124 54 0 0 0 0 0 0 0 0 0 0 0 0
125 54 1 1 0 0 0 0 0 0 54 1 0 0
127 53 0 0 53 2 2 0 0 0 0 0 0 0
128 53 0 0 0 0 0 0 0 0 0 0 0 0
129 53 0 0 0 0 0 0 0 0 0 0 0 0
130 53 0 0 0 0 0 0 0 0 0 0 0 0
131 53 0 0 0 0 0 0 0 0 53 8 0 0
133 46 0 0 46 1 1 0 0 0 0 0 0 0
134 46 0 0 0 0 0 0 0 0 0 0 0 0
135 46 0 0 0 0 0 0 0 0 0 0 0 0
136 46 0 0 0 0 0 0 0 0 0 0 0 0
137 46 0 0 0 0 0 0 0 0 46 9 0 0
139 34 0 0 34 1 1 0 0 0 0 0 0 0
140 34 0 0 0 0 0 0 0 0 0 0 0 0
141 34 0 0 0 0 0 0 0 0 0 0 0 0
142 34 0 0 0 0 0 0 0 0 0 0 0 0
143 34 1 1 0 0 0 0 0 0 0 0 0 0
144 34 0 0 0 0 0 0 0 0 34 1 0 0
146 33 0 0 0 0 0 0 0 0 0 0 0 0
147 33 0 0 0 0 0 0 0 0 33 2 0 0
149 28 0 0 0 0 0 0 0 0 0 0 0 0
150 28 0 0 0 0 0 0 0 0 28 3 0 0
152 27 0 0 27 0 0 0 0 0 0 0 0 0
153 27 0 0 0 0 0 0 0 0 0 0 0 0
154 27 0 0 0 0 0 0 0 0 0 0 0 0
155 27 0 0 0 0 0 0 0 0 0 0 0 0
156 27 0 0 0 0 0 0 0 0 27 0 0 0
158 27 0 0 27 2 2 0 0 0 0 0 0 0
159 27 0 0 0 0 0 0 0 0 0 0 0 0
160 27 0 0 0 0 0 0 0 0 0 0 0 0
161 27 0 0 0 0 0 0 0 0 0 0 0 0
162 27 1 1 0 0 0 0 0 0 27 5 0 0
164 23 0 0 23 1 1 0 0 0 0 0 0 0
165 23 0 0 0 0 0 0 0 0 0 0 0 0
166 23 0 0 0 0 0 0 0 0 0 0 0 0
167 23 0 0 0 0 0 0 0 0 0 0 0 0
168 23 0 0 0 0 0 0 0 0 23 7 0 0
170 9 0 0 9 1 1 0 0 0 0 0 0 0
171 9 0 0 0 0 0 0 0 0 0 0 0 0
172 9 0 0 0 0 0 0 0 0 0 0 0 0
174 9 0 0 0 0 0 0 0 0 0 0 0 0
175 9 0 0 0 0 0 0 0 0 0 0 0 0
176 9 0 0 0 0 0 0 0 0 9 3 0 0
178 4 0 0 0 0 0 0 0 0 0 0 0 0
179 4 0 0 0 0 0 0 0 0 0 0 0 0
180 4 0 0 0 0 0 0 0 0 0 0 0 0
184 8 0 0 0 0 0 0 0 0 0 0 0 0
188 12 1 1 0 0 0 0 0 0 0 0 0 0
189 12 0 0 0 0 0 0 0 0 12 1 0 0
190 11 0 0 11 4 4 0 0 0 0 0 0 0
191 11 0 0 11 0 0 0 0 0 0 0 0 0
192 11 0 0 11 0 0 0 0 0 0 0 0 0
193 11 0 0 11 0 0 0 0 0 0 0 0 0
195 11 0 0 0 0 0 0 0 0 0 0 0 0
196 11 0 0 0 0 0 0 0 0 0 0 0 0
197 11 0 0 0 0 0 0 0 0 0 0 0 0
198 11 0 0 0 0 0 0 0 0 0 0 0 0
200 11 0 0 0 0 0 0 0 0 0 0 0 0
201 11 0 0 0 0 0 0 0 0 0 0 0 0
202 11 0 0 0 0 0 0 0 0 0 0 0 0
203 11 0 0 0 0 0 0 0 0 0 0 0 0
205 11 1 1 0 0 0 0 0 0 0 0 0 0
207 11 0 0 0 0 0 0 0 0 0 0 0 0
208 11 0 0 0 0 0 0 0 0 11 5 0 0
210 8 0 0 0 0 0 0 0 0 0 0 0 0
212 8 0 0 0 0 0 0 0 0 0 0 0 0
213 8 0 0 0 0 0 0 0 0 0 0 0 0
214 8 0 0 0 0 0 0 0 0 8 2 0 0
216 7 0 0 0 0 0 0 0 0 0 0 0 0
217 7 0 0 0 0 0 0 0 0 0 0 0 0
218 7 0 0 0 0 0 0 0 0 7 2 0 0
220 6 0 0 6 0 0 0 0 0 0 0 0 0
221 6 0 0 0 0 0 0 0 0 0 0 0 0
223 6 0 0 6 0 0 0 0 0 0 0 0 0
224 6 0 0 0 0 0 0 0 0 0 0 0 0
225 6 0 0 0 0 0 0 0 0 0 0 0 0
226 6 0 0 0 0 0 0 0 0 6 4 0 0
228 1 0 0 0 0 0 0 0 0 0 0 0 0
229 1 1 1 0 0 0 0 0 0 0 0 0 0
230 1 0 0 0 0 0 0 0 0 0 0 0 0
231 1 0 0 1 0 0 0 0 0 0 0 0 0
235 6 0 0 0 0 0 0 0 0 0 0 0 0
236 6 0 0 0 0 0 0 0 0 6 1 0 0
238 4 0 0 4 1 1 0 0 0 0 0 0 0
239 4 0 0 0 0 0 0 0 0 0 0 0 0
240 4 0 0 0 0 0 0 0 0 0 0 0 0
241 4 0 0 0 0 0 0 0 0 0 0 0 0
242 4 0 0 0 0 0 0 0 0 4 0 0 0
244 4 0 0 4 0 0 0 0 0 0 0 0 0
245 4 0 0 0 0 0 0 0 0 0 0 0 0
246 4 0 0 0 0 0 0 0 0 0 0 0 0
247 4 0 0 0 0 0 0 0 0 0 0 0 0
248 4 0 0 0 0 0 0 0 0 4 0 0 0
250 4 1 1 4 0 0 0 0 0 0 0 0 0
251 4 0 0 0 0 0 0 0 0 0 0 0 0
252 4 0 0 0 0 0 0 0 0 0 0 0 0
253 4 0 0 0 0 0 0 0 0 0 0 0 0
254 4 0 0 0 0 0 0 0 0 4 2 0 0
255 2 0 0 0 0 0 0 0 0 0 0 0 0
256 2 0 0 0 0 0 0 0 0 2 1 0 0
258 1 0 0 1 0 0 0 0 0 0 0 0 0
259 1 0 0 0 0 0 0 0 0 0 0 0 0
260 1 0 0 0 0 0 0 0 0 0 0 0 0
261 1 0 0 0 0 0 0 0 0 1 0 0 0
262 1 0 0 0 0 0 0 0 0 0 0 0 0
263 1 0 0 1 0 0 0 0 0 0 0 0 0
267 2 0 0 0 0 0 0 0 0 0 0 0 0
268 2 0 0 2 0 0 0 0 0 0 0 0 0
269 2 0 0 0 0 0 0 0 0 0 0 0 0
270 2 0 0 0 0 0 0 0 0 0 0 0 0
271 2 0 0 0 0 0 0 0 0 0 0 0 0
272 2 0 0 0 0 0 0 0 0 2 0 0 0
273 2 0 0 0 0 0 0 0 0 0 0 0 0
274 2 0 0 0 0 0 0 0 0 2 1 0 0
276 1 0 0 1 0 0 0 0 0 0 0 0 0
277 1 0 0 0 0 0 0 0 0 0 0 0 0
278 1 0 0 0 0 0 0 0 0 0 0 0 0
279 1 0 0 0 0 0 0 0 0 1 0 0 0
280 1 0 0 0 0 0 0 0 0 0 0 0 0
281 1 0 0 1 0 0 0 0 0 0 0 0 0
285 6 0 0 0 0 0 0 0 0 0 0 0 0
286 6 0 0 0 0 0 0 0 0 0 0 0 0
287 6 0 0 6 0 0 0 0 0 0 0 0 0
291 2 1 1 0 0 0 0 0 0 0 0 0 0
292 2 0 0 0 0 0 0 0 0 0 0 0 0
293 2 0 0 2 0 0 0 0 0 0 0 0 0
297 12 0 0 0 0 0 0 0 0 0 0 0 0
298 12 0 0 0 0 0 0 0 0 0 0 0 0
299 12 0 0 12 0 0 0 0 0 0 0 0 0
303 31 1 1 0 0 0 0 0 0 0 0 0 0
304 31 0 0 0 0 0 0 0 0 0 0 0 0
305 31 0 0 31 0 0 0 0 0 0 0 0 0
337 2 0 0 0 0 0 0 0 0 0 0 0 0
343 2 0 0 0 0 0 0 0 0 0 0 0 0
345 2 0 0 0 0 0 0 0 0 2 0 0 0
346 2 0 0 0 0 0 0 0 0 0 0 0 0
347 2 0 0 2 0 0 0 0 0 0 0 0 0
365 3 0 0 0 0 0 0 0 0 0 0 0 0
366 3 0 0 3 0 0 0 0 0 0 0 0 0
fl=./string/../sysdeps/x86_64/multiarch/../rawmemchr.S
fn=__rawmemchr_sse2
23 54 1 1 0 0 0 0 0 0 0 0 0 0
24 54 0 0 0 0 0 0 0 0 0 0 0 0
25 54 0 0 0 0 0 0 0 0 0 0 0 0
27 54 0 0 0 0 0 0 0 0 0 0 0 0
28 54 1 1 0 0 0 0 0 0 0 0 0 0
30 54 0 0 0 0 0 0 0 0 0 0 0 0
31 54 0 0 0 0 0 0 0 0 0 0 0 0
33 54 0 0 0 0 0 0 0 0 0 0 0 0
34 54 0 0 0 0 0 0 0 0 54 0 0 0
36 54 0 0 54 0 0 0 0 0 0 0 0 0
37 54 0 0 0 0 0 0 0 0 0 0 0 0
39 54 0 0 0 0 0 0 0 0 0 0 0 0
40 54 0 0 0 0 0 0 0 0 0 0 0 0
42 54 0 0 0 0 0 0 0 0 54 0 0 0
43 54 0 0 0 0 0 0 0 0 0 0 0 0
44 54 0 0 0 0 0 0 0 0 0 0 0 0
45 54 0 0 0 0 0 0 0 0 0 0 0 0
73 54 1 1 54 0 0 0 0 0 0 0 0 0
74 54 0 0 0 0 0 0 0 0 0 0 0 0
75 54 0 0 0 0 0 0 0 0 0 0 0 0
76 54 0 0 0 0 0 0 0 0 0 0 0 0
77 54 0 0 0 0 0 0 0 0 54 0 0 0
79 54 0 0 54 0 0 0 0 0 0 0 0 0
80 54 0 0 0 0 0 0 0 0 0 0 0 0
81 54 0 0 0 0 0 0 0 0 0 0 0 0
82 54 0 0 0 0 0 0 0 0 0 0 0 0
83 54 0 0 0 0 0 0 0 0 54 11 0 0
85 35 0 0 35 0 0 0 0 0 0 0 0 0
86 35 0 0 0 0 0 0 0 0 0 0 0 0
87 35 0 0 0 0 0 0 0 0 0 0 0 0
88 35 0 0 0 0 0 0 0 0 0 0 0 0
89 35 0 0 0 0 0 0 0 0 35 0 0 0
91 35 1 1 35 0 0 0 0 0 0 0 0 0
92 35 0 0 0 0 0 0 0 0 0 0 0 0
93 35 0 0 0 0 0 0 0 0 0 0 0 0
94 35 0 0 0 0 0 0 0 0 0 0 0 0
95 35 0 0 0 0 0 0 0 0 0 0 0 0
96 35 0 0 0 0 0 0 0 0 35 0 0 0
98 35 0 0 0 0 0 0 0 0 0 0 0 0
99 35 0 0 0 0 0 0 0 0 35 0 0 0
101 35 0 0 35 0 0 0 0 0 0 0 0 0
102 35 0 0 0 0 0 0 0 0 0 0 0 0
103 35 0 0 0 0 0 0 0 0 0 0 0 0
104 35 0 0 0 0 0 0 0 0 0 0 0 0
105 35 0 0 0 0 0 0 0 0 35 0 0 0
107 35 0 0 35 0 0 0 0 0 0 0 0 0
108 35 0 0 0 0 0 0 0 0 0 0 0 0
109 35 1 1 0 0 0 0 0 0 0 0 0 0
110 35 0 0 0 0 0 0 0 0 0 0 0 0
111 35 0 0 0 0 0 0 0 0 35 8 0 0
113 24 0 0 24 0 0 0 0 0 0 0 0 0
114 24 0 0 0 0 0 0 0 0 0 0 0 0
115 24 0 0 0 0 0 0 0 0 0 0 0 0
116 24 0 0 0 0 0 0 0 0 0 0 0 0
117 24 0 0 0 0 0 0 0 0 24 3 0 0
119 6 0 0 6 0 0 0 0 0 0 0 0 0
120 6 0 0 0 0 0 0 0 0 0 0 0 0
121 6 0 0 0 0 0 0 0 0 0 0 0 0
123 6 0 0 0 0 0 0 0 0 0 0 0 0
124 6 0 0 0 0 0 0 0 0 0 0 0 0
125 6 0 0 0 0 0 0 0 0 6 1 0 0
127 10 0 0 0 0 0 0 0 0 0 0 0 0
131 5 1 1 5 0 0 0 0 0 0 0 0 0
132 5 0 0 5 0 0 0 0 0 0 0 0 0
133 5 0 0 5 0 0 0 0 0 0 0 0 0
134 5 0 0 5 0 0 0 0 0 0 0 0 0
136 5 0 0 0 0 0 0 0 0 0 0 0 0
137 5 0 0 0 0 0 0 0 0 0 0 0 0
138 5 0 0 0 0 0 0 0 0 0 0 0 0
139 5 0 0 0 0 0 0 0 0 0 0 0 0
141 5 0 0 0 0 0 0 0 0 0 0 0 0
142 5 0 0 0 0 0 0 0 0 0 0 0 0
143 5 0 0 0 0 0 0 0 0 0 0 0 0
144 5 0 0 0 0 0 0 0 0 0 0 0 0
146 5 0 0 0 0 0 0 0 0 0 0 0 0
148 5 0 0 0 0 0 0 0 0 0 0 0 0
149 5 0 0 0 0 0 0 0 0 5 0 0 0
151 5 0 0 0 0 0 0 0 0 0 0 0 0
153 5 1 1 0 0 0 0 0 0 0 0 0 0
154 5 0 0 0 0 0 0 0 0 0 0 0 0
155 5 0 0 0 0 0 0 0 0 5 0 0 0
157 5 0 0 0 0 0 0 0 0 0 0 0 0
158 5 0 0 0 0 0 0 0 0 0 0 0 0
159 5 0 0 0 0 0 0 0 0 5 0 0 0
161 5 0 0 5 0 0 0 0 0 0 0 0 0
162 5 0 0 0 0 0 0 0 0 0 0 0 0
164 5 0 0 5 0 0 0 0 0 0 0 0 0
165 5 0 0 0 0 0 0 0 0 0 0 0 0
166 5 0 0 0 0 0 0 0 0 0 0 0 0
167 5 0 0 0 0 0 0 0 0 5 0 0 0
169 5 0 0 0 0 0 0 0 0 0 0 0 0
170 5 0 0 0 0 0 0 0 0 0 0 0 0
171 5 0 0 0 0 0 0 0 0 0 0 0 0
172 5 0 0 5 0 0 0 0 0 0 0 0 0
176 1 0 0 0 0 0 0 0 0 0 0 0 0
177 1 0 0 0 0 0 0 0 0 0 0 0 0
178 1 0 0 1 0 0 0 0 0 0 0 0 0
188 30 1 1 0 0 0 0 0 0 0 0 0 0
189 30 0 0 0 0 0 0 0 0 0 0 0 0
190 30 0 0 30 0 0 0 0 0 0 0 0 0
194 18 0 0 0 0 0 0 0 0 0 0 0 0
195 18 0 0 0 0 0 0 0 0 0 0 0 0
196 18 0 0 18 0 0 0 0 0 0 0 0 0
fl=./string/../sysdeps/x86_64/multiarch/../strchr.S
fn=__strchr_sse2
23 1 1 1 0 0 0 0 0 0 0 0 0 0
24 1 0 0 0 0 0 0 0 0 0 0 0 0
25 1 0 0 0 0 0 0 0 0 0 0 0 0
26 1 0 0 0 0 0 0 0 0 0 0 0 0
27 1 0 0 0 0 0 0 0 0 0 0 0 0
28 1 0 0 0 0 0 0 0 0 0 0 0 0
29 1 0 0 0 0 0 0 0 0 0 0 0 0
30 1 0 0 0 0 0 0 0 0 0 0 0 0
31 1 0 0 0 0 0 0 0 0 1 0 0 0
32 1 0 0 1 0 0 0 0 0 0 0 0 0
33 1 0 0 0 0 0 0 0 0 0 0 0 0
34 1 1 1 0 0 0 0 0 0 0 0 0 0
35 1 0 0 0 0 0 0 0 0 0 0 0 0
36 1 0 0 0 0 0 0 0 0 0 0 0 0
37 1 0 0 0 0 0 0 0 0 0 0 0 0
38 1 0 0 0 0 0 0 0 0 0 0 0 0
39 1 0 0 0 0 0 0 0 0 0 0 0 0
40 1 0 0 0 0 0 0 0 0 1 0 0 0
41 1 0 0 0 0 0 0 0 0 0 0 0 0
45 1 0 0 0 0 0 0 0 0 0 0 0 0
46 1 0 0 0 0 0 0 0 0 0 0 0 0
47 1 0 0 1 0 0 0 0 0 0 0 0 0
48 1 0 0 0 0 0 0 0 0 0 0 0 0
50 1 0 0 1 0 0 0 0 0 0 0 0 0
fn=index
23 22 1 1 0 0 0 0 0 0 0 0 0 0
24 22 0 0 0 0 0 0 0 0 0 0 0 0
25 22 0 0 0 0 0 0 0 0 0 0 0 0
26 22 0 0 0 0 0 0 0 0 0 0 0 0
27 22 0 0 0 0 0 0 0 0 0 0 0 0
28 22 0 0 0 0 0 0 0 0 0 0 0 0
29 22 0 0 0 0 0 0 0 0 0 0 0 0
30 22 0 0 0 0 0 0 0 0 0 0 0 0
31 22 0 0 0 0 0 0 0 0 22 0 0 0
32 22 0 0 22 4 4 0 0 0 0 0 0 0
33 22 0 0 0 0 0 0 0 0 0 0 0 0
34 22 1 1 0 0 0 0 0 0 0 0 0 0
35 22 0 0 0 0 0 0 0 0 0 0 0 0
36 22 0 0 0 0 0 0 0 0 0 0 0 0
37 22 0 0 0 0 0 0 0 0 0 0 0 0
38 22 0 0 0 0 0 0 0 0 0 0 0 0
39 22 0 0 0 0 0 0 0 0 0 0 0 0
40 22 0 0 0 0 0 0 0 0 22 3 0 0
41 19 0 0 0 0 0 0 0 0 0 0 0 0
45 19 0 0 0 0 0 0 0 0 0 0 0 0
46 19 0 0 0 0 0 0 0 0 0 0 0 0
47 19 0 0 19 0 0 0 0 0 0 0 0 0
48 19 0 0 0 0 0 0 0 0 0 0 0 0
50 19 0 0 19 0 0 0 0 0 0 0 0 0
54 3 0 0 3 0 0 0 0 0 0 0 0 0
55 3 0 0 0 0 0 0 0 0 0 0 0 0
56 3 0 0 0 0 0 0 0 0 0 0 0 0
57 3 1 1 0 0 0 0 0 0 0 0 0 0
58 3 0 0 0 0 0 0 0 0 0 0 0 0
59 3 0 0 0 0 0 0 0 0 0 0 0 0
60 3 0 0 3 0 0 0 0 0 0 0 0 0
61 3 0 0 0 0 0 0 0 0 0 0 0 0
62 3 0 0 0 0 0 0 0 0 0 0 0 0
63 3 0 0 0 0 0 0 0 0 0 0 0 0
64 3 0 0 0 0 0 0 0 0 0 0 0 0
65 3 0 0 0 0 0 0 0 0 0 0 0 0
66 3 0 0 0 0 0 0 0 0 0 0 0 0
67 3 0 0 3 0 0 0 0 0 0 0 0 0
68 3 0 0 0 0 0 0 0 0 0 0 0 0
69 3 0 0 0 0 0 0 0 0 0 0 0 0
70 3 0 0 0 0 0 0 0 0 0 0 0 0
71 3 0 0 0 0 0 0 0 0 0 0 0 0
72 3 0 0 0 0 0 0 0 0 0 0 0 0
73 3 1 1 0 0 0 0 0 0 0 0 0 0
74 3 0 0 0 0 0 0 0 0 0 0 0 0
75 3 0 0 0 0 0 0 0 0 0 0 0 0
76 3 0 0 0 0 0 0 0 0 0 0 0 0
77 3 0 0 0 0 0 0 0 0 3 3 0 0
129 3 2 1 0 0 0 0 0 0 0 0 0 0
133 3 0 0 0 0 0 0 0 0 0 0 0 0
134 3 0 0 0 0 0 0 0 0 0 0 0 0
135 3 0 0 3 0 0 0 0 0 0 0 0 0
136 3 0 0 0 0 0 0 0 0 0 0 0 0
138 3 0 0 3 0 0 0 0 0 0 0 0 0
fl=./string/../sysdeps/x86_64/multiarch/../strrchr.S
fn=__strrchr_sse2
23 1 1 1 0 0 0 0 0 0 0 0 0 0
24 1 0 0 0 0 0 0 0 0 0 0 0 0
25 1 0 0 0 0 0 0 0 0 0 0 0 0
26 1 0 0 0 0 0 0 0 0 0 0 0 0
27 1 0 0 0 0 0 0 0 0 0 0 0 0
28 1 0 0 0 0 0 0 0 0 0 0 0 0
29 1 0 0 0 0 0 0 0 0 0 0 0 0
30 1 0 0 0 0 0 0 0 0 0 0 0 0
31 1 0 0 0 0 0 0 0 0 1 0 0 0
32 1 0 0 1 1 1 0 0 0 0 0 0 0
33 1 1 1 0 0 0 0 0 0 0 0 0 0
34 1 0 0 0 0 0 0 0 0 0 0 0 0
35 1 0 0 0 0 0 0 0 0 0 0 0 0
36 1 0 0 0 0 0 0 0 0 0 0 0 0
37 1 0 0 0 0 0 0 0 0 0 0 0 0
38 1 0 0 0 0 0 0 0 0 0 0 0 0
39 1 0 0 0 0 0 0 0 0 0 0 0 0
40 1 0 0 0 0 0 0 0 0 1 1 0 0
51 1 1 1 1 0 0 0 0 0 0 0 0 0
52 1 0 0 0 0 0 0 0 0 0 0 0 0
53 1 0 0 1 0 0 0 0 0 0 0 0 0
54 1 0 0 0 0 0 0 0 0 0 0 0 0
55 1 0 0 0 0 0 0 0 0 0 0 0 0
56 1 0 0 1 1 0 0 0 0 0 0 0 0
57 1 0 0 0 0 0 0 0 0 0 0 0 0
58 1 0 0 0 0 0 0 0 0 0 0 0 0
59 1 0 0 0 0 0 0 0 0 0 0 0 0
60 1 0 0 0 0 0 0 0 0 0 0 0 0
61 1 0 0 0 0 0 0 0 0 0 0 0 0
62 1 0 0 0 0 0 0 0 0 0 0 0 0
63 1 0 0 0 0 0 0 0 0 0 0 0 0
64 1 0 0 0 0 0 0 0 0 0 0 0 0
65 1 0 0 0 0 0 0 0 0 0 0 0 0
66 1 1 1 0 0 0 0 0 0 0 0 0 0
67 1 0 0 0 0 0 0 0 0 0 0 0 0
68 1 0 0 0 0 0 0 0 0 0 0 0 0
69 1 0 0 0 0 0 0 0 0 0 0 0 0
70 1 0 0 0 0 0 0 0 0 0 0 0 0
71 1 0 0 0 0 0 0 0 0 0 0 0 0
72 1 0 0 0 0 0 0 0 0 0 0 0 0
73 1 0 0 0 0 0 0 0 0 0 0 0 0
74 1 0 0 0 0 0 0 0 0 0 0 0 0
75 1 0 0 0 0 0 0 0 0 0 0 0 0
76 1 0 0 0 0 0 0 0 0 0 0 0 0
77 1 0 0 0 0 0 0 0 0 0 0 0 0
78 1 0 0 0 0 0 0 0 0 0 0 0 0
79 1 0 0 0 0 0 0 0 0 0 0 0 0
80 1 0 0 0 0 0 0 0 0 1 0 0 0
81 1 0 0 0 0 0 0 0 0 0 0 0 0
82 1 0 0 0 0 0 0 0 0 0 0 0 0
83 1 0 0 0 0 0 0 0 0 0 0 0 0
84 1 1 1 0 0 0 0 0 0 1 0 0 0
85 1 0 0 0 0 0 0 0 0 0 0 0 0
86 1 0 0 0 0 0 0 0 0 0 0 0 0
87 1 0 0 1 0 0 0 0 0 0 0 0 0
fl=./string/../sysdeps/x86_64/multiarch/ifunc-avx2.h
fn=memrchr
32 2 0 0 0 0 0 0 0 0 1 0 0 0
33 5 1 1 2 0 0 0 0 0 0 0 0 0
fn=rindex
32 2 1 1 0 0 0 0 0 0 1 0 0 0
33 5 0 0 2 0 0 0 0 0 0 0 0 0
fn=strchrnul
32 2 0 0 0 0 0 0 0 0 1 0 0 0
33 5 0 0 2 0 0 0 0 0 0 0 0 0
fn=strlen
32 4 1 1 0 0 0 0 0 0 2 0 0 0
33 10 0 0 4 2 0 0 0 0 0 0 0 0
fn=strnlen
32 4 1 1 0 0 0 0 0 0 2 1 0 0
33 10 0 0 4 1 0 0 0 0 0 0 0 0
fl=./string/../sysdeps/x86_64/multiarch/ifunc-evex.h
fn=memchr
34 2 0 0 0 0 0 0 0 0 1 0 0 0
35 5 1 1 2 0 0 0 0 0 0 0 0 0
fn=rawmemchr
34 2 0 0 0 0 0 0 0 0 1 0 0 0
35 5 0 0 2 0 0 0 0 0 0 0 0 0
fl=./string/../sysdeps/x86_64/multiarch/ifunc-memcmp.h
fn=bcmp
34 12 0 0 6 0 0 0 0 0 0 0 0 0
35 9 0 0 3 1 0 0 0 0 3 0 0 0
50 9 0 0 0 0 0 0 0 0 3 3 0 0
fl=./string/../sysdeps/x86_64/multiarch/ifunc-memmove.h
fn=memcpy@@GLIBC_2.14
52 4 0 0 0 0 0 0 0 0 2 0 0 0
53 6 0 0 4 1 0 0 0 0 0 0 0 0
56 6 0 0 2 0 0 0 0 0 0 0 0 0
57 4 1 1 0 0 0 0 0 0 2 2 0 0
70 4 0 0 0 0 0 0 0 0 2 2 0 0
97 4 0 0 2 0 0 0 0 0 0 0 0 0
98 4 0 0 0 0 0 0 0 0 2 2 0 0
100 10 1 1 2 0 0 0 0 0 0 0 0 0
fn=memmove
52 6 0 0 0 0 0 0 0 0 3 0 0 0
53 9 0 0 6 0 0 0 0 0 0 0 0 0
56 9 1 1 3 0 0 0 0 0 0 0 0 0
57 6 1 1 0 0 0 0 0 0 3 3 0 0
70 6 0 0 0 0 0 0 0 0 3 3 0 0
97 6 0 0 3 0 0 0 0 0 0 0 0 0
98 6 0 0 0 0 0 0 0 0 3 3 0 0
100 15 2 2 3 0 0 0 0 0 0 0 0 0
fn=mempcpy
52 2 0 0 0 0 0 0 0 0 1 0 0 0
53 3 0 0 2 0 0 0 0 0 0 0 0 0
56 3 0 0 1 0 0 0 0 0 0 0 0 0
57 2 1 1 0 0 0 0 0 0 1 1 0 0
70 2 0 0 0 0 0 0 0 0 1 1 0 0
97 2 0 0 1 0 0 0 0 0 0 0 0 0
98 2 0 0 0 0 0 0 0 0 1 1 0 0
100 5 1 1 1 0 0 0 0 0 0 0 0 0
fl=./string/../sysdeps/x86_64/multiarch/ifunc-memset.h
fn=memset
50 10 0 0 4 1 0 0 0 0 2 0 0 0
53 6 0 0 2 0 0 0 0 0 0 0 0 0
54 4 1 1 0 0 0 0 0 0 2 2 0 0
60 4 1 1 0 0 0 0 0 0 0 0 0 0
69 4 0 0 0 0 0 0 0 0 2 2 0 0
98 8 0 0 0 0 0 0 0 0 0 0 0 0
fl=./string/../sysdeps/x86_64/multiarch/ifunc-sse4_2.h
fn=strcspn
30 5 1 1 2 0 0 0 0 0 0 0 0 0
fn=strpbrk
30 5 1 1 2 1 0 0 0 0 0 0 0 0
fn=strspn
30 5 0 0 2 0 0 0 0 0 0 0 0 0
fl=./string/../sysdeps/x86_64/multiarch/ifunc-strcasecmp.h
fn=strcasecmp
32 5 1 1 2 0 0 0 0 0 1 1 0 0
fn=strcasecmp_l
32 5 0 0 2 0 0 0 0 0 1 1 0 0
fn=strncasecmp
32 5 0 0 2 0 0 0 0 0 1 1 0 0
fn=strncasecmp_l
32 5 0 0 2 0 0 0 0 0 1 1 0 0
fl=./string/../sysdeps/x86_64/multiarch/ifunc-strcpy.h
fn=stpcpy
36 4 0 0 2 0 0 0 0 0 0 0 0 0
37 3 0 0 1 0 0 0 0 0 1 0 0 0
50 3 0 0 0 0 0 0 0 0 1 1 0 0
fn=stpncpy
36 4 0 0 2 0 0 0 0 0 0 0 0 0
37 3 1 1 1 0 0 0 0 0 1 0 0 0
50 3 0 0 0 0 0 0 0 0 1 1 0 0
fn=strcat
36 4 0 0 2 0 0 0 0 0 0 0 0 0
37 3 0 0 1 0 0 0 0 0 1 0 0 0
50 3 0 0 0 0 0 0 0 0 1 1 0 0
fn=strcpy
36 4 0 0 2 0 0 0 0 0 0 0 0 0
37 3 0 0 1 0 0 0 0 0 1 0 0 0
50 3 0 0 0 0 0 0 0 0 1 1 0 0
fn=strncpy
36 4 0 0 2 0 0 0 0 0 0 0 0 0
37 3 0 0 1 0 0 0 0 0 1 0 0 0
50 3 0 0 0 0 0 0 0 0 1 1 0 0
fl=./string/../sysdeps/x86_64/multiarch/memchr.c
fn=memchr
29 2 1 1 1 0 0 0 0 0 0 0 0 0
fl=./string/../sysdeps/x86_64/multiarch/memcmp-sse4.S
fn=__memcmp_sse4_1
42 7509 229 10 0 0 0 0 0 0 0 0 0 0
49 7509 0 0 0 0 0 0 0 0 0 0 0 0
50 7509 0 0 0 0 0 0 0 0 7509 74 0 0
52 7509 227 9 0 0 0 0 0 0 0 0 0 0
53 7509 0 0 0 0 0 0 0 0 7509 218 0 0
56 4367 0 0 0 0 0 0 0 0 0 0 0 0
57 4367 0 0 0 0 0 0 0 0 4367 25 0 0
59 4251 0 0 0 0 0 0 0 0 0 0 0 0
60 4251 0 0 0 0 0 0 0 0 4251 310 0 0
63 2619 0 0 0 0 0 0 0 0 0 0 0 0
64 2619 0 0 0 0 0 0 0 0 2619 99 0 0
66 180 0 0 0 0 0 0 0 0 0 0 0 0
67 180 0 0 0 0 0 0 0 0 180 79 0 0
69 89 0 0 89 13 4 0 0 0 0 0 0 0
70 89 0 0 89 0 0 0 0 0 0 0 0 0
72 89 0 0 0 0 0 0 0 0 0 0 0 0
73 89 0 0 0 0 0 0 0 0 0 0 0 0
75 89 0 0 0 0 0 0 0 0 0 0 0 0
76 89 0 0 0 0 0 0 0 0 0 0 0 0
78 89 0 0 89 0 0 0 0 0 0 0 0 0
79 89 0 0 89 0 0 0 0 0 0 0 0 0
81 89 0 0 0 0 0 0 0 0 0 0 0 0
82 89 0 0 0 0 0 0 0 0 0 0 0 0
84 89 2 0 0 0 0 0 0 0 0 0 0 0
85 89 0 0 0 0 0 0 0 0 0 0 0 0
86 89 0 0 0 0 0 0 0 0 0 0 0 0
87 89 0 0 0 0 0 0 0 0 0 0 0 0
88 89 0 0 0 0 0 0 0 0 0 0 0 0
89 89 0 0 0 0 0 0 0 0 0 0 0 0
90 89 0 0 89 0 0 0 0 0 0 0 0 0
94 91 13 5 91 9 0 0 0 0 0 0 0 0
95 91 0 0 91 0 0 0 0 0 0 0 0 0
96 91 0 0 0 0 0 0 0 0 0 0 0 0
97 91 0 0 0 0 0 0 0 0 0 0 0 0
98 91 0 0 0 0 0 0 0 0 0 0 0 0
99 91 0 0 0 0 0 0 0 0 0 0 0 0
100 91 0 0 91 0 0 0 0 0 0 0 0 0
101 91 0 0 91 0 0 0 0 0 0 0 0 0
102 91 0 0 0 0 0 0 0 0 0 0 0 0
103 91 0 0 0 0 0 0 0 0 0 0 0 0
104 91 0 0 0 0 0 0 0 0 0 0 0 0
105 91 0 0 91 0 0 0 0 0 0 0 0 0
109 2439 193 3 2439 2139 15 0 0 0 0 0 0 0
110 2439 0 0 2439 6 5 0 0 0 0 0 0 0
112 2439 0 0 0 0 0 0 0 0 0 0 0 0
113 2439 0 0 0 0 0 0 0 0 0 0 0 0
115 2439 200 4 0 0 0 0 0 0 0 0 0 0
116 2439 0 0 0 0 0 0 0 0 2439 389 0 0
118 1267 0 0 1267 0 0 0 0 0 0 0 0 0
119 1267 0 0 1267 0 0 0 0 0 0 0 0 0
121 1267 0 0 0 0 0 0 0 0 0 0 0 0
122 1267 0 0 0 0 0 0 0 0 0 0 0 0
124 1267 0 0 0 0 0 0 0 0 0 0 0 0
127 2439 0 0 0 0 0 0 0 0 0 0 0 0
128 2439 0 0 0 0 0 0 0 0 0 0 0 0
129 2439 0 0 0 0 0 0 0 0 0 0 0 0
130 2439 0 0 2439 0 0 0 0 0 0 0 0 0
147 828 0 0 0 0 0 0 0 0 0 0 0 0
149 828 0 0 828 0 0 0 0 0 0 0 0 0
153 3142 7 5 0 0 0 0 0 0 3142 689 0 0
163 2314 0 0 2314 0 0 0 0 0 0 0 0 0
164 2314 0 0 2314 0 0 0 0 0 0 0 0 0
165 2314 0 0 0 0 0 0 0 0 0 0 0 0
167 2314 0 0 2314 0 0 0 0 0 0 0 0 0
193 623 51 3 0 0 0 0 0 0 0 0 0 0
201 623 0 0 623 0 0 0 0 0 0 0 0 0
202 623 0 0 623 0 0 0 0 0 0 0 0 0
203 623 0 0 0 0 0 0 0 0 0 0 0 0
205 623 0 0 623 0 0 0 0 0 0 0 0 0
211 16 7 2 0 0 0 0 0 0 0 0 0 0
212 16 0 0 0 0 0 0 0 0 0 0 0 0
220 16 0 0 16 0 0 0 0 0 0 0 0 0
221 16 7 1 16 0 0 0 0 0 0 0 0 0
222 16 0 0 0 0 0 0 0 0 0 0 0 0
224 16 0 0 16 0 0 0 0 0 0 0 0 0
228 116 114 9 116 0 0 0 0 0 0 0 0 0
229 116 0 0 116 0 0 0 0 0 0 0 0 0
230 116 0 0 0 0 0 0 0 0 0 0 0 0
231 116 0 0 0 0 0 0 0 0 0 0 0 0
232 116 0 0 0 0 0 0 0 0 0 0 0 0
233 116 0 0 0 0 0 0 0 0 116 0 0 0
235 116 0 0 116 0 0 0 0 0 0 0 0 0
236 116 0 0 116 0 0 0 0 0 0 0 0 0
237 116 0 0 0 0 0 0 0 0 0 0 0 0
238 116 0 0 0 0 0 0 0 0 0 0 0 0
239 116 0 0 0 0 0 0 0 0 0 0 0 0
240 116 0 0 0 0 0 0 0 0 116 0 0 0
242 116 0 0 0 0 0 0 0 0 0 0 0 0
243 116 0 0 0 0 0 0 0 0 116 97 0 0
253 116 114 10 116 0 0 0 0 0 0 0 0 0
254 116 0 0 116 0 0 0 0 0 0 0 0 0
255 116 0 0 0 0 0 0 0 0 0 0 0 0
256 116 0 0 0 0 0 0 0 0 0 0 0 0
257 116 0 0 0 0 0 0 0 0 0 0 0 0
258 116 0 0 0 0 0 0 0 0 116 59 0 0
260 116 0 0 116 0 0 0 0 0 0 0 0 0
261 116 0 0 116 0 0 0 0 0 0 0 0 0
262 116 0 0 0 0 0 0 0 0 0 0 0 0
263 116 0 0 0 0 0 0 0 0 0 0 0 0
264 116 111 5 0 0 0 0 0 0 0 0 0 0
265 116 0 0 0 0 0 0 0 0 116 0 0 0
266 116 0 0 116 0 0 0 0 0 0 0 0 0
270 1632 103 4 1632 1378 7 0 0 0 0 0 0 0
271 1632 0 0 1632 9 0 0 0 0 0 0 0 0
272 1632 0 0 0 0 0 0 0 0 0 0 0 0
273 1632 0 0 0 0 0 0 0 0 0 0 0 0
274 1632 0 0 0 0 0 0 0 0 0 0 0 0
275 1632 0 0 0 0 0 0 0 0 1632 36 0 0
277 1009 0 0 1009 174 0 0 0 0 0 0 0 0
278 1009 0 0 1009 1 0 0 0 0 0 0 0 0
279 1009 0 0 0 0 0 0 0 0 0 0 0 0
280 1009 0 0 0 0 0 0 0 0 0 0 0 0
281 1009 0 0 0 0 0 0 0 0 0 0 0 0
282 1009 153 8 0 0 0 0 0 0 1009 20 0 0
283 993 0 0 993 0 0 0 0 0 0 0 0 0
fl=./string/../sysdeps/x86_64/multiarch/memcmp.c
fn=bcmp
29 6 2 2 3 0 0 0 0 0 0 0 0 0
fl=./string/../sysdeps/x86_64/multiarch/memcpy.c
fn=memcpy@@GLIBC_2.14
29 2 1 1 0 0 0 0 0 0 0 0 0 0
fl=./string/../sysdeps/x86_64/multiarch/memmove-vec-unaligned-erms.S
fn=__memcpy_sse2_unaligned_erms
360 10078031 15980 14 0 0 0 0 0 0 0 0 0 0
361 10078031 0 0 0 0 0 0 0 0 10078031 16839 0 0
363 2042601 0 0 0 0 0 0 0 0 0 0 0 0
367 2042601 0 0 0 0 0 0 0 0 2042601 248 0 0
368 111495 0 0 0 0 0 0 0 0 0 0 0 0
369 111495 0 0 0 0 0 0 0 0 111495 1611 0 0
370 1236 0 0 1236 259 31 0 0 0 0 0 0 0
371 1236 0 0 0 0 0 0 0 0 1236 254 0 0
372 265 0 0 265 0 0 0 0 0 0 0 0 0
373 265 0 0 0 0 0 265 7 3 0 0 0 0
375 1236 0 0 0 0 0 1236 1 1 0 0 0 0
377 111495 28 3 111495 0 0 0 0 0 0 0 0 0
383 1931106 0 0 1931106 2951 2 0 0 0 0 0 0 0
384 1931106 0 0 1931106 0 0 0 0 0 0 0 0 0
385 1931106 0 0 0 0 0 1931106 253347 17747 0 0 0 0
386 1931106 0 0 0 0 0 1931106 0 0 0 0 0 0
387 1931106 0 0 1931106 0 0 0 0 0 0 0 0 0
416 8035430 6 1 8035430 8109 132 0 0 0 0 0 0 0
417 8035430 0 0 8035430 309 0 0 0 0 0 0 0 0
418 8035430 0 0 0 0 0 8035430 1681262 82303 0 0 0 0
419 8035430 0 0 0 0 0 8035430 115793 29361 0 0 0 0
420 8035430 0 0 8035430 0 0 0 0 0 0 0 0 0
427 889870 46 7 889870 67325 35061 0 0 0 0 0 0 0
428 889870 0 0 889870 0 0 0 0 0 0 0 0 0
429 889870 0 0 0 0 0 889870 84597 6844 0 0 0 0
430 889870 0 0 0 0 0 889870 21277 9761 0 0 0 0
431 889870 0 0 0 0 0 889870 681982 164150 0 0 0 0
432 889870 0 0 0 0 0 889870 0 0 0 0 0 0
433 889870 0 0 889870 0 0 0 0 0 0 0 0 0
444 1323306 5222 8 0 0 0 0 0 0 0 0 0 0
445 1323306 0 0 0 0 0 0 0 0 1323306 25886 0 0
447 1001429 0 0 1001429 1697 14 0 0 0 0 0 0 0
448 1001429 0 0 0 0 0 0 0 0 0 0 0 0
449 1001429 0 0 0 0 0 0 0 0 1001429 12302 0 0
451 111559 0 0 111559 435 0 0 0 0 0 0 0 0
452 111559 0 0 111559 41 0 0 0 0 0 0 0 0
453 111559 0 0 111559 929 0 0 0 0 0 0 0 0
454 111559 406 3 111559 0 0 0 0 0 0 0 0 0
455 111559 0 0 111559 0 0 0 0 0 0 0 0 0
456 111559 0 0 111559 0 0 0 0 0 0 0 0 0
457 111559 0 0 0 0 0 111559 21279 5093 0 0 0 0
458 111559 0 0 0 0 0 111559 24172 5681 0 0 0 0
459 111559 0 0 0 0 0 111559 27224 5848 0 0 0 0
460 111559 0 0 0 0 0 111559 26663 5690 0 0 0 0
461 111559 0 0 0 0 0 111559 33550 7857 0 0 0 0
462 111559 0 0 0 0 0 111559 0 0 0 0 0 0
463 111559 0 0 0 0 0 111559 0 0 0 0 0 0
464 111559 0 0 0 0 0 111559 0 0 0 0 0 0
465 111559 0 0 111559 0 0 0 0 0 0 0 0 0
469 321877 12056 5 0 0 0 0 0 0 0 0 0 0
470 321877 0 0 0 0 0 0 0 0 0 0 0 0
474 321877 0 0 0 0 0 0 0 0 0 0 0 0
476 321877 0 0 0 0 0 0 0 0 321877 42687 0 0
480 321877 27547 7 321877 60368 292 0 0 0 0 0 0 0
481 321877 0 0 0 0 0 0 0 0 321877 93 0 0
492 321796 0 0 0 0 0 0 0 0 0 0 0 0
495 321796 0 0 0 0 0 0 0 0 0 0 0 0
497 321796 0 0 0 0 0 0 0 0 0 0 0 0
499 321796 0 0 0 0 0 0 0 0 0 0 0 0
503 321796 0 0 0 0 0 0 0 0 0 0 0 0
504 321796 0 0 0 0 0 0 0 0 321796 22675 0 0
513 300751 0 0 300751 12922 3714 0 0 0 0 0 0 0
514 300751 0 0 300751 7922 1246 0 0 0 0 0 0 0
516 300751 0 0 0 0 0 0 0 0 0 0 0 0
518 300751 0 0 0 0 0 0 0 0 0 0 0 0
519 300751 0 0 300751 8470 1237 0 0 0 0 0 0 0
520 300751 0 0 300751 8274 1443 0 0 0 0 0 0 0
523 300751 22420 8 0 0 0 0 0 0 0 0 0 0
525 300751 0 0 0 0 0 0 0 0 0 0 0 0
527 300751 0 0 0 0 0 0 0 0 0 0 0 0
529 601502 0 0 0 0 0 0 0 0 0 0 0 0
535 10766656 0 0 10766656 2348007 578970 0 0 0 0 0 0 0
536 10766656 0 0 10766656 1692572 495011 0 0 0 0 0 0 0
537 10766656 0 0 10766656 1679319 652547 0 0 0 0 0 0 0
538 10766656 0 0 10766656 1859638 448059 0 0 0 0 0 0 0
539 10766656 0 0 0 0 0 0 0 0 0 0 0 0
540 10766656 0 0 0 0 0 10766656 2936290 1232300 0 0 0 0
541 10766656 0 0 0 0 0 10766656 2153022 1160225 0 0 0 0
542 10766656 0 0 0 0 0 10766656 3072380 1430507 0 0 0 0
543 10766656 0 0 0 0 0 10766656 2421031 1055106 0 0 0 0
544 10766656 0 0 0 0 0 0 0 0 0 0 0 0
545 10766656 0 0 0 0 0 0 0 0 0 0 0 0
546 10766656 0 0 0 0 0 0 0 0 10766656 235795 0 0
548 300751 0 0 0 0 0 300751 204609 68808 0 0 0 0
549 300751 23365 6 0 0 0 300751 0 0 0 0 0 0
550 300751 0 0 0 0 0 300751 0 0 0 0 0 0
551 300751 0 0 0 0 0 300751 0 0 0 0 0 0
553 300751 0 0 0 0 0 300751 14055 18 0 0 0 0
557 300751 0 0 300751 8718 2 0 0 0 0 0 0 0
570 21045 1566 0 21045 1165 246 0 0 0 0 0 0 0
571 21045 0 0 21045 791 201 0 0 0 0 0 0 0
573 21045 0 0 0 0 0 0 0 0 0 0 0 0
574 21045 0 0 21045 1619 332 0 0 0 0 0 0 0
575 21045 0 0 21045 1028 335 0 0 0 0 0 0 0
577 21045 0 0 0 0 0 0 0 0 0 0 0 0
579 21045 0 0 0 0 0 0 0 0 0 0 0 0
581 42090 0 0 0 0 0 0 0 0 0 0 0 0
587 1958647 3170 10 1958647 188365 41783 0 0 0 0 0 0 0
588 1958647 0 0 1958647 1072911 86147 0 0 0 0 0 0 0
589 1958647 0 0 1958647 177981 53939 0 0 0 0 0 0 0
590 1958647 0 0 1958647 189990 55541 0 0 0 0 0 0 0
591 1958647 0 0 0 0 0 0 0 0 0 0 0 0
592 1958647 0 0 0 0 0 1958647 313266 112722 0 0 0 0
593 1958647 0 0 0 0 0 1958647 1161192 387145 0 0 0 0
594 1958647 0 0 0 0 0 1958647 247189 147342 0 0 0 0
595 1958647 0 0 0 0 0 1958647 239346 133210 0 0 0 0
596 1958647 0 0 0 0 0 0 0 0 0 0 0 0
597 1958647 0 0 0 0 0 0 0 0 0 0 0 0
598 1958647 0 0 0 0 0 0 0 0 1958647 12970 0 0
600 21045 0 0 0 0 0 21045 1249 17 0 0 0 0
601 21045 0 0 0 0 0 21045 0 0 0 0 0 0
602 21045 0 0 0 0 0 21045 0 0 0 0 0 0
603 21045 0 0 0 0 0 21045 0 0 0 0 0 0
605 21045 0 0 0 0 0 21045 5737 1851 0 0 0 0
606 21045 2580 10 21045 1014 1 0 0 0 0 0 0 0
734 81 1 0 0 0 0 0 0 0 0 0 0 0
735 81 0 0 0 0 0 0 0 0 0 0 0 0
736 81 0 0 0 0 0 0 0 0 81 0 0 0
743 81 0 0 81 7 1 0 0 0 0 0 0 0
745 81 14 11 81 3 0 0 0 0 0 0 0 0
746 81 0 0 81 69 15 0 0 0 0 0 0 0
749 81 0 0 0 0 0 81 2 2 0 0 0 0
751 81 0 0 0 0 0 81 0 0 0 0 0 0
753 81 0 0 0 0 0 81 4 4 0 0 0 0
754 81 0 0 0 0 0 81 74 63 0 0 0 0
759 81 0 0 0 0 0 0 0 0 0 0 0 0
760 81 0 0 0 0 0 0 0 0 0 0 0 0
762 81 0 0 0 0 0 0 0 0 0 0 0 0
764 81 0 0 0 0 0 0 0 0 0 0 0 0
766 81 0 0 0 0 0 0 0 0 0 0 0 0
768 81 0 0 0 0 0 0 0 0 0 0 0 0
776 81 0 0 0 0 0 0 0 0 0 0 0 0
777 81 0 0 0 0 0 0 0 0 0 0 0 0
778 81 0 0 0 0 0 0 0 0 81 2 0 0
780 79 0 0 0 0 0 0 0 0 0 0 0 0
781 79 0 0 0 0 0 0 0 0 0 0 0 0
782 79 12 10 79 0 0 0 0 0 0 0 0 0
783 79 0 0 0 0 0 0 0 0 79 2 0 0
786 77 0 0 0 0 0 0 0 0 0 0 0 0
788 231 0 0 0 0 0 0 0 0 0 0 0 0
793 51809 0 0 0 0 0 0 0 0 0 0 0 0
795 3315776 0 0 0 0 0 0 0 0 0 0 0 0
796 3315776 0 0 0 0 0 0 0 0 0 0 0 0
797 3315776 0 0 0 0 0 0 0 0 0 0 0 0
798 3315776 0 0 0 0 0 0 0 0 0 0 0 0
800 13263104 12 9 13263104 3310144 1197935 0 0 0 0 0 0 0
801 13263104 0 0 13263104 3321321 1199016 0 0 0 0 0 0 0
802 3315776 0 0 0 0 0 0 0 0 0 0 0 0
804 13263104 0 0 0 0 0 13263104 3315700 3119642 0 0 0 0
805 13263104 12 9 0 0 0 13263104 3315776 3117926 0 0 0 0
806 3315776 0 0 0 0 0 0 0 0 0 0 0 0
807 3315776 0 0 0 0 0 0 0 0 0 0 0 0
808 3315776 0 0 0 0 0 0 0 0 3315776 51846 0 0
809 51809 0 0 0 0 0 0 0 0 0 0 0 0
810 51809 0 0 0 0 0 0 0 0 0 0 0 0
811 51809 0 0 0 0 0 0 0 0 0 0 0 0
812 51809 12 9 0 0 0 0 0 0 51809 105 0 0
813 77 0 0 0 0 0 0 0 0 0 0 0 0
816 77 0 0 0 0 0 0 0 0 0 0 0 0
817 77 0 0 0 0 0 0 0 0 77 3 0 0
822 9358 0 0 0 0 0 0 0 0 0 0 0 0
823 9358 0 0 0 0 0 0 0 0 0 0 0 0
824 9358 0 0 9358 7676 1620 0 0 0 0 0 0 0
825 9358 0 0 9358 412 12 0 0 0 0 0 0 0
826 9358 0 0 9358 889 0 0 0 0 0 0 0 0
827 9358 0 0 9358 381 48 0 0 0 0 0 0 0
828 9358 0 0 0 0 0 0 0 0 0 0 0 0
829 9358 0 0 0 0 0 0 0 0 0 0 0 0
830 9358 0 0 0 0 0 9358 9358 8424 0 0 0 0
831 9358 0 0 0 0 0 9358 0 0 0 0 0 0
832 9358 0 0 0 0 0 9358 0 0 0 0 0 0
833 9358 0 0 0 0 0 9358 0 0 0 0 0 0
834 9358 0 0 0 0 0 0 0 0 0 0 0 0
835 9358 0 0 0 0 0 0 0 0 0 0 0 0
836 9358 14 11 0 0 0 0 0 0 9358 103 0 0
840 77 0 0 77 0 0 0 0 0 0 0 0 0
841 77 0 0 77 1 0 0 0 0 0 0 0 0
842 77 0 0 77 65 9 0 0 0 0 0 0 0
843 77 0 0 77 2 1 0 0 0 0 0 0 0
845 77 0 0 0 0 0 77 1 1 0 0 0 0
846 77 0 0 0 0 0 77 4 4 0 0 0 0
847 77 0 0 0 0 0 77 70 61 0 0 0 0
848 77 0 0 0 0 0 77 2 2 0 0 0 0
849 77 0 0 77 77 9 0 0 0 0 0 0 0
853 4 0 0 0 0 0 0 0 0 0 0 0 0
855 4 0 0 0 0 0 0 0 0 0 0 0 0
857 8 0 0 0 0 0 0 0 0 0 0 0 0
862 4196 2 2 0 0 0 0 0 0 0 0 0 0
866 268544 0 0 0 0 0 0 0 0 0 0 0 0
867 268544 0 0 0 0 0 0 0 0 0 0 0 0
868 268544 0 0 0 0 0 0 0 0 0 0 0 0
869 268544 0 0 0 0 0 0 0 0 0 0 0 0
871 1074176 0 0 1074176 268008 248352 0 0 0 0 0 0 0
872 1074176 2 2 1074176 268544 248576 0 0 0 0 0 0 0
873 1074176 0 0 1074176 268544 248576 0 0 0 0 0 0 0
874 1074176 2 2 1074176 269078 248749 0 0 0 0 0 0 0
875 268544 0 0 0 0 0 0 0 0 0 0 0 0
877 1074176 0 0 0 0 0 1074176 268541 268501 0 0 0 0
878 1074176 0 0 0 0 0 1074176 268544 268443 0 0 0 0
879 1074176 2 2 0 0 0 1074176 268544 268492 0 0 0 0
880 1074176 2 2 0 0 0 1074176 268544 268438 0 0 0 0
881 268544 0 0 0 0 0 0 0 0 0 0 0 0
882 268544 0 0 0 0 0 0 0 0 0 0 0 0
883 268544 0 0 0 0 0 0 0 0 268544 4222 0 0
884 4196 0 0 0 0 0 0 0 0 0 0 0 0
885 4196 0 0 0 0 0 0 0 0 0 0 0 0
886 4196 0 0 0 0 0 0 0 0 0 0 0 0
887 4196 0 0 0 0 0 0 0 0 4196 5 0 0
888 4 0 0 0 0 0 0 0 0 0 0 0 0
890 4 0 0 0 0 0 0 0 0 0 0 0 0
891 4 0 0 0 0 0 0 0 0 4 0 0 0
896 848 0 0 0 0 0 0 0 0 0 0 0 0
897 848 0 0 0 0 0 0 0 0 0 0 0 0
898 848 0 0 848 338 338 0 0 0 0 0 0 0
899 848 2 2 848 0 0 0 0 0 0 0 0 0
900 848 0 0 848 255 0 0 0 0 0 0 0 0
901 848 0 0 848 255 0 0 0 0 0 0 0 0
902 848 0 0 0 0 0 0 0 0 0 0 0 0
903 848 0 0 0 0 0 0 0 0 0 0 0 0
904 848 0 0 0 0 0 848 848 823 0 0 0 0
905 848 0 0 0 0 0 848 0 0 0 0 0 0
906 848 0 0 0 0 0 848 0 0 0 0 0 0
907 848 0 0 0 0 0 848 0 0 0 0 0 0
908 848 0 0 0 0 0 0 0 0 0 0 0 0
909 848 0 0 0 0 0 0 0 0 0 0 0 0
910 848 0 0 0 0 0 0 0 0 848 9 0 0
914 4 0 0 4 0 0 0 0 0 0 0 0 0
915 4 0 0 4 1 1 0 0 0 0 0 0 0
916 4 0 0 4 0 0 0 0 0 0 0 0 0
917 4 0 0 4 1 1 0 0 0 0 0 0 0
919 4 2 2 0 0 0 4 0 0 0 0 0 0
920 4 0 0 0 0 0 4 1 1 0 0 0 0
921 4 0 0 0 0 0 4 1 1 0 0 0 0
922 4 0 0 0 0 0 4 2 2 0 0 0 0
923 4 0 0 4 4 2 0 0 0 0 0 0 0
fn=memcpy
212 25 1 1 0 0 0 0 0 0 0 0 0 0
213 25 0 0 0 0 0 0 0 0 0 0 0 0
219 127 0 0 0 0 0 0 0 0 0 0 0 0
220 127 0 0 0 0 0 0 0 0 127 32 0 0
222 89 0 0 89 4 3 0 0 0 0 0 0 0
223 89 1 1 0 0 0 0 0 0 0 0 0 0
224 89 0 0 0 0 0 0 0 0 89 44 0 0
226 47 0 0 47 0 0 0 0 0 0 0 0 0
227 47 0 0 0 0 0 47 36 30 0 0 0 0
228 47 0 0 0 0 0 47 1 1 0 0 0 0
230 47 0 0 47 0 0 0 0 0 0 0 0 0
360 38 1 1 0 0 0 0 0 0 0 0 0 0
361 38 0 0 0 0 0 0 0 0 38 22 0 0
363 12 0 0 0 0 0 0 0 0 0 0 0 0
367 12 0 0 0 0 0 0 0 0 12 6 0 0
368 6 0 0 0 0 0 0 0 0 0 0 0 0
369 6 0 0 0 0 0 0 0 0 6 3 0 0
370 3 0 0 3 2 2 0 0 0 0 0 0 0
371 3 0 0 0 0 0 0 0 0 3 1 0 0
372 2 0 0 2 0 0 0 0 0 0 0 0 0
373 2 0 0 0 0 0 2 0 0 0 0 0 0
375 3 0 0 0 0 0 3 1 1 0 0 0 0
377 6 0 0 6 0 0 0 0 0 0 0 0 0
383 6 0 0 6 0 0 0 0 0 0 0 0 0
384 6 0 0 6 0 0 0 0 0 0 0 0 0
385 6 0 0 0 0 0 6 0 0 0 0 0 0
386 6 0 0 0 0 0 6 0 0 0 0 0 0
387 6 0 0 6 0 0 0 0 0 0 0 0 0
416 26 1 1 26 0 0 0 0 0 0 0 0 0
417 26 0 0 26 0 0 0 0 0 0 0 0 0
418 26 0 0 0 0 0 26 7 7 0 0 0 0
419 26 0 0 0 0 0 26 1 1 0 0 0 0
420 26 0 0 26 0 0 0 0 0 0 0 0 0
427 42 2 1 42 0 0 0 0 0 0 0 0 0
428 42 0 0 42 0 0 0 0 0 0 0 0 0
429 42 0 0 0 0 0 42 34 28 0 0 0 0
430 42 0 0 0 0 0 42 2 2 0 0 0 0
431 42 0 0 0 0 0 42 3 3 0 0 0 0
432 42 0 0 0 0 0 42 0 0 0 0 0 0
433 42 0 0 42 0 0 0 0 0 0 0 0 0
444 42 2 2 0 0 0 0 0 0 0 0 0 0
445 42 0 0 0 0 0 0 0 0 42 1 0 0
447 42 0 0 42 2 1 0 0 0 0 0 0 0
448 42 0 0 0 0 0 0 0 0 0 0 0 0
449 42 0 0 0 0 0 0 0 0 42 9 0 0
fn=memcpy@GLIBC_2.2.5
212 11493733 425 9 0 0 0 0 0 0 0 0 0 0
213 11493733 0 0 0 0 0 0 0 0 0 0 0 0
219 11493733 0 0 0 0 0 0 0 0 0 0 0 0
220 11493733 21 8 0 0 0 0 0 0 11493733 9999 0 0
222 1415702 0 0 1415702 158772 27132 0 0 0 0 0 0 0
223 1415702 0 0 0 0 0 0 0 0 0 0 0 0
224 1415702 0 0 0 0 0 0 0 0 1415702 58429 0 0
226 92396 0 0 92396 50 1 0 0 0 0 0 0 0
227 92396 0 0 0 0 0 92396 18800 3133 0 0 0 0
228 92396 0 0 0 0 0 92396 2490 150 0 0 0 0
232 92396 0 0 92396 0 0 0 0 0 0 0 0 0
fn=mempcpy
199 102 1 1 0 0 0 0 0 0 0 0 0 0
200 102 0 0 0 0 0 0 0 0 0 0 0 0
201 102 0 0 0 0 0 0 0 0 0 0 0 0
202 102 0 0 0 0 0 0 0 0 0 0 0 0
fl=./string/../sysdeps/x86_64/multiarch/memmove.c
fn=memmove
29 3 1 1 0 0 0 0 0 0 0 0 0 0
fl=./string/../sysdeps/x86_64/multiarch/mempcpy.c
fn=mempcpy
33 1 1 1 0 0 0 0 0 0 0 0 0 0
fl=./string/../sysdeps/x86_64/multiarch/memrchr.c
fn=memrchr
29 2 1 1 1 0 0 0 0 0 0 0 0 0
fl=./string/../sysdeps/x86_64/multiarch/memset-vec-unaligned-erms.S
fn=__memset_sse2_unaligned
125 750224 5646 11 0 0 0 0 0 0 0 0 0 0
126 3751120 0 0 0 0 0 0 0 0 0 0 0 0
132 750224 0 0 0 0 0 0 0 0 0 0 0 0
133 750224 6449 8 0 0 0 0 0 0 750224 135383 0 0
134 556205 0 0 0 0 0 0 0 0 0 0 0 0
135 556205 0 0 0 0 0 0 0 0 556205 19433 0 0
137 205730 0 0 0 0 0 205730 11875 1951 0 0 0 0
138 205730 0 0 0 0 0 205730 722 34 0 0 0 0
139 205730 0 0 205730 0 0 0 0 0 0 0 0 0
fn=__memset_sse2_unaligned_erms
204 82695 308 13 0 0 0 82695 261 11 0 0 0 0
205 82695 0 0 0 0 0 82695 1525 70 0 0 0 0
207 82695 0 0 82695 0 0 0 0 0 0 0 0 0
283 350475 13706 12 0 0 0 350475 56423 37372 0 0 0 0
284 350475 0 0 0 0 0 350475 50955 36731 0 0 0 0
289 350475 0 0 0 0 0 0 0 0 0 0 0 0
292 350475 0 0 0 0 0 0 0 0 0 0 0 0
293 350475 0 0 0 0 0 0 0 0 350475 11285 0 0
296 267780 0 0 0 0 0 267780 47719 36683 0 0 0 0
297 267780 0 0 0 0 0 267780 47544 36664 0 0 0 0
310 267780 0 0 0 0 0 0 0 0 0 0 0 0
311 267780 0 0 0 0 0 0 0 0 0 0 0 0
313 267780 0 0 0 0 0 0 0 0 267780 385 0 0
316 252866 0 0 0 0 0 0 0 0 0 0 0 0
319 505732 0 0 0 0 0 0 0 0 0 0 0 0
322 2330194 765 10 0 0 0 2330194 1141365 968212 0 0 0 0
323 2330194 0 0 0 0 0 2330194 0 0 0 0 0 0
324 2330194 0 0 0 0 0 2330194 679930 530509 0 0 0 0
325 2330194 0 0 0 0 0 2330194 0 0 0 0 0 0
326 2330194 0 0 0 0 0 0 0 0 0 0 0 0
327 2330194 0 0 0 0 0 0 0 0 0 0 0 0
328 2330194 0 0 0 0 0 0 0 0 2330194 48138 0 0
331 267780 3330 5 0 0 0 267780 23031 18202 0 0 0 0
332 267780 0 0 0 0 0 267780 143 8 0 0 0 0
333 267780 0 0 0 0 0 267780 46153 36429 0 0 0 0
334 267780 0 0 0 0 0 267780 46468 36418 0 0 0 0
339 267780 0 0 267780 84 3 0 0 0 0 0 0 0
368 194019 19358 7 0 0 0 0 0 0 0 0 0 0
369 194019 0 0 0 0 0 0 0 0 0 0 0 0
370 194019 0 0 0 0 0 0 0 0 194019 19 0 0
402 194019 0 0 0 0 0 194019 1227 731 0 0 0 0
403 194019 0 0 0 0 0 194019 0 0 0 0 0 0
404 194019 0 0 194019 0 0 0 0 0 0 0 0 0
fn=memset
125 74 2 2 0 0 0 0 0 0 0 0 0 0
126 370 0 0 0 0 0 0 0 0 0 0 0 0
132 74 0 0 0 0 0 0 0 0 0 0 0 0
133 74 2 2 0 0 0 0 0 0 74 3 0 0
134 73 0 0 0 0 0 0 0 0 0 0 0 0
135 73 0 0 0 0 0 0 0 0 73 6 0 0
137 1 0 0 0 0 0 1 1 1 0 0 0 0
138 1 0 0 0 0 0 1 0 0 0 0 0 0
139 1 0 0 1 0 0 0 0 0 0 0 0 0
204 4 0 0 0 0 0 4 0 0 0 0 0 0
205 4 0 0 0 0 0 4 0 0 0 0 0 0
207 4 0 0 4 0 0 0 0 0 0 0 0 0
283 72 0 0 0 0 0 72 36 30 0 0 0 0
284 72 0 0 0 0 0 72 1 1 0 0 0 0
289 72 0 0 0 0 0 0 0 0 0 0 0 0
292 72 0 0 0 0 0 0 0 0 0 0 0 0
293 72 0 0 0 0 0 0 0 0 72 3 0 0
296 68 0 0 0 0 0 68 0 0 0 0 0 0
297 68 0 0 0 0 0 68 35 29 0 0 0 0
310 68 0 0 0 0 0 0 0 0 0 0 0 0
311 68 0 0 0 0 0 0 0 0 0 0 0 0
313 68 0 0 0 0 0 0 0 0 68 35 0 0
316 35 2 2 0 0 0 0 0 0 0 0 0 0
319 70 0 0 0 0 0 0 0 0 0 0 0 0
322 172 0 0 0 0 0 172 38 38 0 0 0 0
323 172 0 0 0 0 0 172 0 0 0 0 0 0
324 172 0 0 0 0 0 172 132 108 0 0 0 0
325 172 0 0 0 0 0 172 0 0 0 0 0 0
326 172 0 0 0 0 0 0 0 0 0 0 0 0
327 172 0 0 0 0 0 0 0 0 0 0 0 0
328 172 0 0 0 0 0 0 0 0 172 26 0 0
331 68 0 0 0 0 0 68 1 1 0 0 0 0
332 68 0 0 0 0 0 68 1 1 0 0 0 0
333 68 0 0 0 0 0 68 0 0 0 0 0 0
334 68 0 0 0 0 0 68 0 0 0 0 0 0
339 68 0 0 68 0 0 0 0 0 0 0 0 0
368 1 1 1 0 0 0 0 0 0 0 0 0 0
369 1 0 0 0 0 0 0 0 0 0 0 0 0
370 1 0 0 0 0 0 0 0 0 1 1 0 0
402 1 0 0 0 0 0 1 1 1 0 0 0 0
403 1 0 0 0 0 0 1 0 0 0 0 0 0
404 1 0 0 1 0 0 0 0 0 0 0 0 0
fl=./string/../sysdeps/x86_64/multiarch/memset.c
fn=memset
29 4 1 1 2 0 0 0 0 0 0 0 0 0
fl=./string/../sysdeps/x86_64/multiarch/rawmemchr.c
fn=rawmemchr
31 2 1 1 1 0 0 0 0 0 0 0 0 0
fl=./string/../sysdeps/x86_64/multiarch/stpcpy.c
fn=stpcpy
33 2 2 2 1 0 0 0 0 0 0 0 0 0
fl=./string/../sysdeps/x86_64/multiarch/stpncpy.c
fn=stpncpy
31 2 1 1 1 0 0 0 0 0 0 0 0 0
fl=./string/../sysdeps/x86_64/multiarch/strcasecmp.c
fn=strcasecmp
31 2 1 1 1 0 0 0 0 0 0 0 0 0
fl=./string/../sysdeps/x86_64/multiarch/strcasecmp_l.c
fn=strcasecmp_l
31 2 1 1 1 0 0 0 0 0 0 0 0 0
fl=./string/../sysdeps/x86_64/multiarch/strcat.c
fn=strcat
29 2 2 2 1 0 0 0 0 0 0 0 0 0
fl=./string/../sysdeps/x86_64/multiarch/strchr.c
fn=index
40 2 1 1 0 0 0 0 0 0 0 0 0 0
41 4 0 0 2 0 0 0 0 0 0 0 0 0
42 3 0 0 1 0 0 0 0 0 1 1 0 0
55 4 0 0 0 0 0 0 0 0 0 0 0 0
61 2 1 1 1 0 0 0 0 0 0 0 0 0
fl=./string/../sysdeps/x86_64/multiarch/strchrnul.c
fn=strchrnul
31 2 1 1 1 0 0 0 0 0 0 0 0 0
fl=./string/../sysdeps/x86_64/multiarch/strcmp.c
fn=strcmp
41 4 0 0 2 0 0 0 0 0 0 0 0 0
42 3 1 1 1 0 0 0 0 0 1 0 0 0
56 3 0 0 0 0 0 0 0 0 1 1 0 0
65 2 1 1 1 0 0 0 0 0 0 0 0 0
fl=./string/../sysdeps/x86_64/multiarch/strcpy.c
fn=strcpy
29 2 2 2 1 0 0 0 0 0 0 0 0 0
fl=./string/../sysdeps/x86_64/multiarch/strcspn.c
fn=strcspn
29 2 1 1 1 0 0 0 0 0 0 0 0 0
fl=./string/../sysdeps/x86_64/multiarch/strlen-vec.S
fn=__strlen_sse2
41 51 10 5 0 0 0 0 0 0 0 0 0 0
85 51 0 0 0 0 0 0 0 0 0 0 0 0
86 51 0 0 0 0 0 0 0 0 0 0 0 0
87 51 0 0 0 0 0 0 0 0 0 0 0 0
88 51 0 0 0 0 0 0 0 0 0 0 0 0
89 51 0 0 0 0 0 0 0 0 0 0 0 0
90 51 0 0 0 0 0 0 0 0 0 0 0 0
91 51 0 0 0 0 0 0 0 0 0 0 0 0
93 51 0 0 0 0 0 0 0 0 0 0 0 0
95 51 0 0 0 0 0 0 0 0 51 12 0 0
126 51 0 0 51 12 9 0 0 0 0 0 0 0
127 51 10 5 0 0 0 0 0 0 0 0 0 0
128 51 0 0 0 0 0 0 0 0 0 0 0 0
129 51 0 0 0 0 0 0 0 0 0 0 0 0
130 51 0 0 0 0 0 0 0 0 51 20 0 0
131 37 0 0 0 0 0 0 0 0 0 0 0 0
133 37 0 0 37 0 0 0 0 0 0 0 0 0
137 14 0 0 0 0 0 0 0 0 0 0 0 0
138 14 0 0 14 0 0 0 0 0 0 0 0 0
139 14 0 0 14 0 0 0 0 0 0 0 0 0
140 14 0 0 14 0 0 0 0 0 0 0 0 0
141 14 0 0 0 0 0 0 0 0 0 0 0 0
142 14 0 0 0 0 0 0 0 0 0 0 0 0
143 14 0 0 0 0 0 0 0 0 0 0 0 0
144 14 0 0 0 0 0 0 0 0 0 0 0 0
145 14 0 0 0 0 0 0 0 0 0 0 0 0
146 14 0 0 0 0 0 0 0 0 0 0 0 0
147 14 0 0 0 0 0 0 0 0 0 0 0 0
148 14 0 0 0 0 0 0 0 0 0 0 0 0
153 112 6 5 14 0 0 0 0 0 14 0 0 0
fn=strlen
41 26 1 1 0 0 0 0 0 0 0 0 0 0
85 26 0 0 0 0 0 0 0 0 0 0 0 0
86 26 0 0 0 0 0 0 0 0 0 0 0 0
87 26 0 0 0 0 0 0 0 0 0 0 0 0
88 26 0 0 0 0 0 0 0 0 0 0 0 0
89 26 0 0 0 0 0 0 0 0 0 0 0 0
90 26 0 0 0 0 0 0 0 0 0 0 0 0
91 26 0 0 0 0 0 0 0 0 0 0 0 0
93 26 0 0 0 0 0 0 0 0 0 0 0 0
95 26 0 0 0 0 0 0 0 0 26 1 0 0
126 25 0 0 25 2 2 0 0 0 0 0 0 0
127 25 0 0 0 0 0 0 0 0 0 0 0 0
128 25 0 0 0 0 0 0 0 0 0 0 0 0
129 25 0 0 0 0 0 0 0 0 0 0 0 0
130 25 0 0 0 0 0 0 0 0 25 10 0 0
131 13 0 0 0 0 0 0 0 0 0 0 0 0
133 13 0 0 13 0 0 0 0 0 0 0 0 0
137 12 1 1 0 0 0 0 0 0 0 0 0 0
138 12 0 0 12 0 0 0 0 0 0 0 0 0
139 12 0 0 12 0 0 0 0 0 0 0 0 0
140 12 0 0 12 0 0 0 0 0 0 0 0 0
141 12 0 0 0 0 0 0 0 0 0 0 0 0
142 12 0 0 0 0 0 0 0 0 0 0 0 0
143 12 0 0 0 0 0 0 0 0 0 0 0 0
144 12 0 0 0 0 0 0 0 0 0 0 0 0
145 12 0 0 0 0 0 0 0 0 0 0 0 0
146 12 0 0 0 0 0 0 0 0 0 0 0 0
147 12 0 0 0 0 0 0 0 0 0 0 0 0
148 12 0 0 0 0 0 0 0 0 0 0 0 0
153 96 0 0 12 0 0 0 0 0 12 0 0 0
157 1 1 1 0 0 0 0 0 0 0 0 0 0
158 14 1 1 4 1 1 0 0 0 0 0 0 0
159 8 0 0 1 0 0 0 0 0 1 0 0 0
fl=./string/../sysdeps/x86_64/multiarch/strlen.c
fn=strlen
29 4 1 1 2 0 0 0 0 0 0 0 0 0
fl=./string/../sysdeps/x86_64/multiarch/strncase.c
fn=strncasecmp
31 2 1 1 1 0 0 0 0 0 0 0 0 0
fl=./string/../sysdeps/x86_64/multiarch/strncase_l.c
fn=strncasecmp_l
31 2 2 2 1 0 0 0 0 0 0 0 0 0
fl=./string/../sysdeps/x86_64/multiarch/strncmp.c
fn=strncmp
41 4 1 1 2 0 0 0 0 0 1 1 0 0
56 4 1 1 1 0 0 0 0 0 1 0 0 0
57 2 0 0 1 0 0 0 0 0 1 1 0 0
66 2 1 1 1 0 0 0 0 0 0 0 0 0
fl=./string/../sysdeps/x86_64/multiarch/strncpy.c
fn=strncpy
29 2 2 2 1 0 0 0 0 0 0 0 0 0
fl=./string/../sysdeps/x86_64/multiarch/strnlen.c
fn=strnlen
31 4 1 1 2 0 0 0 0 0 0 0 0 0
fl=./string/../sysdeps/x86_64/multiarch/strpbrk.c
fn=strpbrk
29 2 1 1 1 0 0 0 0 0 0 0 0 0
fl=./string/../sysdeps/x86_64/multiarch/strrchr.c
fn=rindex
28 2 1 1 1 0 0 0 0 0 0 0 0 0
fl=./string/../sysdeps/x86_64/multiarch/strspn.c
fn=strspn
29 2 1 1 1 0 0 0 0 0 0 0 0 0
fl=./string/../sysdeps/x86_64/strcmp.S
fn=strcmp
108 597 4 2 0 0 0 0 0 0 0 0 0 0
141 597 0 0 0 0 0 0 0 0 0 0 0 0
142 597 0 0 0 0 0 0 0 0 0 0 0 0
144 597 0 0 0 0 0 0 0 0 0 0 0 0
145 597 0 0 0 0 0 0 0 0 0 0 0 0
166 597 0 0 0 0 0 0 0 0 0 0 0 0
167 597 0 0 0 0 0 0 0 0 533 116 0 0
168 490 0 0 0 0 0 0 0 0 0 0 0 0
169 490 0 0 0 0 0 0 0 0 490 81 0 0
170 409 0 0 409 104 66 0 0 0 0 0 0 0
171 409 3 2 409 6 5 0 0 0 0 0 0 0
172 409 0 0 409 0 0 0 0 0 0 0 0 0
173 409 0 0 409 0 0 0 0 0 0 0 0 0
194 409 0 0 0 0 0 0 0 0 0 0 0 0
195 409 0 0 0 0 0 0 0 0 0 0 0 0
196 409 0 0 0 0 0 0 0 0 0 0 0 0
197 409 0 0 0 0 0 0 0 0 0 0 0 0
198 409 0 0 0 0 0 0 0 0 0 0 0 0
199 409 0 0 0 0 0 0 0 0 0 0 0 0
200 409 0 0 0 0 0 0 0 0 409 74 0 0
205 28 0 0 0 0 0 0 0 0 0 0 0 0
206 84 0 0 0 0 0 0 0 0 0 0 0 0
215 216 4 2 0 0 0 0 0 0 0 0 0 0
216 216 0 0 0 0 0 0 0 0 0 0 0 0
217 216 0 0 0 0 0 0 0 0 0 0 0 0
218 216 0 0 0 0 0 0 0 0 0 0 0 0
219 216 0 0 0 0 0 0 0 0 0 0 0 0
220 216 0 0 0 0 0 0 0 0 0 0 0 0
221 216 0 0 0 0 0 0 0 0 0 0 0 0
222 216 0 0 0 0 0 0 0 0 216 16 0 0
223 200 0 0 0 0 0 0 0 0 200 104 0 0
224 104 0 0 0 0 0 0 0 0 0 0 0 0
225 104 0 0 0 0 0 0 0 0 0 0 0 0
226 104 0 0 0 0 0 0 0 0 0 0 0 0
228 200 0 0 0 0 0 0 0 0 0 0 0 0
229 200 0 0 0 0 0 0 0 0 0 0 0 0
230 200 0 0 0 0 0 0 0 0 0 0 0 0
231 200 0 0 200 10 3 0 0 0 0 0 0 0
232 200 0 0 0 0 0 0 0 0 0 0 0 0
233 200 0 0 0 0 0 0 0 0 0 0 200 158
243 16 1 1 16 2 1 0 0 0 0 0 0 0
244 16 0 0 0 0 0 0 0 0 0 0 0 0
245 16 0 0 0 0 0 0 0 0 0 0 0 0
247 16 0 0 16 4 2 0 0 0 0 0 0 0
253 16 0 0 0 0 0 0 0 0 0 0 0 0
254 16 0 0 0 0 0 0 0 0 0 0 0 0
255 16 0 0 0 0 0 0 0 0 0 0 0 0
256 16 0 0 0 0 0 0 0 0 0 0 0 0
257 16 0 0 0 0 0 0 0 0 0 0 0 0
262 16 0 0 0 0 0 0 0 0 16 3 0 0
264 12 0 0 0 0 0 0 0 0 0 0 0 0
265 12 0 0 0 0 0 0 0 0 0 0 0 0
266 24 0 0 0 0 0 0 0 0 0 0 0 0
274 12 1 1 12 3 1 0 0 0 0 0 0 0
275 12 0 0 12 3 1 0 0 0 0 0 0 0
278 12 0 0 0 0 0 0 0 0 0 0 0 0
279 12 0 0 0 0 0 0 0 0 0 0 0 0
280 12 0 0 0 0 0 0 0 0 0 0 0 0
281 12 0 0 0 0 0 0 0 0 0 0 0 0
282 12 0 0 0 0 0 0 0 0 0 0 0 0
283 12 0 0 0 0 0 0 0 0 12 5 0 0
444 1 1 1 0 0 0 0 0 0 0 0 0 0
445 1 0 0 1 1 1 0 0 0 0 0 0 0
446 1 0 0 1 0 0 0 0 0 0 0 0 0
447 1 0 0 0 0 0 0 0 0 0 0 0 0
448 1 0 0 0 0 0 0 0 0 0 0 0 0
450 1 0 0 0 0 0 0 0 0 0 0 0 0
451 1 0 0 0 0 0 0 0 0 0 0 0 0
452 1 1 1 0 0 0 0 0 0 0 0 0 0
453 1 0 0 0 0 0 0 0 0 0 0 0 0
454 1 0 0 0 0 0 0 0 0 0 0 0 0
455 1 0 0 0 0 0 0 0 0 0 0 0 0
456 1 0 0 0 0 0 0 0 0 1 0 0 0
457 1 0 0 1 0 0 0 0 0 0 0 0 0
460 1 0 0 0 0 0 0 0 0 0 0 0 0
461 1 0 0 0 0 0 0 0 0 0 0 0 0
462 1 0 0 0 0 0 0 0 0 0 0 0 0
468 1 0 0 0 0 0 0 0 0 0 0 0 0
469 1 0 0 0 0 0 0 0 0 0 0 0 0
470 2 0 0 0 0 0 0 0 0 0 0 0 0
474 1 1 1 0 0 0 0 0 0 0 0 0 0
475 1 0 0 0 0 0 0 0 0 1 0 0 0
478 1 0 0 1 0 0 0 0 0 0 0 0 0
479 1 0 0 1 0 0 0 0 0 0 0 0 0
480 1 0 0 0 0 0 0 0 0 0 0 0 0
483 1 0 0 0 0 0 0 0 0 0 0 0 0
484 1 0 0 0 0 0 0 0 0 0 0 0 0
485 1 0 0 0 0 0 0 0 0 0 0 0 0
491 1 0 0 0 0 0 0 0 0 0 0 0 0
492 1 0 0 0 0 0 0 0 0 0 0 0 0
493 1 0 0 0 0 0 0 0 0 0 0 0 0
494 1 0 0 0 0 0 0 0 0 0 0 0 0
495 1 0 0 0 0 0 0 0 0 0 0 0 0
496 1 1 1 0 0 0 0 0 0 1 0 0 0
503 1 0 0 0 0 0 0 0 0 0 0 0 0
504 1 0 0 0 0 0 0 0 0 0 0 0 0
506 1 0 0 0 0 0 0 0 0 0 0 0 0
507 1 0 0 0 0 0 0 0 0 1 0 0 0
509 1 0 0 1 0 0 0 0 0 0 0 0 0
510 1 0 0 1 1 1 0 0 0 0 0 0 0
511 1 0 0 0 0 0 0 0 0 0 0 0 0
514 1 0 0 0 0 0 0 0 0 0 0 0 0
515 1 0 0 0 0 0 0 0 0 0 0 0 0
516 1 0 0 0 0 0 0 0 0 0 0 0 0
522 1 0 0 0 0 0 0 0 0 0 0 0 0
523 1 0 0 0 0 0 0 0 0 0 0 0 0
524 1 0 0 0 0 0 0 0 0 0 0 0 0
525 1 0 0 0 0 0 0 0 0 0 0 0 0
526 1 1 1 0 0 0 0 0 0 0 0 0 0
527 1 0 0 0 0 0 0 0 0 1 1 0 0
693 3 1 1 0 0 0 0 0 0 0 0 0 0
694 3 0 0 3 0 0 0 0 0 0 0 0 0
695 3 0 0 3 1 1 0 0 0 0 0 0 0
696 3 0 0 0 0 0 0 0 0 0 0 0 0
697 3 0 0 0 0 0 0 0 0 0 0 0 0
699 3 0 0 0 0 0 0 0 0 0 0 0 0
700 3 0 0 0 0 0 0 0 0 0 0 0 0
701 3 1 1 0 0 0 0 0 0 0 0 0 0
702 3 0 0 0 0 0 0 0 0 0 0 0 0
703 3 0 0 0 0 0 0 0 0 0 0 0 0
704 3 0 0 0 0 0 0 0 0 0 0 0 0
705 3 0 0 0 0 0 0 0 0 3 1 0 0
706 2 0 0 2 0 0 0 0 0 0 0 0 0
710 2 0 0 0 0 0 0 0 0 0 0 0 0
711 2 0 0 0 0 0 0 0 0 0 0 0 0
712 2 0 0 0 0 0 0 0 0 0 0 0 0
718 2 0 0 0 0 0 0 0 0 0 0 0 0
719 2 0 0 0 0 0 0 0 0 0 0 0 0
720 4 0 0 0 0 0 0 0 0 0 0 0 0
724 2 1 1 0 0 0 0 0 0 0 0 0 0
725 2 0 0 0 0 0 0 0 0 2 0 0 0
728 2 0 0 2 1 1 0 0 0 0 0 0 0
729 2 0 0 2 0 0 0 0 0 0 0 0 0
730 2 0 0 0 0 0 0 0 0 0 0 0 0
733 2 0 0 0 0 0 0 0 0 0 0 0 0
734 2 0 0 0 0 0 0 0 0 0 0 0 0
735 2 0 0 0 0 0 0 0 0 0 0 0 0
741 2 0 0 0 0 0 0 0 0 0 0 0 0
742 2 0 0 0 0 0 0 0 0 0 0 0 0
743 2 0 0 0 0 0 0 0 0 0 0 0 0
744 2 0 0 0 0 0 0 0 0 0 0 0 0
745 2 0 0 0 0 0 0 0 0 0 0 0 0
746 2 1 1 0 0 0 0 0 0 2 0 0 0
818 5 1 1 0 0 0 0 0 0 0 0 0 0
819 5 0 0 5 3 1 0 0 0 0 0 0 0
820 5 0 0 5 0 0 0 0 0 0 0 0 0
821 5 0 0 0 0 0 0 0 0 0 0 0 0
822 5 0 0 0 0 0 0 0 0 0 0 0 0
824 5 0 0 0 0 0 0 0 0 0 0 0 0
825 5 0 0 0 0 0 0 0 0 0 0 0 0
826 5 1 1 0 0 0 0 0 0 0 0 0 0
827 5 0 0 0 0 0 0 0 0 0 0 0 0
828 5 0 0 0 0 0 0 0 0 0 0 0 0
829 5 0 0 0 0 0 0 0 0 0 0 0 0
830 5 0 0 0 0 0 0 0 0 5 2 0 0
831 5 0 0 5 0 0 0 0 0 0 0 0 0
835 5 0 0 0 0 0 0 0 0 0 0 0 0
836 5 0 0 0 0 0 0 0 0 0 0 0 0
837 5 0 0 0 0 0 0 0 0 0 0 0 0
843 5 0 0 0 0 0 0 0 0 0 0 0 0
844 5 0 0 0 0 0 0 0 0 0 0 0 0
845 10 0 0 0 0 0 0 0 0 0 0 0 0
849 5 1 1 0 0 0 0 0 0 0 0 0 0
850 5 0 0 0 0 0 0 0 0 5 0 0 0
853 5 0 0 5 0 0 0 0 0 0 0 0 0
854 5 0 0 5 3 2 0 0 0 0 0 0 0
855 5 0 0 0 0 0 0 0 0 0 0 0 0
858 5 0 0 0 0 0 0 0 0 0 0 0 0
859 5 0 0 0 0 0 0 0 0 0 0 0 0
860 5 0 0 0 0 0 0 0 0 0 0 0 0
866 5 0 0 0 0 0 0 0 0 0 0 0 0
867 5 0 0 0 0 0 0 0 0 0 0 0 0
868 5 0 0 0 0 0 0 0 0 0 0 0 0
869 5 0 0 0 0 0 0 0 0 0 0 0 0
870 5 0 0 0 0 0 0 0 0 0 0 0 0
871 5 1 1 0 0 0 0 0 0 5 1 0 0
943 6 2 2 0 0 0 0 0 0 0 0 0 0
944 6 0 0 6 2 1 0 0 0 0 0 0 0
945 6 0 0 6 0 0 0 0 0 0 0 0 0
946 6 0 0 0 0 0 0 0 0 0 0 0 0
947 6 0 0 0 0 0 0 0 0 0 0 0 0
949 6 0 0 0 0 0 0 0 0 0 0 0 0
950 6 0 0 0 0 0 0 0 0 0 0 0 0
951 6 2 2 0 0 0 0 0 0 0 0 0 0
952 6 0 0 0 0 0 0 0 0 0 0 0 0
953 6 0 0 0 0 0 0 0 0 0 0 0 0
954 6 0 0 0 0 0 0 0 0 0 0 0 0
955 6 0 0 0 0 0 0 0 0 6 2 0 0
956 6 0 0 6 0 0 0 0 0 0 0 0 0
960 6 0 0 0 0 0 0 0 0 0 0 0 0
961 6 0 0 0 0 0 0 0 0 0 0 0 0
962 6 0 0 0 0 0 0 0 0 0 0 0 0
968 6 0 0 0 0 0 0 0 0 0 0 0 0
969 6 0 0 0 0 0 0 0 0 0 0 0 0
970 12 0 0 0 0 0 0 0 0 0 0 0 0
974 6 2 2 0 0 0 0 0 0 0 0 0 0
975 6 0 0 0 0 0 0 0 0 6 0 0 0
978 6 0 0 6 1 1 0 0 0 0 0 0 0
979 6 0 0 6 2 2 0 0 0 0 0 0 0
980 6 0 0 0 0 0 0 0 0 0 0 0 0
983 6 0 0 0 0 0 0 0 0 0 0 0 0
984 6 0 0 0 0 0 0 0 0 0 0 0 0
985 6 0 0 0 0 0 0 0 0 0 0 0 0
991 6 0 0 0 0 0 0 0 0 0 0 0 0
992 6 0 0 0 0 0 0 0 0 0 0 0 0
993 6 0 0 0 0 0 0 0 0 0 0 0 0
994 6 0 0 0 0 0 0 0 0 0 0 0 0
995 6 0 0 0 0 0 0 0 0 0 0 0 0
996 6 2 2 0 0 0 0 0 0 6 3 0 0
1003 1 0 0 0 0 0 0 0 0 0 0 0 0
1004 1 0 0 0 0 0 0 0 0 0 0 0 0
1006 1 0 0 0 0 0 0 0 0 0 0 0 0
1007 1 0 0 0 0 0 0 0 0 1 0 0 0
1009 1 0 0 1 0 0 0 0 0 0 0 0 0
1010 1 0 0 1 0 0 0 0 0 0 0 0 0
1011 1 0 0 0 0 0 0 0 0 0 0 0 0
1014 1 0 0 0 0 0 0 0 0 0 0 0 0
1015 1 0 0 0 0 0 0 0 0 0 0 0 0
1016 1 0 0 0 0 0 0 0 0 0 0 0 0
1022 1 0 0 0 0 0 0 0 0 0 0 0 0
1023 1 0 0 0 0 0 0 0 0 0 0 0 0
1024 1 0 0 0 0 0 0 0 0 0 0 0 0
1025 1 0 0 0 0 0 0 0 0 0 0 0 0
1026 1 1 1 0 0 0 0 0 0 0 0 0 0
1027 1 0 0 0 0 0 0 0 0 1 0 0 0
1068 15 1 1 0 0 0 0 0 0 0 0 0 0
1069 15 0 0 15 1 1 0 0 0 0 0 0 0
1070 15 0 0 15 2 2 0 0 0 0 0 0 0
1071 15 0 0 0 0 0 0 0 0 0 0 0 0
1072 15 0 0 0 0 0 0 0 0 0 0 0 0
1074 15 0 0 0 0 0 0 0 0 0 0 0 0
1075 15 0 0 0 0 0 0 0 0 0 0 0 0
1076 15 1 1 0 0 0 0 0 0 0 0 0 0
1077 15 0 0 0 0 0 0 0 0 0 0 0 0
1078 15 0 0 0 0 0 0 0 0 0 0 0 0
1079 15 0 0 0 0 0 0 0 0 0 0 0 0
1080 15 0 0 0 0 0 0 0 0 15 2 0 0
1081 3 0 0 3 0 0 0 0 0 0 0 0 0
1085 3 0 0 0 0 0 0 0 0 0 0 0 0
1086 3 0 0 0 0 0 0 0 0 0 0 0 0
1087 3 0 0 0 0 0 0 0 0 0 0 0 0
1093 3 0 0 0 0 0 0 0 0 0 0 0 0
1094 3 0 0 0 0 0 0 0 0 0 0 0 0
1095 6 0 0 0 0 0 0 0 0 0 0 0 0
1099 3 1 1 0 0 0 0 0 0 0 0 0 0
1100 3 0 0 0 0 0 0 0 0 3 0 0 0
1103 3 0 0 3 1 1 0 0 0 0 0 0 0
1104 3 0 0 3 1 1 0 0 0 0 0 0 0
1105 3 0 0 0 0 0 0 0 0 0 0 0 0
1108 3 0 0 0 0 0 0 0 0 0 0 0 0
1109 3 0 0 0 0 0 0 0 0 0 0 0 0
1110 3 0 0 0 0 0 0 0 0 0 0 0 0
1116 3 0 0 0 0 0 0 0 0 0 0 0 0
1117 3 0 0 0 0 0 0 0 0 0 0 0 0
1118 3 0 0 0 0 0 0 0 0 0 0 0 0
1119 3 0 0 0 0 0 0 0 0 0 0 0 0
1120 3 0 0 0 0 0 0 0 0 0 0 0 0
1121 3 1 1 0 0 0 0 0 0 3 1 0 0
1128 1 0 0 0 0 0 0 0 0 0 0 0 0
1129 1 0 0 0 0 0 0 0 0 0 0 0 0
1131 1 0 0 0 0 0 0 0 0 0 0 0 0
1132 1 0 0 0 0 0 0 0 0 1 0 0 0
1134 1 0 0 1 0 0 0 0 0 0 0 0 0
1135 1 0 0 1 0 0 0 0 0 0 0 0 0
1136 1 0 0 0 0 0 0 0 0 0 0 0 0
1139 1 0 0 0 0 0 0 0 0 0 0 0 0
1140 1 0 0 0 0 0 0 0 0 0 0 0 0
1141 1 0 0 0 0 0 0 0 0 0 0 0 0
1147 1 0 0 0 0 0 0 0 0 0 0 0 0
1148 1 0 0 0 0 0 0 0 0 0 0 0 0
1149 1 0 0 0 0 0 0 0 0 0 0 0 0
1150 1 0 0 0 0 0 0 0 0 0 0 0 0
1151 1 1 1 0 0 0 0 0 0 0 0 0 0
1152 1 0 0 0 0 0 0 0 0 1 1 0 0
1193 10 3 2 0 0 0 0 0 0 0 0 0 0
1194 10 0 0 10 1 1 0 0 0 0 0 0 0
1195 10 0 0 10 5 4 0 0 0 0 0 0 0
1196 10 0 0 0 0 0 0 0 0 0 0 0 0
1197 10 0 0 0 0 0 0 0 0 0 0 0 0
1199 10 0 0 0 0 0 0 0 0 0 0 0 0
1200 10 0 0 0 0 0 0 0 0 0 0 0 0
1201 10 2 2 0 0 0 0 0 0 0 0 0 0
1202 10 0 0 0 0 0 0 0 0 0 0 0 0
1203 10 0 0 0 0 0 0 0 0 0 0 0 0
1204 10 0 0 0 0 0 0 0 0 0 0 0 0
1205 10 0 0 0 0 0 0 0 0 10 5 0 0
1206 6 0 0 6 0 0 0 0 0 0 0 0 0
1210 6 0 0 0 0 0 0 0 0 0 0 0 0
1211 6 0 0 0 0 0 0 0 0 0 0 0 0
1212 6 0 0 0 0 0 0 0 0 0 0 0 0
1218 6 0 0 0 0 0 0 0 0 0 0 0 0
1219 6 0 0 0 0 0 0 0 0 0 0 0 0
1220 12 0 0 0 0 0 0 0 0 0 0 0 0
1224 7 2 2 0 0 0 0 0 0 0 0 0 0
1225 7 0 0 0 0 0 0 0 0 7 0 0 0
1228 7 0 0 7 2 2 0 0 0 0 0 0 0
1229 7 0 0 7 2 2 0 0 0 0 0 0 0
1230 7 0 0 0 0 0 0 0 0 0 0 0 0
1233 7 0 0 0 0 0 0 0 0 0 0 0 0
1234 7 0 0 0 0 0 0 0 0 0 0 0 0
1235 7 0 0 0 0 0 0 0 0 0 0 0 0
1241 7 0 0 0 0 0 0 0 0 0 0 0 0
1242 7 0 0 0 0 0 0 0 0 0 0 0 0
1243 7 0 0 0 0 0 0 0 0 0 0 0 0
1244 7 0 0 0 0 0 0 0 0 0 0 0 0
1245 7 0 0 0 0 0 0 0 0 0 0 0 0
1246 7 2 2 0 0 0 0 0 0 7 5 0 0
1253 1 0 0 0 0 0 0 0 0 0 0 0 0
1254 1 0 0 0 0 0 0 0 0 0 0 0 0
1256 1 0 0 0 0 0 0 0 0 0 0 0 0
1257 1 0 0 0 0 0 0 0 0 1 0 0 0
1259 1 0 0 1 0 0 0 0 0 0 0 0 0
1260 1 0 0 1 0 0 0 0 0 0 0 0 0
1261 1 0 0 0 0 0 0 0 0 0 0 0 0
1264 1 0 0 0 0 0 0 0 0 0 0 0 0
1265 1 0 0 0 0 0 0 0 0 0 0 0 0
1266 1 0 0 0 0 0 0 0 0 0 0 0 0
1272 1 0 0 0 0 0 0 0 0 0 0 0 0
1273 1 0 0 0 0 0 0 0 0 0 0 0 0
1274 1 0 0 0 0 0 0 0 0 0 0 0 0
1275 1 0 0 0 0 0 0 0 0 0 0 0 0
1276 1 1 1 0 0 0 0 0 0 0 0 0 0
1277 1 0 0 0 0 0 0 0 0 1 1 0 0
1284 1 0 0 0 0 0 0 0 0 0 0 0 0
1285 1 0 0 0 0 0 0 0 0 0 0 0 0
1286 1 0 0 0 0 0 0 0 0 0 0 0 0
1318 20 1 1 0 0 0 0 0 0 0 0 0 0
1319 20 0 0 20 4 4 0 0 0 0 0 0 0
1320 20 0 0 20 2 2 0 0 0 0 0 0 0
1321 20 0 0 0 0 0 0 0 0 0 0 0 0
1322 20 0 0 0 0 0 0 0 0 0 0 0 0
1324 20 0 0 0 0 0 0 0 0 0 0 0 0
1325 20 0 0 0 0 0 0 0 0 0 0 0 0
1326 20 1 1 0 0 0 0 0 0 0 0 0 0
1327 20 0 0 0 0 0 0 0 0 0 0 0 0
1328 20 0 0 0 0 0 0 0 0 0 0 0 0
1329 20 0 0 0 0 0 0 0 0 0 0 0 0
1330 20 0 0 0 0 0 0 0 0 20 11 0 0
1331 8 0 0 8 0 0 0 0 0 0 0 0 0
1335 8 0 0 0 0 0 0 0 0 0 0 0 0
1336 8 0 0 0 0 0 0 0 0 0 0 0 0
1337 8 0 0 0 0 0 0 0 0 0 0 0 0
1343 8 0 0 0 0 0 0 0 0 0 0 0 0
1344 8 0 0 0 0 0 0 0 0 0 0 0 0
1345 16 0 0 0 0 0 0 0 0 0 0 0 0
1349 8 1 1 0 0 0 0 0 0 0 0 0 0
1350 8 0 0 0 0 0 0 0 0 8 0 0 0
1353 8 0 0 8 2 2 0 0 0 0 0 0 0
1354 8 0 0 8 3 3 0 0 0 0 0 0 0
1355 8 0 0 0 0 0 0 0 0 0 0 0 0
1358 8 0 0 0 0 0 0 0 0 0 0 0 0
1359 8 0 0 0 0 0 0 0 0 0 0 0 0
1360 8 0 0 0 0 0 0 0 0 0 0 0 0
1366 8 0 0 0 0 0 0 0 0 0 0 0 0
1367 8 0 0 0 0 0 0 0 0 0 0 0 0
1368 8 0 0 0 0 0 0 0 0 0 0 0 0
1369 8 0 0 0 0 0 0 0 0 0 0 0 0
1370 8 0 0 0 0 0 0 0 0 0 0 0 0
1371 8 1 1 0 0 0 0 0 0 8 4 0 0
1378 2 0 0 0 0 0 0 0 0 0 0 0 0
1379 2 0 0 0 0 0 0 0 0 0 0 0 0
1381 2 0 0 0 0 0 0 0 0 0 0 0 0
1382 2 0 0 0 0 0 0 0 0 2 0 0 0
1384 2 0 0 2 0 0 0 0 0 0 0 0 0
1385 2 0 0 2 0 0 0 0 0 0 0 0 0
1386 2 0 0 0 0 0 0 0 0 0 0 0 0
1389 2 0 0 0 0 0 0 0 0 0 0 0 0
1390 2 0 0 0 0 0 0 0 0 0 0 0 0
1391 2 0 0 0 0 0 0 0 0 0 0 0 0
1397 2 0 0 0 0 0 0 0 0 0 0 0 0
1398 2 0 0 0 0 0 0 0 0 0 0 0 0
1399 2 0 0 0 0 0 0 0 0 0 0 0 0
1400 2 0 0 0 0 0 0 0 0 0 0 0 0
1401 2 1 1 0 0 0 0 0 0 0 0 0 0
1402 2 0 0 0 0 0 0 0 0 2 0 0 0
1443 16 2 1 0 0 0 0 0 0 0 0 0 0
1444 16 0 0 16 1 1 0 0 0 0 0 0 0
1445 16 0 0 16 5 3 0 0 0 0 0 0 0
1446 16 0 0 0 0 0 0 0 0 0 0 0 0
1447 16 0 0 0 0 0 0 0 0 0 0 0 0
1449 16 0 0 0 0 0 0 0 0 0 0 0 0
1450 16 0 0 0 0 0 0 0 0 0 0 0 0
1451 16 2 1 0 0 0 0 0 0 0 0 0 0
1452 16 0 0 0 0 0 0 0 0 0 0 0 0
1453 16 0 0 0 0 0 0 0 0 0 0 0 0
1454 16 0 0 0 0 0 0 0 0 0 0 0 0
1455 16 0 0 0 0 0 0 0 0 16 6 0 0
1456 10 0 0 10 0 0 0 0 0 0 0 0 0
1460 10 0 0 0 0 0 0 0 0 0 0 0 0
1461 10 0 0 0 0 0 0 0 0 0 0 0 0
1462 10 0 0 0 0 0 0 0 0 0 0 0 0
1468 10 0 0 0 0 0 0 0 0 0 0 0 0
1469 10 0 0 0 0 0 0 0 0 0 0 0 0
1470 20 0 0 0 0 0 0 0 0 0 0 0 0
1474 10 1 1 0 0 0 0 0 0 0 0 0 0
1475 10 0 0 0 0 0 0 0 0 10 0 0 0
1478 10 0 0 10 3 2 0 0 0 0 0 0 0
1479 10 0 0 10 1 1 0 0 0 0 0 0 0
1480 10 0 0 0 0 0 0 0 0 0 0 0 0
1483 10 0 0 0 0 0 0 0 0 0 0 0 0
1484 10 0 0 0 0 0 0 0 0 0 0 0 0
1485 10 0 0 0 0 0 0 0 0 0 0 0 0
1491 10 0 0 0 0 0 0 0 0 0 0 0 0
1492 10 0 0 0 0 0 0 0 0 0 0 0 0
1493 10 0 0 0 0 0 0 0 0 0 0 0 0
1494 10 0 0 0 0 0 0 0 0 0 0 0 0
1495 10 0 0 0 0 0 0 0 0 0 0 0 0
1496 10 1 1 0 0 0 0 0 0 10 8 0 0
1503 3 0 0 0 0 0 0 0 0 0 0 0 0
1504 3 0 0 0 0 0 0 0 0 0 0 0 0
1506 3 0 0 0 0 0 0 0 0 0 0 0 0
1507 3 0 0 0 0 0 0 0 0 3 0 0 0
1509 3 0 0 3 0 0 0 0 0 0 0 0 0
1510 3 0 0 3 0 0 0 0 0 0 0 0 0
1511 3 0 0 0 0 0 0 0 0 0 0 0 0
1514 3 0 0 0 0 0 0 0 0 0 0 0 0
1515 3 0 0 0 0 0 0 0 0 0 0 0 0
1516 3 0 0 0 0 0 0 0 0 0 0 0 0
1522 3 0 0 0 0 0 0 0 0 0 0 0 0
1523 3 0 0 0 0 0 0 0 0 0 0 0 0
1524 3 0 0 0 0 0 0 0 0 0 0 0 0
1525 3 0 0 0 0 0 0 0 0 0 0 0 0
1526 3 1 1 0 0 0 0 0 0 0 0 0 0
1527 3 0 0 0 0 0 0 0 0 3 3 0 0
1568 21 1 1 0 0 0 0 0 0 0 0 0 0
1569 21 0 0 21 2 2 0 0 0 0 0 0 0
1570 21 0 0 21 4 0 0 0 0 0 0 0 0
1571 21 0 0 0 0 0 0 0 0 0 0 0 0
1572 21 0 0 0 0 0 0 0 0 0 0 0 0
1574 21 0 0 0 0 0 0 0 0 0 0 0 0
1575 21 0 0 0 0 0 0 0 0 0 0 0 0
1576 21 1 1 0 0 0 0 0 0 0 0 0 0
1577 21 0 0 0 0 0 0 0 0 0 0 0 0
1578 21 0 0 0 0 0 0 0 0 0 0 0 0
1579 21 0 0 0 0 0 0 0 0 0 0 0 0
1580 21 0 0 0 0 0 0 0 0 21 6 0 0
1581 17 0 0 17 0 0 0 0 0 0 0 0 0
1585 17 0 0 0 0 0 0 0 0 0 0 0 0
1586 17 0 0 0 0 0 0 0 0 0 0 0 0
1587 17 0 0 0 0 0 0 0 0 0 0 0 0
1593 17 0 0 0 0 0 0 0 0 0 0 0 0
1594 17 0 0 0 0 0 0 0 0 0 0 0 0
1595 34 0 0 0 0 0 0 0 0 0 0 0 0
1599 17 1 1 0 0 0 0 0 0 0 0 0 0
1600 17 0 0 0 0 0 0 0 0 17 0 0 0
1603 17 0 0 17 5 4 0 0 0 0 0 0 0
1604 17 0 0 17 6 3 0 0 0 0 0 0 0
1605 17 0 0 0 0 0 0 0 0 0 0 0 0
1608 17 0 0 0 0 0 0 0 0 0 0 0 0
1609 17 0 0 0 0 0 0 0 0 0 0 0 0
1610 17 0 0 0 0 0 0 0 0 0 0 0 0
1616 17 0 0 0 0 0 0 0 0 0 0 0 0
1617 17 0 0 0 0 0 0 0 0 0 0 0 0
1618 17 0 0 0 0 0 0 0 0 0 0 0 0
1619 17 0 0 0 0 0 0 0 0 0 0 0 0
1620 17 0 0 0 0 0 0 0 0 0 0 0 0
1621 17 1 1 0 0 0 0 0 0 17 8 0 0
1628 4 0 0 0 0 0 0 0 0 0 0 0 0
1629 4 0 0 0 0 0 0 0 0 0 0 0 0
1631 4 0 0 0 0 0 0 0 0 0 0 0 0
1632 4 0 0 0 0 0 0 0 0 4 0 0 0
1634 4 0 0 4 1 0 0 0 0 0 0 0 0
1635 4 0 0 4 0 0 0 0 0 0 0 0 0
1636 4 0 0 0 0 0 0 0 0 0 0 0 0
1639 4 0 0 0 0 0 0 0 0 0 0 0 0
1640 4 0 0 0 0 0 0 0 0 0 0 0 0
1641 4 0 0 0 0 0 0 0 0 0 0 0 0
1647 4 0 0 0 0 0 0 0 0 0 0 0 0
1648 4 0 0 0 0 0 0 0 0 0 0 0 0
1649 4 0 0 0 0 0 0 0 0 0 0 0 0
1650 4 0 0 0 0 0 0 0 0 0 0 0 0
1651 4 1 1 0 0 0 0 0 0 0 0 0 0
1652 4 0 0 0 0 0 0 0 0 4 2 0 0
1693 16 1 1 0 0 0 0 0 0 0 0 0 0
1694 16 0 0 16 0 0 0 0 0 0 0 0 0
1695 16 0 0 16 6 2 0 0 0 0 0 0 0
1696 16 0 0 0 0 0 0 0 0 0 0 0 0
1697 16 0 0 0 0 0 0 0 0 0 0 0 0
1699 16 0 0 0 0 0 0 0 0 0 0 0 0
1700 16 0 0 0 0 0 0 0 0 0 0 0 0
1701 16 1 1 0 0 0 0 0 0 0 0 0 0
1702 16 0 0 0 0 0 0 0 0 0 0 0 0
1703 16 0 0 0 0 0 0 0 0 0 0 0 0
1704 16 0 0 0 0 0 0 0 0 0 0 0 0
1705 16 0 0 0 0 0 0 0 0 16 7 0 0
1706 7 0 0 7 0 0 0 0 0 0 0 0 0
1710 7 0 0 0 0 0 0 0 0 0 0 0 0
1711 7 0 0 0 0 0 0 0 0 0 0 0 0
1712 7 0 0 0 0 0 0 0 0 0 0 0 0
1718 7 0 0 0 0 0 0 0 0 0 0 0 0
1719 7 0 0 0 0 0 0 0 0 0 0 0 0
1720 14 0 0 0 0 0 0 0 0 0 0 0 0
1724 7 1 1 0 0 0 0 0 0 0 0 0 0
1725 7 0 0 0 0 0 0 0 0 7 0 0 0
1728 7 0 0 7 3 3 0 0 0 0 0 0 0
1729 7 0 0 7 0 0 0 0 0 0 0 0 0
1730 7 0 0 0 0 0 0 0 0 0 0 0 0
1733 7 0 0 0 0 0 0 0 0 0 0 0 0
1734 7 0 0 0 0 0 0 0 0 0 0 0 0
1735 7 0 0 0 0 0 0 0 0 0 0 0 0
1741 7 0 0 0 0 0 0 0 0 0 0 0 0
1742 7 0 0 0 0 0 0 0 0 0 0 0 0
1743 7 0 0 0 0 0 0 0 0 0 0 0 0
1744 7 0 0 0 0 0 0 0 0 0 0 0 0
1745 7 0 0 0 0 0 0 0 0 0 0 0 0
1746 7 1 1 0 0 0 0 0 0 7 3 0 0
1818 12 1 1 0 0 0 0 0 0 0 0 0 0
1819 12 0 0 12 3 3 0 0 0 0 0 0 0
1820 12 0 0 12 1 1 0 0 0 0 0 0 0
1821 12 0 0 0 0 0 0 0 0 0 0 0 0
1822 12 0 0 0 0 0 0 0 0 0 0 0 0
1824 12 0 0 0 0 0 0 0 0 0 0 0 0
1825 12 0 0 0 0 0 0 0 0 0 0 0 0
1826 12 1 1 0 0 0 0 0 0 0 0 0 0
1827 12 0 0 0 0 0 0 0 0 0 0 0 0
1828 12 0 0 0 0 0 0 0 0 0 0 0 0
1829 12 0 0 0 0 0 0 0 0 0 0 0 0
1830 12 0 0 0 0 0 0 0 0 12 8 0 0
1831 5 0 0 5 0 0 0 0 0 0 0 0 0
1835 5 0 0 0 0 0 0 0 0 0 0 0 0
1836 5 0 0 0 0 0 0 0 0 0 0 0 0
1837 5 0 0 0 0 0 0 0 0 0 0 0 0
1843 5 0 0 0 0 0 0 0 0 0 0 0 0
1844 5 0 0 0 0 0 0 0 0 0 0 0 0
1845 10 0 0 0 0 0 0 0 0 0 0 0 0
1849 5 1 1 0 0 0 0 0 0 0 0 0 0
1850 5 0 0 0 0 0 0 0 0 5 0 0 0
1853 5 0 0 5 0 0 0 0 0 0 0 0 0
1854 5 0 0 5 1 1 0 0 0 0 0 0 0
1855 5 0 0 0 0 0 0 0 0 0 0 0 0
1858 5 0 0 0 0 0 0 0 0 0 0 0 0
1859 5 0 0 0 0 0 0 0 0 0 0 0 0
1860 5 0 0 0 0 0 0 0 0 0 0 0 0
1866 5 0 0 0 0 0 0 0 0 0 0 0 0
1867 5 0 0 0 0 0 0 0 0 0 0 0 0
1868 5 0 0 0 0 0 0 0 0 0 0 0 0
1869 5 0 0 0 0 0 0 0 0 0 0 0 0
1870 5 0 0 0 0 0 0 0 0 0 0 0 0
1871 5 1 1 0 0 0 0 0 0 5 3 0 0
1943 27 2 1 0 0 0 0 0 0 0 0 0 0
1944 27 0 0 27 6 3 0 0 0 0 0 0 0
1945 27 0 0 27 5 2 0 0 0 0 0 0 0
1946 27 0 0 0 0 0 0 0 0 0 0 0 0
1947 27 0 0 0 0 0 0 0 0 0 0 0 0
1949 27 0 0 0 0 0 0 0 0 0 0 0 0
1950 27 0 0 0 0 0 0 0 0 0 0 0 0
1951 27 3 1 0 0 0 0 0 0 0 0 0 0
1952 27 0 0 0 0 0 0 0 0 0 0 0 0
1953 27 0 0 0 0 0 0 0 0 0 0 0 0
1954 27 0 0 0 0 0 0 0 0 0 0 0 0
1955 27 0 0 0 0 0 0 0 0 27 8 0 0
1956 9 0 0 9 0 0 0 0 0 0 0 0 0
1960 9 0 0 0 0 0 0 0 0 0 0 0 0
1961 9 0 0 0 0 0 0 0 0 0 0 0 0
1962 9 0 0 0 0 0 0 0 0 0 0 0 0
1968 9 0 0 0 0 0 0 0 0 0 0 0 0
1969 9 0 0 0 0 0 0 0 0 0 0 0 0
1970 18 0 0 0 0 0 0 0 0 0 0 0 0
1974 9 3 1 0 0 0 0 0 0 0 0 0 0
1975 9 0 0 0 0 0 0 0 0 9 0 0 0
1978 9 0 0 9 1 1 0 0 0 0 0 0 0
1979 9 0 0 9 4 3 0 0 0 0 0 0 0
1980 9 0 0 0 0 0 0 0 0 0 0 0 0
1983 9 0 0 0 0 0 0 0 0 0 0 0 0
1984 9 0 0 0 0 0 0 0 0 0 0 0 0
1985 9 0 0 0 0 0 0 0 0 0 0 0 0
1991 9 0 0 0 0 0 0 0 0 0 0 0 0
1992 9 0 0 0 0 0 0 0 0 0 0 0 0
1993 9 0 0 0 0 0 0 0 0 0 0 0 0
1994 9 0 0 0 0 0 0 0 0 0 0 0 0
1995 9 0 0 0 0 0 0 0 0 0 0 0 0
1996 9 3 1 0 0 0 0 0 0 9 4 0 0
2068 48 1 1 0 0 0 0 0 0 0 0 0 0
2069 48 0 0 48 3 2 0 0 0 0 0 0 0
2070 48 0 0 48 6 3 0 0 0 0 0 0 0
2071 48 0 0 0 0 0 0 0 0 0 0 0 0
2072 48 0 0 0 0 0 0 0 0 0 0 0 0
2074 48 0 0 0 0 0 0 0 0 0 0 0 0
2075 48 0 0 0 0 0 0 0 0 0 0 0 0
2076 48 1 1 0 0 0 0 0 0 0 0 0 0
2077 48 0 0 0 0 0 0 0 0 0 0 0 0
2078 48 0 0 0 0 0 0 0 0 0 0 0 0
2079 48 0 0 0 0 0 0 0 0 0 0 0 0
2080 48 0 0 0 0 0 0 0 0 48 18 0 0
2082 14 0 0 14 0 0 0 0 0 0 0 0 0
2086 14 0 0 0 0 0 0 0 0 0 0 0 0
2087 14 0 0 0 0 0 0 0 0 0 0 0 0
2088 14 0 0 0 0 0 0 0 0 0 0 0 0
2094 14 0 0 0 0 0 0 0 0 0 0 0 0
2095 14 0 0 0 0 0 0 0 0 0 0 0 0
2097 28 0 0 0 0 0 0 0 0 0 0 0 0
2101 14 1 1 0 0 0 0 0 0 0 0 0 0
2102 14 0 0 0 0 0 0 0 0 14 0 0 0
2105 14 0 0 14 3 1 0 0 0 0 0 0 0
2106 14 0 0 14 4 3 0 0 0 0 0 0 0
2107 14 0 0 0 0 0 0 0 0 0 0 0 0
2110 14 0 0 0 0 0 0 0 0 0 0 0 0
2111 14 0 0 0 0 0 0 0 0 0 0 0 0
2112 14 0 0 0 0 0 0 0 0 0 0 0 0
2118 14 0 0 0 0 0 0 0 0 0 0 0 0
2119 14 0 0 0 0 0 0 0 0 0 0 0 0
2120 14 0 0 0 0 0 0 0 0 0 0 0 0
2121 14 0 0 0 0 0 0 0 0 0 0 0 0
2122 14 0 0 0 0 0 0 0 0 0 0 0 0
2123 14 1 1 0 0 0 0 0 0 14 9 0 0
2130 1 0 0 0 0 0 0 0 0 0 0 0 0
2131 1 0 0 0 0 0 0 0 0 0 0 0 0
2133 1 0 0 0 0 0 0 0 0 0 0 0 0
2134 1 0 0 0 0 0 0 0 0 1 0 0 0
2136 1 0 0 1 0 0 0 0 0 0 0 0 0
2137 1 0 0 1 0 0 0 0 0 0 0 0 0
2138 1 0 0 0 0 0 0 0 0 0 0 0 0
2141 1 0 0 0 0 0 0 0 0 0 0 0 0
2142 1 0 0 0 0 0 0 0 0 0 0 0 0
2143 1 0 0 0 0 0 0 0 0 0 0 0 0
2149 1 0 0 0 0 0 0 0 0 0 0 0 0
2150 1 0 0 0 0 0 0 0 0 0 0 0 0
2151 1 0 0 0 0 0 0 0 0 0 0 0 0
2152 1 0 0 0 0 0 0 0 0 0 0 0 0
2153 1 1 1 0 0 0 0 0 0 0 0 0 0
2154 1 0 0 0 0 0 0 0 0 1 1 0 0
2197 105 2 1 0 0 0 0 0 0 0 0 0 0
2199 216 1 1 0 0 0 0 0 0 0 0 0 0
2200 216 0 0 0 0 0 0 0 0 0 0 0 0
2201 216 0 0 0 0 0 0 0 0 0 0 0 0
2202 216 0 0 0 0 0 0 0 0 216 52 0 0
2203 208 0 0 0 0 0 0 0 0 0 0 0 0
2208 597 3 2 0 0 0 0 0 0 0 0 0 0
2214 597 0 0 597 0 0 0 0 0 0 0 0 0
2215 597 0 0 597 0 0 0 0 0 0 0 0 0
2223 597 0 0 0 0 0 0 0 0 0 0 0 0
2224 597 0 0 597 0 0 0 0 0 0 0 0 0
fl=./string/../sysdeps/x86_64/strcspn.S
fn=strcspn
25 1 1 1 0 0 0 0 0 0 0 0 0 0
27 1 0 0 0 0 0 0 0 0 0 0 0 0
34 1 0 0 0 0 0 0 0 0 0 0 0 0
35 1 1 1 0 0 0 0 0 0 0 0 0 0
37 1 0 0 0 0 0 0 0 0 0 0 0 0
38 1 0 0 0 0 0 0 0 0 0 0 0 0
39 1 0 0 0 0 0 0 0 0 0 0 0 0
40 1 0 0 0 0 0 0 0 0 0 0 0 0
41 33 0 0 0 0 0 32 4 4 32 10 0 0
44 3 0 0 0 0 0 0 0 0 0 0 0 0
51 1 0 0 1 1 1 0 0 0 0 0 0 0
52 1 0 0 0 0 0 0 0 0 0 0 0 0
53 1 0 0 0 0 0 0 0 0 1 0 0 0
54 1 0 0 0 0 0 1 0 0 0 0 0 0
56 1 0 0 1 0 0 0 0 0 0 0 0 0
57 1 0 0 0 0 0 0 0 0 0 0 0 0
58 1 0 0 0 0 0 0 0 0 1 0 0 0
59 1 0 0 0 0 0 1 0 0 0 0 0 0
61 1 0 0 1 0 0 0 0 0 0 0 0 0
62 1 0 0 0 0 0 0 0 0 0 0 0 0
63 1 0 0 0 0 0 0 0 0 1 1 0 0
72 3 1 1 0 0 0 0 0 0 0 0 0 0
84 13 0 0 0 0 0 0 0 0 0 0 0 0
86 13 0 0 13 0 0 0 0 0 0 0 0 0
87 13 0 0 13 0 0 0 0 0 0 0 0 0
88 13 0 0 0 0 0 0 0 0 13 0 0 0
90 13 0 0 13 0 0 0 0 0 0 0 0 0
91 13 0 0 13 0 0 0 0 0 0 0 0 0
92 13 0 0 0 0 0 0 0 0 13 0 0 0
94 13 0 0 13 0 0 0 0 0 0 0 0 0
95 13 0 0 13 0 0 0 0 0 0 0 0 0
96 13 0 0 0 0 0 0 0 0 13 0 0 0
98 13 0 0 13 0 0 0 0 0 0 0 0 0
99 13 0 0 13 0 0 0 0 0 0 0 0 0
100 13 0 0 0 0 0 0 0 0 13 3 0 0
102 1 0 0 0 0 0 0 0 0 0 0 0 0
103 1 0 0 0 0 0 0 0 0 0 0 0 0
104 1 0 0 0 0 0 0 0 0 0 0 0 0
106 1 0 0 0 0 0 0 0 0 0 0 0 0
113 1 0 0 0 0 0 0 0 0 0 0 0 0
117 1 0 0 1 0 0 0 0 0 0 0 0 0
fl=./string/./string/strdup.c
fn=strdup
40 25 1 1 0 0 0 10 0 0 0 0 0 0
41 10 0 0 0 0 0 5 0 0 0 0 0 0
44 10 0 0 0 0 0 0 0 0 5 0 0 0
47 20 0 0 0 0 0 0 0 0 0 0 0 0
48 15 0 0 10 0 0 0 0 0 0 0 0 0
fl=./termios/../sysdeps/unix/sysv/linux/tcgetattr.c
fn=tcgetattr
34 36 6 5 6 0 0 6 0 0 0 0 0 0
38 42 6 5 0 0 0 0 0 0 6 2 0 0
40 12 0 0 0 0 0 0 0 0 6 0 0 0
42 12 6 5 6 0 0 6 0 0 0 0 0 0
46 12 0 0 6 0 0 6 0 0 0 0 0 0
51 36 0 0 0 0 0 6 0 0 0 0 0 0
63 54 0 0 18 0 0 36 0 0 0 0 0 0
77 36 6 5 18 0 0 0 0 0 6 0 0 0
fl=./time/../sysdeps/unix/sysv/linux/clock_gettime.c
fn=clock_gettime@@GLIBC_2.17
30 987 353 10 0 0 0 0 0 0 0 0 0 0
38 1974 0 0 1974 840 16 0 0 0 0 0 0 0
40 1974 0 0 0 0 0 0 0 0 987 244 0 0
44 987 0 0 0 0 0 0 0 0 0 0 0 0
68 1974 360 11 0 0 0 0 0 0 0 0 0 0
69 1974 0 0 0 0 0 0 0 0 987 71 0 0
86 987 0 0 987 0 0 0 0 0 0 0 0 0
fl=./wcsmbs/../sysdeps/x86_64/multiarch/ifunc-avx2.h
fn=wcschr
32 4 0 0 0 0 0 0 0 0 2 0 0 0
33 10 1 1 4 0 0 0 0 0 0 0 0 0
fn=wcscmp
32 2 0 0 0 0 0 0 0 0 1 0 0 0
33 5 1 1 2 0 0 0 0 0 0 0 0 0
fl=./wcsmbs/../sysdeps/x86_64/multiarch/ifunc-evex.h
fn=wmemchr
34 4 0 0 0 0 0 0 0 0 2 0 0 0
35 10 1 1 4 0 0 0 0 0 0 0 0 0
fl=./wcsmbs/../sysdeps/x86_64/multiarch/ifunc-memcmp.h
fn=wmemcmp
34 4 0 0 2 0 0 0 0 0 0 0 0 0
35 3 0 0 1 0 0 0 0 0 1 0 0 0
50 3 0 0 0 0 0 0 0 0 1 1 0 0
fl=./wcsmbs/../sysdeps/x86_64/multiarch/ifunc-wcslen.h
fn=wcslen
33 2 0 0 0 0 0 0 0 0 1 0 0 0
34 4 0 0 2 0 0 0 0 0 0 0 0 0
48 4 0 0 1 0 0 0 0 0 0 0 0 0
fn=wcsnlen
33 2 0 0 0 0 0 0 0 0 1 0 0 0
34 4 0 0 2 0 0 0 0 0 0 0 0 0
48 4 1 1 1 0 0 0 0 0 0 0 0 0
fl=./wcsmbs/../sysdeps/x86_64/multiarch/ifunc-wmemset.h
fn=wmemset
33 10 0 0 4 0 0 0 0 0 2 2 0 0
fl=./wcsmbs/../sysdeps/x86_64/multiarch/wcschr.c
fn=wcschr
31 4 1 1 2 0 0 0 0 0 0 0 0 0
fl=./wcsmbs/../sysdeps/x86_64/multiarch/wcscmp.c
fn=wcscmp
30 2 1 1 1 0 0 0 0 0 0 0 0 0
fl=./wcsmbs/../sysdeps/x86_64/multiarch/wcscpy.c
fn=wcscpy
37 5 1 1 2 0 0 0 0 0 0 0 0 0
43 2 1 1 1 0 0 0 0 0 0 0 0 0
fl=./wcsmbs/../sysdeps/x86_64/multiarch/wcslen.c
fn=wcslen
29 2 1 1 1 0 0 0 0 0 0 0 0 0
fl=./wcsmbs/../sysdeps/x86_64/multiarch/wcsnlen.c
fn=wcsnlen
29 2 1 1 1 0 0 0 0 0 0 0 0 0
fl=./wcsmbs/../sysdeps/x86_64/multiarch/wmemchr.c
fn=wmemchr
31 4 1 1 2 0 0 0 0 0 0 0 0 0
fl=./wcsmbs/../sysdeps/x86_64/multiarch/wmemcmp.c
fn=wmemcmp
29 2 2 2 1 0 0 0 0 0 0 0 0 0
fl=./wcsmbs/../sysdeps/x86_64/multiarch/wmemset.c
fn=wmemset
31 4 2 2 2 0 0 0 0 0 0 0 0 0
fl=???
fn=(below main)
0 12 2 2 2 1 0 3 0 0 0 0 1 1
fn=<&T as core::fmt::Display>::fmt
0 3454 682 37 2202 0 0 0 0 0 0 0 239 15
fn=<&std::fs::File as std::io::Read>::read_to_string
0 68 7 7 17 0 0 11 0 0 4 4 1 1
fn=<&str as alloc::ffi::c_str::CString::new::SpecNewImpl>::spec_new_impl
0 228 9 9 52 0 0 44 3 3 50 17 4 2
fn=<(F0,F1,F2,F3,F4,F5,F6,F7,F8,F9) as bevy_ecs::query::world_query::WorldQuery>::matches_component_set
0 106 6 3 46 4 0 0 0 0 38 13 0 0
fn=<(F0,F1,F2,F3,F4,F5,F6,F7,F8,F9) as bevy_ecs::query::world_query::WorldQuery>::set_archetype
0 162 10 10 62 0 0 20 0 0 20 7 0 0
fn=<(F0,F1,F2,F3,F4,F5,F6,F7,F8,F9,F10) as bevy_ecs::query::world_query::WorldQuery>::set_archetype
0 200 13 13 79 20 0 33 0 0 22 7 0 0
fn=<F as async_task::runnable::Schedule<M>>::schedule
0 3400 10 4 1020 4 1 850 2 0 340 5 0 0
fn=<F as bevy_ecs::schedule::config::IntoSystemConfigs<Marker>>::into_configs
0 91941 80 32 8065 25 0 59681 85 0 1613 47 3226 6
fn=<T as alloc::slice::hack::ConvertVec>::to_vec
0 38 3 3 9 0 0 10 0 0 4 2 2 2
fn=<T as alloc::vec::spec_from_elem::SpecFromElem>::from_elem
0 176294 1457 59 45387 41 0 45949 3629 988 20804 505 10201 211
fn=<T as bevy_ecs::label::DynEq>::as_any
0 3841545 186 7 1280515 0 0 0 0 0 0 0 0 0
fn=<T as bevy_ecs::label::DynEq>::dyn_eq
0 30520922 2361 122 8904382 729285 2049 6361990 3 1 1265294 37 2554268 2598
fn=<T as core::any::Any>::type_id
0 26795958 353 56 8931986 0 0 0 0 0 0 0 0 0
fn=<T as core::slice::cmp::SliceContains>::slice_contains
0 64579 1860 77 26331 4184 46 8109 0 0 14126 823 3809 104
fn=<[T] as rand::seq::SliceRandom>::shuffle
0 696988 10 10 109286 7206 0 69750 0 0 138554 10888 0 0
fn=<ahash::fallback_hash::AHasher as core::hash::Hasher>::write_usize
0 17775107 190 5 5078602 0 0 2539301 0 0 0 0 0 0
fn=<alloc::borrow::Cow<B> as core::fmt::Display>::fmt
0 30 12 10 12 0 0 0 0 0 0 0 0 0
fn=<alloc::boxed::Box<dyn bevy_ecs::system::system::System+In = ()+Out = ()> as bevy_ecs::schedule::schedule::ProcessNodeConfig>::process_config
0 635640 2548 30 220396 11214 18 172559 14727 1448 40072 829 0 0
fn=<alloc::collections::btree::map::BTreeMap<K,V,A> as core::ops::drop::Drop>::drop
0 6642 1046 70 3028 188 9 2216 2 0 442 56 0 0
fn=<alloc::collections::btree::map::Iter<K,V> as core::iter::traits::iterator::Iterator>::next
0 3372 36 30 756 1 0 636 0 0 492 104 0 0
fn=<alloc::string::String as core::fmt::Display>::fmt
0 3650 215 9 1460 1 0 0 0 0 0 0 0 0
fn=<alloc::string::String as core::fmt::Write>::write_char
0 5168 462 5 1584 0 0 1490 0 0 396 82 0 0
fn=<alloc::string::String as core::fmt::Write>::write_str
0 69282 434 18 23949 72 0 17154 0 0 2265 217 2265 2
fn=<alloc::vec::Vec<T,A> as alloc::vec::spec_extend::SpecExtend<T,I>>::spec_extend
0 959616 1267 2 319872 0 0 239904 1 0 79968 2 0 0
fn=<alloc::vec::Vec<T,A> as core::ops::drop::Drop>::drop
0 662925 2819 183 216854 18264 244 81403 13 2 120428 3122 31053 304
fn=<alloc::vec::Vec<T> as alloc::vec::spec_from_iter::SpecFromIter<T,I>>::from_iter
0 7525917 99824 482 1386572 5751 208 2140419 44246 20396 959534 46531 95519 79
fn=<alloc::vec::drain::Drain<T,A> as core::ops::drop::Drop>::drop
0 16770 1168 36 6435 0 0 5265 13 2 1170 37 0 0
fn=<alloc::vec::into_iter::IntoIter<T,A> as core::ops::drop::Drop>::drop
0 31382 320 11 12070 0 0 6035 0 0 2414 3 1207 14
fn=<async_executor::AsyncCallOnDrop<Fut,Cleanup> as core::future::future::Future>::poll
0 18438351 641 63 1880282 177130 4140 1797286 29889 0 517908 1226 10 0
fn=<async_executor::CallOnDrop<F> as core::ops::drop::Drop>::drop
0 579670 1446 38 212940 8339 11 106470 0 0 94640 476 11830 32
fn=<async_executor::Runner as core::ops::drop::Drop>::drop
0 365 30 12 125 5 0 60 0 0 65 18 0 0
fn=<async_executor::Ticker as core::ops::drop::Drop>::drop
0 26242 2326 62 7764 597 14 3899 455 0 4164 426 594 10
fn=<async_task::task::FallibleTask<T,M> as core::future::future::Future>::poll
0 470143 1459 40 168167 15557 1 108451 0 0 60282 704 11830 26
fn=<async_task::task::Task<T,M> as core::ops::drop::Drop>::drop
0 603330 1459 40 177280 5 0 106640 0 0 82640 169 11830 2
fn=<bevy_app::app::App as core::default::Default>::default
0 12143 1332 660 2310 189 94 4037 170 12 558 139 114 39
fn=<bevy_app::main_schedule::First as bevy_ecs::schedule::set::ScheduleLabel>::as_dyn_eq
0 192 12 2 64 0 0 0 0 0 0 0 0 0
fn=<bevy_app::main_schedule::First as bevy_ecs::schedule::set::ScheduleLabel>::dyn_clone
0 3 0 0 1 0 0 0 0 0 0 0 0 0
fn=<bevy_app::main_schedule::First as bevy_ecs::schedule::set::ScheduleLabel>::dyn_hash
0 88 12 3 22 0 0 0 0 0 0 0 22 7
fn=<bevy_app::main_schedule::FixedFirst as bevy_ecs::schedule::set::ScheduleLabel>::as_dyn_eq
0 30 5 2 10 0 0 0 0 0 0 0 0 0
fn=<bevy_app::main_schedule::FixedFirst as bevy_ecs::schedule::set::ScheduleLabel>::dyn_clone
0 3 1 1 1 0 0 0 0 0 0 0 0 0
fn=<bevy_app::main_schedule::FixedFirst as bevy_ecs::schedule::set::ScheduleLabel>::dyn_hash
0 36 6 3 9 0 0 0 0 0 0 0 9 1
fn=<bevy_app::main_schedule::FixedLast as bevy_ecs::schedule::set::ScheduleLabel>::as_dyn_eq
0 30 5 2 10 0 0 0 0 0 0 0 0 0
fn=<bevy_app::main_schedule::FixedLast as bevy_ecs::schedule::set::ScheduleLabel>::dyn_clone
0 3 1 1 1 0 0 0 0 0 0 0 0 0
fn=<bevy_app::main_schedule::FixedLast as bevy_ecs::schedule::set::ScheduleLabel>::dyn_hash
0 32 6 3 8 0 0 0 0 0 0 0 8 6
fn=<bevy_app::main_schedule::FixedMain as bevy_ecs::schedule::set::ScheduleLabel>::as_dyn_eq
0 171 6 2 57 0 0 0 0 0 0 0 0 0
fn=<bevy_app::main_schedule::FixedMain as bevy_ecs::schedule::set::ScheduleLabel>::dyn_clone
0 3 0 0 1 0 0 0 0 0 0 0 0 0
fn=<bevy_app::main_schedule::FixedMain as bevy_ecs::schedule::set::ScheduleLabel>::dyn_hash
0 68 6 1 17 0 0 0 0 0 0 0 17 6
fn=<bevy_app::main_schedule::FixedPostUpdate as bevy_ecs::schedule::set::ScheduleLabel>::as_dyn_eq
0 30 5 2 10 0 0 0 0 0 0 0 0 0
fn=<bevy_app::main_schedule::FixedPostUpdate as bevy_ecs::schedule::set::ScheduleLabel>::dyn_clone
0 3 1 1 1 0 0 0 0 0 0 0 0 0
fn=<bevy_app::main_schedule::FixedPostUpdate as bevy_ecs::schedule::set::ScheduleLabel>::dyn_hash
0 32 6 3 8 0 0 0 0 0 0 0 8 6
fn=<bevy_app::main_schedule::FixedPreUpdate as bevy_ecs::schedule::set::ScheduleLabel>::as_dyn_eq
0 30 5 2 10 0 0 0 0 0 0 0 0 0
fn=<bevy_app::main_schedule::FixedPreUpdate as bevy_ecs::schedule::set::ScheduleLabel>::dyn_clone
0 3 1 1 1 0 0 0 0 0 0 0 0 0
fn=<bevy_app::main_schedule::FixedPreUpdate as bevy_ecs::schedule::set::ScheduleLabel>::dyn_hash
0 32 6 3 8 0 0 0 0 0 0 0 8 6
fn=<bevy_app::main_schedule::FixedUpdate as bevy_ecs::schedule::set::ScheduleLabel>::as_dyn_eq
0 30 5 2 10 0 0 0 0 0 0 0 0 0
fn=<bevy_app::main_schedule::FixedUpdate as bevy_ecs::schedule::set::ScheduleLabel>::dyn_clone
0 3 1 1 1 0 0 0 0 0 0 0 0 0
fn=<bevy_app::main_schedule::FixedUpdate as bevy_ecs::schedule::set::ScheduleLabel>::dyn_hash
0 32 6 3 8 0 0 0 0 0 0 0 8 2
fn=<bevy_app::main_schedule::Last as bevy_ecs::schedule::set::ScheduleLabel>::as_dyn_eq
0 45 5 2 15 0 0 0 0 0 0 0 0 0
fn=<bevy_app::main_schedule::Last as bevy_ecs::schedule::set::ScheduleLabel>::dyn_clone
0 3 0 0 1 0 0 0 0 0 0 0 0 0
fn=<bevy_app::main_schedule::Last as bevy_ecs::schedule::set::ScheduleLabel>::dyn_hash
0 36 6 1 9 0 0 0 0 0 0 0 9 0
fn=<bevy_app::main_schedule::Main as bevy_ecs::schedule::set::ScheduleLabel>::as_dyn_eq
0 15 5 2 5 0 0 0 0 0 0 0 0 0
fn=<bevy_app::main_schedule::Main as bevy_ecs::schedule::set::ScheduleLabel>::dyn_clone
0 3 1 1 1 0 0 0 0 0 0 0 0 0
fn=<bevy_app::main_schedule::Main as bevy_ecs::schedule::set::ScheduleLabel>::dyn_hash
0 92 11 3 23 7 3 0 0 0 0 0 23 4
fn=<bevy_app::main_schedule::MainSchedulePlugin as bevy_app::plugin::Plugin>::build
0 6438 648 324 1380 12 0 2508 117 8 318 73 270 140
fn=<bevy_app::main_schedule::PostStartup as bevy_ecs::schedule::set::ScheduleLabel>::as_dyn_eq
0 48 6 2 16 0 0 0 0 0 0 0 0 0
fn=<bevy_app::main_schedule::PostStartup as bevy_ecs::schedule::set::ScheduleLabel>::dyn_clone
0 3 0 0 1 0 0 0 0 0 0 0 0 0
fn=<bevy_app::main_schedule::PostStartup as bevy_ecs::schedule::set::ScheduleLabel>::dyn_hash
0 36 6 3 9 0 0 0 0 0 0 0 9 1
fn=<bevy_app::main_schedule::PostUpdate as bevy_ecs::schedule::set::ScheduleLabel>::as_dyn_eq
0 45 5 2 15 0 0 0 0 0 0 0 0 0
fn=<bevy_app::main_schedule::PostUpdate as bevy_ecs::schedule::set::ScheduleLabel>::dyn_clone
0 3 0 0 1 0 0 0 0 0 0 0 0 0
fn=<bevy_app::main_schedule::PostUpdate as bevy_ecs::schedule::set::ScheduleLabel>::dyn_hash
0 36 6 1 9 0 0 0 0 0 0 0 9 6
fn=<bevy_app::main_schedule::PreStartup as bevy_ecs::schedule::set::ScheduleLabel>::as_dyn_eq
0 48 6 2 16 0 0 0 0 0 0 0 0 0
fn=<bevy_app::main_schedule::PreStartup as bevy_ecs::schedule::set::ScheduleLabel>::dyn_clone
0 3 0 0 1 0 0 0 0 0 0 0 0 0
fn=<bevy_app::main_schedule::PreStartup as bevy_ecs::schedule::set::ScheduleLabel>::dyn_hash
0 36 6 3 9 0 0 0 0 0 0 0 9 0
fn=<bevy_app::main_schedule::PreUpdate as bevy_ecs::schedule::set::ScheduleLabel>::as_dyn_eq
0 48 6 2 16 0 0 0 0 0 0 0 0 0
fn=<bevy_app::main_schedule::PreUpdate as bevy_ecs::schedule::set::ScheduleLabel>::dyn_clone
0 3 0 0 1 0 0 0 0 0 0 0 0 0
fn=<bevy_app::main_schedule::PreUpdate as bevy_ecs::schedule::set::ScheduleLabel>::dyn_hash
0 40 6 3 10 0 0 0 0 0 0 0 10 6
fn=<bevy_app::main_schedule::RunFixedMainLoop as bevy_ecs::schedule::set::ScheduleLabel>::as_dyn_eq
0 273 15 2 91 0 0 0 0 0 0 0 0 0
fn=<bevy_app::main_schedule::RunFixedMainLoop as bevy_ecs::schedule::set::ScheduleLabel>::dyn_clone
0 3 0 0 1 0 0 0 0 0 0 0 0 0
fn=<bevy_app::main_schedule::RunFixedMainLoop as bevy_ecs::schedule::set::ScheduleLabel>::dyn_hash
0 88 6 3 22 0 0 0 0 0 0 0 22 12
fn=<bevy_app::main_schedule::RunFixedMainLoopSystem as bevy_ecs::schedule::set::SystemSet>::as_dyn_eq
0 261 5 2 87 0 0 0 0 0 0 0 0 0
fn=<bevy_app::main_schedule::RunFixedMainLoopSystem as bevy_ecs::schedule::set::SystemSet>::dyn_clone
0 33 2 2 15 0 0 9 0 0 3 1 3 0
fn=<bevy_app::main_schedule::RunFixedMainLoopSystem as bevy_ecs::schedule::set::SystemSet>::dyn_hash
0 672 9 3 252 23 4 168 0 0 0 0 84 10
fn=<bevy_app::main_schedule::SpawnScene as bevy_ecs::schedule::set::ScheduleLabel>::as_dyn_eq
0 69 5 2 23 0 0 0 0 0 0 0 0 0
fn=<bevy_app::main_schedule::SpawnScene as bevy_ecs::schedule::set::ScheduleLabel>::dyn_clone
0 3 0 0 1 0 0 0 0 0 0 0 0 0
fn=<bevy_app::main_schedule::SpawnScene as bevy_ecs::schedule::set::ScheduleLabel>::dyn_hash
0 36 6 1 9 0 0 0 0 0 0 0 9 6
fn=<bevy_app::main_schedule::Startup as bevy_ecs::schedule::set::ScheduleLabel>::as_dyn_eq
0 48 6 2 16 0 0 0 0 0 0 0 0 0
fn=<bevy_app::main_schedule::Startup as bevy_ecs::schedule::set::ScheduleLabel>::dyn_clone
0 3 0 0 1 0 0 0 0 0 0 0 0 0
fn=<bevy_app::main_schedule::Startup as bevy_ecs::schedule::set::ScheduleLabel>::dyn_hash
0 36 6 3 9 0 0 0 0 0 0 0 9 0
fn=<bevy_app::main_schedule::Update as bevy_ecs::schedule::set::ScheduleLabel>::as_dyn_eq
0 38517 17 4 12839 0 0 0 0 0 0 0 0 0
fn=<bevy_app::main_schedule::Update as bevy_ecs::schedule::set::ScheduleLabel>::dyn_clone
0 3 0 0 1 0 0 0 0 0 0 0 0 0
fn=<bevy_app::main_schedule::Update as bevy_ecs::schedule::set::ScheduleLabel>::dyn_hash
0 40 6 1 10 0 0 0 0 0 0 0 10 6
fn=<bevy_ecs::event::update::EventUpdates as bevy_ecs::schedule::set::SystemSet>::as_dyn_eq
0 15 5 2 5 0 0 0 0 0 0 0 0 0
fn=<bevy_ecs::event::update::EventUpdates as bevy_ecs::schedule::set::SystemSet>::dyn_clone
0 3 1 1 1 0 0 0 0 0 0 0 0 0
fn=<bevy_ecs::event::update::EventUpdates as bevy_ecs::schedule::set::SystemSet>::dyn_hash
0 56 9 3 14 0 0 0 0 0 0 0 14 6
fn=<bevy_ecs::query::access::FilteredAccess<T> as core::clone::Clone>::clone
0 457359 1824 96 116476 4 0 127167 1 0 26178 1617 19766 4962
fn=<bevy_ecs::schedule::executor::multi_threaded::MultiThreadedExecutor as bevy_ecs::schedule::executor::SystemExecutor>::init
0 1014745 8074 316 350144 7550 37 336077 3418 661 96070 1755 38126 487
fn=<bevy_ecs::schedule::executor::multi_threaded::MultiThreadedExecutor as bevy_ecs::schedule::executor::SystemExecutor>::kind
0 62 15 1 31 0 0 0 0 0 0 0 0 0
fn=<bevy_ecs::schedule::executor::multi_threaded::MultiThreadedExecutor as bevy_ecs::schedule::executor::SystemExecutor>::run
0 147159 15277 332 35003 5556 27 27781 3007 4 15451 3044 2373 507
fn=<bevy_ecs::schedule::executor::single_threaded::SingleThreadedExecutor as bevy_ecs::schedule::executor::SystemExecutor>::init
0 1000 100 20 375 39 5 300 8 1 75 15 0 0
fn=<bevy_ecs::schedule::executor::single_threaded::SingleThreadedExecutor as bevy_ecs::schedule::executor::SystemExecutor>::run
0 227834 566 130 85196 1351 127 28838 47 7 28231 170 6041 32
fn=<bevy_ecs::schedule::schedule::DefaultSchedule as bevy_ecs::schedule::set::ScheduleLabel>::as_dyn_eq
0 516 171 3 172 0 0 0 0 0 0 0 0 0
fn=<bevy_ecs::schedule::schedule::DefaultSchedule as bevy_ecs::schedule::set::ScheduleLabel>::dyn_hash
0 12 1 0 3 0 0 0 0 0 0 0 3 1
fn=<bevy_ecs::schedule::schedule::Schedule as core::default::Default>::default
0 23750 2421 54 5206 1454 11 7272 734 6 1567 128 862 551
fn=<bevy_ecs::schedule::set::SystemTypeSet<T> as bevy_ecs::schedule::set::SystemSet>::as_dyn_eq
0 209571 353 34 69857 0 0 0 0 0 0 0 0 0
fn=<bevy_ecs::schedule::set::SystemTypeSet<T> as bevy_ecs::schedule::set::SystemSet>::dyn_clone
0 57 19 18 19 0 0 0 0 0 0 0 0 0
fn=<bevy_ecs::schedule::set::SystemTypeSet<T> as bevy_ecs::schedule::set::SystemSet>::dyn_hash
0 40768 788 59 10192 1832 7 0 0 0 0 0 10192 2099
fn=<bevy_ecs::schedule::set::SystemTypeSet<T> as bevy_ecs::schedule::set::SystemSet>::system_type
0 2037 408 39 291 0 0 873 335 7 0 0 0 0
fn=<bevy_ecs::system::exclusive_function_system::ExclusiveFunctionSystem<Marker,F> as bevy_ecs::system::system::System>::apply_deferred
0 11 11 2 11 0 0 0 0 0 0 0 0 0
fn=<bevy_ecs::system::exclusive_function_system::ExclusiveFunctionSystem<Marker,F> as bevy_ecs::system::system::System>::archetype_component_access
0 24 6 4 12 0 0 0 0 0 0 0 0 0
fn=<bevy_ecs::system::exclusive_function_system::ExclusiveFunctionSystem<Marker,F> as bevy_ecs::system::system::System>::default_system_sets
0 414 37 19 90 0 0 180 0 0 18 3 18 7
fn=<bevy_ecs::system::exclusive_function_system::ExclusiveFunctionSystem<Marker,F> as bevy_ecs::system::system::System>::initialize
0 60 12 7 24 0 0 24 12 4 0 0 0 0
fn=<bevy_ecs::system::exclusive_function_system::ExclusiveFunctionSystem<Marker,F> as bevy_ecs::system::system::System>::is_exclusive
0 24 12 4 12 0 0 0 0 0 0 0 0 0
fn=<bevy_ecs::system::exclusive_function_system::ExclusiveFunctionSystem<Marker,F> as bevy_ecs::system::system::System>::run
0 3912 372 233 1307 174 52 515 14 6 535 140 23 18
fn=<bevy_ecs::system::exclusive_function_system::ExclusiveFunctionSystem<Marker,F> as bevy_ecs::system::system::System>::update_archetype_component_access
0 6 6 4 6 0 0 0 0 0 0 0 0 0
fn=<bevy_ecs::system::function_system::FunctionSystem<Marker,F> as bevy_ecs::system::system::System>::apply_deferred
0 41868 315 8 27308 8467 0 0 0 0 13654 355 0 0
fn=<bevy_ecs::system::function_system::FunctionSystem<Marker,F> as bevy_ecs::system::system::System>::archetype_component_access
0 79336 218 6 39668 0 0 0 0 0 0 0 0 0
fn=<bevy_ecs::system::function_system::FunctionSystem<Marker,F> as bevy_ecs::system::system::System>::component_access
0 3431652 194 5 1715826 0 0 0 0 0 0 0 0 0
fn=<bevy_ecs::system::function_system::FunctionSystem<Marker,F> as bevy_ecs::system::system::System>::default_system_sets
0 230000 3990 43 50000 95 0 100000 2 0 10000 66 10000 178
fn=<bevy_ecs::system::function_system::FunctionSystem<Marker,F> as bevy_ecs::system::system::System>::has_deferred
0 20000 202 8 20000 9831 2495 0 0 0 0 0 0 0
fn=<bevy_ecs::system::function_system::FunctionSystem<Marker,F> as bevy_ecs::system::system::System>::initialize
0 715194 3374 249 192127 15925 1235 215071 11438 1265 56767 1331 6408 313
fn=<bevy_ecs::system::function_system::FunctionSystem<Marker,F> as bevy_ecs::system::system::System>::is_exclusive
0 3453688 196 8 1726844 0 0 0 0 0 0 0 0 0
fn=<bevy_ecs::system::function_system::FunctionSystem<Marker,F> as bevy_ecs::system::system::System>::is_send
0 18000 84 2 18000 8707 1445 0 0 0 0 0 0 0
fn=<bevy_ecs::system::function_system::FunctionSystem<Marker,F> as bevy_ecs::system::system::System>::queue_deferred
0 54747 3 1 36498 0 0 0 0 0 18249 2 0 0
fn=<bevy_ecs::system::function_system::FunctionSystem<Marker,F> as bevy_ecs::system::system::System>::run_unsafe
0 76876514 2824 64 20601411 5100589 3641 40653190 5068836 3013 5195003 3987 0 0
fn=<bevy_ecs::system::function_system::FunctionSystem<Marker,F> as bevy_ecs::system::system::System>::update_archetype_component_access
0 932998 1447 53 361340 70479 480 184149 9 0 197354 1069 0 0
fn=<bevy_ecs::system::query::Query<D,F> as bevy_ecs::system::system_param::SystemParam>::init_state
0 272 23 23 49 1 0 80 4 0 20 9 6 0
fn=<bevy_ecs::world::World as core::default::Default>::default
0 45675 5764 716 10962 485 40 22113 2416 153 1890 142 756 307
fn=<bevy_ecs::world::spawn_batch::SpawnBatchIter<I> as core::iter::traits::iterator::Iterator>::next
0 90000168 80 20 38800064 3023 0 22800048 101560 25235 6000008 23 1600000 3
fn=<bevy_ecs::world::spawn_batch::SpawnBatchIter<I> as core::ops::drop::Drop>::drop
0 26148661 275 155 11577257 6860 1 5651208 33306 3491 1925036 95 534000 17
fn=<bevy_tasks::task_pool::TaskPool as core::default::Default>::default
0 7487 37 34 2062 3 2 1873 41 1 1653 74 68 5
fn=<clap::args::arg_builder::option::OptBuilder as clap::args::any_arg::AnyArg>::blacklist
0 144 6 5 78 3 0 0 0 0 24 10 0 0
fn=<clap::args::arg_builder::option::OptBuilder as clap::args::any_arg::AnyArg>::overrides
0 36 12 10 18 2 0 0 0 0 6 4 0 0
fn=<core::hash::sip::Hasher<S> as core::hash::Hasher>::write
0 260054 1785 88 34521 767 66 18960 0 0 24996 2657 0 0
fn=<core::iter::adapters::flatten::FlatMap<I,U,F> as core::iter::traits::iterator::Iterator>::next
0 210 36 25 78 0 0 54 5 0 24 7 0 0
fn=<core::iter::adapters::map::Map<I,F> as core::iter::traits::iterator::Iterator>::fold
0 8446 228 36 2440 169 0 1675 13 0 492 39 0 0
fn=<core::iter::adapters::map::Map<I,F> as core::iter::traits::iterator::Iterator>::next
0 141960 96 80 34596 1 0 22578 3 0 27600 2296 378 5
fn=<core::iter::adapters::map::Map<I,F> as core::iter::traits::iterator::Iterator>::try_fold
0 149770 204 7 58828 37 0 32190 0 0 9830 791 0 0
fn=<core::slice::iter::Iter<T> as core::iter::traits::iterator::Iterator>::fold
0 252 12 11 108 0 0 96 0 0 12 2 0 0
fn=<core::str::lossy::Utf8Chunks as core::iter::traits::iterator::Iterator>::next
0 858 24 20 150 0 0 108 0 0 168 44 0 0
fn=<core::str::pattern::CharSearcher as core::str::pattern::Searcher>::next_match
0 474917 60 50 93738 1847 1542 39763 6 4 86800 7593 1879 5
fn=<criterion::Criterion as core::default::Default>::default
0 1254 134 111 408 71 22 555 86 47 72 27 42 26
fn=<criterion::benchmark_group::BenchmarkGroup<M> as core::ops::drop::Drop>::drop
0 897 140 44 320 42 9 253 17 4 115 36 0 0
fn=<ecs::scheduling::schedule::build_schedule::DummySet as bevy_ecs::schedule::set::SystemSet>::as_dyn_eq
0 38535 2 2 12845 0 0 0 0 0 0 0 0 0
fn=<ecs::scheduling::schedule::build_schedule::DummySet as bevy_ecs::schedule::set::SystemSet>::dyn_clone
0 3 1 1 1 0 0 0 0 0 0 0 0 0
fn=<ecs::scheduling::schedule::build_schedule::DummySet as bevy_ecs::schedule::set::SystemSet>::dyn_hash
0 6444 3 2 1611 0 0 0 0 0 0 0 1611 0
fn=<ecs::scheduling::schedule::build_schedule::NumSet as bevy_ecs::schedule::set::SystemSet>::as_dyn_eq
0 30308127 0 0 10102709 0 0 0 0 0 0 0 0 0
fn=<ecs::scheduling::schedule::build_schedule::NumSet as bevy_ecs::schedule::set::SystemSet>::dyn_clone
0 11000 3 2 5000 4 0 3000 0 0 1000 6 1000 3
fn=<ecs::scheduling::schedule::build_schedule::NumSet as bevy_ecs::schedule::set::SystemSet>::dyn_hash
0 20217920 6 4 7581720 904 0 5054480 0 0 0 0 2527240 4
fn=<fixedbitset::FixedBitSet as core::clone::Clone>::clone_from
0 3935994 628 25 899677 19946 0 740547 5254 8 246849 879 81377 20
fn=<fixedbitset::FixedBitSet as core::iter::traits::collect::Extend<usize>>::extend
0 553216 459 18 155064 414 0 75216 0 0 61144 4752 0 0
fn=<fixedbitset::FixedBitSet as core::ops::drop::Drop>::drop
0 774 26 5 579 89 0 0 0 0 195 6 189 95
fn=<futures_lite::future::Or<F1,F2> as core::future::future::Future>::poll
0 3160 35 14 1075 528 6 925 137 0 360 109 175 14
fn=<futures_lite::future::PollFn<F> as core::future::future::Future>::poll
0 285 25 10 70 4 1 50 0 0 40 10 0 0
fn=<hashbrown::raw::RawTable<T,A> as core::ops::drop::Drop>::drop
0 18413 67 49 5058 1243 984 696 0 0 3806 153 2095 991
fn=<hashbrown::table::HashTable<T,A> as core::clone::Clone>::clone
0 29790058 1170 54 2254960 691563 600961 1921814 609639 603611 4159890 373165 816 30
fn=<indexmap::map::IndexMap<K,V,S> as core::clone::Clone>::clone
0 696496 3704 175 229518 28382 3534 183540 20659 4924 56274 958 27156 172
fn=<rand_core::os::OsRng as rand_core::RngCore>::try_fill_bytes
0 3987 203 11 874 194 5 681 0 0 486 8 98 3
fn=<std::hash::random::DefaultHasher as core::hash::Hasher>::write
0 4818468096 1217 46 760810752 0 0 591741696 0 0 507207168 16941 0 0
fn=<std::io::Write::write_fmt::Adapter<T> as core::fmt::Write>::write_str
0 24450 1062 27 8802 0 0 7824 151 4 978 188 0 0
fn=<std::io::stdio::StdoutLock as std::io::Write>::write_all
0 54856 1805 63 14887 125 3 11497 265 8 5390 778 1217 195
fn=<std::io::stdio::StdoutRaw as std::io::Write>::write
0 4541 457 19 956 172 1 956 0 0 239 13 239 33
fn=<std::io::stdio::StdoutRaw as std::io::Write>::write_all
0 10962 706 30 2349 163 6 2088 124 0 1305 36 261 2
fn=<std::path::Component as core::cmp::PartialEq>::eq
0 715 4 4 184 0 0 71 0 0 71 4 14 1
fn=<std::path::Components as core::iter::traits::double_ended::DoubleEndedIterator>::next_back
0 1185 48 37 360 0 0 330 0 0 111 20 0 0
fn=<std::path::Components as core::iter::traits::iterator::Iterator>::next
0 4504 10 10 920 1 1 692 1 0 722 119 10 1
fn=???
0 429921 4470 67 214925 54152 194 17 2 1 9 9 214903 414
fn=_ZN102_$LT$bevy_ecs..schedule..set..SystemTypeSet$LT$T$GT$$u20$as$u20$bevy_ecs..schedule..set..SystemSet$GT$9as_dyn_eq17h3e5fb8d2fb25b767E.12438
0 222 24 1 74 0 0 0 0 0 0 0 0 0
fn=_ZN102_$LT$bevy_ecs..schedule..set..SystemTypeSet$LT$T$GT$$u20$as$u20$bevy_ecs..schedule..set..SystemSet$GT$9as_dyn_eq17h487f5f805e88a5b8E.12373
0 3210 20 0 1070 0 0 0 0 0 0 0 0 0
fn=_ZN102_$LT$bevy_ecs..schedule..set..SystemTypeSet$LT$T$GT$$u20$as$u20$bevy_ecs..schedule..set..SystemSet$GT$9as_dyn_eq17h4b3a5705d88cb165E.845
0 15 0 0 5 0 0 0 0 0 0 0 0 0
fn=_ZN102_$LT$bevy_ecs..schedule..set..SystemTypeSet$LT$T$GT$$u20$as$u20$bevy_ecs..schedule..set..SystemSet$GT$9as_dyn_eq17h4ffa9c9481b6c80cE.12411
0 9915 1603 6 3305 0 0 0 0 0 0 0 0 0
fn=_ZN102_$LT$bevy_ecs..schedule..set..SystemTypeSet$LT$T$GT$$u20$as$u20$bevy_ecs..schedule..set..SystemSet$GT$9as_dyn_eq17h6d6629ffcc858bb1E.850
0 15 5 2 5 0 0 0 0 0 0 0 0 0
fn=_ZN102_$LT$bevy_ecs..schedule..set..SystemTypeSet$LT$T$GT$$u20$as$u20$bevy_ecs..schedule..set..SystemSet$GT$9as_dyn_eq17h7a185da02a3ecfd7E.12443
0 222 69 1 74 0 0 0 0 0 0 0 0 0
fn=_ZN102_$LT$bevy_ecs..schedule..set..SystemTypeSet$LT$T$GT$$u20$as$u20$bevy_ecs..schedule..set..SystemSet$GT$9as_dyn_eq17h7ddefa20375feee1E.12447
0 222 24 1 74 0 0 0 0 0 0 0 0 0
fn=_ZN102_$LT$bevy_ecs..schedule..set..SystemTypeSet$LT$T$GT$$u20$as$u20$bevy_ecs..schedule..set..SystemSet$GT$9as_dyn_eq17h7e7aa46ac6d3e5feE.12449
0 3177 23 1 1059 0 0 0 0 0 0 0 0 0
fn=_ZN102_$LT$bevy_ecs..schedule..set..SystemTypeSet$LT$T$GT$$u20$as$u20$bevy_ecs..schedule..set..SystemSet$GT$9as_dyn_eq17h935466261e134025E.12405
0 3210 20 1 1070 0 0 0 0 0 0 0 0 0
fn=_ZN102_$LT$bevy_ecs..schedule..set..SystemTypeSet$LT$T$GT$$u20$as$u20$bevy_ecs..schedule..set..SystemSet$GT$9as_dyn_eq17h9429446fa96eba80E.12445
0 222 24 1 74 0 0 0 0 0 0 0 0 0
fn=_ZN102_$LT$bevy_ecs..schedule..set..SystemTypeSet$LT$T$GT$$u20$as$u20$bevy_ecs..schedule..set..SystemSet$GT$9as_dyn_eq17ha7ee8f58dff90b6fE.12426
0 222 24 1 74 0 0 0 0 0 0 0 0 0
fn=_ZN102_$LT$bevy_ecs..schedule..set..SystemTypeSet$LT$T$GT$$u20$as$u20$bevy_ecs..schedule..set..SystemSet$GT$9as_dyn_eq17hba259a885fb23ef4E.12399
0 3210 20 1 1070 0 0 0 0 0 0 0 0 0
fn=_ZN102_$LT$bevy_ecs..schedule..set..SystemTypeSet$LT$T$GT$$u20$as$u20$bevy_ecs..schedule..set..SystemSet$GT$9as_dyn_eq17he526a6169cd80cc0E.12409
0 3210 63 1 1070 0 0 0 0 0 0 0 0 0
fn=_ZN102_$LT$bevy_ecs..schedule..set..SystemTypeSet$LT$T$GT$$u20$as$u20$bevy_ecs..schedule..set..SystemSet$GT$9as_dyn_eq17he91b5e655fea4b75E.12436
0 222 24 1 74 0 0 0 0 0 0 0 0 0
fn=_ZN102_$LT$bevy_ecs..schedule..set..SystemTypeSet$LT$T$GT$$u20$as$u20$bevy_ecs..schedule..set..SystemSet$GT$9as_dyn_eq17hecff70990285a4a8E.12383
0 2997 11 0 999 0 0 0 0 0 0 0 0 0
fn=_ZN102_$LT$bevy_ecs..schedule..set..SystemTypeSet$LT$T$GT$$u20$as$u20$bevy_ecs..schedule..set..SystemSet$GT$9as_dyn_eq17hee5b1532c6374e00E.840
0 15 5 2 5 0 0 0 0 0 0 0 0 0
fn=_ZN10bevy_tasks15thread_executor20ThreadExecutorTicker4tick28_$u7b$$u7b$closure$u7d$$u7d$17h7e4bbd4fe7b09bb8E.12913
0 327 30 12 65 5 2 136 0 0 10 3 5 5
fn=_ZN12bevy_reflect5impls3std1_67_$LT$impl$u20$bevy_reflect..type_path..TypePath$u20$for$u20$u32$GT$10type_ident17hf9fa9e6e4e42ac59E.3677
0 18 6 3 6 0 0 0 0 0 0 0 0 0
fn=_ZN12bevy_reflect5impls3std1_67_$LT$impl$u20$bevy_reflect..type_path..TypePath$u20$for$u20$u64$GT$10type_ident17h5ab7cc39ae021321E.3731
0 18 0 0 6 0 0 0 0 0 0 0 0 0
fn=_ZN12bevy_reflect5impls3std1_69_$LT$impl$u20$bevy_reflect..type_path..TypePath$u20$for$u20$usize$GT$10type_ident17hcd4b0c3dfd6d8126E.3777
0 18 6 3 6 0 0 0 0 0 0 0 0 0
fn=_ZN14async_executor5State6notify17h9e65b1bc8693271eE.12909
0 2550 10 4 1020 134 0 680 0 0 170 4 0 0
fn=_ZN14async_executor5State6notify17h9e65b1bc8693271eE.2666
0 182643 728 22 72213 1289 16 46869 0 0 13677 539 201 133
fn=_ZN4core3ptr100drop_in_place$LT$bevy_ecs..query..access..FilteredAccess$LT$bevy_ecs..component..ComponentId$GT$$GT$17h9d4e00e40b46fe2eE.14542
0 55167 306 16 28377 8009 6 7491 0 0 16074 130 4812 87
fn=_ZN4core3ptr122drop_in_place$LT$alloc..vec..Vec$LT$bevy_ecs..query..access..AccessFilters$LT$bevy_ecs..component..ComponentId$GT$$GT$$GT$17h439afc8d603f557bE.2165
0 78218 306 24 33751 3105 2 14998 0 0 13395 88 4282 5
fn=_ZN4core3ptr35drop_in_place$LT$clap..app..App$GT$17h616052f1aa6b3652E.8832
0 534 60 60 216 0 0 84 0 0 90 30 24 13
fn=_ZN4core3ptr41drop_in_place$LT$criterion..Criterion$GT$17hf4df2ad8b9fa33e0E.15584
0 1104 28 28 174 45 26 78 0 0 172 31 58 9
fn=_ZN4core3ptr41drop_in_place$LT$criterion..Criterion$GT$17hf4df2ad8b9fa33e0E.15933
0 955 13 13 131 30 28 62 0 0 152 18 51 7
fn=_ZN4core3ptr47drop_in_place$LT$criterion..report..Reports$GT$17h1b2ddf3422440890E.15586
0 42 4 4 16 4 1 12 0 0 4 1 4 4
fn=_ZN4core3ptr50drop_in_place$LT$bevy_ecs..observer..Observers$GT$17h737c54d691f9b224E.1052
0 2108 372 54 310 151 11 558 0 0 248 18 0 0
fn=_ZN4core3ptr60drop_in_place$LT$clap..args..arg_builder..valued..Valued$GT$17he81bf7b68b603840E.7752
0 4554 30 25 1656 0 0 690 2 2 828 40 0 0
fn=_ZN4core3ptr60drop_in_place$LT$clap..args..arg_builder..valued..Valued$GT$17he81bf7b68b603840E.7818
0 2844 30 25 1044 14 0 438 0 0 516 82 18 6
fn=_ZN4core3ptr60drop_in_place$LT$clap..args..arg_builder..valued..Valued$GT$17he81bf7b68b603840E.8443
0 198 36 30 72 1 0 30 0 0 36 4 0 0
fn=_ZN4core3ptr85drop_in_place$LT$bevy_ecs..schedule..executor..multi_threaded..SystemTaskMetadata$GT$17h1473dc369dd06bbeE.2219
0 130476 492 12 66444 19816 9 8910 0 0 48024 126 1506 52
fn=_ZN4core3ptr93drop_in_place$LT$alloc..vec..Vec$LT$bevy_ecs..component..RequiredComponentConstructor$GT$$GT$17h73e07ab8e35fc978E.14403
0 788529 141 21 337941 18606 4610 262843 0 0 75098 12 0 0
fn=_ZN5alloc6string6String4push17h76e894d23c49512fE.18334
0 156 18 15 48 0 0 48 0 0 12 0 0 0
fn=_ZN81_$LT$core..str..pattern..CharSearcher$u20$as$u20$core..str..pattern..Searcher$GT$10next_match17h137c298f25cba38dE.20608
0 441 14 14 111 0 0 80 0 0 76 25 3 2
fn=_ZN88_$LT$bevy_app..main_schedule..Main$u20$as$u20$bevy_ecs..schedule..set..ScheduleLabel$GT$9as_dyn_eq17h88971bbdbc2a1ab7E.597
0 246 22 4 82 0 0 0 0 0 0 0 0 0
fn=_ZN8bevy_ecs5world13command_queue15RawCommandQueue20apply_or_drop_queued17hf554607b1c552d4bE.2605
0 1291052 254 27 420487 296 0 390497 12 1 60037 11 29990 19990
fn=_ZN8bevy_ecs5world5World12resource_mut17h755d685b6d2038b2E.1071
0 2604 38 15 882 26 0 378 12 0 294 87 0 0
fn=_ZN8bevy_ecs6bundle14BundleInserter11new_with_id17h5aadbb6d6ea1afa6E.11821
0 92370941 55686 46 19739682 1104554 7489 17440856 2926 0 11746555 65602 0 0
fn=_ZN92_$LT$bevy_ecs..event..update..EventUpdates$u20$as$u20$bevy_ecs..schedule..set..SystemSet$GT$9as_dyn_eq17h83d1d22e6a61f4fbE.1806
0 114 6 2 38 0 0 0 0 0 0 0 0 0
fn=_ZN9hashbrown3map9make_hash17h378f1d7b4d0a82edE.6491
0 4224 24 12 960 25 12 288 0 0 384 72 0 0
fn=_ZN9hashbrown3map9make_hash17h906cb36c460b0da2E.7459
0 12672 30 20 2880 0 0 864 0 0 1152 195 0 0
fn=_ZN9hashbrown3raw21RawTable$LT$T$C$A$GT$6insert17hc532d1d23b3689f1E.2600
0 13860 378 48 3654 15 0 2016 43 3 1008 219 0 0
fn=__cpu_indicator_init
0 355 37 37 39 3 2 11 0 0 108 28 1 1
fn=alloc::collections::btree::map::BTreeMap<K,V,A>::insert
0 240 24 20 72 0 0 96 18 12 12 1 12 11
fn=alloc::collections::btree::map::IntoIter<K,V,A>::dying_next
0 522 66 55 162 3 0 162 0 0 60 17 6 6
fn=alloc::ffi::c_str::CString::_from_vec_unchecked
0 1248 5 4 448 0 0 320 0 0 128 2 0 0
fn=alloc::fmt::format::format_inner
0 54643 1556 64 11057 900 47 8565 234 8 6795 856 161 13
fn=alloc::raw_vec::RawVec<T,A>::grow_one
0 13796869 91190 425 2261659 4154 241 2390422 6625 23 1066395 41315 0 0
fn=alloc::raw_vec::RawVec<T,A>::reserve::do_reserve_and_handle
0 15111553 23283 214 2545245 177 0 2772092 2871 9 1158549 74953 0 0
fn=alloc::raw_vec::RawVec<T,A>::shrink_unchecked
0 1034 14 12 298 0 0 292 0 0 114 12 38 5
fn=alloc::raw_vec::finish_grow
0 43981929 6959 104 10891830 58186 132 10516915 9525 203 6636217 11689 1168857 55
fn=alloc::string::String::from_utf8_lossy
0 408 30 25 120 0 0 144 0 0 24 7 0 0
fn=alloc::sync::Arc<T,A>::drop_slow
0 110 10 5 40 1 0 20 0 0 30 6 10 6
fn=alloc::task::raw_waker::clone_waker
0 5830 92 6 3498 445 8 0 0 0 2332 216 0 0
fn=alloc::task::raw_waker::drop_waker
0 891 292 7 891 3 0 0 0 0 594 39 0 0
fn=alloc::task::raw_waker::wake
0 8492 411 5 3860 0 0 3088 0 0 1544 87 0 0
fn=alloc::task::raw_waker::wake_by_ref
0 56 0 0 0 0 0 0 0 0 0 0 0 0
fn=alloc::vec::Vec<T,A>::into_boxed_slice
0 4714392 7781 27 1803682 87 0 1358156 47 3 407712 40241 97202 3
fn=alloc::vec::Vec<T,A>::resize_with
0 1898015 23080 33 280476 5705 3 395869 144831 57596 212488 8502 0 0
fn=async_executor::Executor::spawn
0 1142190 1987 40 384615 3767 19 303030 10278 961 163170 194 23310 426
fn=async_executor::Executor::state_ptr::alloc_state
0 2508 27 18 594 0 0 1254 0 0 99 5 99 3
fn=async_executor::Runner::new
0 158775 270 69 21719 133 97 40741 5248 4740 38406 76 111 5
fn=async_executor::Runner::runnable::{{closure}}
0 15955 90 36 5260 713 0 5090 267 0 910 60 175 1
fn=async_executor::Ticker::sleep
0 336427 2297 90 85153 6763 46 27914 852 13 71738 3483 851 141
fn=async_executor::Ticker::wake
0 303835 1867 40 108206 2996 36 83966 246 3 32604 1193 0 0
fn=async_executor::steal
0 1894513 4534 96 512752 127777 99249 245167 4 0 307578 3875 0 0
fn=async_task::header::Header<M>::register
0 13018 699 20 3396 38 0 2264 0 0 1698 131 283 47
fn=async_task::raw::RawTask<F,T,S,M>::clone_waker
0 82817 295 14 35493 0 0 0 0 0 23662 834 0 0
fn=async_task::raw::RawTask<F,T,S,M>::destroy
0 130130 298 10 70980 146 0 11830 0 0 35490 10 11830 7
fn=async_task::raw::RawTask<F,T,S,M>::drop_waker
0 401557 898 27 141626 1666 0 70983 0 0 47322 170 0 0
fn=async_task::raw::RawTask<F,T,S,M>::get_output
0 23660 291 8 11830 0 0 0 0 0 0 0 0 0
fn=async_task::raw::RawTask<F,T,S,M>::run
0 1197868 2248 99 309534 10058 0 224624 2177 0 154646 681 282 143
fn=async_task::raw::RawTask<F,T,S,M>::schedule
0 282584 595 18 70816 0 0 58985 348 0 35323 273 0 0
fn=bevy_app::app::App::plugins_state
0 330 42 21 120 2 0 84 0 0 30 4 0 0
fn=bevy_app::app::App::update
0 84 12 8 24 23 8 0 0 0 12 5 0 0
fn=bevy_app::sub_app::SubApp::add_systems
0 99386 21 15 30457 15900 30 8015 1600 3 12824 18 0 0
fn=bevy_app::sub_app::SubApp::new
0 1050 114 54 258 34 0 324 43 1 66 26 18 12
fn=bevy_app::sub_app::SubApps::update
0 161 22 12 58 13 6 47 0 0 17 4 0 0
fn=bevy_ecs::archetype::Archetypes::get_id_or_insert
0 30689159 344378 296 7231860 158842 82 5217221 56118 7675 2694306 124432 110653 852
fn=bevy_ecs::bundle::BundleInfo::add_bundle_to_archetype
0 72063505 360153 248 24023961 2427701 31102 19215016 64025 11496 5942250 224961 36862 18
fn=bevy_ecs::bundle::BundleInfo::new
0 169315 3725 126 42068 884 0 27375 32 0 20611 1087 2061 18
fn=bevy_ecs::bundle::BundleSpawner::spawn
0 27825000 260 41 11725000 2769 0 6975000 82512 13447 1950000 37 450000 23
fn=bevy_ecs::bundle::Bundles::init_info
0 5212345 303 185 1658334 2177 9 711149 16 6 355356 89 9 6
fn=bevy_ecs::component::ComponentDescriptor::drop_ptr
0 1043720 96 34 567658 99903 10 180188 0 0 215371 112 116884 9
fn=bevy_ecs::component::Components::get_or_insert_resource_with
0 702 66 29 180 13 5 186 3 2 36 16 6 6
fn=bevy_ecs::component::Components::init_component
0 1434158 5927 1297 477063 2589 65 206914 52 0 102226 756 135 49
fn=bevy_ecs::entity::Entities::alloc
0 24324787 8979 18 8596198 5939 3 5512559 252303 81688 2690642 301 0 0
fn=bevy_ecs::entity::Entities::flush
0 22762881 40877 41 6767343 171 4 7997769 249 4 1845639 4148 0 0
fn=bevy_ecs::intern::Interner<T>::intern
0 135134606 2218 222 44618027 1006622 1965 28025054 2386 55 11476565 12003 5106312 28638
fn=bevy_ecs::observer::ObserverDescriptor::merge
0 959616 39 4 299880 157 0 159936 0 0 99960 20 0 0
fn=bevy_ecs::observer::Observers::get_observers
0 1179967 151 13 220021 1005 0 60137 10 6 79999 88 0 0
fn=bevy_ecs::observer::Observers::invoke
0 1299963 14 11 339990 41023 0 269996 1 0 109997 17 9999 1
fn=bevy_ecs::observer::Observers::try_get_observers
0 3349375 22 6 596875 6 0 181875 0 0 273125 29 0 0
fn=bevy_ecs::observer::Observers::update_archetype_flags
0 4851609 73191 30 2079261 38955 2 1155145 0 0 924116 69 0 0
fn=bevy_ecs::observer::runner::Observer<E,B>::new
0 65 8 8 6 0 0 46 2 0 1 0 2 1
fn=bevy_ecs::observer::runner::observer_system_runner
0 2755599 76 63 1113189 52409 4 273735 19053 0 291984 660 54747 17
fn=bevy_ecs::observer::trigger_event::TriggerEvent<E,Targets>::trigger
0 4894000 32 16 1510250 143 0 115625 0 0 799125 15281 6875 1
fn=bevy_ecs::query::access::Access<T>::get_conflicts
0 219604 1010 37 34224 103 0 55614 0 0 17112 21 0 0
fn=bevy_ecs::query::access::Access<T>::is_compatible
0 51200088 4761 121 22946328 1925187 5521 5302506 4 0 9709767 412 0 0
fn=bevy_ecs::query::access::FilteredAccess<T>::add_component_read
0 63974 111 17 18751 0 0 8824 0 0 5515 107 0 0
fn=bevy_ecs::query::access::FilteredAccess<T>::add_component_write
0 76702 370 20 22720 0 0 10133 0 0 6816 220 0 0
fn=bevy_ecs::query::access::FilteredAccess<T>::extend
0 406000 2231 138 68208 95 4 11368 0 0 27608 1741 0 0
fn=bevy_ecs::query::access::FilteredAccess<T>::matches_everything
0 228907 590 30 60466 31 0 138208 486 6 4319 279 4319 97
fn=bevy_ecs::query::access::FilteredAccessSet<T>::add
0 460790 1487 62 87158 1068 0 30399 0 0 27270 524 2674 94
fn=bevy_ecs::query::iter::QueryIterationCursor<D,F>::init
0 354 32 15 104 1 0 88 0 0 40 8 0 0
fn=bevy_ecs::query::state::QueryState<D,F>::new_archetype_internal
0 3933190 2795 220 1223231 88104 18033 542639 601 544 460947 16532 0 0
fn=bevy_ecs::query::state::QueryState<D,F>::par_fold_init_unchecked_manual::{{closure}}::{{closure}}
0 1576 44 25 586 9 4 452 12 6 162 19 70 8
fn=bevy_ecs::query::state::QueryState<D,F>::update_archetype_component_access
0 3135792 2075 84 712289 33937 2175 404687 18 0 323286 1656 0 0
fn=bevy_ecs::query::state::QueryState<D,F>::update_archetypes_unsafe_world_cell
0 30735 326 92 6121 833 5 1984 0 0 5344 278 0 0
fn=bevy_ecs::removal_detection::RemovedComponentEvents::send
0 42591076 40687 36 14519504 422202 1 9680124 514118 182280 2903909 526 24 2
fn=bevy_ecs::schedule::config::NodeConfigs<T>::after_inner
0 16410940 1623 10 5662800 0 0 5673148 223170 3683 1258400 10362 0 0
fn=bevy_ecs::schedule::config::NodeConfigs<T>::before_inner
0 16417060 21 9 5677200 3 0 5680452 233884 1716 1261600 2619 0 0
fn=bevy_ecs::schedule::config::NodeConfigs<T>::distributive_run_if_inner
0 144480 220 10 39480 0 0 40320 0 0 14280 1484 0 0
fn=bevy_ecs::schedule::config::NodeConfigs<T>::in_set_inner
0 48270 30 9 12872 0 0 14481 0 0 3218 1605 0 0
fn=bevy_ecs::schedule::config::NodeConfigs<T>::run_if_dyn
0 3150 270 10 990 0 0 990 0 0 180 5 0 0
fn=bevy_ecs::schedule::config::NodeConfigs<alloc::boxed::Box<dyn bevy_ecs::system::system::System+In = ()+Out = ()>>::new_system
0 280504 548 15 70126 2165 26 150270 1393 0 0 0 10018 491
fn=bevy_ecs::schedule::config::new_condition
0 235620 665 28 24633 0 0 157437 31 0 4284 0 11781 69
fn=bevy_ecs::schedule::executor::__rust_begin_short_backtrace::readonly_run_unsafe
0 77166 177 3 25722 0 0 25722 0 0 0 0 8574 25
fn=bevy_ecs::schedule::executor::__rust_begin_short_backtrace::run
0 70 17 5 22 0 0 24 0 0 0 0 12 12
fn=bevy_ecs::schedule::executor::__rust_begin_short_backtrace::run_unsafe
0 81924 197 5 27308 0 0 27308 0 0 0 0 13654 114
fn=bevy_ecs::schedule::executor::multi_threaded::Context::system_completed
0 793293 2821 57 256709 9033 0 151552 1139 4 93224 948 0 0
fn=bevy_ecs::schedule::executor::multi_threaded::Context::tick_executor
0 152658049 28995 727 32111632 1583544 37 3342386 18474 32 10746809 56055 67489 2517
fn=bevy_ecs::schedule::executor::multi_threaded::apply_deferred
0 251108 1893 42 64516 2795 0 28086 0 0 27588 705 11660 364
fn=bevy_ecs::schedule::executor::single_threaded::SingleThreadedExecutor::apply_deferred
0 43535 224 47 9664 42 6 5025 7 0 5411 106 2034 34
fn=bevy_ecs::schedule::graph_utils::check_graph
0 2146327955 29102 1272 558496511 32798462 2495325 251300614 17657074 7273301 248132506 1841573 52152 87
fn=bevy_ecs::schedule::schedule::Schedule::add_systems
0 33824 1437 78 5738 63 0 21593 265 5 755 139 1057 116
fn=bevy_ecs::schedule::schedule::Schedule::new
0 1062 120 60 126 0 0 612 35 0 0 0 36 20
fn=bevy_ecs::schedule::schedule::Schedule::run
0 935333 8769 337 355459 23770 2683 153394 7388 1846 128957 2177 15359 2163
fn=bevy_ecs::schedule::schedule::ScheduleGraph::add_set
0 287317 2365 68 86242 202 11 71981 2486 133 16462 679 4608 581
fn=bevy_ecs::schedule::schedule::ScheduleGraph::build_schedule
0 530228251 23358 1187 130760112 11287350 4726769 60547472 633895 4789 70394888 3479559 3448536 1902
fn=bevy_ecs::schedule::schedule::ScheduleGraph::build_schedule_inner
0 2046972 10760 467 618665 20260 4836 286081 8458 2106 266291 4573 3691 602
fn=bevy_ecs::schedule::schedule::ScheduleGraph::configure_set_inner
0 2400 84 42 852 1 0 570 4 0 156 74 66 31
fn=bevy_ecs::schedule::schedule::ScheduleGraph::new
0 15834 1682 45 2842 115 0 9744 912 6 0 0 609 184
fn=bevy_ecs::schedule::schedule::ScheduleGraph::process_configs
0 805401 5792 164 242431 1890 3 261003 5058 6 62394 4980 18 1
fn=bevy_ecs::schedule::schedule::ScheduleGraph::topsort_graph
0 1318235 5249 160 358543 16250 667 164479 6395 1359 219592 4545 2304 49
fn=bevy_ecs::schedule::schedule::ScheduleGraph::update_graphs
0 323400081 15430 365 99937130 6993814 6606 43694237 19522 22 24361554 29697 16544656 87553
fn=bevy_ecs::schedule::schedule::Schedules::entry
0 362347 120 71 86511 3764 3 93061 6478 12 16021 1060 19224 48
fn=bevy_ecs::schedule::schedule::Schedules::insert
0 4892 224 50 1566 67 13 1086 44 5 240 28 120 87
fn=bevy_ecs::schedule::schedule::Schedules::remove
0 6706 309 53 1694 159 50 1472 9 0 324 86 266 248
fn=bevy_ecs::schedule::schedule::make_executor
0 14819 1696 48 1421 544 6 9135 941 13 812 226 406 23
fn=bevy_ecs::schedule::set::ScheduleLabel::intern
0 304855 85 26 89852 9749 20 41717 3243 6 28881 1123 9627 24
fn=bevy_ecs::schedule::set::SystemSet::system_type
0 4935 23 10 1645 0 0 1645 4 2 0 0 0 0
fn=bevy_ecs::storage::blob_vec::BlobVec::grow_exact
0 9273112 70838 30 2469216 732 0 1851912 388 0 1032228 3357 205768 32
fn=bevy_ecs::storage::blob_vec::BlobVec::reserve::do_reserve
0 2464 19 3 616 0 0 0 0 0 308 20 0 0
fn=bevy_ecs::storage::sparse_set::ComponentSparseSet::insert
0 33119895 25790 33 10203412 40848 0 7123031 398939 14495 4501605 1999 392410 2
fn=bevy_ecs::storage::sparse_set::ComponentSparseSet::remove
0 5983705 8420 16 2177840 18419 0 1388025 1881 0 784280 127 0 0
fn=bevy_ecs::storage::sparse_set::SparseSet<I,V>::get_or_insert_with
0 37590 261 63 14043 96 0 8351 73 13 2709 142 111 18
fn=bevy_ecs::storage::sparse_set::SparseSet<I,V>::insert
0 16487175 22089 27 4715643 1505 0 3787493 24862 8160 1613169 133401 226995 13
fn=bevy_ecs::storage::sparse_set::SparseSets::get_or_insert
0 30738 662 63 9617 93 0 7987 61 0 3278 444 1192 105
fn=bevy_ecs::storage::table::Column::with_capacity
0 11142185 84610 44 3443477 91056 11 4861218 109 0 608371 17501 596 64
fn=bevy_ecs::storage::table::Table::allocate
0 235750134 54648 51 83280678 3572316 66887 57147281 9886074 331764 31153762 2047662 0 0
fn=bevy_ecs::storage::table::Table::move_to_superset_unchecked
0 243446367 167 32 100749147 2536350 33790 53834741 2738 0 12264358 1097479 6007792 28
fn=bevy_ecs::storage::table::Table::reserve
0 13430 177 31 2403 212 12 2155 198 0 1751 165 0 0
fn=bevy_ecs::storage::table::TableBuilder::build
0 1804055 109790 48 590418 0 0 787224 0 0 65602 27 0 0
fn=bevy_ecs::storage::table::TableBuilder::with_capacity
0 1475037 24587 30 360559 14 0 524690 5636 0 131015 305 65476 51
fn=bevy_ecs::storage::table::Tables::get_id_or_insert
0 30334677 172220 157 10479079 120365 49 7448348 353420 124634 2502803 228978 267755 12
fn=bevy_ecs::system::function_system::SystemState<Param>::new
0 172304 32 32 40 8 0 24706 2 0 32774 48 8 7
fn=bevy_ecs::system::system::System::run
0 16 2 2 4 1 0 5 0 0 1 1 0 0
fn=bevy_ecs::system::system::System::type_id
0 6036 38 10 2012 0 0 0 0 0 0 0 0 0
fn=bevy_ecs::system::system_param::assert_component_access_compatibility
0 70532 304 20 17633 0 0 27251 5 0 4809 94 0 0
fn=bevy_ecs::world::World::clear_trackers
0 55 10 8 20 10 4 10 0 0 5 2 0 0
fn=bevy_ecs::world::World::resource_mut
0 1320 82 25 440 43 11 176 8 3 154 28 0 0
fn=bevy_ecs::world::World::schedule_scope
0 522 57 35 152 36 4 68 6 0 53 17 11 4
fn=bevy_ecs::world::World::spawn
0 3423061 58655 18214 1239313 3063 179 718868 1042 128 271084 3307 27187 333
fn=bevy_ecs::world::World::spawn_at_empty_internal
0 11143472 5762 13 3210824 20926 0 4344068 14092 1 377744 29 0 0
fn=bevy_ecs::world::World::spawn_empty
0 4363688 22860 12 1504720 21321 0 601888 0 0 300944 14 0 0
fn=bevy_ecs::world::World::try_schedule_scope
0 4223 178 40 1351 12 2 503 5 2 473 85 35 12
fn=bevy_ecs::world::entity_ref::EntityWorldMut::despawn
0 66771933 147785 80 20095619 558100 24349 8982029 65981 0 10228022 419516 0 0
fn=bevy_ecs::world::entity_ref::EntityWorldMut::entry
0 1038178 25923 5 386038 151 0 99960 0 0 119940 15 0 0
fn=bevy_ecs::world::entity_ref::EntityWorldMut::insert_with_caller
0 163684072 2051066 949 62161888 3100325 13141 35417506 430238 2342 14950310 18770 786874 10
fn=bevy_ecs::world::entity_ref::EntityWorldMut::observe
0 2849622 46196 176 839862 1413 5 959880 744 2 169980 1186 29994 1051
fn=bevy_ecs::world::entity_ref::EntityWorldMut::remove_bundle
0 16245950 226 72 6155244 74615 0 2760190 14361 0 2030128 10171 120004 5
fn=bevy_ecs::world::entity_ref::VacantEntry<T>::insert
0 5478472 43310 41 2019316 1740 1 1039838 7291 400 559808 177 19996 3
fn=bevy_hierarchy::child_builder::push_events
0 115200 6 2 76800 0 0 0 0 0 38400 0 0 0
fn=bevy_reflect::impls::std::_::<impl bevy_reflect::type_path::TypePath for alloc::string::String>::type_ident
0 18 0 0 6 0 0 0 0 0 0 0 0 0
fn=bevy_reflect::impls::std::_::<impl bevy_reflect::type_path::TypePath for bool>::type_ident
0 18 6 3 6 0 0 0 0 0 0 0 0 0
fn=bevy_reflect::impls::std::_::<impl bevy_reflect::type_path::TypePath for char>::type_ident
0 18 6 3 6 0 0 0 0 0 0 0 0 0
fn=bevy_reflect::impls::std::_::<impl bevy_reflect::type_path::TypePath for f32>::type_ident
0 18 0 0 6 0 0 0 0 0 0 0 0 0
fn=bevy_reflect::impls::std::_::<impl bevy_reflect::type_path::TypePath for f64>::type_ident
0 18 0 0 6 0 0 0 0 0 0 0 0 0
fn=bevy_reflect::impls::std::_::<impl bevy_reflect::type_path::TypePath for i128>::type_ident
0 18 0 0 6 0 0 0 0 0 0 0 0 0
fn=bevy_reflect::impls::std::_::<impl bevy_reflect::type_path::TypePath for i16>::type_ident
0 18 0 0 6 0 0 0 0 0 0 0 0 0
fn=bevy_reflect::impls::std::_::<impl bevy_reflect::type_path::TypePath for i32>::type_ident
0 18 0 0 6 0 0 0 0 0 0 0 0 0
fn=bevy_reflect::impls::std::_::<impl bevy_reflect::type_path::TypePath for i64>::type_ident
0 18 0 0 6 0 0 0 0 0 0 0 0 0
fn=bevy_reflect::impls::std::_::<impl bevy_reflect::type_path::TypePath for i8>::type_ident
0 18 0 0 6 0 0 0 0 0 0 0 0 0
fn=bevy_reflect::impls::std::_::<impl bevy_reflect::type_path::TypePath for isize>::type_ident
0 18 0 0 6 0 0 0 0 0 0 0 0 0
fn=bevy_reflect::impls::std::_::<impl bevy_reflect::type_path::TypePath for u128>::type_ident
0 18 0 0 6 0 0 0 0 0 0 0 0 0
fn=bevy_reflect::impls::std::_::<impl bevy_reflect::type_path::TypePath for u16>::type_ident
0 18 6 3 6 0 0 0 0 0 0 0 0 0
fn=bevy_reflect::impls::std::_::<impl bevy_reflect::type_path::TypePath for u8>::type_ident
0 18 6 3 6 0 0 0 0 0 0 0 0 0
fn=bevy_reflect::type_registry::TypeRegistration::insert
0 12036 90 47 3264 0 0 3162 2 0 1020 10 510 23
fn=bevy_reflect::type_registry::TypeRegistry::update_registration_indices
0 7878 54 27 3222 89 51 2016 0 0 414 29 108 108
fn=bevy_tasks::task_pool::TaskPool::scope_with_executor_inner::{{closure}}::{{closure}}
0 381053 1797 60 91361 698 6 66073 35 0 60487 177 575 565
fn=bevy_tasks::thread_executor::ThreadExecutor::new
0 19 2 2 9 3 1 3 0 0 7 5 0 0
fn=bevy_tasks::thread_executor::ThreadExecutor::ticker
0 7325 586 16 3516 1126 18 879 0 0 2051 467 0 0
fn=bevy_tasks::thread_executor::ThreadExecutorTicker::tick::{{closure}}
0 47256 2429 58 12366 1214 11 14514 516 0 2016 221 1710 714
fn=clap::app::parser::Parser::add_arg
0 16518 186 155 4134 18 15 5964 11 7 1656 196 630 34
fn=clap::app::parser::Parser::add_arg_groups
0 2622 12 10 1104 0 0 966 10 8 138 16 0 0
fn=clap::app::parser::Parser::add_single_val_to_arg
0 1464 42 35 360 0 0 384 0 0 72 17 0 0
fn=clap::app::parser::Parser::add_val_to_arg
0 648 12 10 192 3 0 144 0 0 48 3 0 0
fn=clap::app::parser::Parser::create_help_and_version
0 2772 84 70 654 7 0 144 15 11 882 145 6 0
fn=clap::app::parser::Parser::derive_display_order
0 84 12 10 36 0 0 18 0 0 12 5 0 0
fn=clap::app::parser::Parser::get_matches_with
0 5556 342 285 1416 15 0 546 0 0 1206 275 18 8
fn=clap::app::parser::Parser::groups_for_arg
0 1386 18 15 528 0 0 462 0 0 66 24 0 0
fn=clap::app::parser::Parser::is_new_arg
0 252 24 20 60 0 0 36 0 0 48 13 0 0
fn=clap::app::parser::Parser::parse_opt
0 558 72 60 114 0 0 108 0 0 66 18 0 0
fn=clap::app::parser::Parser::possible_subcommand
0 222 24 20 66 0 0 60 0 0 18 6 0 0
fn=clap::app::parser::Parser::propagate_globals
0 24 12 10 12 0 0 0 0 0 6 4 0 0
fn=clap::app::parser::Parser::propagate_settings
0 24 6 5 12 0 0 0 0 0 6 6 0 0
fn=clap::app::parser::Parser::with_name
0 426 60 50 60 0 0 348 66 54 0 0 0 0
fn=clap::app::usage::create_help_usage
0 3180 312 300 654 4 0 558 3 0 504 128 30 9
fn=clap::app::usage::create_usage_no_title
0 144 24 21 42 0 0 36 0 0 12 9 0 0
fn=clap::app::usage::create_usage_with_title
0 324 24 20 90 0 0 102 0 0 18 6 18 12
fn=clap::app::usage::get_required_usage_from
0 1146 186 159 210 0 0 366 51 25 114 44 12 2
fn=clap::app::validator::Validator::validate
0 13505 481 401 4435 65 4 1866 0 0 2444 528 120 25
fn=clap::app::validator::Validator::validate_required
0 204 30 25 66 0 0 78 0 0 18 4 0 0
fn=clap::args::arg::Arg::conflicts_with
0 396 24 20 108 0 0 132 0 0 24 7 24 7
fn=clap::args::arg::Arg::conflicts_with_all
0 648 24 20 180 0 0 198 0 0 18 0 18 1
fn=clap::args::arg::Arg::possible_values
0 666 18 15 216 0 0 234 0 0 18 3 18 5
fn=clap::args::arg::Arg::short
0 1080 30 25 180 33 25 108 0 0 180 8 36 1
fn=clap::args::arg::Arg::with_name
0 4554 30 25 138 0 0 4002 46 31 0 0 0 0
fn=clap::args::arg_builder::positional::PosBuilder::name_no_brackets
0 222 36 30 78 4 0 78 0 0 18 9 6 4
fn=clap::args::arg_matcher::ArgMatcher::add_index_to
0 792 18 17 288 0 0 192 0 0 72 26 48 11
fn=clap::args::arg_matcher::ArgMatcher::add_val_to
0 2304 54 54 648 0 0 576 23 18 216 22 96 12
fn=clap::args::arg_matcher::ArgMatcher::entry
0 3468 42 42 1056 5 0 1116 17 11 144 52 24 5
fn=clap::args::arg_matcher::ArgMatcher::fill_in_global_values
0 168 30 28 60 0 0 54 0 0 18 6 0 0
fn=clap::args::arg_matcher::ArgMatcher::inc_occurrence_of
0 384 36 36 138 0 0 84 0 0 24 3 6 6
fn=clap::args::arg_matcher::ArgMatcher::needs_more_vals
0 1920 48 40 672 0 0 336 0 0 168 77 24 2
fn=clap::args::arg_matcher::ArgMatcher::process_arg_overrides
0 330 24 20 96 6 4 108 0 0 24 7 6 5
fn=clap::args::arg_matches::ArgMatches::is_present
0 3528 36 30 1193 1 0 727 0 0 269 58 1 1
fn=clap::args::arg_matches::ArgMatches::value_of
0 2520 30 25 870 4 0 540 0 0 180 39 18 3
fn=concurrent_queue::ConcurrentQueue<T>::pop
0 4536227 4764 111 1336959 24557 1342 653861 2501 4 633876 9954 644 4
fn=concurrent_queue::ConcurrentQueue<T>::push
0 1366450 4817 168 360751 3835 30 193153 2866 36 239533 1843 949 163
fn=concurrent_queue::bounded::Bounded<T>::pop
0 8710 30 12 2880 433 0 1440 128 0 790 68 0 0
fn=concurrent_queue::unbounded::Unbounded<T>::pop
0 23516 45 11 6329 194 4 3443 14 0 3386 130 10 1
fn=core::core_arch::x86::xsave::_xgetbv
0 8 1 1 2 0 0 1 0 0 0 0 0 0
fn=core::ffi::c_str::CStr::from_bytes_with_nul
0 869 15 10 128 3 1 41 0 0 231 65 0 0
fn=core::fmt::Formatter::pad
0 28826 469 19 10934 30 1 5964 97 0 994 40 994 1
fn=core::fmt::Formatter::pad_formatted_parts
0 396 18 17 162 0 0 108 0 0 18 2 0 0
fn=core::fmt::Formatter::pad_integral
0 21636 1438 47 5439 178 3 4350 152 0 2405 152 510 115
fn=core::fmt::Formatter::pad_integral::write_prefix
0 6240 376 16 1872 0 0 1560 135 0 624 177 0 0
fn=core::fmt::Formatter::write_formatted_parts
0 1446 36 30 384 0 0 174 0 0 264 41 48 9
fn=core::fmt::float::<impl core::fmt::Display for f64>::fmt
0 216 6 5 72 0 0 18 0 0 18 4 0 0
fn=core::fmt::float::float_to_decimal_common_shortest
0 1782 54 45 162 0 0 306 0 0 108 18 0 0
fn=core::fmt::num::imp::<impl core::fmt::Display for i32>::fmt
0 7673 641 9 951 169 4 841 126 0 627 59 0 0
fn=core::fmt::num::imp::<impl core::fmt::Display for u16>::fmt
0 413 44 8 48 12 0 43 6 0 31 17 0 0
fn=core::fmt::num::imp::<impl core::fmt::Display for u64>::fmt
0 3348 81 40 377 41 12 337 1 0 294 72 0 0
fn=core::fmt::write
0 85747 2093 57 31100 1084 42 21267 717 5 10549 2318 3213 1933
fn=core::hash::BuildHasher::hash_one
0 171500 3046 189 17024 235 6 18480 24 16 0 0 0 0
fn=core::hash::Hasher::write_isize
0 294 9 3 84 0 0 42 0 0 0 0 0 0
fn=core::hash::Hasher::write_usize
0 5376 42 21 768 0 0 672 0 0 576 61 0 0
fn=core::iter::traits::iterator::Iterator::try_fold
0 556 6 6 93 0 0 44 0 0 108 29 0 0
fn=core::num::<impl core::str::traits::FromStr for usize>::from_str
0 32 4 4 4 0 0 3 0 0 5 1 0 0
fn=core::num::flt2dec::digits_to_dec_str
0 468 18 15 54 0 0 162 0 0 72 8 0 0
fn=core::num::flt2dec::strategy::grisu::format_shortest
0 5754 144 120 642 6 5 924 15 11 324 86 0 0
fn=core::ops::function::FnOnce::call_once
0 15534887 200544 196 5047366 20847 9 2763531 9915 582 1787741 17362 39988 8
fn=core::ops::function::FnOnce::call_once{{vtable.shim}}
0 1408 128 4 448 97 73 576 0 0 128 4 0 0
fn=core::ops::function::impls::<impl core::ops::function::FnMut<A> for &mut F>::call_mut
0 335556 227 17 92496 17178 4 124398 15032 0 32316 91 0 0
fn=core::ptr::drop_in_place<(bevy_ecs::intern::Interned<dyn bevy_ecs::schedule::set::ScheduleLabel>,bevy_ecs::schedule::schedule::Schedule)>
0 2255 45 27 915 121 24 490 2 1 325 37 190 37
fn=core::ptr::drop_in_place<alloc::vec::Vec<(bevy_ecs::schedule::graph_utils::NodeId,bevy_ecs::schedule::graph_utils::NodeId,alloc::vec::Vec<bevy_ecs::component::ComponentId>)>>
0 4095 390 15 1950 253 2 975 0 0 390 29 0 0
fn=core::ptr::drop_in_place<async_channel::Receiver<()>>
0 15 2 2 9 0 0 3 0 0 4 2 0 0
fn=core::ptr::drop_in_place<async_channel::Recv<()>>
0 9 2 2 3 0 0 3 0 0 1 1 0 0
fn=core::ptr::drop_in_place<bevy_app::app::App>
0 400 40 24 130 33 8 70 2 0 50 10 15 6
fn=core::ptr::drop_in_place<bevy_ecs::archetype::Archetype>
0 2914043 238 34 865590 92289 6114 565282 0 0 474865 18799 164203 87
fn=core::ptr::drop_in_place<bevy_ecs::archetype::Archetypes>
0 260390 186 27 620 56 0 37482 0 0 37048 957 62 33
fn=core::ptr::drop_in_place<bevy_ecs::bundle::Bundles>
0 10772 434 63 2569 714 17 1964 0 0 1855 157 781 57
fn=core::ptr::drop_in_place<bevy_ecs::component::Components>
0 3556 375 51 1336 70 0 624 0 0 462 56 149 53
fn=core::ptr::drop_in_place<bevy_ecs::observer::Observers>
0 2142 376 47 315 0 0 567 0 0 252 24 0 0
fn=core::ptr::drop_in_place<bevy_ecs::query::access::Access<bevy_ecs::archetype::ArchetypeComponentId>>
0 923322 833 29 470051 117820 908 73143 0 0 323765 627 8390 26
fn=core::ptr::drop_in_place<bevy_ecs::query::access::FilteredAccess<bevy_ecs::component::ComponentId>>
0 113680 674 24 47096 1912 2 22736 0 0 19488 248 6496 106
fn=core::ptr::drop_in_place<bevy_ecs::query::state::QueryState<&mut ecs::iteration::iter_frag::Data>>
0 126 12 6 66 18 0 36 0 0 18 4 18 5
fn=core::ptr::drop_in_place<bevy_ecs::query::state::QueryState<(&ecs::iteration::iter_simple::Velocity,&mut ecs::iteration::iter_simple::Position)>>
0 3339 68 6 1749 298 0 954 0 0 477 30 477 35
fn=core::ptr::drop_in_place<bevy_ecs::query::state::QueryState<(&ecs::iteration::iter_simple_wide::Velocity<0_usize>,&mut ecs::iteration::iter_simple_wide::Position<0_usize>,&ecs::iteration::iter_simple_wide::Velocity<1_usize>,&mut ecs::iteration::iter_simple_wide::Position<1_usize>,&ecs::iteration::iter_simple_wide::Velocity<2_usize>,&mut ecs::iteration::iter_simple_wide::Position<2_usize>,&ecs::iteration::iter_simple_wide::Velocity<3_usize>,&mut ecs::iteration::iter_simple_wide::Position<3_usize>,&ecs::iteration::iter_simple_wide::Velocity<4_usize>,&mut ecs::iteration::iter_simple_wide::Position<4_usize>)>>
0 84 8 2 44 4 0 24 0 0 12 1 12 4
fn=core::ptr::drop_in_place<bevy_ecs::query::state::QueryState<(&mut ecs::iteration::iter_frag_wide::Data<0_usize>,&mut ecs::iteration::iter_frag_wide::Data<1_usize>,&mut ecs::iteration::iter_frag_wide::Data<2_usize>,&mut ecs::iteration::iter_frag_wide::Data<3_usize>,&mut ecs::iteration::iter_frag_wide::Data<4_usize>,&mut ecs::iteration::iter_frag_wide::Data<5_usize>,&mut ecs::iteration::iter_frag_wide::Data<6_usize>,&mut ecs::iteration::iter_frag_wide::Data<7_usize>,&mut ecs::iteration::iter_frag_wide::Data<8_usize>,&mut ecs::iteration::iter_frag_wide::Data<9_usize>,&mut ecs::iteration::iter_frag_wide::Data<10_usize>)>>
0 84 8 2 44 4 0 24 0 0 12 6 12 4
fn=core::ptr::drop_in_place<bevy_ecs::removal_detection::RemovedComponentEvents>
0 1895 248 36 865 74 16 355 0 0 341 39 52 12
fn=core::ptr::drop_in_place<bevy_ecs::schedule::executor::SystemSchedule>
0 120045 3001 114 31305 8743 77 4860 4 0 41142 1950 1716 249
fn=core::ptr::drop_in_place<bevy_ecs::schedule::executor::multi_threaded::MultiThreadedExecutor>
0 51906 1124 35 6322 681 10 10763 0 0 10416 703 1521 552
fn=core::ptr::drop_in_place<bevy_ecs::schedule::executor::single_threaded::SingleThreadedExecutor>
0 331 36 10 191 40 6 45 0 0 84 18 34 6
fn=core::ptr::drop_in_place<bevy_ecs::schedule::graph_utils::CheckGraphResults<bevy_ecs::schedule::graph_utils::NodeId>>
0 4179 387 16 1767 271 6 786 0 0 789 288 396 42
fn=core::ptr::drop_in_place<bevy_ecs::schedule::schedule::Dag>
0 149471 719 29 38883 15953 3222 14291 1 0 42092 1097 12693 474
fn=core::ptr::drop_in_place<bevy_ecs::schedule::schedule::Schedule>
0 27386 1557 36 9286 2182 3 4925 0 0 5099 223 2849 605
fn=core::ptr::drop_in_place<bevy_ecs::storage::Storages>
0 4600 248 36 992 100 1 1038 0 0 542 96 186 28
fn=core::ptr::drop_in_place<bevy_ecs::storage::resource::Resources<_>>
0 3101 310 45 1464 145 8 732 0 0 434 79 75 8
fn=core::ptr::drop_in_place<bevy_ecs::storage::sparse_set::ComponentSparseSet>
0 296620 177 27 6322 666 61 59564 0 0 58948 296 57844 52
fn=core::ptr::drop_in_place<bevy_ecs::storage::sparse_set::SparseSet<bevy_ecs::component::ComponentId,bevy_ecs::archetype::ArchetypeComponentInfo>>
0 199920 37 1 99960 54 0 19992 0 0 59976 4 0 0
fn=core::ptr::drop_in_place<bevy_ecs::storage::table::Table>
0 9020715 338 50 3722571 364182 174597 1443209 0 0 1416074 32730 776203 41
fn=core::ptr::drop_in_place<bevy_ecs::storage::table::Tables>
0 785911 305 48 70236 19980 13571 66079 3 0 134991 3901 32845 29
fn=core::ptr::drop_in_place<bevy_ecs::system::exclusive_function_system::ExclusiveFunctionSystem<fn(),bevy_app::main_schedule::FixedMain::run_fixed_main>>
0 10 5 3 0 0 0 0 0 0 0 0 0 0
fn=core::ptr::drop_in_place<bevy_ecs::system::exclusive_function_system::ExclusiveFunctionSystem<fn(bevy_ecs::system::system_param::Local<bevy_ecs::component::Tick>),bevy_ecs::event::update::event_update_system>>
0 185 20 11 65 18 5 25 0 0 40 26 0 0
fn=core::ptr::drop_in_place<bevy_ecs::system::function_system::FunctionSystem<fn() .> bool,ecs::scheduling::run_condition::no>>
0 50802 55 4 0 0 0 0 0 0 0 0 0 0
fn=core::ptr::drop_in_place<bevy_ecs::system::function_system::FunctionSystem<fn(),ecs::components::archetype_updates::setup::empty>>
0 10568 84 1 0 0 0 0 0 0 0 0 0 0
fn=core::ptr::drop_in_place<bevy_ecs::system::function_system::FunctionSystem<fn(bevy_ecs::change_detection::Res<ecs::scheduling::run_condition::TestBool>) .> bool,ecs::scheduling::run_condition::run_condition_yes_with_resource::yes_with_resource>>
0 2142 21 1 0 0 0 0 0 0 0 0 0 0
fn=core::ptr::drop_in_place<bevy_ecs::system::function_system::FunctionSystem<fn(bevy_ecs::system::query::Query<&ecs::scheduling::run_condition::TestBool>) .> bool,ecs::scheduling::run_condition::run_condition_yes_with_query::yes_with_query>>
0 12852 42 2 2142 0 0 4284 0 0 0 0 0 0
fn=core::ptr::drop_in_place<bevy_ecs::system::function_system::FunctionSystem<fn(bevy_ecs::system::query::Query<(&mut ecs::scheduling::running_systems::A,&mut ecs::scheduling::running_systems::C)>,bevy_ecs::system::query::Query<(&mut ecs::scheduling::running_systems::B,&mut ecs::scheduling::running_systems::D)>),ecs::scheduling::running_systems::contrived::s_1>>
0 1275 50 1 225 37 0 375 0 0 75 0 0 0
fn=core::ptr::drop_in_place<bevy_ecs::system::function_system::FunctionSystem<fn(bevy_ecs::system::query::Query<(&mut ecs::scheduling::schedule::schedule::A,&mut ecs::scheduling::schedule::schedule::B)>),ecs::scheduling::schedule::schedule::ab>>
0 4548 104 4 758 0 0 1516 0 0 0 0 0 0
fn=core::ptr::drop_in_place<bevy_ecs::system::function_system::FunctionSystem<fn(core::option::Option<bevy_ecs::change_detection::Res<bevy_ecs::event::registry::EventRegistry>>) .> bool,bevy_ecs::event::update::event_update_condition>>
0 235 20 11 80 15 6 40 0 0 45 14 10 6
fn=core::ptr::drop_in_place<bevy_ecs::system::function_system::SystemMeta>
0 962457 847 37 295421 57998 536 199743 0 0 129026 517 2599 94
fn=core::ptr::drop_in_place<bevy_ecs::world::World>
0 2342 248 36 668 104 5 737 0 0 186 39 179 24
fn=core::ptr::drop_in_place<bevy_tasks::task_pool::TaskPool::execute_global_scope<(),bevy_tasks::task_pool::TaskPool::scope_with_executor_inner<bevy_ecs::query::state::QueryState<(&ecs::iteration::par_iter_simple::Velocity,&mut ecs::iteration::par_iter_simple::Position)>::par_fold_init_unchecked_manual<(),bevy_ecs::query::par_iter::QueryParIter<(&ecs::iteration::par_iter_simple::Velocity,&mut ecs::iteration::par_iter_simple::Position),()>::for_each_init<bevy_ecs::query::par_iter::QueryParIter<(&ecs::iteration::par_iter_simple::Velocity,&mut ecs::iteration::par_iter_simple::Position),()>::for_each<ecs::iteration::par_iter_simple::Benchmark::run::{{closure}}>::{{closure}},bevy_ecs::query::par_iter::QueryParIter<(&ecs::iteration::par_iter_simple::Velocity,&mut ecs::iteration::par_iter_simple::Position),()>::for_each<ecs::iteration::par_iter_simple::Benchmark::run::{{closure}}>::{{closure}},()>::{{closure}},bevy_ecs::query::par_iter::QueryParIter<(&ecs::iteration::par_iter_simple::Velocity,&mut ecs::iteration::par_iter_simple::Position),()>::for_each<ecs::iteration::par_iter_simple::Benchmark::run::{{closure}}>::{{closure}}>::{{closure}},()>::{{closure}}::{{closure}}>::{{closure}}>
0 65 15 6 20 0 0 15 0 0 10 2 0 0
fn=core::ptr::drop_in_place<bevy_tasks::task_pool::TaskPool::execute_scope<(),bevy_tasks::task_pool::TaskPool::scope_with_executor_inner<<bevy_ecs::schedule::executor::multi_threaded::MultiThreadedExecutor as bevy_ecs::schedule::executor::SystemExecutor>::run::{{closure}},()>::{{closure}}::{{closure}}>::{{closure}}>
0 3731 572 12 1148 0 0 861 0 0 574 3 0 0
fn=core::ptr::drop_in_place<bevy_tasks::task_pool::TaskPoolBuilder>
0 18 3 3 6 0 0 3 0 0 3 3 0 0
fn=core::ptr::drop_in_place<clap::args::arg::Arg>
0 2070 12 10 540 0 0 450 0 0 180 2 0 0
fn=core::ptr::drop_in_place<clap::args::arg_builder::base::Base>
0 7806 36 15 1938 36 0 732 0 0 1200 136 36 9
fn=core::ptr::drop_in_place<clap::args::arg_matches::ArgMatches>
0 1290 48 40 360 2 0 174 0 0 198 63 84 16
fn=core::ptr::drop_in_place<concurrent_queue::ConcurrentQueue<async_task::runnable::Runnable>>
0 220 25 10 70 0 0 35 0 0 30 9 5 4
fn=core::ptr::drop_in_place<concurrent_queue::ConcurrentQueue<async_task::task::FallibleTask<core::result::Result<(),alloc::boxed::Box<dyn core::any::Any+core::marker::Send>>>>>
0 10354 1132 30 3674 0 0 2338 0 0 1336 4 292 26
fn=core::ptr::drop_in_place<concurrent_queue::ConcurrentQueue<bevy_ecs::schedule::executor::multi_threaded::SystemResult>>
0 7510 570 23 2295 587 2 1005 0 0 1089 59 159 159
fn=core::ptr::drop_in_place<core::option::Option<(bevy_ecs::query::state::QueryState<&ecs::scheduling::run_condition::TestBool>,)>>
0 38556 106 3 18207 3766 0 9639 0 0 5355 82 3213 3
fn=core::ptr::drop_in_place<core::option::Option<(bevy_ecs::query::state::QueryState<(&mut ecs::scheduling::running_systems::A,&mut ecs::scheduling::running_systems::B)>,)>>
0 13655 208 4 6448 1123 3 3414 0 0 1896 182 1137 55
fn=core::ptr::drop_in_place<core::option::Option<bevy_ecs::archetype::AddBundle>>
0 2453409 94 14 939064 191558 98687 649005 0 0 290059 29201 73724 11
fn=core::ptr::drop_in_place<core::option::Option<core::result::Result<core::result::Result<(),alloc::boxed::Box<dyn core::any::Any+core::marker::Send>>,alloc::boxed::Box<dyn core::any::Any+core::marker::Send>>>>
0 1700 10 4 850 0 0 510 0 0 170 3 0 0
fn=core::ptr::drop_in_place<core::option::Option<regex::regex::string::Regex>>
0 10 2 2 4 1 1 3 0 0 1 0 0 0
fn=core::ptr::drop_in_place<criterion::Criterion>
0 1176 26 26 182 43 37 82 0 0 184 28 62 3
fn=core::ptr::drop_in_place<criterion::benchmark_group::BenchmarkGroup<criterion::measurement::WallTime>>
0 1763 66 21 253 9 2 394 0 0 302 58 46 18
fn=core::ptr::drop_in_place<criterion::html::Html>
0 21 2 2 8 2 1 6 0 0 2 1 2 2
fn=core::ptr::drop_in_place<criterion::plot::gnuplot_backend::Gnuplot>
0 90 10 8 45 5 4 25 0 0 10 8 0 0
fn=core::ptr::drop_in_place<criterion::report::BenchmarkId>
0 8414 59 19 4220 542 87 1644 0 0 1398 57 1178 53
fn=core::ptr::drop_in_place<criterion::report::Reports>
0 42 4 4 16 5 2 12 0 0 4 0 4 4
fn=core::ptr::drop_in_place<ecs::iteration::heavy_compute::heavy_compute::{{closure}}::{{closure}}>
0 30 3 3 12 1 0 8 0 0 4 1 3 3
fn=core::ptr::drop_in_place<futures_lite::future::CatchUnwind<core::panic::unwind_safe::AssertUnwindSafe<async_executor::Executor::run<(),bevy_tasks::task_pool::TaskPool::execute_global_scope<(),bevy_tasks::task_pool::TaskPool::scope_with_executor_inner<bevy_ecs::query::state::QueryState<(&ecs::iteration::par_iter_simple::Velocity,&mut ecs::iteration::par_iter_simple::Position)>::par_fold_init_unchecked_manual<(),bevy_ecs::query::par_iter::QueryParIter<(&ecs::iteration::par_iter_simple::Velocity,&mut ecs::iteration::par_iter_simple::Position),()>::for_each_init<bevy_ecs::query::par_iter::QueryParIter<(&ecs::iteration::par_iter_simple::Velocity,&mut ecs::iteration::par_iter_simple::Position),()>::for_each<ecs::iteration::par_iter_simple::Benchmark::run::{{closure}}>::{{closure}},bevy_ecs::query::par_iter::QueryParIter<(&ecs::iteration::par_iter_simple::Velocity,&mut ecs::iteration::par_iter_simple::Position),()>::for_each<ecs::iteration::par_iter_simple::Benchmark::run::{{closure}}>::{{closure}},()>::{{closure}},bevy_ecs::query::par_iter::QueryParIter<(&ecs::iteration::par_iter_simple::Velocity,&mut ecs::iteration::par_iter_simple::Position),()>::for_each<ecs::iteration::par_iter_simple::Benchmark::run::{{closure}}>::{{closure}}>::{{closure}},()>::{{closure}}::{{closure}}>::{{closure}}::{{closure}}::{{closure}}>::{{closure}}>>>
0 185 25 10 85 5 0 45 0 0 40 5 0 0
fn=core::ptr::drop_in_place<petgraph::graphmap::GraphMap<bevy_ecs::schedule::graph_utils::NodeId,(),petgraph::Directed>>
0 859742 1366 39 215877 80380 23344 70818 8 0 255815 4828 58898 202
fn=core::ptr::drop_in_place<petgraph::graphmap::GraphMap<bevy_ecs::schedule::graph_utils::NodeId,(),petgraph::Undirected>>
0 725 20 12 325 43 10 125 0 0 125 14 0 0
fn=core::ptr::drop_in_place<std::process::Command>
0 88 9 9 35 0 0 18 0 0 17 8 5 4
fn=core::ptr::drop_in_place<std::sync::rwlock::RwLock<bevy_reflect::type_registry::TypeRegistry>>
0 13245 55 33 3355 456 184 1075 0 0 2170 189 525 12
fn=core::slice::memchr::memrchr
0 81037 1703 48 9945 638 19 4890 25 3 12700 1444 0 0
fn=core::str::<impl str>::find
0 165012 66 57 42864 0 0 19584 12 4 33030 2335 0 0
fn=core::str::<impl str>::trim_end_matches
0 90204 12 10 7152 0 0 0 0 0 27228 505 0 0
fn=core::str::<impl str>::trim_matches
0 98862 42 38 9474 0 0 3552 0 0 20136 1123 0 0
fn=core::str::<impl str>::trim_start_matches
0 564 30 25 66 0 0 24 0 0 108 33 0 0
fn=core::str::converts::from_utf8
0 1912 75 30 326 3 0 189 0 0 443 114 0 0
fn=core::str::pattern::StrSearcher::new
0 165258 120 100 19332 45 20 22788 14 4 22122 1454 936 3
fn=criterion::Criterion<M>::benchmark_group
0 1248 116 31 264 26 2 600 75 27 96 19 48 4
fn=criterion::Criterion<M>::configure_from_args
0 10914 1212 1061 2166 79 25 3825 94 43 492 160 576 276
fn=criterion::bencher::Bencher<M>::iter
0 77969741 8621 851 27649091 250028 5968 25193187 81011 9749 4471237 9303 226899 45
fn=criterion::bencher::Bencher<M>::iter_batched
0 9268 1115 310 4270 56 5 4438 398 89 42 3 49 24
fn=criterion::benchmark_group::BenchmarkGroup<M>::bench_function
0 19626 2050 174 4496 757 38 5910 317 4 1686 473 899 311
fn=criterion::benchmark_group::BenchmarkGroup<M>::bench_with_input
0 3996 403 67 1039 146 6 1185 74 0 312 61 169 67
fn=criterion::benchmark_group::BenchmarkId::new
0 312 24 4 66 2 0 126 0 0 18 5 12 5
fn=criterion::html::Html::new
0 1052 108 90 232 29 9 298 42 19 54 14 0 0
fn=criterion::report::BenchmarkId::ensure_directory_name_unique
0 13187 1145 52 4578 701 17 3281 0 0 787 215 0 0
fn=criterion::report::BenchmarkId::ensure_title_unique
0 12993 896 45 4538 467 19 3275 0 0 765 87 8 7
fn=criterion::report::BenchmarkId::new
0 41038 4731 204 12015 31 0 14670 344 12 3359 563 1208 579
fn=criterion::report::make_filename_safe
0 178166 2034 84 30421 1111 44 8814 0 0 24511 1528 8035 619
fn=ecs::components::add_remove_big_sparse_set::Benchmark::new
0 2920504 98 89 1220131 528 6 750169 3968 0 150031 53 50007 7
fn=ecs::components::add_remove_big_table::Benchmark::new
0 2920504 91 87 1220131 499 9 750169 3981 0 150031 46 50007 6
fn=ecs::components::add_remove_sparse_set::Benchmark::new
0 1560181 36 36 560043 136 1 270070 3784 452 150007 31 10003 3
fn=ecs::components::add_remove_table::Benchmark::new
0 1560181 37 34 560043 119 2 270070 3778 3736 150007 41 10003 3
fn=ecs::components::archetype_updates::add_archetypes
0 22186352 771891 549 8446312 396566 3124 4298023 80412 1492 2476045 82381 113544 50
fn=ecs::components::archetype_updates::setup
0 59131 188 14 4286 35 0 37403 78 6 3065 26 2078 25
fn=ecs::components::components_benches
0 2221 246 204 419 68 5 729 54 7 153 35 103 93
fn=ecs::events::send::Benchmark<_>::new
0 5012148 54 30 733730 18 1 1467082 91483 29998 733212 328 122200 2
fn=ecs::fragmentation::iter_frag_empty::spawn_empty_frag_archetype
0 52703602 293586 143 18759607 437671 19304 8122731 100830 3743 10534818 862432 65536 1
fn=ecs::iteration::iter_frag::Benchmark::new
0 1622 141 136 9 0 0 545 0 0 2 1 3 2
fn=ecs::iteration::iter_frag_foreach::Benchmark::new
0 1622 140 136 9 0 0 545 1 0 2 1 3 2
fn=ecs::iteration::iter_frag_foreach::Benchmark::run
0 2542 16 8 499 161 0 434 53 0 390 28 0 0
fn=ecs::iteration::iter_frag_foreach_sparse::Benchmark::new
0 1577 148 133 9 0 0 530 1 0 2 1 3 0
fn=ecs::iteration::iter_frag_foreach_wide::Benchmark::new
0 4879 456 445 1085 7 0 2146 5 0 22 12 3 2
fn=ecs::iteration::iter_frag_foreach_wide::Benchmark::run
0 33101 15 15 12855 1108 0 11787 572 0 600 45 0 0
fn=ecs::iteration::iter_frag_foreach_wide_sparse::Benchmark::new
0 1749 185 169 55 4 0 591 6 0 22 8 3 1
fn=ecs::iteration::iter_frag_foreach_wide_sparse::Benchmark::run
0 521 26 26 221 17 0 197 11 0 11 6 0 0
fn=ecs::iteration::iter_frag_sparse::Benchmark::new
0 1577 148 133 9 0 0 530 1 0 2 1 3 2
fn=ecs::iteration::iter_frag_sparse::Benchmark::run
0 6965 10 5 809 157 0 1054 53 0 1137 46 0 0
fn=ecs::iteration::iter_frag_wide::Benchmark::new
0 4879 454 445 1085 16 1 2146 5 0 22 11 3 3
fn=ecs::iteration::iter_frag_wide::Benchmark::run
0 41102 46 23 15564 1149 0 11979 586 0 1677 61 0 0
fn=ecs::iteration::iter_frag_wide_sparse::Benchmark::new
0 1749 180 169 55 4 1 591 6 0 22 11 3 2
fn=ecs::iteration::iter_simple
0 2932 310 301 713 113 3 845 18 0 230 79 141 98
fn=ecs::iteration::iter_simple::Benchmark::new
0 437 47 47 100 18 4 126 15 0 31 11 5 2
fn=ecs::iteration::iter_simple::Benchmark::run
0 160054 6 6 40021 3753 0 30004 626 0 20004 9 0 0
fn=ecs::iteration::iter_simple_foreach::Benchmark::new
0 426 47 45 99 9 0 126 13 0 29 5 5 2
fn=ecs::iteration::iter_simple_foreach::Benchmark::run
0 120051 6 6 40019 3752 0 30003 626 0 10005 6 0 0
fn=ecs::iteration::iter_simple_foreach_hybrid::Benchmark::new
0 3490297 65 65 1190037 13635 1 590119 6302 452 330007 101 20004 2
fn=ecs::iteration::iter_simple_foreach_hybrid::Benchmark::run
0 130073 7 7 70028 10666 0 20005 626 0 10010 10 0 0
fn=ecs::iteration::iter_simple_foreach_sparse_set::Benchmark::new
0 425 52 50 98 7 1 126 13 0 29 13 5 4
fn=ecs::iteration::iter_simple_foreach_sparse_set::Benchmark::run
0 220075 9 9 140027 7507 0 30007 626 0 10010 11 0 0
fn=ecs::iteration::iter_simple_foreach_wide::Benchmark::new
0 647 68 67 148 8 0 203 16 0 57 20 5 1
fn=ecs::iteration::iter_simple_foreach_wide::Benchmark::run
0 420122 16 16 220039 20927 0 120053 3134 0 10006 11 0 0
fn=ecs::iteration::iter_simple_foreach_wide_sparse_set::Benchmark::new
0 2690633 94 92 900153 3614 1 790176 3725 0 70060 34 20005 2
fn=ecs::iteration::iter_simple_foreach_wide_sparse_set::Benchmark::run
0 1330103 23 23 830039 53502 0 120030 3350 0 170007 16 1 1
fn=ecs::iteration::iter_simple_sparse_set::Benchmark::new
0 426 47 46 99 8 2 126 12 0 29 7 5 1
fn=ecs::iteration::iter_simple_sparse_set::Benchmark::run
0 240074 8 8 140025 8758 0 30008 626 0 10009 13 0 0
fn=ecs::iteration::iter_simple_system::Benchmark::new
0 431 52 52 93 9 1 146 18 0 25 12 8 6
fn=ecs::iteration::iter_simple_system::Benchmark::run
0 5 2 2 3 1 1 0 0 0 0 0 1 1
fn=ecs::iteration::iter_simple_wide::Benchmark::new
0 647 67 67 149 9 2 203 15 0 57 26 5 2
fn=ecs::iteration::iter_simple_wide::Benchmark::run
0 720190 20 20 330062 22803 0 140031 3035 0 30021 21 0 0
fn=ecs::iteration::iter_simple_wide_sparse_set::Benchmark::new
0 2690633 93 92 900153 3648 2 790176 3731 0 70060 53 20005 2
fn=ecs::iteration::iter_simple_wide_sparse_set::Benchmark::run
0 1510089 22 22 910037 59179 0 180026 3350 0 180005 14 0 0
fn=ecs::iteration::iterations_benches
0 3918 425 317 908 138 8 1183 46 5 304 78 180 106
fn=ecs::iteration::par_iter_simple::Benchmark::new
0 6598380 36048 487 1181982 24858 344 2146813 56982 12623 931330 6396 5316 29
fn=ecs::iteration::par_iter_simple::Benchmark::run
0 72628 270 137 22460 2310 13 11472 167 42 12671 159 280 11
fn=ecs::main
0 8849 492 349 1925 273 29 2792 69 25 674 159 371 146
fn=ecs::observers::propagation::add_listeners_to_hierarchy
0 1082430 1287 55 218838 15821 0 127998 279 0 261570 16126 0 0
fn=ecs::observers::propagation::event_propagation
0 887 94 92 201 31 4 271 17 0 69 18 43 36
fn=ecs::observers::propagation::spawn_listener_hierarchy
0 24302772 407 107 8638356 2143 1 3149838 26902 3291 3569409 1645 76803 7
fn=ecs::scheduling::scheduling_benches
0 25180460 11949 826 10171334 9133 13 5611964 200316 50306 1687362 1406 463458 1541
fn=fastrand::global_rng::random_seed
0 3861 142 18 528 5 2 528 0 0 231 4 0 0
fn=fixedbitset::FixedBitSet::grow::do_grow
0 2125504 764 36 483871 699 0 562138 246 151 84749 3056 0 0
fn=fixedbitset::FixedBitSet::is_disjoint
0 95345802 1338 19 3543674 5305 0 0 0 0 3538748 3339 0 0
fn=fixedbitset::FixedBitSet::with_capacity
0 439260 986 33 43379 114 0 196315 32901 28810 43871 1639 4480 7
fn=futures_lite::future::block_on
0 22408 3047 80 7019 149 2 7682 0 0 1675 30 334 161
fn=getrandom::backends::linux_android_with_fallback::init
0 17 2 2 3 1 0 4 0 0 2 1 2 2
fn=hashbrown::map::Entry<K,V,S,A>::or_default
0 1028741 43029 7 301213 246 0 199920 24180 784 81076 369 0 0
fn=hashbrown::map::Entry<K,V,S,A>::or_insert_with
0 2806520 53462 35 1394400 57 0 698841 642 41 233809 261 0 0
fn=hashbrown::map::HashMap<K,V,S,A>::get_inner
0 356851484 28 23 91080755 290247 2292 35235242 0 0 20930791 491443 0 0
fn=hashbrown::map::HashMap<K,V,S,A>::insert
0 65623122 145878 254 14219378 295371 814 9004616 315643 27718 4316735 65764 20 8
fn=hashbrown::map::make_hash
0 9042 30 16 2052 6 3 612 0 0 816 86 0 0
fn=hashbrown::raw::RawTable<T,A>::insert
0 78610 1028 125 21099 29 0 13294 1051 33 5439 676 6 3
fn=hashbrown::raw::RawTable<T,A>::reserve_rehash
0 891512608 92221 1615 155201173 17864040 9642857 68103446 8712034 7941563 92890017 1437306 44427 2385
fn=hashbrown::raw::RawTableInner::drop_inner_table
0 1282572 3591 329 188838 54203 23602 77084 0 0 252426 12493 66289 324
fn=hashbrown::raw::RawTableInner::fallible_with_capacity
0 1677108 92162 165 282090 1697 43 333382 971 29 153428 3168 51304 1105
fn=indexmap::map::IndexMap<K,V,S>::entry
0 3552 60 30 600 0 0 456 0 0 96 6 0 0
fn=indexmap::map::IndexMap<K,V,S>::get
0 10589282 927 30 2518703 97025 11048 1006948 3971 69 1011079 7331 0 0
fn=indexmap::map::IndexMap<K,V,S>::get_index_of
0 472079668 1170 48 116031014 3738265 6816 46388004 1754 808 46475750 38540 0 0
fn=indexmap::map::IndexMap<K,V,S>::get_mut
0 82012753 54 36 18914106 3190738 41420 7560066 0 0 8840515 6602 0 0
fn=indexmap::map::IndexMap<K,V,S>::hash
0 3497048841 8099 110 344913660 182 3 511885335 30440 3548 0 0 0 0
fn=indexmap::map::IndexMap<K,V,S>::insert_full
0 803870152 4709 90 242561102 10671088 2791736 132650748 11142895 6377413 66231758 2418918 0 0
fn=indexmap::map::IndexMap<K,V,S>::swap_remove
0 177656153 116 78 42784410 7878332 4515950 18900146 162555 135600 17669101 88617 0 0
fn=indexmap::map::core::RefMut<K,V>::insert_unique
0 12749804 3125 115 3876831 489 0 3719475 104971 21811 695746 34341 0 0
fn=indexmap::map::core::entry::Entry<K,V>::or_insert_with
0 391126608 1076 34 167620788 27 0 69848666 0 0 27936798 5031 1906 0
fn=main
0 149 16 16 25 6 1 56 3 2 15 7 12 12
fn=once_cell::race::once_box::OnceBox<T>::init
0 60 6 6 15 0 0 16 1 0 7 5 2 2
fn=parking::Inner::unpark
0 34696 1119 12 11144 857 10 2484 0 0 7832 91 772 20
fn=parking::Parker::park
0 45988 809 18 12893 614 4 5104 1 0 8702 904 0 0
fn=petgraph::algo::TarjanScc<N>::visit
0 162117552 2959 123 44737776 2443319 1878257 16357263 10207 449 33458637 741287 43884 5
fn=petgraph::graphmap::GraphMap<N,E,Ty,S>::add_edge
0 326205031 2245 157 75103790 3997964 16104 73547876 3041638 767800 23977054 43785 0 0
fn=petgraph::graphmap::GraphMap<N,E,Ty,S>::remove_node
0 4012489930 2747 152 864519427 214366835 58713195 11374247 1620 43 1421128451 162468297 1621 4
fn=petgraph::graphmap::GraphMap<N,E,Ty,S>::with_capacity
0 34572 1801 40 10452 784 11 18492 1477 21 804 3 0 0
fn=pthread_atfork
0 3 1 1 1 0 0 0 0 0 0 0 0 0
fn=rand::rngs::adapter::reseeding::ReseedingCore<R,Rsdr>::reseed_and_generate
0 4704 324 15 1152 78 0 1536 0 0 288 20 0 0
fn=rand_chacha::guts::init_chacha::impl_avx
0 735 88 8 315 105 1 315 4 0 0 0 0 0
fn=rand_chacha::guts::refill_wide
0 520581 22168 13 136995 21591 0 82197 0 0 109596 31 0 0
fn=rand_chacha::guts::refill_wide::impl_avx
0 32015165 118798 88 3005783 24688 3 2803523 29916 3 158750 14764 0 0
fn=rand_core::SeedableRng::seed_from_u64
0 1145 79 20 104 1 0 297 35 0 16 4 0 0
fn=slab::VacantEntry<T>::insert
0 361819 927 21 115743 3541 187 94341 418 138 45717 124 0 0
fn=std::io::buffered::bufwriter::BufWriter<W>::flush_buf
0 12906 1504 56 2629 0 0 2868 0 0 1673 350 0 0
fn=std::io::default_read_to_end
0 206 11 11 43 1 1 31 0 0 27 16 3 1
fn=std::io::default_read_to_end::small_probe_read
0 142 7 7 40 0 0 34 0 0 9 6 6 3
fn=std::io::stdio::_print
0 32502 2402 66 8500 774 21 8001 38 5 5000 200 0 0
fn=std::io::stdio::print_to_buffer_if_capture_used
0 10500 574 18 4000 397 8 3000 23 3 500 24 0 0
fn=std::io::stdio::try_set_output_capture
0 1088 7 6 320 1 0 192 0 0 128 5 0 0
fn=std::path::Components::as_path
0 882 12 12 180 1 1 180 0 0 99 15 9 1
fn=std::path::Components::len_before_body
0 1143 33 25 255 7 5 0 0 0 177 31 39 4
fn=std::path::Components::parse_next_component_back
0 3294 22 15 475 0 0 192 0 0 780 66 0 0
fn=std::path::Path::starts_with
0 1522 8 8 528 0 0 587 0 0 101 15 0 0
fn=std::path::PathBuf::pop
0 44 3 3 8 0 0 11 0 0 4 0 0 0
fn=std::process::Command::output
0 91 9 9 28 0 0 33 1 1 8 5 0 0
fn=std::sync::once_lock::OnceLock<T>::initialize
0 297 22 21 43 0 0 85 0 0 21 9 0 0
fn=std::sys::backtrace::__rust_begin_short_backtrace
0 2204385 13326 197 499966 30460 163 469016 13097 372 322639 10633 17658 1100
fn=std::sys::pal::unix::args::imp::ARGV_INIT_ARRAY::init_wrapper
0 7 1 1 2 0 0 3 1 1 0 0 0 0
fn=std::sys::pal::unix::fd::FileDesc::read_to_end
0 145 10 10 29 0 0 30 0 0 15 6 1 1
fn=std::sys::pal::unix::fd::FileDesc::set_nonblocking
0 14 1 1 3 0 0 3 0 0 1 0 1 1
fn=std::sys::pal::unix::fs::File::open_c
0 417 14 14 114 1 1 60 2 1 57 25 9 3
fn=std::sys::pal::unix::fs::stat
0 39 4 4 10 0 0 9 1 0 3 1 2 1
fn=std::sys::pal::unix::fs::try_statx
0 315 10 10 78 1 1 123 10 0 9 8 3 1
fn=std::sys::pal::unix::os::env_read_lock
0 10 1 1 3 0 0 0 0 0 2 2 0 0
fn=std::sys::pal::unix::os::getenv
0 246 15 10 72 1 0 72 0 0 18 7 6 3
fn=std::sys::pal::unix::os::getenv::{{closure}}
0 234 12 8 78 2 0 54 0 0 30 7 6 2
fn=std::sys::pal::unix::os::glibc_version
0 138 11 11 30 1 0 25 1 1 22 8 2 2
fn=std::sys::pal::unix::pipe::read2
0 85 9 9 19 0 0 26 0 0 6 1 5 4
fn=std::sys::pal::unix::process::process_common::Command::arg
0 50 3 3 15 0 0 16 0 0 3 0 0 0
fn=std::sys::pal::unix::process::process_common::Command::new
0 131 9 9 26 1 1 44 5 5 22 7 4 4
fn=std::sys::pal::unix::process::process_common::Stdio::to_child_stdio
0 121 6 6 26 2 1 35 3 3 7 2 5 3
fn=std::sys::pal::unix::process::process_common::os2c
0 54 3 3 18 0 0 12 2 2 2 0 0 0
fn=std::sys::pal::unix::process::process_inner::<impl std::sys::pal::unix::process::process_common::Command>::spawn
0 338 40 40 102 5 1 68 2 2 39 15 15 15
fn=std::sys::pal::unix::process::process_inner::Process::wait
0 39 4 4 13 0 0 13 0 0 3 3 1 1
fn=std::sys::pal::unix::rand::hashmap_random_keys
0 46 6 6 13 2 1 8 0 0 5 2 1 1
fn=std::sys::pal::unix::stack_overflow::imp::make_handler
0 3225 16 13 718 36 4 974 128 128 325 9 325 15
fn=std::sys::pal::unix::thread::Thread::new
0 2211 6 6 448 2 2 641 0 0 225 12 192 6
fn=std::sys::pal::unix::thread::Thread::new::thread_start
0 480 2 2 96 61 7 224 32 32 0 0 32 1
fn=std::sys::pal::unix::thread::Thread::set_name
0 1936 4 3 246 28 4 246 0 0 278 46 64 2
fn=std::sys::pal::unix::time::Timespec::now
0 19740 573 22 5922 253 11 2961 18 1 1974 73 987 16
fn=std::sys::pal::unix::time::Timespec::sub_timespec
0 15217 645 30 3332 0 0 2380 62 1 1428 362 0 0
fn=std::sys::pal::unix::weak::DlsymWeak<F>::initialize
0 46 4 4 7 2 2 3 0 0 7 3 1 1
fn=std::sys::sync::condvar::futex::Condvar::wait
0 39705 1215 19 12567 1910 10 8040 0 0 3954 666 804 57
fn=std::sys::sync::once::futex::Once::call
0 1740 189 188 535 27 16 471 30 26 168 38 31 31
fn=std::sys::thread_local::native::lazy::Storage<T,D>::initialize
0 1521 89 27 464 59 33 552 5 4 177 6 70 7
fn=std::sys_common::fs::exists
0 21 3 3 7 0 0 7 0 0 1 0 0 0
fn=std::thread::Thread::new
0 1120 4 3 320 0 0 416 5 0 96 0 32 0
fn=std::thread::available_parallelism
0 1423 76 76 261 6 4 235 3 0 243 55 18 10
fn=std::thread::set_current
0 825 8 8 297 34 32 198 0 0 99 6 33 2
fn=std_detect::detect::cache::detect_and_initialize
0 234 16 16 10 0 0 14 1 0 9 2 0 0
fn=tinytemplate::TinyTemplate::add_template
0 216162 492 413 47244 107 24 39948 1349 478 38148 2052 456 376
fn=tinytemplate::compiler::TemplateCompiler::close_branch
0 5700 18 16 1950 4 0 1200 0 0 600 12 0 0
fn=tinytemplate::compiler::TemplateCompiler::consume_tag
0 64278 60 52 13542 0 0 21150 20 11 6774 55 0 0
fn=tinytemplate::compiler::TemplateCompiler::parse_path
0 56460 54 46 15864 8 0 23352 200 109 3876 105 624 5
summary: 22729973661 7005807 62645 4809606211 369162023 92515631 2673507222 88688432 39735188 3012123710 183799060 46220250 182589
